uuid,title,host_source,display_time,importance,url,subject_importance_to_show,type_tag,company_name,event,date,datetime
60dfaef3624d6575,雷来了！95只股票减持，大股东集体套现，含半导体等科技龙头,网易,1734754469,2,https://www.163.com/dy/article/JJU03MA20556ARV6.html,★★☆☆☆,"[{'full_name': '创业慧康科技股份有限公司', 'subject_importance': 2, 'subject_risk': '市场预警--减持套现', 'orgid': '00087886', 'subject_code': None, 'subject_name': None, 'emotion': 'NEG', 'subject_risk_list': ['R00003', 'R00003036'], 'org_types': ['216003', '001001', '212100', '020006'], 'subject_importance_list': ['stock@2']}]",创业慧康科技股份有限公司,V3 (2024-12-21~2024-12-31),2024-12-21,2024-12-21 04:14:29
451a6c690d546ce5,极视角营造AI生态，助推青岛、山东跃入全国人工智能视觉算法第一梯队,青岛晚报,1734819163,0,https://www.dailyqd.com/guanhai/358436_1.html,☆☆☆☆☆,"[{'full_name': '云从科技集团股份有限公司', 'subject_importance': None, 'subject_risk': None, 'orgid': 'T000225831', 'subject_code': None, 'subject_name': None, 'emotion': 'NEU', 'subject_risk_list': [], 'org_types': ['216011', '001001', '020006', '212001'], 'subject_importance_list': None}]",云从科技集团股份有限公司,V3 (2024-12-21~2024-12-31),2024-12-21,2024-12-21 22:12:43
da83e2da0f4c8317,年终基金“排位战”最后冲刺！附涨幅前20名基金持仓股！,财富号,1734842880,0,https://caifuhao.eastmoney.com/news/1500574809,☆☆☆☆☆,"[{'full_name': '广东生益科技股份有限公司', 'subject_importance': None, 'subject_risk': None, 'orgid': '02600183', 'subject_code': None, 'subject_name': None, 'emotion': 'NEU', 'subject_risk_list': [], 'org_types': ['001001', '020010', '216001', '020001', '002', '212001'], 'subject_importance_list': None}]",广东生益科技股份有限公司,V3 (2024-12-21~2024-12-31),2024-12-22,2024-12-22 04:48:00
da83e2da0f4c8317,年终基金“排位战”最后冲刺！附涨幅前20名基金持仓股！,财富号,1734842880,0,https://caifuhao.eastmoney.com/news/1500574809,☆☆☆☆☆,"[{'full_name': '浙江核新同花顺网络信息股份有限公司', 'subject_importance': None, 'subject_risk': None, 'orgid': 'T000025753', 'subject_code': None, 'subject_name': None, 'emotion': 'NEU', 'subject_risk_list': [], 'org_types': ['001001', '020006', '216003', '212100'], 'subject_importance_list': None}]",浙江核新同花顺网络信息股份有限公司,V3 (2024-12-21~2024-12-31),2024-12-22,2024-12-22 04:48:00
bede0ee51fa339d7,年终公募“排位战”最后冲刺！看涨幅前20名基金持仓股！,财富号,1734845640,0,https://caifuhao.eastmoney.com/news/1500577177,☆☆☆☆☆,"[{'full_name': '广东生益科技股份有限公司', 'subject_importance': None, 'subject_risk': None, 'orgid': '02600183', 'subject_code': None, 'subject_name': None, 'emotion': 'NEU', 'subject_risk_list': [], 'org_types': ['001001', '020010', '216001', '020001', '002', '212001'], 'subject_importance_list': None}]",广东生益科技股份有限公司,V3 (2024-12-21~2024-12-31),2024-12-22,2024-12-22 05:34:00
bede0ee51fa339d7,年终公募“排位战”最后冲刺！看涨幅前20名基金持仓股！,财富号,1734845640,0,https://caifuhao.eastmoney.com/news/1500577177,☆☆☆☆☆,"[{'full_name': '浙江核新同花顺网络信息股份有限公司', 'subject_importance': None, 'subject_risk': None, 'orgid': 'T000025753', 'subject_code': None, 'subject_name': None, 'emotion': 'NEU', 'subject_risk_list': [], 'org_types': ['001001', '020006', '216003', '212100'], 'subject_importance_list': None}]",浙江核新同花顺网络信息股份有限公司,V3 (2024-12-21~2024-12-31),2024-12-22,2024-12-22 05:34:00
60f13e8130b8d0f,机构密集调研AI眼镜概念股！龙头双双20CM涨停，本月接待量居前热门股名单来了,金融界,1734849832,0,https://stock.jrj.com.cn/2024/12/22144346681805.shtml,☆☆☆☆☆,"[{'full_name': '北京数字政通科技股份有限公司', 'subject_importance': None, 'subject_risk': None, 'orgid': 'T000027204', 'subject_code': None, 'subject_name': None, 'emotion': 'NEU', 'subject_risk_list': [], 'org_types': ['216003', '001001', '212100', '020006'], 'subject_importance_list': None}]",北京数字政通科技股份有限公司,V3 (2024-12-21~2024-12-31),2024-12-22,2024-12-22 06:43:52
5e50594ab23ebda1,热烈祝贺：生益科技集团一项IEC标准通过国内论证，一项国标通过研讨,微信-生益天空下,1734853839,0,https://mp.weixin.qq.com/s?__biz=MzA4MjIyMzcxOA==&idx=2&mid=2650782440&sn=fa62382e5ff259400453c95ae42fd0dc,☆☆☆☆☆,"[{'full_name': '广东生益科技股份有限公司', 'subject_importance': None, 'subject_risk': None, 'orgid': '02600183', 'subject_code': None, 'subject_name': None, 'emotion': 'NEU', 'subject_risk_list': [], 'org_types': ['020001', '002', '212001', '216001', '001001', '020010'], 'subject_importance_list': None}]",广东生益科技股份有限公司,V3 (2024-12-21~2024-12-31),2024-12-22,2024-12-22 07:50:39
cf5fb6987c4210b4,调研| 机构密集调研AI眼镜概念股！龙头双双20CM涨停，本月接待量居前热门股名单来了,微信-京城夜读,1734858773,0,https://mp.weixin.qq.com/s?__biz=MzUxMzE5MDA1Mg==&idx=2&mid=2247532271&sn=f27a14f6337e938aeed3ff0eb8cd0db8,☆☆☆☆☆,"[{'full_name': '北京数字政通科技股份有限公司', 'subject_importance': None, 'subject_risk': None, 'orgid': 'T000027204', 'subject_code': None, 'subject_name': None, 'emotion': 'NEU', 'subject_risk_list': [], 'org_types': ['216003', '001001', '212100', '020006'], 'subject_importance_list': None}]",北京数字政通科技股份有限公司,V3 (2024-12-21~2024-12-31),2024-12-22,2024-12-22 09:12:53
137f4c1b333dbf81,机构年底激战个人养老金，五大行已上线指基Y份额,微信-中国基金报,1734873531,0,https://mp.weixin.qq.com/s?__biz=MzA5MDEzNjQwMA==&idx=3&mid=2656197278&sn=c597e61f7025b0e89387b545d5278f5f,☆☆☆☆☆,"[{'full_name': '浙江核新同花顺网络信息股份有限公司', 'subject_importance': None, 'subject_risk': None, 'orgid': 'T000025753', 'subject_code': None, 'subject_name': None, 'emotion': 'NEU', 'subject_risk_list': [], 'org_types': ['020006', '001001', '216003', '212100'], 'subject_importance_list': None}]",浙江核新同花顺网络信息股份有限公司,V3 (2024-12-21~2024-12-31),2024-12-22,2024-12-22 13:18:51
106f39c95adf6a9f,自然资源部海南基础地理信息中心云套件软件采购项目中标公告,中国政府采购网,1734883200,0,https://www.mnr.gov.cn/gk/czgk/zfcg/zbx/202412/t20241223_2878832.html,☆☆☆☆☆,"[{'full_name': '北京超图软件股份有限公司', 'subject_importance': None, 'subject_risk': None, 'orgid': 'T000026114', 'subject_code': None, 'subject_name': None, 'emotion': 'NEU', 'subject_risk_list': [], 'org_types': ['020006', '216003', '212100', '001001'], 'subject_importance_list': None}]",北京超图软件股份有限公司,V3 (2024-12-21~2024-12-31),2024-12-22,2024-12-22 16:00:00
943ff4e350fa9,2021年09月03日 | 汇顶科技营收结构发生较大变化，IoT与音频业务效能显现,同花顺整理,1734891606,0,https://www.eeworld.com.cn/xfdz/hisic546879.html,☆☆☆☆☆,"[{'full_name': '深圳市汇顶科技股份有限公司', 'subject_importance': None, 'subject_risk': None, 'orgid': 'T000148045', 'subject_code': None, 'subject_name': None, 'emotion': 'NEU', 'subject_risk_list': [], 'org_types': ['020006', '216001', '001001', '212001', '020011'], 'subject_importance_list': None}]",深圳市汇顶科技股份有限公司,V3 (2024-12-21~2024-12-31),2024-12-22,2024-12-22 18:20:06
23bda266f8445439,华胜天成上周获融资净卖出3127.37万元，居两市第133位,金融界,1734909844,0,https://stock.jrj.com.cn/2024/12/23072446682885.shtml,☆☆☆☆☆,"[{'full_name': '北京华胜天成科技股份有限公司', 'subject_importance': None, 'subject_risk': None, 'orgid': '03130700', 'subject_code': None, 'subject_name': None, 'emotion': 'NEU', 'subject_risk_list': [], 'org_types': ['002', '216001', '001001', '020006', '212001'], 'subject_importance_list': None}]",北京华胜天成科技股份有限公司,V3 (2024-12-21~2024-12-31),2024-12-22,2024-12-22 23:24:04
ca09da5bce789f03,中科曙光上周获融资净买入2.45亿元，居两市第10位,网易,1734910973,0,https://www.163.com/dy/article/JK30DII80519QIKK.html,☆☆☆☆☆,"[{'full_name': '曙光信息产业股份有限公司', 'subject_importance': None, 'subject_risk': None, 'orgid': '00057892', 'subject_code': None, 'subject_name': None, 'emotion': 'NEU', 'subject_risk_list': [], 'org_types': ['212001', '020001', '020006', '216001', '001001', '002'], 'subject_importance_list': None}]",曙光信息产业股份有限公司,V3 (2024-12-21~2024-12-31),2024-12-22,2024-12-22 23:42:53
8c4674f03c3078a6,生益科技上周获融资净买入2.51亿元，居两市第6位,网易,1734910974,0,https://www.163.com/dy/article/JK30DJED0519QIKK.html,☆☆☆☆☆,"[{'full_name': '广东生益科技股份有限公司', 'subject_importance': None, 'subject_risk': None, 'orgid': '02600183', 'subject_code': None, 'subject_name': None, 'emotion': 'NEU', 'subject_risk_list': [], 'org_types': ['020001', '002', '212001', '216001', '001001', '020010'], 'subject_importance_list': None}]",广东生益科技股份有限公司,V3 (2024-12-21~2024-12-31),2024-12-22,2024-12-22 23:42:54
2a599aa56de6438a,四大核心算力主线出炉 机构资金、融资客盯上这些股,东方财富网,1734913332,0,https://wap.eastmoney.com/a/202412233275267220.html,☆☆☆☆☆,"[{'full_name': '曙光信息产业股份有限公司', 'subject_importance': None, 'subject_risk': None, 'orgid': '00057892', 'subject_code': None, 'subject_name': None, 'emotion': 'NEU', 'subject_risk_list': [], 'org_types': ['212001', '020006', '020001', '216001', '002', '001001'], 'subject_importance_list': None}]",曙光信息产业股份有限公司,V3 (2024-12-21~2024-12-31),2024-12-23,2024-12-23 00:22:12
b3ec316f5e26000f,彩讯股份：12月20日获融资买入9329.66万元，占当日流入资金比例30.8%,同花顺iNews,1734915544,0,http://stock.10jqka.com.cn/20241223/c664761820.shtml,☆☆☆☆☆,"[{'full_name': '彩讯科技股份有限公司', 'subject_importance': None, 'subject_risk': None, 'orgid': 'T000811758', 'subject_code': None, 'subject_name': None, 'emotion': 'NEU', 'subject_risk_list': [], 'org_types': ['212100', '216003', '020006', '001001'], 'subject_importance_list': None}]",彩讯科技股份有限公司,V3 (2024-12-21~2024-12-31),2024-12-23,2024-12-23 00:59:04
f485c1f2772bd7c,创业慧康：融资净买入1557.08万元，融资余额5.05亿元（12-20）,东方财富网,1734915840,0,https://finance.eastmoney.com/a/202412233275375884.html,☆☆☆☆☆,"[{'full_name': '创业慧康科技股份有限公司', 'subject_importance': None, 'subject_risk': None, 'orgid': '00087886', 'subject_code': None, 'subject_name': None, 'emotion': 'NEU', 'subject_risk_list': [], 'org_types': ['001001', '216003', '212100', '020006'], 'subject_importance_list': None}]",创业慧康科技股份有限公司,V3 (2024-12-21~2024-12-31),2024-12-23,2024-12-23 01:04:00
efba8a8a208b5414,超图软件：融资净偿还612.92万元，融资余额8.6亿元（12-20）,东方财富网,1734915840,0,https://finance.eastmoney.com/a/202412233275374672.html,☆☆☆☆☆,"[{'full_name': '北京超图软件股份有限公司', 'subject_importance': None, 'subject_risk': None, 'orgid': 'T000026114', 'subject_code': None, 'subject_name': None, 'emotion': 'NEU', 'subject_risk_list': [], 'org_types': ['216003', '001001', '020006', '212100'], 'subject_importance_list': None}]",北京超图软件股份有限公司,V3 (2024-12-21~2024-12-31),2024-12-23,2024-12-23 01:04:00
5112a34605cbb5b3,同花顺：融资净买入1.56亿元，融资余额49.88亿元（12-20）,东方财富网,1734916020,0,https://finance.eastmoney.com/a/202412233275402462.html,☆☆☆☆☆,"[{'full_name': '浙江核新同花顺网络信息股份有限公司', 'subject_importance': None, 'subject_risk': None, 'orgid': 'T000025753', 'subject_code': None, 'subject_name': None, 'emotion': 'NEU', 'subject_risk_list': [], 'org_types': ['001001', '020006', '212100', '216003'], 'subject_importance_list': None}]",浙江核新同花顺网络信息股份有限公司,V3 (2024-12-21~2024-12-31),2024-12-23,2024-12-23 01:07:00
c99b3faca3b006bc,华胜天成12月20日获融资买入1.35亿元，融资余额7.07亿元,新浪财经,1734916320,0,https://finance.sina.com.cn/stock/aiassist/rzrq/2024-12-23/doc-ineamakc4086968.shtml,☆☆☆☆☆,"[{'full_name': '北京华胜天成科技股份有限公司', 'subject_importance': None, 'subject_risk': None, 'orgid': '03130700', 'subject_code': None, 'subject_name': None, 'emotion': 'NEU', 'subject_risk_list': [], 'org_types': ['002', '216001', '001001', '020006', '212001'], 'subject_importance_list': None}]",北京华胜天成科技股份有限公司,V3 (2024-12-21~2024-12-31),2024-12-23,2024-12-23 01:12:00
66fa0cbb081efbd,创业慧康12月20日获融资买入6176.08万元，融资余额5.05亿元,新浪财经,1734916500,0,https://finance.sina.com.cn/stock/aiassist/rzrq/2024-12-23/doc-ineamakf0863935.shtml,☆☆☆☆☆,"[{'full_name': '创业慧康科技股份有限公司', 'subject_importance': None, 'subject_risk': None, 'orgid': '00087886', 'subject_code': None, 'subject_name': None, 'emotion': 'NEU', 'subject_risk_list': [], 'org_types': ['001001', '216003', '212100', '020006'], 'subject_importance_list': None}]",创业慧康科技股份有限公司,V3 (2024-12-21~2024-12-31),2024-12-23,2024-12-23 01:15:00
71059925e95da11a,数字政通：12月20日获融资买入4453.95万元，占当日流入资金比例24.12%,同花顺iNews,1734916822,0,http://stock.10jqka.com.cn/20241223/c664763325.shtml,☆☆☆☆☆,"[{'full_name': '北京数字政通科技股份有限公司', 'subject_importance': None, 'subject_risk': None, 'orgid': 'T000027204', 'subject_code': None, 'subject_name': None, 'emotion': 'NEU', 'subject_risk_list': [], 'org_types': ['216003', '001001', '212100', '020006'], 'subject_importance_list': None}]",北京数字政通科技股份有限公司,V3 (2024-12-21~2024-12-31),2024-12-23,2024-12-23 01:20:22
274f75ea06e8eafd,华创证券研报：推荐算力主线内四个细分板块投资机会,北京证券网-股民天地,1734917482,0,http://www.bjzq.com.cn/hsgs/News/202412/20241223093122_367884_1.html,☆☆☆☆☆,"[{'full_name': '曙光信息产业股份有限公司', 'subject_importance': None, 'subject_risk': None, 'orgid': '00057892', 'subject_code': None, 'subject_name': None, 'emotion': 'NEU', 'subject_risk_list': [], 'org_types': ['020006', '020001', '216001', '212001', '002', '001001'], 'subject_importance_list': None}]",曙光信息产业股份有限公司,V3 (2024-12-21~2024-12-31),2024-12-23,2024-12-23 01:31:22
cbe0be565c14b62d,长安银行（网安）大单：启明星辰、绿盟（中）,网易,1734919956,0,https://www.163.com/dy/article/JK38KSLR0511D6RL.html,☆☆☆☆☆,"[{'full_name': '启明星辰信息技术集团股份有限公司', 'subject_importance': None, 'subject_risk': None, 'orgid': 'T000027264', 'subject_code': None, 'subject_name': None, 'emotion': 'NEU', 'subject_risk_list': [], 'org_types': ['216001', '001001', '212100', '002', '020006'], 'subject_importance_list': None}]",启明星辰信息技术集团股份有限公司,V3 (2024-12-21~2024-12-31),2024-12-23,2024-12-23 02:12:36
5ee5366db9208ff7,光伏“寡头”现重大并购，一场“国产替代”豪赌,微信-PV-Tech,1734925169,0,https://mp.weixin.qq.com/s?__biz=MjM5MzI1NzEyMA==&idx=2&mid=2649387211&sn=744dd3b8e3b424069bbd5045b64d2bd3,☆☆☆☆☆,"[{'full_name': '深圳市汇顶科技股份有限公司', 'subject_importance': None, 'subject_risk': None, 'orgid': 'T000148045', 'subject_code': None, 'subject_name': None, 'emotion': 'NEU', 'subject_risk_list': [], 'org_types': ['020006', '212001', '020011', '216001', '001001'], 'subject_importance_list': None}]",深圳市汇顶科技股份有限公司,V3 (2024-12-21~2024-12-31),2024-12-23,2024-12-23 03:39:29
919f85946e3d548f,2024年12月23日，彩讯股份日内振幅超过7%,同花顺金融研究中心,1734930427,2,,★★☆☆☆,"[{'full_name': '彩讯科技股份有限公司', 'subject_importance': 2, 'subject_risk': '市场预警--交易异常波动', 'orgid': 'T000811758', 'subject_code': None, 'subject_name': None, 'emotion': 'NEG', 'subject_risk_list': ['R00003', 'R00003007'], 'org_types': ['001001', '020006', '212100', '216003'], 'subject_importance_list': ['stock@2']}]",彩讯科技股份有限公司,V3 (2024-12-21~2024-12-31),2024-12-23,2024-12-23 05:07:07
e1a0ac6de6190983,2024年12月23日，华胜天成日内振幅超过7%,同花顺金融研究中心,1734930670,2,,★★★☆☆,"[{'full_name': '北京华胜天成科技股份有限公司', 'subject_importance': 3, 'subject_risk': '市场预警--交易异常波动', 'orgid': '03130700', 'subject_code': None, 'subject_name': None, 'emotion': 'NEG', 'subject_risk_list': ['R00003', 'R00003007'], 'org_types': ['212001', '002', '216001', '020006', '001001'], 'subject_importance_list': ['bond@3', 'stock@2']}]",北京华胜天成科技股份有限公司,V3 (2024-12-21~2024-12-31),2024-12-23,2024-12-23 05:11:10
2c96cecde782007c,2024年12月23日，云从科技日内振幅超过7%,同花顺金融研究中心,1734930786,2,,★★☆☆☆,"[{'full_name': '云从科技集团股份有限公司', 'subject_importance': 2, 'subject_risk': '市场预警--交易异常波动', 'orgid': 'T000225831', 'subject_code': None, 'subject_name': None, 'emotion': 'NEG', 'subject_risk_list': ['R00003', 'R00003007'], 'org_types': ['212001', '020006', '216011', '001001'], 'subject_importance_list': ['stock@2']}]",云从科技集团股份有限公司,V3 (2024-12-21~2024-12-31),2024-12-23,2024-12-23 05:13:06
d010f0101a1eb293,2024年12月23日，创业慧康日内振幅超过7%,同花顺金融研究中心,1734933431,2,,★★☆☆☆,"[{'full_name': '创业慧康科技股份有限公司', 'subject_importance': 2, 'subject_risk': '市场预警--交易异常波动', 'orgid': '00087886', 'subject_code': None, 'subject_name': None, 'emotion': 'NEG', 'subject_risk_list': ['R00003', 'R00003007'], 'org_types': ['020006', '001001', '212100', '216003'], 'subject_importance_list': ['stock@2']}]",创业慧康科技股份有限公司,V3 (2024-12-21~2024-12-31),2024-12-23,2024-12-23 05:57:11
4b7c253d89eb063c,2024年12月23日，川大智胜日内振幅超过7%,同花顺金融研究中心,1734933608,2,,★★☆☆☆,"[{'full_name': '四川川大智胜软件股份有限公司', 'subject_importance': 2, 'subject_risk': '市场预警--交易异常波动', 'orgid': '00071668', 'subject_code': None, 'subject_name': None, 'emotion': 'NEG', 'subject_risk_list': ['R00003', 'R00003007'], 'org_types': ['212100', '216001', '020006', '001001'], 'subject_importance_list': ['stock@2']}]",四川川大智胜软件股份有限公司,V3 (2024-12-21~2024-12-31),2024-12-23,2024-12-23 06:00:08
4eb4816b1873bd5d,2024年12月23日，数字政通日内振幅超过7%,同花顺金融研究中心,1734934874,2,,★★☆☆☆,"[{'full_name': '北京数字政通科技股份有限公司', 'subject_importance': 2, 'subject_risk': '市场预警--交易异常波动', 'orgid': 'T000027204', 'subject_code': None, 'subject_name': None, 'emotion': 'NEG', 'subject_risk_list': ['R00003', 'R00003007'], 'org_types': ['001001', '216003', '212100', '020006'], 'subject_importance_list': ['stock@2']}]",北京数字政通科技股份有限公司,V3 (2024-12-21~2024-12-31),2024-12-23,2024-12-23 06:21:14
f9f21c1edb53a215,2024年12月23日川大智胜(002253)盘中跌停,同花顺金融研究中心,1734936608,2,,★★☆☆☆,"[{'full_name': '四川川大智胜软件股份有限公司', 'subject_importance': 2, 'subject_risk': '市场预警--交易异常波动', 'orgid': '00071668', 'subject_code': None, 'subject_name': None, 'emotion': 'NEG', 'subject_risk_list': ['R00003', 'R00003007'], 'org_types': ['212100', '216001', '020006', '001001'], 'subject_importance_list': ['stock@2']}]",四川川大智胜软件股份有限公司,V3 (2024-12-21~2024-12-31),2024-12-23,2024-12-23 06:50:08
4e3d477785df54d5,超图软件与北京市测绘院签署战略合作协议,证券时报e公司,1734939603,0,https://www.egsea.com/news/detail/1947031.html,☆☆☆☆☆,"[{'full_name': '北京超图软件股份有限公司', 'subject_importance': None, 'subject_risk': None, 'orgid': 'T000026114', 'subject_code': None, 'subject_name': None, 'emotion': 'NEU', 'subject_risk_list': [], 'org_types': ['216003', '001001', '020006', '212100'], 'subject_importance_list': None}]",北京超图软件股份有限公司,V3 (2024-12-21~2024-12-31),2024-12-23,2024-12-23 07:40:03
eb02a5a3a95df01b,【已投项目】云从科技：荣获2024年中国科技创新十大影响力品牌,新浪财经,1734940288,0,https://finance.sina.com.cn/roll/2024-12-23/doc-ineamhrw9548691.shtml,☆☆☆☆☆,"[{'full_name': '云从科技集团股份有限公司', 'subject_importance': None, 'subject_risk': None, 'orgid': 'T000225831', 'subject_code': None, 'subject_name': None, 'emotion': 'NEU', 'subject_risk_list': [], 'org_types': ['212001', '001001', '216011', '020006'], 'subject_importance_list': None}]",云从科技集团股份有限公司,V3 (2024-12-21~2024-12-31),2024-12-23,2024-12-23 07:51:28
107135a450089240,（官方问答平台）太极股份：截止2024年12月20日，公司的股东户数为56434户，感谢您的关注……,同花顺金融研究中心,1734942242,0,,☆☆☆☆☆,"[{'full_name': '太极计算机股份有限公司', 'subject_importance': None, 'subject_risk': None, 'orgid': 'T000026778', 'subject_code': None, 'subject_name': None, 'emotion': 'NEU', 'subject_risk_list': [], 'org_types': ['216001', '001001', '020001', '020001002002', '002', '212100'], 'subject_importance_list': None}]",太极计算机股份有限公司,V3 (2024-12-21~2024-12-31),2024-12-23,2024-12-23 08:24:02
981938915185a5a8,聚融财智 湘商资本论坛暨湘商创业项目融资对接会在京举行,新湖南,1734945016,0,https://www.hunantoday.cn/news/xhn/202412/21534902.html,☆☆☆☆☆,"[{'full_name': '东华软件股份公司', 'subject_importance': None, 'subject_risk': None, 'orgid': '03131973', 'subject_code': None, 'subject_name': None, 'emotion': 'NEU', 'subject_risk_list': [], 'org_types': ['212100', '001001', '002', '216001', '020006'], 'subject_importance_list': None}]",东华软件股份公司,V3 (2024-12-21~2024-12-31),2024-12-23,2024-12-23 09:10:16
58d7afc845195873,虹软科技：在XR领域公司与多家业界头部厂商保持密切沟通和交流,证券之星股票,1734945129,0,https://stock.stockstar.com/IG2024122300022780.shtml,☆☆☆☆☆,"[{'full_name': '虹软科技股份有限公司', 'subject_importance': None, 'subject_risk': None, 'orgid': 'T003041965', 'subject_code': None, 'subject_name': None, 'emotion': 'NEU', 'subject_risk_list': [], 'org_types': ['020003', '216011', '212001', '001001', '020011'], 'subject_importance_list': None}]",虹软科技股份有限公司,V3 (2024-12-21~2024-12-31),2024-12-23,2024-12-23 09:12:09
65ba83dd564d9b90,虹软科技(688088.SH)：目前已经成为国内基于高通智能座舱平台上的主流视觉算法供应商,格隆汇资讯-公司信息,1734945350,0,https://www.gelonghui.com/news/4915444,☆☆☆☆☆,"[{'full_name': '虹软科技股份有限公司', 'subject_importance': None, 'subject_risk': None, 'orgid': 'T003041965', 'subject_code': None, 'subject_name': None, 'emotion': 'NEU', 'subject_risk_list': [], 'org_types': ['020003', '216011', '212001', '001001', '020011'], 'subject_importance_list': None}]",虹软科技股份有限公司,V3 (2024-12-21~2024-12-31),2024-12-23,2024-12-23 09:15:50
6eb21cb68b972155,虹软科技：公司可以提供大部分主流智能手机的视觉人工智能算法产品和技术,证券之星股票,1734945739,0,https://stock.stockstar.com/IG2024122300023286.shtml,☆☆☆☆☆,"[{'full_name': '虹软科技股份有限公司', 'subject_importance': None, 'subject_risk': None, 'orgid': 'T003041965', 'subject_code': None, 'subject_name': None, 'emotion': 'NEU', 'subject_risk_list': [], 'org_types': ['020003', '216011', '212001', '001001', '020011'], 'subject_importance_list': None}]",虹软科技股份有限公司,V3 (2024-12-21~2024-12-31),2024-12-23,2024-12-23 09:22:19
d50249363a456179,虹软科技：在VR/MR/AR智能可穿戴设备上布局算法解决方案,证券之星股票,1734946120,0,http://stock.stockstar.com/RB2024122300024169.shtml,☆☆☆☆☆,"[{'full_name': '虹软科技股份有限公司', 'subject_importance': None, 'subject_risk': None, 'orgid': 'T003041965', 'subject_code': None, 'subject_name': None, 'emotion': 'NEU', 'subject_risk_list': [], 'org_types': ['020003', '216011', '212001', '001001', '020011'], 'subject_importance_list': None}]",虹软科技股份有限公司,V3 (2024-12-21~2024-12-31),2024-12-23,2024-12-23 09:28:40
d8ec1b6b7a11b3b5,虹软科技：公司专注于计算机视觉领域，为行业提供算法授权及系统解决方案,证券之星股票,1734946135,0,http://stock.stockstar.com/RB2024122300024182.shtml,☆☆☆☆☆,"[{'full_name': '虹软科技股份有限公司', 'subject_importance': None, 'subject_risk': None, 'orgid': 'T003041965', 'subject_code': None, 'subject_name': None, 'emotion': 'NEU', 'subject_risk_list': [], 'org_types': ['020003', '216011', '212001', '001001', '020011'], 'subject_importance_list': None}]",虹软科技股份有限公司,V3 (2024-12-21~2024-12-31),2024-12-23,2024-12-23 09:28:55
b56870fc2f3b9b83,"（官方问答平台）彩讯股份：截止2024年12月20日公司登记在册的股东总数为43,088户……",同花顺金融研究中心,1734947043,0,,☆☆☆☆☆,"[{'full_name': '彩讯科技股份有限公司', 'subject_importance': None, 'subject_risk': None, 'orgid': 'T000811758', 'subject_code': None, 'subject_name': None, 'emotion': 'NEU', 'subject_risk_list': [], 'org_types': ['212100', '216003', '020006', '001001'], 'subject_importance_list': None}]",彩讯科技股份有限公司,V3 (2024-12-21~2024-12-31),2024-12-23,2024-12-23 09:44:03
47ee6b74cc3eb187,彩讯股份(300634.SZ)：公司暂未在游戏业务方向布局,格隆汇资讯-公司信息,1734954536,0,https://www.gelonghui.com/news/4915690,☆☆☆☆☆,"[{'full_name': '彩讯科技股份有限公司', 'subject_importance': None, 'subject_risk': None, 'orgid': 'T000811758', 'subject_code': None, 'subject_name': None, 'emotion': 'NEU', 'subject_risk_list': [], 'org_types': ['212100', '216003', '020006', '001001'], 'subject_importance_list': None}]",彩讯科技股份有限公司,V3 (2024-12-21~2024-12-31),2024-12-23,2024-12-23 11:48:56
341e7960b3b5a209,（官方问答平台）彩讯股份：公司暂未在游戏业务方向布局……,同花顺金融研究中心,1734954602,0,,☆☆☆☆☆,"[{'full_name': '彩讯科技股份有限公司', 'subject_importance': None, 'subject_risk': None, 'orgid': 'T000811758', 'subject_code': None, 'subject_name': None, 'emotion': 'NEU', 'subject_risk_list': [], 'org_types': ['212100', '216003', '020006', '001001'], 'subject_importance_list': None}]",彩讯科技股份有限公司,V3 (2024-12-21~2024-12-31),2024-12-23,2024-12-23 11:50:02
371db5426b17153c,彩讯股份：公司暂未在游戏业务方向布局,金融界财经,1734954860,0,https://finance.jrj.com.cn/2024/12/23194646712584.shtml,☆☆☆☆☆,"[{'full_name': '彩讯科技股份有限公司', 'subject_importance': None, 'subject_risk': None, 'orgid': 'T000811758', 'subject_code': None, 'subject_name': None, 'emotion': 'NEU', 'subject_risk_list': [], 'org_types': ['212100', '216003', '020006', '001001'], 'subject_importance_list': None}]",彩讯科技股份有限公司,V3 (2024-12-21~2024-12-31),2024-12-23,2024-12-23 11:54:20
70dc6c4680ba475e,彩讯股份12月23日在互动平台表示，公司暂未在游戏业务方向布局。,新浪财经,1734960288,0,https://finance.sina.cn/7x24/2024-12-23/detail-ineankcr0387265.d.html,☆☆☆☆☆,"[{'full_name': '彩讯科技股份有限公司', 'subject_importance': None, 'subject_risk': None, 'orgid': 'T000811758', 'subject_code': None, 'subject_name': None, 'emotion': 'NEU', 'subject_risk_list': [], 'org_types': ['212100', '216003', '020006', '001001'], 'subject_importance_list': None}]",彩讯科技股份有限公司,V3 (2024-12-21~2024-12-31),2024-12-23,2024-12-23 13:24:48
122177447bc3cf57,关注 | 数字政通受邀出席第四届山东省城市建设博览会,微信-数字政通,1734960763,0,https://mp.weixin.qq.com/s?__biz=MzA4NzMyNDIxMA==&idx=3&mid=2653970540&sn=c88121bb301243a3529c97daee9d4960,☆☆☆☆☆,"[{'full_name': '北京数字政通科技股份有限公司', 'subject_importance': None, 'subject_risk': None, 'orgid': 'T000027204', 'subject_code': None, 'subject_name': None, 'emotion': 'NEU', 'subject_risk_list': [], 'org_types': ['216003', '001001', '212100', '020006'], 'subject_importance_list': None}]",北京数字政通科技股份有限公司,V3 (2024-12-21~2024-12-31),2024-12-23,2024-12-23 13:32:43
4cf35dc08c086c5,华胜天成中标结果：中国移动北京公司网运中心2025年1月-2026年12月MDN、短信中心、网管系统数通设备、CDN、IPTV网络技术支持服务项目_中选结果公示,证券之星股票,1734962011,0,https://stock.stockstar.com/RB2024122300032504.shtml,☆☆☆☆☆,"[{'full_name': '北京华胜天成科技股份有限公司', 'subject_importance': None, 'subject_risk': None, 'orgid': '03130700', 'subject_code': None, 'subject_name': None, 'emotion': 'NEU', 'subject_risk_list': [], 'org_types': ['002', '216001', '212001', '001001', '020006'], 'subject_importance_list': None}]",北京华胜天成科技股份有限公司,V3 (2024-12-21~2024-12-31),2024-12-23,2024-12-23 13:53:31
e23f53c048a44ba6,（官方问答平台）彩讯股份：深圳市每年发放最高5亿元的“训力券”，用于降低人工智能模型研发和训练成本……,同花顺金融研究中心,1734963248,2,,☆☆☆☆☆,"[{'full_name': '彩讯科技股份有限公司', 'subject_importance': None, 'subject_risk': None, 'orgid': 'T000811758', 'subject_code': None, 'subject_name': None, 'emotion': 'NEU', 'subject_risk_list': [], 'org_types': ['212100', '216003', '020006', '001001'], 'subject_importance_list': None}]",彩讯科技股份有限公司,V3 (2024-12-21~2024-12-31),2024-12-23,2024-12-23 14:14:08
c9efab2c1c39445e,值得买：公司目前暂未使用AI进行广告投放,证券之星股票,1734964013,0,https://stock.stockstar.com/IG2024122300034971.shtml,☆☆☆☆☆,"[{'full_name': '北京值得买科技股份有限公司', 'subject_importance': None, 'subject_risk': None, 'orgid': 'T002465122', 'subject_code': None, 'subject_name': None, 'emotion': 'NEU', 'subject_risk_list': [], 'org_types': ['020006', '212100', '216003', '001001'], 'subject_importance_list': None}]",北京值得买科技股份有限公司,V3 (2024-12-21~2024-12-31),2024-12-23,2024-12-23 14:26:53
4394ce2f6b4e061a,彩讯股份：公司某项目已用到豆包大模型,证券之星股票,1734965269,0,https://stock.stockstar.com/IG2024122300035369.shtml,☆☆☆☆☆,"[{'full_name': '彩讯科技股份有限公司', 'subject_importance': None, 'subject_risk': None, 'orgid': 'T000811758', 'subject_code': None, 'subject_name': None, 'emotion': 'NEU', 'subject_risk_list': [], 'org_types': ['212100', '216003', '020006', '001001'], 'subject_importance_list': None}]",彩讯科技股份有限公司,V3 (2024-12-21~2024-12-31),2024-12-23,2024-12-23 14:47:49
ec11464670cd1bb1,现金分红、增持回购、资产重组 沪市公司多措并举“提质增效重回报”,东方财富网,1734967740,0,https://finance.eastmoney.com/a/202412233276627936.html,☆☆☆☆☆,"[{'full_name': '深圳市汇顶科技股份有限公司', 'subject_importance': None, 'subject_risk': None, 'orgid': 'T000148045', 'subject_code': None, 'subject_name': None, 'emotion': 'NEU', 'subject_risk_list': [], 'org_types': ['020006', '212001', '020011', '216001', '001001'], 'subject_importance_list': None}]",深圳市汇顶科技股份有限公司,V3 (2024-12-21~2024-12-31),2024-12-23,2024-12-23 15:29:00
fcab4364ece72084,彩讯股份：深圳市每年发放最高5亿元的“训力券”意味着公司可以享受到政府的资金支持，降低相关成本,搜狐-四川省,1734968579,0,https://www.sohu.com/a/841045611_115362,☆☆☆☆☆,"[{'full_name': '彩讯科技股份有限公司', 'subject_importance': None, 'subject_risk': None, 'orgid': 'T000811758', 'subject_code': None, 'subject_name': None, 'emotion': 'NEU', 'subject_risk_list': [], 'org_types': ['212100', '216003', '020006', '001001'], 'subject_importance_list': None}]",彩讯科技股份有限公司,V3 (2024-12-21~2024-12-31),2024-12-23,2024-12-23 15:42:59
99a1fac3a317901c,智能研判 高效溯源——启明星辰安星智能体助力XDR精准还原海莲花APT攻击,启明星辰,1734969600,0,https://www.venustech.com.cn/new_type/gsxw/20241224/28231.html,☆☆☆☆☆,"[{'full_name': '启明星辰信息技术集团股份有限公司', 'subject_importance': None, 'subject_risk': None, 'orgid': 'T000027264', 'subject_code': None, 'subject_name': None, 'emotion': 'NEU', 'subject_risk_list': [], 'org_types': ['216001', '001001', '212100', '002', '020006'], 'subject_importance_list': None}]",启明星辰信息技术集团股份有限公司,V3 (2024-12-21~2024-12-31),2024-12-23,2024-12-23 16:00:00
70ea48e35d491062,“并购六条”满三月：IPO转并购风行 估值博弈考验各方,证券时报,1734976700,0,http://epaper.stcn.com/con/202412/24/content_2724732.html,☆☆☆☆☆,"[{'full_name': '深圳市汇顶科技股份有限公司', 'subject_importance': None, 'subject_risk': None, 'orgid': 'T000148045', 'subject_code': None, 'subject_name': None, 'emotion': 'NEU', 'subject_risk_list': [], 'org_types': ['001001', '020006', '212001', '020011', '216001'], 'subject_importance_list': None}]",深圳市汇顶科技股份有限公司,V3 (2024-12-21~2024-12-31),2024-12-23,2024-12-23 17:58:20
8075b235e910250e,广州市天河区沙河街道社区卫生服务中心与创业慧康科技签订信息技术服务合同,donews,1734992991,0,https://www.donews.com/news/detail/4/4654618.html,☆☆☆☆☆,"[{'full_name': '创业慧康科技股份有限公司', 'subject_importance': None, 'subject_risk': None, 'orgid': '00087886', 'subject_code': None, 'subject_name': None, 'emotion': 'NEU', 'subject_risk_list': [], 'org_types': ['001001', '216003', '212100', '020006'], 'subject_importance_list': None}]",创业慧康科技股份有限公司,V3 (2024-12-21~2024-12-31),2024-12-23,2024-12-23 22:29:51
1a4042a6a778194d,上榜🥳 致远互联AI应用案例入选《2024年度“人工智能+”案例》,微信-致远互联,1734998590,0,https://mp.weixin.qq.com/s?__biz=MjM5MTM4NDQ4MA==&idx=1&mid=2651210552&sn=ae0e46b838b2b0480b66c74963a558d1,☆☆☆☆☆,"[{'full_name': '北京致远互联软件股份有限公司', 'subject_importance': None, 'subject_risk': None, 'orgid': 'T001908980', 'subject_code': None, 'subject_name': None, 'emotion': 'NEU', 'subject_risk_list': [], 'org_types': ['001001', '216011', '020006', '212001'], 'subject_importance_list': None}]",北京致远互联软件股份有限公司,V3 (2024-12-21~2024-12-31),2024-12-24,2024-12-24 00:03:10
5e74b243d57838a0,致远互联亮相2024年国有企业应用场景发布会 助力国有企业数智升级,微信-致远互联,1734998592,0,https://mp.weixin.qq.com/s?__biz=MjM5MTM4NDQ4MA==&idx=2&mid=2651210552&sn=d28d6d17bad1a66db0384327aeb321a0,☆☆☆☆☆,"[{'full_name': '北京致远互联软件股份有限公司', 'subject_importance': None, 'subject_risk': None, 'orgid': 'T001908980', 'subject_code': None, 'subject_name': None, 'emotion': 'NEU', 'subject_risk_list': [], 'org_types': ['001001', '216011', '020006', '212001'], 'subject_importance_list': None}]",北京致远互联软件股份有限公司,V3 (2024-12-21~2024-12-31),2024-12-24,2024-12-24 00:03:12
cccd2edc9134f202,聚焦“AI+安全”——启明星辰亮相第五届中国人工智能大赛成果发布会,新浪财经,1735005025,0,https://finance.sina.com.cn/roll/2024-12-23/doc-ineamxpq9324811.shtml,☆☆☆☆☆,"[{'full_name': '启明星辰信息技术集团股份有限公司', 'subject_importance': None, 'subject_risk': None, 'orgid': 'T000027264', 'subject_code': None, 'subject_name': None, 'emotion': 'NEU', 'subject_risk_list': [], 'org_types': ['216001', '001001', '212100', '002', '020006'], 'subject_importance_list': None}]",启明星辰信息技术集团股份有限公司,V3 (2024-12-21~2024-12-31),2024-12-24,2024-12-24 01:50:25
ea905e71bc824cd2,2024年12月24日，利欧股份日内振幅超过7%,同花顺金融研究中心,1735007825,2,,★★★☆☆,"[{'full_name': '利欧集团股份有限公司', 'subject_importance': 3, 'subject_risk': '市场预警--交易异常波动', 'orgid': '03133589', 'subject_code': None, 'subject_name': None, 'emotion': 'NEG', 'subject_risk_list': ['R00003', 'R00003007'], 'org_types': ['216001', '002', '001001', '020006', '212100'], 'subject_importance_list': ['bond@3', 'stock@2']}]",利欧集团股份有限公司,V3 (2024-12-21~2024-12-31),2024-12-24,2024-12-24 02:37:05
5f1d124aad8cc0df,（官方问答平台）太极股份：公司面向党政、公共安全等领域以及重点行业企业提供涵盖信息基础设施、业务应用、数据运营、网络信息安全等的数字化服务……,同花顺金融研究中心,1735011245,0,,☆☆☆☆☆,"[{'full_name': '太极计算机股份有限公司', 'subject_importance': None, 'subject_risk': None, 'orgid': 'T000026778', 'subject_code': None, 'subject_name': None, 'emotion': 'NEU', 'subject_risk_list': [], 'org_types': ['216001', '001001', '020001', '020001002002', '002', '212100'], 'subject_importance_list': None}]",太极计算机股份有限公司,V3 (2024-12-21~2024-12-31),2024-12-24,2024-12-24 03:34:05
92221b8e41109b5d,专访汇顶科技：自主研发超声波指纹传感器，应对屏幕技术变革,网易-网易数码北京,1735012016,0,https://www.163.com/digi/article/JK60HVL7001680P9.html?clickfrom=w_mobile,☆☆☆☆☆,"[{'full_name': '深圳市汇顶科技股份有限公司', 'subject_importance': None, 'subject_risk': None, 'orgid': 'T000148045', 'subject_code': None, 'subject_name': None, 'emotion': 'NEU', 'subject_risk_list': [], 'org_types': ['020006', '216001', '001001', '212001', '020011'], 'subject_importance_list': None}]",深圳市汇顶科技股份有限公司,V3 (2024-12-21~2024-12-31),2024-12-24,2024-12-24 03:46:56
3c70050427913fad,太极股份：部分省市政务云算力基础设施由公司建设,网易,1735014325,0,https://www.163.com/dy/article/JK62PQFO0519QIKK.html,☆☆☆☆☆,"[{'full_name': '太极计算机股份有限公司', 'subject_importance': None, 'subject_risk': None, 'orgid': 'T000026778', 'subject_code': None, 'subject_name': None, 'emotion': 'NEU', 'subject_risk_list': [], 'org_types': ['216001', '001001', '020001', '020001002002', '002', '212100'], 'subject_importance_list': None}]",太极计算机股份有限公司,V3 (2024-12-21~2024-12-31),2024-12-24,2024-12-24 04:25:25
ffa60e91e39acfea,2024年12月24日，虹软科技日内振幅超过7%,同花顺金融研究中心,1735016526,2,,★★☆☆☆,"[{'full_name': '虹软科技股份有限公司', 'subject_importance': 2, 'subject_risk': '市场预警--交易异常波动', 'orgid': 'T003041965', 'subject_code': None, 'subject_name': None, 'emotion': 'NEG', 'subject_risk_list': ['R00003', 'R00003007'], 'org_types': ['020003', '020011', '001001', '212001', '216011'], 'subject_importance_list': ['stock@2']}]",虹软科技股份有限公司,V3 (2024-12-21~2024-12-31),2024-12-24,2024-12-24 05:02:06
3a381e01fb314ffb,太极股份：公司连续多年为北京、天津、海南等省市提供政务云服务,网易,1735019035,0,https://www.163.com/dy/article/JK67C03Q0512B07B.html,☆☆☆☆☆,"[{'full_name': '太极计算机股份有限公司', 'subject_importance': None, 'subject_risk': None, 'orgid': 'T000026778', 'subject_code': None, 'subject_name': None, 'emotion': 'NEU', 'subject_risk_list': [], 'org_types': ['216001', '001001', '020001', '020001002002', '002', '212100'], 'subject_importance_list': None}]",太极计算机股份有限公司,V3 (2024-12-21~2024-12-31),2024-12-24,2024-12-24 05:43:55
5b8534777b2334c4,浙江大华确认退出新疆项目 与此前海康威视的行动保持一致,同花顺整理,1735026379,2,http://www.c114.net.cn/ainews/94735.html,★★☆☆☆,"[{'full_name': '浙江大华技术股份有限公司', 'subject_importance': 2, 'subject_risk': '经营预警--关联企业出现问题', 'orgid': '03134713', 'subject_code': None, 'subject_name': None, 'emotion': 'NEG', 'subject_risk_list': ['R00007', 'R00007017'], 'org_types': ['020006', '212100', '216001', '001001'], 'subject_importance_list': ['stock@2']}]",浙江大华技术股份有限公司,V3 (2024-12-21~2024-12-31),2024-12-24,2024-12-24 07:46:19
288d7e4550125de0,【投融资动态】未岚科技战略融资，投资方为安恒信息,证券之星,1735040363,0,https://wap.stockstar.com/detail/RB2024122400036171,☆☆☆☆☆,"[{'full_name': '杭州安恒信息技术股份有限公司', 'subject_importance': None, 'subject_risk': None, 'orgid': 'T001301651', 'subject_code': None, 'subject_name': None, 'emotion': 'NEU', 'subject_risk_list': [], 'org_types': ['212001', '001001', '020006', '216011'], 'subject_importance_list': None}]",杭州安恒信息技术股份有限公司,V3 (2024-12-21~2024-12-31),2024-12-24,2024-12-24 11:39:23
c7b59ed07306349c,浙江大华取得液冷线材及液冷线材的设计方法专利,网易,1735041355,0,https://www.163.com/dy/article/JK6SIDI40519QIKK.html,☆☆☆☆☆,"[{'full_name': '浙江大华技术股份有限公司', 'subject_importance': None, 'subject_risk': None, 'orgid': '03134713', 'subject_code': None, 'subject_name': None, 'emotion': 'NEU', 'subject_risk_list': [], 'org_types': ['216001', '001001', '020006', '212100'], 'subject_importance_list': None}]",浙江大华技术股份有限公司,V3 (2024-12-21~2024-12-31),2024-12-24,2024-12-24 11:55:55
aa85ceb413af3804,百亿母基金三亚发布 助推产业高质量发展,南海网,1735043795,0,http://www.hinews.cn/news/system/2024/12/24/033245121.shtml,☆☆☆☆☆,"[{'full_name': '浙江大华技术股份有限公司', 'subject_importance': None, 'subject_risk': None, 'orgid': '03134713', 'subject_code': None, 'subject_name': None, 'emotion': 'NEU', 'subject_risk_list': [], 'org_types': ['216001', '212100', '020006', '001001'], 'subject_importance_list': None}]",浙江大华技术股份有限公司,V3 (2024-12-21~2024-12-31),2024-12-24,2024-12-24 12:36:35
aa85ceb413af3804,百亿母基金三亚发布 助推产业高质量发展,南海网,1735043795,0,http://www.hinews.cn/news/system/2024/12/24/033245121.shtml,☆☆☆☆☆,"[{'full_name': '杭州安恒信息技术股份有限公司', 'subject_importance': None, 'subject_risk': None, 'orgid': 'T001301651', 'subject_code': None, 'subject_name': None, 'emotion': 'NEU', 'subject_risk_list': [], 'org_types': ['212001', '216011', '001001', '020006'], 'subject_importance_list': None}]",杭州安恒信息技术股份有限公司,V3 (2024-12-21~2024-12-31),2024-12-24,2024-12-24 12:36:35
43410c84b5e46c97,“大华”和“海康”退出新疆，安防如何突围？,网易,1735047815,2,https://www.163.com/dy/article/JK72NJG20552RVU3.html,★★★☆☆,"[{'full_name': '浙江大华技术股份有限公司', 'subject_importance': 3, 'subject_risk': '市场预警--舆论预警', 'orgid': '03134713', 'subject_code': None, 'subject_name': None, 'emotion': 'NEG', 'subject_risk_list': ['R00003', 'R00003034'], 'org_types': ['216001', '001001', '020006', '212100'], 'subject_importance_list': ['stock@3']}]",浙江大华技术股份有限公司,V3 (2024-12-21~2024-12-31),2024-12-24,2024-12-24 13:43:35
5c62ce9255258f6,139 万、自主可控 OA 大单：致远互联（中）,网易,1735051704,0,https://www.163.com/dy/article/JK76B3J40511D6RL.html,☆☆☆☆☆,"[{'full_name': '北京致远互联软件股份有限公司', 'subject_importance': None, 'subject_risk': None, 'orgid': 'T001908980', 'subject_code': None, 'subject_name': None, 'emotion': 'NEU', 'subject_risk_list': [], 'org_types': ['216011', '212001', '001001', '020006'], 'subject_importance_list': None}]",北京致远互联软件股份有限公司,V3 (2024-12-21~2024-12-31),2024-12-24,2024-12-24 14:48:24
cd0231885ae90332,久远银海新注册《民政数据资产门户软件V1.0》项目的软件著作权,证券之星,1735061361,0,https://wap.stockstar.com/detail/RB2024122500000617,☆☆☆☆☆,"[{'full_name': '四川久远银海软件股份有限公司', 'subject_importance': None, 'subject_risk': None, 'orgid': 'T000062804', 'subject_code': None, 'subject_name': None, 'emotion': 'NEU', 'subject_risk_list': [], 'org_types': ['001001', '212100', '216001', '020006', '020001'], 'subject_importance_list': None}]",四川久远银海软件股份有限公司,V3 (2024-12-21~2024-12-31),2024-12-24,2024-12-24 17:29:21
61c3c5f5e8e6b10,安恒信息新注册《ZTSA零信任安全访问控制系统V3.0》项目的软件著作权,证券之星,1735061361,0,https://wap.stockstar.com/detail/RB2024122500000669,☆☆☆☆☆,"[{'full_name': '杭州安恒信息技术股份有限公司', 'subject_importance': None, 'subject_risk': None, 'orgid': 'T001301651', 'subject_code': None, 'subject_name': None, 'emotion': 'NEU', 'subject_risk_list': [], 'org_types': ['212001', '001001', '020006', '216011'], 'subject_importance_list': None}]",杭州安恒信息技术股份有限公司,V3 (2024-12-21~2024-12-31),2024-12-24,2024-12-24 17:29:21
45f63158b2cad1fa,太极股份新注册《类似案件不同判预警系统V1.0》项目的软件著作权,证券之星,1735061361,0,https://wap.stockstar.com/detail/RB2024122500000613,☆☆☆☆☆,"[{'full_name': '太极计算机股份有限公司', 'subject_importance': None, 'subject_risk': None, 'orgid': 'T000026778', 'subject_code': None, 'subject_name': None, 'emotion': 'NEU', 'subject_risk_list': [], 'org_types': ['216001', '001001', '020001', '020001002002', '002', '212100'], 'subject_importance_list': None}]",太极计算机股份有限公司,V3 (2024-12-21~2024-12-31),2024-12-24,2024-12-24 17:29:21
181ee7cda516dea9,中国数据安全50强缘何选择经开区,现代快报,1735062314,0,http://dz.xdkb.net/html/2024-12/25/content_651759.htm,☆☆☆☆☆,"[{'full_name': '曙光信息产业股份有限公司', 'subject_importance': None, 'subject_risk': None, 'orgid': '00057892', 'subject_code': None, 'subject_name': None, 'emotion': 'NEU', 'subject_risk_list': [], 'org_types': ['216001', '001001', '002', '020006', '212001', '020001'], 'subject_importance_list': None}]",曙光信息产业股份有限公司,V3 (2024-12-21~2024-12-31),2024-12-24,2024-12-24 17:45:14
8f32271632898252,太极股份新提交“太极”商标注册申请,证券之星,1735076544,0,https://wap.stockstar.com/detail/RB2024122500004288,☆☆☆☆☆,"[{'full_name': '太极计算机股份有限公司', 'subject_importance': None, 'subject_risk': None, 'orgid': 'T000026778', 'subject_code': None, 'subject_name': None, 'emotion': 'NEU', 'subject_risk_list': [], 'org_types': ['216001', '001001', '020001', '020001002002', '002', '212100'], 'subject_importance_list': None}]",太极计算机股份有限公司,V3 (2024-12-21~2024-12-31),2024-12-24,2024-12-24 21:42:24
dc23eb37d42a3bc4,安恒信息(688023)成立广东云安数据科技有限公司,证券之星,1735081948,0,https://wap.stockstar.com/detail/RB2024122500005740,☆☆☆☆☆,"[{'full_name': '杭州安恒信息技术股份有限公司', 'subject_importance': None, 'subject_risk': None, 'orgid': 'T001301651', 'subject_code': None, 'subject_name': None, 'emotion': 'NEU', 'subject_risk_list': [], 'org_types': ['212001', '001001', '020006', '216011'], 'subject_importance_list': None}]",杭州安恒信息技术股份有限公司,V3 (2024-12-21~2024-12-31),2024-12-24,2024-12-24 23:12:28
990b0adc56f81da7,致远互联中标绵阳市商业银行“合同管理系统建设项目”,微信-致远互联,1735085187,0,https://mp.weixin.qq.com/s?__biz=MjM5MTM4NDQ4MA==&idx=1&mid=2651210558&sn=b33e33b68ebc15efd140f6b21cdbd622,☆☆☆☆☆,"[{'full_name': '北京致远互联软件股份有限公司', 'subject_importance': None, 'subject_risk': None, 'orgid': 'T001908980', 'subject_code': None, 'subject_name': None, 'emotion': 'NEU', 'subject_risk_list': [], 'org_types': ['001001', '216011', '020006', '212001'], 'subject_importance_list': None}]",北京致远互联软件股份有限公司,V3 (2024-12-21~2024-12-31),2024-12-25,2024-12-25 00:06:27
c529be66d39804b,中安科子公司泰国卫安与大华股份泰国分公司签署合作协议,微信-中安科股份有限公司,1735088580,0,https://mp.weixin.qq.com/s?__biz=MzkzODUwNzE1OA==&idx=1&mid=2247498083&sn=629f5a080321f44c9dbae8917c83cf71,☆☆☆☆☆,"[{'full_name': '浙江大华技术股份有限公司', 'subject_importance': None, 'subject_risk': None, 'orgid': '03134713', 'subject_code': None, 'subject_name': None, 'emotion': 'NEU', 'subject_risk_list': [], 'org_types': ['216001', '001001', '020006', '212100'], 'subject_importance_list': None}]",浙江大华技术股份有限公司,V3 (2024-12-21~2024-12-31),2024-12-25,2024-12-25 01:03:00
2220fd6eb6c112bc,2024年12月25日，海光信息日内振幅超过7%,同花顺金融研究中心,1735090624,2,,★★☆☆☆,"[{'full_name': '海光信息技术股份有限公司', 'subject_importance': 2, 'subject_risk': '市场预警--交易异常波动', 'orgid': 'T000233634', 'subject_code': None, 'subject_name': None, 'emotion': 'NEG', 'subject_risk_list': ['R00003', 'R00003007'], 'org_types': ['020006', '216011', '212001', '001001', '020001'], 'subject_importance_list': ['stock@2']}]",海光信息技术股份有限公司,V3 (2024-12-21~2024-12-31),2024-12-25,2024-12-25 01:37:04
d0a738cbfbd35521,利润暴涨35倍后，股价也要暴增在即，汇顶科技真的又要起飞！,新浪微博-财经头条,1735091074,0,https://cj.sina.com.cn/articles/view/7574126060/1c373fdec00101ct24?finpagefr=p_103,☆☆☆☆☆,"[{'full_name': '深圳市汇顶科技股份有限公司', 'subject_importance': None, 'subject_risk': None, 'orgid': 'T000148045', 'subject_code': None, 'subject_name': None, 'emotion': 'NEU', 'subject_risk_list': [], 'org_types': ['020006', '216001', '001001', '212001', '020011'], 'subject_importance_list': None}]",深圳市汇顶科技股份有限公司,V3 (2024-12-21~2024-12-31),2024-12-25,2024-12-25 01:44:34
d8c227321fcb85fb,2024年12月25日，利欧股份日内振幅超过7%,同花顺金融研究中心,1735091949,2,,★★★☆☆,"[{'full_name': '利欧集团股份有限公司', 'subject_importance': 3, 'subject_risk': '市场预警--交易异常波动', 'orgid': '03133589', 'subject_code': None, 'subject_name': None, 'emotion': 'NEG', 'subject_risk_list': ['R00003', 'R00003007'], 'org_types': ['216001', '002', '001001', '020006', '212100'], 'subject_importance_list': ['bond@3', 'stock@2']}]",利欧集团股份有限公司,V3 (2024-12-21~2024-12-31),2024-12-25,2024-12-25 01:59:09
416a624a66b3d55a,大鹏新区：深化政企合作，以数据要素赋能实体经济高质量发展,深圳新闻网,1735092660,0,http://idapeng.sznews.com/content/2024-12/25/content_31406785.htm,☆☆☆☆☆,"[{'full_name': '杭州安恒信息技术股份有限公司', 'subject_importance': None, 'subject_risk': None, 'orgid': 'T001301651', 'subject_code': None, 'subject_name': None, 'emotion': 'NEU', 'subject_risk_list': [], 'org_types': ['212001', '001001', '020006', '216011'], 'subject_importance_list': None}]",杭州安恒信息技术股份有限公司,V3 (2024-12-21~2024-12-31),2024-12-25,2024-12-25 02:11:00
dd7dfd876092baf7,超图参建项目入选广东省未来城市建设及新技术应用典型案例,新浪财经,1735095023,0,https://finance.sina.com.cn/roll/2024-12-24/doc-ineaqanq8431051.shtml,☆☆☆☆☆,"[{'full_name': '北京超图软件股份有限公司', 'subject_importance': None, 'subject_risk': None, 'orgid': 'T000026114', 'subject_code': None, 'subject_name': None, 'emotion': 'NEU', 'subject_risk_list': [], 'org_types': ['001001', '216003', '020006', '212100'], 'subject_importance_list': None}]",北京超图软件股份有限公司,V3 (2024-12-21~2024-12-31),2024-12-25,2024-12-25 02:50:23
3aa32a96a24c66c3,并购重组，让多层次资本市场更加完善,微信-弘毅投资HC,1735098583,0,https://mp.weixin.qq.com/s?__biz=MzU2MzY5MjA3NQ==&idx=1&mid=2247500438&sn=e54f410d8e3d991a5698c9a5d8b305ad,☆☆☆☆☆,"[{'full_name': '深圳市汇顶科技股份有限公司', 'subject_importance': None, 'subject_risk': None, 'orgid': 'T000148045', 'subject_code': None, 'subject_name': None, 'emotion': 'NEU', 'subject_risk_list': [], 'org_types': ['001001', '020006', '212001', '020011', '216001'], 'subject_importance_list': None}]",深圳市汇顶科技股份有限公司,V3 (2024-12-21~2024-12-31),2024-12-25,2024-12-25 03:49:43
2eb47657ee4fe615,2024年12月25日，虹软科技日内振幅超过7%,同花顺金融研究中心,1735104249,2,,★★☆☆☆,"[{'full_name': '虹软科技股份有限公司', 'subject_importance': 2, 'subject_risk': '市场预警--交易异常波动', 'orgid': 'T003041965', 'subject_code': None, 'subject_name': None, 'emotion': 'NEG', 'subject_risk_list': ['R00003', 'R00003007'], 'org_types': ['020003', '020011', '001001', '212001', '216011'], 'subject_importance_list': ['stock@2']}]",虹软科技股份有限公司,V3 (2024-12-21~2024-12-31),2024-12-25,2024-12-25 05:24:09
c35c46216c41cec6,Odin Health 深度对话：共探卫宁健康WiNEX的国际融合之道,微信-卫宁健康,1735104382,0,https://mp.weixin.qq.com/s?__biz=MzA3MjI5OTAyNA==&idx=1&mid=2651057227&sn=6bc0564cf98fae9efa7360caaf81cf59,☆☆☆☆☆,"[{'full_name': '卫宁健康科技集团股份有限公司', 'subject_importance': None, 'subject_risk': None, 'orgid': 'T000027606', 'subject_code': None, 'subject_name': None, 'emotion': 'NEU', 'subject_risk_list': [], 'org_types': ['020006', '212100', '216003', '002', '001001'], 'subject_importance_list': None}]",卫宁健康科技集团股份有限公司,V3 (2024-12-21~2024-12-31),2024-12-25,2024-12-25 05:26:22
c7110eac546a83dd,东华软件子公司中标又废标？到嘴的鸭子飞了？,新浪财经,1735109419,0,https://finance.sina.com.cn/jjxw/2024-12-25/doc-ineasfmq7487474.shtml,★☆☆☆☆,"[{'full_name': '东华软件股份公司', 'subject_importance': 1, 'subject_risk': '项目预警', 'orgid': '03131973', 'subject_code': None, 'subject_name': None, 'emotion': 'NEG', 'subject_risk_list': ['R00009'], 'org_types': ['212100', '216001', '001001', '020006', '002'], 'subject_importance_list': ['stock@1', 'bond@1']}]",东华软件股份公司,V3 (2024-12-21~2024-12-31),2024-12-25,2024-12-25 06:50:19
badc36ffeb87660f,因赛集团：AI电商营销产品已服务近万名电商类用户，其中包括微信小店商户,金融界,1735109848,0,https://m.jrj.com.cn/madapter/finance/2024/12/24205046766695.shtml,☆☆☆☆☆,"[{'full_name': '广东因赛品牌营销集团股份有限公司', 'subject_importance': None, 'subject_risk': None, 'orgid': 'T004054988', 'subject_code': None, 'subject_name': None, 'emotion': 'NEU', 'subject_risk_list': [], 'org_types': ['001001', '216003', '020006', '212100'], 'subject_importance_list': None}]",广东因赛品牌营销集团股份有限公司,V3 (2024-12-21~2024-12-31),2024-12-25,2024-12-25 06:57:28
e4763ba23a701f96,银江技术实控人信披违规被立案，投资索赔预登记,新浪财经,1735110098,2,https://finance.sina.cn/stock/ssgs/2024-12-25/detail-ineasfmq7493063.d.html?cid=76524&node_id=76524&vt=4,★★★★★,"[{'full_name': '银江技术股份有限公司', 'subject_importance': 5, 'subject_risk': '管理预警--实控人被查或被处罚', 'orgid': 'T000025749', 'subject_code': None, 'subject_name': None, 'emotion': 'NEG', 'subject_risk_list': ['R00006', 'R00006006'], 'org_types': ['001001', '216003', '002', '212100', '020006'], 'subject_importance_list': ['bond@5', 'stock@5']}]",银江技术股份有限公司,V3 (2024-12-21~2024-12-31),2024-12-25,2024-12-25 07:01:38
ce2c20a86c31ba1c,*ST银江（银江技术）股票索赔：实控人涉嫌信披违规被立案，前期公司信披违规已可索赔,新浪财经,1735110769,2,https://finance.sina.com.cn/stock/gmwq/rightscase/2024-12-25/doc-ineasfmp0722458.shtml,★★★★★,"[{'full_name': '银江技术股份有限公司', 'subject_importance': 5, 'subject_risk': '管理预警--实控人被查或被处罚', 'orgid': 'T000025749', 'subject_code': None, 'subject_name': None, 'emotion': 'NEG', 'subject_risk_list': ['R00006', 'R00006006'], 'org_types': ['001001', '216003', '002', '212100', '020006'], 'subject_importance_list': ['bond@5', 'stock@5']}]",银江技术股份有限公司,V3 (2024-12-21~2024-12-31),2024-12-25,2024-12-25 07:12:49
c17d2785f8588a9a,银江技术（300020）被立案调查，股民索赔可期,新浪财经,1735111479,0,https://finance.sina.com.cn/stock/gmwq/rightscase/2024-12-25/doc-ineasfmq7504865.shtml,★★★★☆,"[{'full_name': '银江技术股份有限公司', 'subject_importance': 4, 'subject_risk': '监管预警--立案调查', 'orgid': 'T000025749', 'subject_code': None, 'subject_name': None, 'emotion': 'NEG', 'subject_risk_list': ['R00005', 'R00005005'], 'org_types': ['001001', '216003', '002', '212100', '020006'], 'subject_importance_list': ['bond@4', 'stock@4']}]",银江技术股份有限公司,V3 (2024-12-21~2024-12-31),2024-12-25,2024-12-25 07:24:39
115ae1f20174b965,海光信息吴宗友：下一个十年将在开放产业生态上下苦功夫,集微网,1735112519,0,https://laoyaoba.com/n/928044,☆☆☆☆☆,"[{'full_name': '海光信息技术股份有限公司', 'subject_importance': None, 'subject_risk': None, 'orgid': 'T000233634', 'subject_code': None, 'subject_name': None, 'emotion': 'NEU', 'subject_risk_list': [], 'org_types': ['216011', '020006', '001001', '020001', '212001'], 'subject_importance_list': None}]",海光信息技术股份有限公司,V3 (2024-12-21~2024-12-31),2024-12-25,2024-12-25 07:41:59
141a08de1c715b8a,利欧股份所属的板块是什么？该板块的发展趋势如何？,和讯基金,1735113971,0,https://funds.hexun.com/2024-12-25/216403802.html,☆☆☆☆☆,"[{'full_name': '利欧集团股份有限公司', 'subject_importance': None, 'subject_risk': None, 'orgid': '03133589', 'subject_code': None, 'subject_name': None, 'emotion': 'NEU', 'subject_risk_list': [], 'org_types': ['212100', '020006', '216001', '001001', '002'], 'subject_importance_list': None}]",利欧集团股份有限公司,V3 (2024-12-21~2024-12-31),2024-12-25,2024-12-25 08:06:11
ed963b28594b677,海光信息涨11.26%，民生证券一日前给出“买入”评级,网易,1735115498,0,https://www.163.com/dy/article/JK9385LQ051984TV.html,☆☆☆☆☆,"[{'full_name': '海光信息技术股份有限公司', 'subject_importance': None, 'subject_risk': None, 'orgid': 'T000233634', 'subject_code': None, 'subject_name': None, 'emotion': 'NEU', 'subject_risk_list': [], 'org_types': ['216011', '020006', '001001', '020001', '212001'], 'subject_importance_list': None}]",海光信息技术股份有限公司,V3 (2024-12-21~2024-12-31),2024-12-25,2024-12-25 08:31:38
c17e19e00be3d0f1,东华软件加码AI 近三个月斥资8亿元新设4家公司,搜狐-北京市,1735117115,0,https://www.sohu.com/a/841733024_153054,☆☆☆☆☆,"[{'full_name': '东华软件股份公司', 'subject_importance': None, 'subject_risk': None, 'orgid': '03131973', 'subject_code': None, 'subject_name': None, 'emotion': 'NEU', 'subject_risk_list': [], 'org_types': ['212100', '020006', '216001', '002', '001001'], 'subject_importance_list': None}]",东华软件股份公司,V3 (2024-12-21~2024-12-31),2024-12-25,2024-12-25 08:58:35
fabca33bb5867c6,开普云：关于出售控股子公司部分股权的公告,上交所股票,1735117729,3,http://www.sse.com.cn/disclosure/listedinfo/announcement/c/new/2024-12-26/688228_20241226_67SP.pdf,★★★★☆,"[{'full_name': '开普云信息科技股份有限公司', 'subject_importance': 4, 'subject_risk': '经营预警--出售经营性资产', 'orgid': 'T000829067', 'subject_code': None, 'subject_name': None, 'emotion': 'NEG', 'subject_risk_list': ['R00007', 'R00007027'], 'org_types': ['001001', '212005', '674001', '212001', '216011', '020006', '001004'], 'subject_importance_list': ['stock@4']}]",开普云信息科技股份有限公司,V3 (2024-12-21~2024-12-31),2024-12-25,2024-12-25 09:08:49
1ede25ca61f47c6e,开普云(688228.SH)：拟转让开普瑞曦32%的股权,格隆汇资讯-公司信息,1735117736,0,https://www.gelonghui.com/news/4916890,★★★★☆,"[{'full_name': '开普云信息科技股份有限公司', 'subject_importance': 4, 'subject_risk': '经营预警--出售经营性资产', 'orgid': 'T000829067', 'subject_code': None, 'subject_name': None, 'emotion': 'NEG', 'subject_risk_list': ['R00007', 'R00007027'], 'org_types': ['001001', '212005', '674001', '212001', '216011', '020006', '001004'], 'subject_importance_list': ['stock@4']}]",开普云信息科技股份有限公司,V3 (2024-12-21~2024-12-31),2024-12-25,2024-12-25 09:08:56
b2e0751a2f334dc6,东华软件荣登2024北京企业百强等3项榜单,微信-东华软件股份公司,1735117736,0,https://mp.weixin.qq.com/s?__biz=MzAxNDYxOTE4MQ==&idx=2&mid=2677145632&sn=d5bba396a6cb6fdb68011916c7069380,☆☆☆☆☆,"[{'full_name': '东华软件股份公司', 'subject_importance': None, 'subject_risk': None, 'orgid': '03131973', 'subject_code': None, 'subject_name': None, 'emotion': 'NEU', 'subject_risk_list': [], 'org_types': ['212100', '020006', '216001', '002', '001001'], 'subject_importance_list': None}]",东华软件股份公司,V3 (2024-12-21~2024-12-31),2024-12-25,2024-12-25 09:08:56
4b482bf47e24446d,开普云：拟2080万元出售子公司开普瑞曦32%股权,界面新闻,1735117867,2,https://www.jiemian.com/article/12168787.html,★★★★☆,"[{'full_name': '开普云信息科技股份有限公司', 'subject_importance': 4, 'subject_risk': '经营预警--出售经营性资产', 'orgid': 'T000829067', 'subject_code': None, 'subject_name': None, 'emotion': 'NEG', 'subject_risk_list': ['R00007', 'R00007027'], 'org_types': ['001001', '212005', '674001', '212001', '216011', '020006', '001004'], 'subject_importance_list': ['stock@4']}]",开普云信息科技股份有限公司,V3 (2024-12-21~2024-12-31),2024-12-25,2024-12-25 09:11:07
a21c1644cc6344b1,开普云：拟2080万元转让开普瑞曦32%股权,证券时报e公司,1735118182,2,https://www.egsea.com/news/detail/1948577.html,★★★★☆,"[{'full_name': '开普云信息科技股份有限公司', 'subject_importance': 4, 'subject_risk': '经营预警--出售经营性资产', 'orgid': 'T000829067', 'subject_code': None, 'subject_name': None, 'emotion': 'NEG', 'subject_risk_list': ['R00007', 'R00007027'], 'org_types': ['001001', '212005', '674001', '212001', '216011', '020006', '001004'], 'subject_importance_list': ['stock@4']}]",开普云信息科技股份有限公司,V3 (2024-12-21~2024-12-31),2024-12-25,2024-12-25 09:16:22
5d361f34c0441bef,对话欧冶半导体CEO高峰：探寻商业与技术的平衡，引领智能汽车“芯”未来,微信-福布斯,1735119548,0,https://mp.weixin.qq.com/s?__biz=MzIwODU2NjQ5Mw==&idx=2&mid=2247611216&sn=544e100c8cc3264beb45f812bcd55deb,☆☆☆☆☆,"[{'full_name': '虹软科技股份有限公司', 'subject_importance': None, 'subject_risk': None, 'orgid': 'T003041965', 'subject_code': None, 'subject_name': None, 'emotion': 'NEU', 'subject_risk_list': [], 'org_types': ['212001', '020011', '020003', '216011', '001001'], 'subject_importance_list': None}]",虹软科技股份有限公司,V3 (2024-12-21~2024-12-31),2024-12-25,2024-12-25 09:39:08
5da641cc07d9cdce,启明星辰成功中标中国移动国际有限公司2024年安全运维和技术支撑服务项目,证券时报e公司,1735119761,0,https://www.egsea.com/news/detail/1948695.html,☆☆☆☆☆,"[{'full_name': '启明星辰信息技术集团股份有限公司', 'subject_importance': None, 'subject_risk': None, 'orgid': 'T000027264', 'subject_code': None, 'subject_name': None, 'emotion': 'NEU', 'subject_risk_list': [], 'org_types': ['216001', '001001', '002', '020006', '212100'], 'subject_importance_list': None}]",启明星辰信息技术集团股份有限公司,V3 (2024-12-21~2024-12-31),2024-12-25,2024-12-25 09:42:41
7a68543eef03096d,开普云转让子公司32%股权 交易价2080万元,东方财富网,1735119975,2,https://finance.eastmoney.com/a/202412253278970412.html,★★★★☆,"[{'full_name': '开普云信息科技股份有限公司', 'subject_importance': 4, 'subject_risk': '经营预警--出售经营性资产', 'orgid': 'T000829067', 'subject_code': None, 'subject_name': None, 'emotion': 'NEG', 'subject_risk_list': ['R00007', 'R00007027'], 'org_types': ['001001', '212005', '674001', '212001', '216011', '020006', '001004'], 'subject_importance_list': ['stock@4']}]",开普云信息科技股份有限公司,V3 (2024-12-21~2024-12-31),2024-12-25,2024-12-25 09:46:15
5de88a9801a740fa,超图软件与浙江省城乡规划设计研究院签署战略合作协议,证券时报网,1735120160,0,http://egs.stcn.com/news/detail/1948701.html,☆☆☆☆☆,"[{'full_name': '北京超图软件股份有限公司', 'subject_importance': None, 'subject_risk': None, 'orgid': 'T000026114', 'subject_code': None, 'subject_name': None, 'emotion': 'NEU', 'subject_risk_list': [], 'org_types': ['216003', '001001', '020006', '212100'], 'subject_importance_list': None}]",北京超图软件股份有限公司,V3 (2024-12-21~2024-12-31),2024-12-25,2024-12-25 09:49:20
8cda73fe47796926,景嘉微:成员单位新一代自主安全计算先进制造业创新中心,新浪财经,1735120244,0,https://finance.sina.com.cn/stock/relnews/dongmiqa/2024-12-25/doc-ineasmtm0634089.shtml,☆☆☆☆☆,"[{'full_name': '长沙景嘉微电子股份有限公司', 'subject_importance': None, 'subject_risk': None, 'orgid': 'T000125853', 'subject_code': None, 'subject_name': None, 'emotion': 'NEU', 'subject_risk_list': [], 'org_types': ['001001', '216003', '212100', '020006'], 'subject_importance_list': None}]",长沙景嘉微电子股份有限公司,V3 (2024-12-21~2024-12-31),2024-12-25,2024-12-25 09:50:44
25820328341907fc,景嘉微:三方合作厂商信息公示，助力投资者评估公司发展前景,新浪财经,1735120253,0,https://finance.sina.com.cn/stock/relnews/dongmiqa/2024-12-25/doc-ineasmtn7419262.shtml,☆☆☆☆☆,"[{'full_name': '长沙景嘉微电子股份有限公司', 'subject_importance': None, 'subject_risk': None, 'orgid': 'T000125853', 'subject_code': None, 'subject_name': None, 'emotion': 'NEU', 'subject_risk_list': [], 'org_types': ['001001', '216003', '212100', '020006'], 'subject_importance_list': None}]",长沙景嘉微电子股份有限公司,V3 (2024-12-21~2024-12-31),2024-12-25,2024-12-25 09:50:53
dec5d433a18f55fe,景嘉微(SZ300474)：JM11系列芯片正在进行功能、性能全面测试阶段,新浪财经,1735120254,0,https://finance.sina.com.cn/stock/relnews/dongmiqa/2024-12-25/doc-ineasmtn7419670.shtml,☆☆☆☆☆,"[{'full_name': '长沙景嘉微电子股份有限公司', 'subject_importance': None, 'subject_risk': None, 'orgid': 'T000125853', 'subject_code': None, 'subject_name': None, 'emotion': 'NEU', 'subject_risk_list': [], 'org_types': ['001001', '216003', '212100', '020006'], 'subject_importance_list': None}]",长沙景嘉微电子股份有限公司,V3 (2024-12-21~2024-12-31),2024-12-25,2024-12-25 09:50:54
4c262b22688d943e,景嘉微(SZ300474)：JM11系列芯片已完成流片、封装阶段，全面测试推进中,新浪财经,1735120265,0,https://finance.sina.com.cn/stock/relnews/dongmiqa/2024-12-25/doc-ineasmtm0639461.shtml,☆☆☆☆☆,"[{'full_name': '长沙景嘉微电子股份有限公司', 'subject_importance': None, 'subject_risk': None, 'orgid': 'T000125853', 'subject_code': None, 'subject_name': None, 'emotion': 'NEU', 'subject_risk_list': [], 'org_types': ['001001', '216003', '212100', '020006'], 'subject_importance_list': None}]",长沙景嘉微电子股份有限公司,V3 (2024-12-21~2024-12-31),2024-12-25,2024-12-25 09:51:05
cae2c289ca45f3a6,景嘉微:GPU研发持续创新，40亿资金加速推进GPGPU研发,新浪财经,1735120266,0,https://finance.sina.com.cn/stock/relnews/dongmiqa/2024-12-25/doc-ineasmtn7416566.shtml,☆☆☆☆☆,"[{'full_name': '长沙景嘉微电子股份有限公司', 'subject_importance': None, 'subject_risk': None, 'orgid': 'T000125853', 'subject_code': None, 'subject_name': None, 'emotion': 'NEU', 'subject_risk_list': [], 'org_types': ['001001', '216003', '212100', '020006'], 'subject_importance_list': None}]",长沙景嘉微电子股份有限公司,V3 (2024-12-21~2024-12-31),2024-12-25,2024-12-25 09:51:06
6e7873a751cff043,中科曙光与2024年度流行语！,微信-中科曙光,1735121114,0,https://mp.weixin.qq.com/s?__biz=MzA5MzMxOTEwMA==&idx=1&mid=2650996435&sn=a2c270089c2c2053d4fed82d4ceeb511,☆☆☆☆☆,"[{'full_name': '曙光信息产业股份有限公司', 'subject_importance': None, 'subject_risk': None, 'orgid': '00057892', 'subject_code': None, 'subject_name': None, 'emotion': 'NEU', 'subject_risk_list': [], 'org_types': ['212001', '020001', '020006', '216001', '001001', '002'], 'subject_importance_list': None}]",曙光信息产业股份有限公司,V3 (2024-12-21~2024-12-31),2024-12-25,2024-12-25 10:05:14
fe8458c6c25d34c0,川大智胜：12月25日召开董事会会议,网易,1735121494,0,https://www.163.com/dy/article/JK98VS5V0512B07B.html,☆☆☆☆☆,"[{'full_name': '四川川大智胜软件股份有限公司', 'subject_importance': None, 'subject_risk': None, 'orgid': '00071668', 'subject_code': None, 'subject_name': None, 'emotion': 'NEU', 'subject_risk_list': [], 'org_types': ['020006', '001001', '216001', '212100'], 'subject_importance_list': None}]",四川川大智胜软件股份有限公司,V3 (2024-12-21~2024-12-31),2024-12-25,2024-12-25 10:11:34
73d18181833ae282,注意！川大智胜将于2025年1月10日召开股东大会,网易,1735121495,0,https://www.163.com/dy/article/JK98VRTI0512B07B.html,☆☆☆☆☆,"[{'full_name': '四川川大智胜软件股份有限公司', 'subject_importance': None, 'subject_risk': None, 'orgid': '00071668', 'subject_code': None, 'subject_name': None, 'emotion': 'NEU', 'subject_risk_list': [], 'org_types': ['020006', '001001', '216001', '212100'], 'subject_importance_list': None}]",四川川大智胜软件股份有限公司,V3 (2024-12-21~2024-12-31),2024-12-25,2024-12-25 10:11:35
89f1aa5bc575bcc7,创业慧康：12月25日召开董事会会议,网易,1735122761,0,https://www.163.com/dy/article/JK9A6AAC0512B07B.html,☆☆☆☆☆,"[{'full_name': '创业慧康科技股份有限公司', 'subject_importance': None, 'subject_risk': None, 'orgid': '00087886', 'subject_code': None, 'subject_name': None, 'emotion': 'NEU', 'subject_risk_list': [], 'org_types': ['001001', '216003', '212100', '020006'], 'subject_importance_list': None}]",创业慧康科技股份有限公司,V3 (2024-12-21~2024-12-31),2024-12-25,2024-12-25 10:32:41
2cca670bc4d6a5fe,*ST银江实控人涉信披违规被立案 公司屡触红线 适格投资者或可索赔,网易,1735124906,0,https://www.163.com/dy/article/JK9BVKDP0519BOCB.html,★★★★★,"[{'full_name': '银江技术股份有限公司', 'subject_importance': 5, 'subject_risk': '管理预警--实控人被查或被处罚', 'orgid': 'T000025749', 'subject_code': None, 'subject_name': None, 'emotion': 'NEG', 'subject_risk_list': ['R00006', 'R00006006'], 'org_types': ['002', '216003', '001001', '212100', '020006'], 'subject_importance_list': ['bond@5', 'stock@5']}]",银江技术股份有限公司,V3 (2024-12-21~2024-12-31),2024-12-25,2024-12-25 11:08:26
72b85a836b50528a,创业慧康(300451):公司相关治理制度修订对照表,中国财经信息网,1735125017,0,https://www.cfi.net.cn/p20241225002480.html,☆☆☆☆☆,"[{'full_name': '创业慧康科技股份有限公司', 'subject_importance': None, 'subject_risk': None, 'orgid': '00087886', 'subject_code': None, 'subject_name': None, 'emotion': 'NEU', 'subject_risk_list': [], 'org_types': ['001001', '216003', '212100', '020006'], 'subject_importance_list': None}]",创业慧康科技股份有限公司,V3 (2024-12-21~2024-12-31),2024-12-25,2024-12-25 11:10:17
f6022faaab161892,开普云拟2080万元转让开普瑞曦32%股权 优化AI发展战略产业布局,证券时报网,1735126651,0,http://egs.stcn.com/news/detail/1948743.html,☆☆☆☆☆,"[{'full_name': '开普云信息科技股份有限公司', 'subject_importance': None, 'subject_risk': None, 'orgid': 'T000829067', 'subject_code': None, 'subject_name': None, 'emotion': 'NEU', 'subject_risk_list': [], 'org_types': ['001004', '216011', '212001', '020006', '674001', '212005', '001001'], 'subject_importance_list': None}]",开普云信息科技股份有限公司,V3 (2024-12-21~2024-12-31),2024-12-25,2024-12-25 11:37:31
dceabf1a3cdfc061,大模型·大未来｜久远银海肖华荣：大模型技术在民生服务领域应用前景广阔,网易,1735127924,0,https://www.163.com/dy/article/JK9F95MH0511U82T.html?spss=dy_author,☆☆☆☆☆,"[{'full_name': '四川久远银海软件股份有限公司', 'subject_importance': None, 'subject_risk': None, 'orgid': 'T000062804', 'subject_code': None, 'subject_name': None, 'emotion': 'NEU', 'subject_risk_list': [], 'org_types': ['001001', '212100', '216001', '020006', '020001'], 'subject_importance_list': None}]",四川久远银海软件股份有限公司,V3 (2024-12-21~2024-12-31),2024-12-25,2024-12-25 11:58:44
6c43a92748ceadb0,软通动力旗下PC品牌“机械革命”斩获2024京东金榜新品金奖，软硬一体赋能产业转型升级,搜狐-北京市,1735129578,0,https://www.sohu.com/a/841809580_135869,☆☆☆☆☆,"[{'full_name': '海光信息技术股份有限公司', 'subject_importance': None, 'subject_risk': None, 'orgid': 'T000233634', 'subject_code': None, 'subject_name': None, 'emotion': 'NEU', 'subject_risk_list': [], 'org_types': ['001001', '216011', '212001', '020001', '020006'], 'subject_importance_list': None}]",海光信息技术股份有限公司,V3 (2024-12-21~2024-12-31),2024-12-25,2024-12-25 12:26:18
83bcdbba89bc59f2,因赛集团：成为知名电商平台的AI营销服务商,证券时报网,1735130585,0,https://www.stcn.com/article/detail/1467981.html,☆☆☆☆☆,"[{'full_name': '广东因赛品牌营销集团股份有限公司', 'subject_importance': None, 'subject_risk': None, 'orgid': 'T004054988', 'subject_code': None, 'subject_name': None, 'emotion': 'NEU', 'subject_risk_list': [], 'org_types': ['001001', '216003', '020006', '212100'], 'subject_importance_list': None}]",广东因赛品牌营销集团股份有限公司,V3 (2024-12-21~2024-12-31),2024-12-25,2024-12-25 12:43:05
ed97997253fba65a,开普云：转让开普瑞曦股权，聚焦 AI 业务 6500 万元估值,搜狐-北京市,1735132944,0,https://www.sohu.com/a/841837565_639898,☆☆☆☆☆,"[{'full_name': '开普云信息科技股份有限公司', 'subject_importance': None, 'subject_risk': None, 'orgid': 'T000829067', 'subject_code': None, 'subject_name': None, 'emotion': 'NEU', 'subject_risk_list': [], 'org_types': ['001004', '216011', '212001', '020006', '674001', '212005', '001001'], 'subject_importance_list': None}]",开普云信息科技股份有限公司,V3 (2024-12-21~2024-12-31),2024-12-25,2024-12-25 13:22:24
7f83222f0c6df231,因赛集团：AI电商营销成果显著 服务众多用户,和讯网,1735133081,0,https://m.hexun.com/stock/2024-12-25/216415011.html,☆☆☆☆☆,"[{'full_name': '广东因赛品牌营销集团股份有限公司', 'subject_importance': None, 'subject_risk': None, 'orgid': 'T004054988', 'subject_code': None, 'subject_name': None, 'emotion': 'NEU', 'subject_risk_list': [], 'org_types': ['001001', '216003', '020006', '212100'], 'subject_importance_list': None}]",广东因赛品牌营销集团股份有限公司,V3 (2024-12-21~2024-12-31),2024-12-25,2024-12-25 13:24:41
bb7c3241d2ea1766,聚焦丨数字政通受邀出席2025年中国信通院深度观察报告会并发表主题演讲,微信-数字政通,1735136384,0,https://mp.weixin.qq.com/s?__biz=MzA4NzMyNDIxMA==&idx=3&mid=2653970589&sn=30c28afaa282487df7fbbe76d02e707b,☆☆☆☆☆,"[{'full_name': '北京数字政通科技股份有限公司', 'subject_importance': None, 'subject_risk': None, 'orgid': 'T000027204', 'subject_code': None, 'subject_name': None, 'emotion': 'NEU', 'subject_risk_list': [], 'org_types': ['216003', '001001', '212100', '020006'], 'subject_importance_list': None}]",北京数字政通科技股份有限公司,V3 (2024-12-21~2024-12-31),2024-12-25,2024-12-25 14:19:44
66a6da876d562309,开普云2080万元出售子公司32%股权：3年前投资1530万元获得控股权，标的前九个月亏损，出售后不再并表,每日经济新闻,1735140690,0,https://www.nbd.com.cn/articles/2024-12-25/3699449.html,★★★★☆,"[{'full_name': '开普云信息科技股份有限公司', 'subject_importance': 4, 'subject_risk': '经营预警--出售经营性资产', 'orgid': 'T000829067', 'subject_code': None, 'subject_name': None, 'emotion': 'NEG', 'subject_risk_list': ['R00007', 'R00007027'], 'org_types': ['001001', '212005', '674001', '212001', '216011', '020006', '001004'], 'subject_importance_list': ['stock@4']}]",开普云信息科技股份有限公司,V3 (2024-12-21~2024-12-31),2024-12-25,2024-12-25 15:31:30
d881b9bcafd9f9d4,港澳市场新突破！启明星辰再揽安全服务项目,新浪财经,1735145441,0,https://finance.sina.com.cn/roll/2024-12-25/doc-ineasrzi0545363.shtml,☆☆☆☆☆,"[{'full_name': '启明星辰信息技术集团股份有限公司', 'subject_importance': None, 'subject_risk': None, 'orgid': 'T000027264', 'subject_code': None, 'subject_name': None, 'emotion': 'NEU', 'subject_risk_list': [], 'org_types': ['216001', '001001', '212100', '002', '020006'], 'subject_importance_list': None}]",启明星辰信息技术集团股份有限公司,V3 (2024-12-21~2024-12-31),2024-12-25,2024-12-25 16:50:41
71c2300120ffc1be,双榜殊荣！华胜天成入选“2024北京数字经济企业百强”与“2024北京服务业企业百强”,新浪财经,1735145446,0,https://finance.sina.com.cn/roll/2024-12-25/doc-ineasfmp0732983.shtml,☆☆☆☆☆,"[{'full_name': '北京华胜天成科技股份有限公司', 'subject_importance': None, 'subject_risk': None, 'orgid': '03130700', 'subject_code': None, 'subject_name': None, 'emotion': 'NEU', 'subject_risk_list': [], 'org_types': ['002', '216001', '001001', '020006', '212001'], 'subject_importance_list': None}]",北京华胜天成科技股份有限公司,V3 (2024-12-21~2024-12-31),2024-12-25,2024-12-25 16:50:46
8564a054b4d02206,启明星辰入选Gartner《中国特权访问管理创新洞察》代表厂商,新浪财经,1735145449,0,https://finance.sina.com.cn/roll/2024-12-25/doc-ineasrzi0538015.shtml,☆☆☆☆☆,"[{'full_name': '启明星辰信息技术集团股份有限公司', 'subject_importance': None, 'subject_risk': None, 'orgid': 'T000027264', 'subject_code': None, 'subject_name': None, 'emotion': 'NEU', 'subject_risk_list': [], 'org_types': ['216001', '001001', '212100', '002', '020006'], 'subject_importance_list': None}]",启明星辰信息技术集团股份有限公司,V3 (2024-12-21~2024-12-31),2024-12-25,2024-12-25 16:50:49
877f56da0eb6c90c,深扎根 壮主干 繁枝叶 中科曙光抢占算力基础设施新高地,证券时报,1735151339,0,http://epaper.stcn.com/con/202412/26/content_2725695.html,☆☆☆☆☆,"[{'full_name': '曙光信息产业股份有限公司', 'subject_importance': None, 'subject_risk': None, 'orgid': '00057892', 'subject_code': None, 'subject_name': None, 'emotion': 'NEU', 'subject_risk_list': [], 'org_types': ['212001', '020001', '020006', '216001', '001001', '002'], 'subject_importance_list': None}]",曙光信息产业股份有限公司,V3 (2024-12-21~2024-12-31),2024-12-25,2024-12-25 18:28:59
c2657298bc948bed,中公教育(002607)控股的北京中公教育科技有限公司新增1条限制消费令信息,证券之星股票,1735158488,0,http://stock.stockstar.com/RB2024122600002307.shtml,★★★☆☆,"[{'full_name': '中公教育科技股份有限公司', 'subject_importance': 3, 'subject_risk': '经营预警--关联企业出现问题', 'orgid': 'T000045443', 'subject_code': None, 'subject_name': None, 'emotion': 'NEG', 'subject_risk_list': ['R00007', 'R00007017'], 'org_types': ['216001', '001001', '212100', '020006', '002'], 'subject_importance_list': ['stock@2', 'bond@3']}]",中公教育科技股份有限公司,V3 (2024-12-21~2024-12-31),2024-12-25,2024-12-25 20:28:08
81fb7a990fbbd010,连亏7年的“AI芯片第一股”，将老板推上江西首富王座,网易,1735168357,2,https://www.163.com/dy/article/JKAL28AJ05563XYK.html,★★★☆☆,"[{'full_name': '中科寒武纪科技股份有限公司', 'subject_importance': 3, 'subject_risk': '财务预警--盈利能力下降或亏损', 'orgid': 'T004646002', 'subject_code': None, 'subject_name': None, 'emotion': 'NEG', 'subject_risk_list': ['R00008', 'R00008015'], 'org_types': ['216011', '020006', '212001', '001001'], 'subject_importance_list': ['stock@3']}]",中科寒武纪科技股份有限公司,V3 (2024-12-21~2024-12-31),2024-12-25,2024-12-25 23:12:37
f6bdf5079244af95,二期启动！致远互联中标兵装财务公司“国产化协同办公系统二期建设项目”,微信-致远互联,1735171653,0,https://mp.weixin.qq.com/s?__biz=MjM5MTM4NDQ4MA==&idx=1&mid=2651210564&sn=d02d1ec5e93d3ac2a986bd6bdcb9d536,☆☆☆☆☆,"[{'full_name': '北京致远互联软件股份有限公司', 'subject_importance': None, 'subject_risk': None, 'orgid': 'T001908980', 'subject_code': None, 'subject_name': None, 'emotion': 'NEU', 'subject_risk_list': [], 'org_types': ['001001', '216011', '020006', '212001'], 'subject_importance_list': None}]",北京致远互联软件股份有限公司,V3 (2024-12-21~2024-12-31),2024-12-26,2024-12-26 00:07:33
2bb2b37b6b779561,【科创启明星】深扎根 壮主干 繁枝叶 中科曙光抢占算力基础设施新高地,微信-e公司,1735172344,0,https://mp.weixin.qq.com/s/fmntLHMBsMSggP96-qnAfg,☆☆☆☆☆,"[{'full_name': '曙光信息产业股份有限公司', 'subject_importance': None, 'subject_risk': None, 'orgid': '00057892', 'subject_code': None, 'subject_name': None, 'emotion': 'NEU', 'subject_risk_list': [], 'org_types': ['212001', '020001', '020006', '216001', '001001', '002'], 'subject_importance_list': None}]",曙光信息产业股份有限公司,V3 (2024-12-21~2024-12-31),2024-12-26,2024-12-26 00:19:04
e15f046cb56565b7,开普云拟转让开普瑞曦32%股权 标的公司前三季度亏损440.78万元,同花顺整理,1735173108,0,https://www.chinastarmarket.cn/detail/1900474,★★★★☆,"[{'full_name': '开普云信息科技股份有限公司', 'subject_importance': 4, 'subject_risk': '经营预警--出售经营性资产', 'orgid': 'T000829067', 'subject_code': None, 'subject_name': None, 'emotion': 'NEG', 'subject_risk_list': ['R00007', 'R00007027'], 'org_types': ['001001', '212005', '674001', '212001', '216011', '020006', '001004'], 'subject_importance_list': ['stock@4']}]",开普云信息科技股份有限公司,V3 (2024-12-21~2024-12-31),2024-12-26,2024-12-26 00:31:48
3aed9879a2843415,欢迎申报！教育部第四期供需对接就业育人项目——安恒信息项目申报指南发布,微信-安恒信息,1735175678,0,https://mp.weixin.qq.com/s?__biz=MjM5NTE0MjQyMg==&idx=2&mid=2650623016&sn=edfe389bf2372263b0645e1a8fc38d07,☆☆☆☆☆,"[{'full_name': '杭州安恒信息技术股份有限公司', 'subject_importance': None, 'subject_risk': None, 'orgid': 'T001301651', 'subject_code': None, 'subject_name': None, 'emotion': 'NEU', 'subject_risk_list': [], 'org_types': ['212001', '001001', '020006', '216011'], 'subject_importance_list': None}]",杭州安恒信息技术股份有限公司,V3 (2024-12-21~2024-12-31),2024-12-26,2024-12-26 01:14:38
8a9a48bdc755b528,深圳市大鹏新区政数局与安恒信息签约共建数据要素创新安全实验室,微信-安恒信息,1735175679,0,https://mp.weixin.qq.com/s?__biz=MjM5NTE0MjQyMg==&idx=1&mid=2650623016&sn=dc61dc6a455cd6615474adc10d402ae8,☆☆☆☆☆,"[{'full_name': '杭州安恒信息技术股份有限公司', 'subject_importance': None, 'subject_risk': None, 'orgid': 'T001301651', 'subject_code': None, 'subject_name': None, 'emotion': 'NEU', 'subject_risk_list': [], 'org_types': ['212001', '001001', '020006', '216011'], 'subject_importance_list': None}]",杭州安恒信息技术股份有限公司,V3 (2024-12-21~2024-12-31),2024-12-26,2024-12-26 01:14:39
505366435eeb79e7,AI购物助手“小值”荣膺2024“人民匠心产品”，值得买科技助推消费产业高质量发展,飞象网,1735176663,0,http://www.cctime.com/html/2024-12-26/1699675.htm,☆☆☆☆☆,"[{'full_name': '北京值得买科技股份有限公司', 'subject_importance': None, 'subject_risk': None, 'orgid': 'T002465122', 'subject_code': None, 'subject_name': None, 'emotion': 'NEU', 'subject_risk_list': [], 'org_types': ['020006', '212100', '216003', '001001'], 'subject_importance_list': None}]",北京值得买科技股份有限公司,V3 (2024-12-21~2024-12-31),2024-12-26,2024-12-26 01:31:03
828e37a467e1d26e,龙芯中科亮相2024通明湖论坛教育分论坛,电子发烧友网,1735178264,0,https://www.elecfans.com/d/6409235.html,☆☆☆☆☆,"[{'full_name': '北京金山办公软件股份有限公司', 'subject_importance': None, 'subject_risk': None, 'orgid': 'T001323122', 'subject_code': None, 'subject_name': None, 'emotion': 'NEU', 'subject_risk_list': [], 'org_types': ['216011', '001001', '020006', '020011', '212001'], 'subject_importance_list': None}]",北京金山办公软件股份有限公司,V3 (2024-12-21~2024-12-31),2024-12-26,2024-12-26 01:57:44
e2343330e759e6ec,值得买科技AI购物助手“小值”入选2024“人民匠心产品”,中关村-厂商动态,1735179717,0,https://news.zol.com.cn/931/9319502.html,☆☆☆☆☆,"[{'full_name': '北京值得买科技股份有限公司', 'subject_importance': None, 'subject_risk': None, 'orgid': 'T002465122', 'subject_code': None, 'subject_name': None, 'emotion': 'NEU', 'subject_risk_list': [], 'org_types': ['020006', '212100', '216003', '001001'], 'subject_importance_list': None}]",北京值得买科技股份有限公司,V3 (2024-12-21~2024-12-31),2024-12-26,2024-12-26 02:21:57
67e86c8841e74ff9,启明星辰集团数据安全检查工具箱正式发布，“有理有据”搞定数据安全检查“痛点”！,中华网,1735181600,0,https://hea.china.com/article/20241226/122024_1622103.html,☆☆☆☆☆,"[{'full_name': '启明星辰信息技术集团股份有限公司', 'subject_importance': None, 'subject_risk': None, 'orgid': 'T000027264', 'subject_code': None, 'subject_name': None, 'emotion': 'NEU', 'subject_risk_list': [], 'org_types': ['216001', '001001', '212100', '002', '020006'], 'subject_importance_list': None}]",启明星辰信息技术集团股份有限公司,V3 (2024-12-21~2024-12-31),2024-12-26,2024-12-26 02:53:20
9753a77fe2a4ab86,2024年12月26日，沪电股份日内振幅超过7%,同花顺金融研究中心,1735183327,2,,★★☆☆☆,"[{'full_name': '沪士电子股份有限公司', 'subject_importance': 2, 'subject_risk': '市场预警--交易异常波动', 'orgid': 'T000026708', 'subject_code': None, 'subject_name': None, 'emotion': 'NEG', 'subject_risk_list': ['R00003', 'R00003007'], 'org_types': ['001001', '216001', '020011', '020003', '212100'], 'subject_importance_list': ['stock@2']}]",沪士电子股份有限公司,V3 (2024-12-21~2024-12-31),2024-12-26,2024-12-26 03:22:07
22fc2546667e3722,因赛集团：阿里巴巴旗下平台上线因赛AI电商营销产品,中证网,1735185756,0,https://www.cs.com.cn/ssgs/gsxw/202412/t20241226_6464019.html,☆☆☆☆☆,"[{'full_name': '广东因赛品牌营销集团股份有限公司', 'subject_importance': None, 'subject_risk': None, 'orgid': 'T004054988', 'subject_code': None, 'subject_name': None, 'emotion': 'NEU', 'subject_risk_list': [], 'org_types': ['001001', '216003', '020006', '212100'], 'subject_importance_list': None}]",广东因赛品牌营销集团股份有限公司,V3 (2024-12-21~2024-12-31),2024-12-26,2024-12-26 04:02:36
2dd1ee06e87f4ee3,久远银海：聚焦三大战略板块推进项目实施,金融界财经,1735187619,0,https://finance.jrj.com.cn/2024/12/26122946834183.shtml,☆☆☆☆☆,"[{'full_name': '四川久远银海软件股份有限公司', 'subject_importance': None, 'subject_risk': None, 'orgid': 'T000062804', 'subject_code': None, 'subject_name': None, 'emotion': 'NEU', 'subject_risk_list': [], 'org_types': ['001001', '212100', '216001', '020006', '020001'], 'subject_importance_list': None}]",四川久远银海软件股份有限公司,V3 (2024-12-21~2024-12-31),2024-12-26,2024-12-26 04:33:39
98d13c1bae1ff94b,（官方问答平台）久远银海：2024年公司聚焦“医疗医保、数字政务、智慧城市”三大战略板块，持续加大研发投入，积极推进项目实施及回款等各项工作，同时通过加强内部管控力度、人员优化、降本增效等措施，努力保持公司经营稳定、健康发展，谢谢……,同花顺金融研究中心,1735187642,0,,☆☆☆☆☆,"[{'full_name': '四川久远银海软件股份有限公司', 'subject_importance': None, 'subject_risk': None, 'orgid': 'T000062804', 'subject_code': None, 'subject_name': None, 'emotion': 'NEU', 'subject_risk_list': [], 'org_types': ['001001', '212100', '216001', '020006', '020001'], 'subject_importance_list': None}]",四川久远银海软件股份有限公司,V3 (2024-12-21~2024-12-31),2024-12-26,2024-12-26 04:34:02
186ac67c0683f715,久远银海：2024年公司聚焦医疗医保数字政务智慧城市三大战略板块,证券之星股票,1735188441,0,https://stock.stockstar.com/IG2024122600016554.shtml,☆☆☆☆☆,"[{'full_name': '四川久远银海软件股份有限公司', 'subject_importance': None, 'subject_risk': None, 'orgid': 'T000062804', 'subject_code': None, 'subject_name': None, 'emotion': 'NEU', 'subject_risk_list': [], 'org_types': ['001001', '212100', '216001', '020006', '020001'], 'subject_importance_list': None}]",四川久远银海软件股份有限公司,V3 (2024-12-21~2024-12-31),2024-12-26,2024-12-26 04:47:21
65dc81e07942e813,久远银海:2024年研发项目持续推进，回款进度稳步，经营目标有信心达成,新浪财经,1735188616,0,https://finance.sina.com.cn/stock/relnews/dongmiqa/2024-12-26/doc-ineaueaw8082071.shtml,☆☆☆☆☆,"[{'full_name': '四川久远银海软件股份有限公司', 'subject_importance': None, 'subject_risk': None, 'orgid': 'T000062804', 'subject_code': None, 'subject_name': None, 'emotion': 'NEU', 'subject_risk_list': [], 'org_types': ['001001', '212100', '216001', '020006', '020001'], 'subject_importance_list': None}]",四川久远银海软件股份有限公司,V3 (2024-12-21~2024-12-31),2024-12-26,2024-12-26 04:50:16
1f12c411608d0b9e,2024年12月26日，生益科技日内振幅超过7%,同花顺金融研究中心,1735189685,2,,★★★☆☆,"[{'full_name': '广东生益科技股份有限公司', 'subject_importance': 3, 'subject_risk': '市场预警--交易异常波动', 'orgid': '02600183', 'subject_code': None, 'subject_name': None, 'emotion': 'NEG', 'subject_risk_list': ['R00003', 'R00003007'], 'org_types': ['020010', '212001', '020001', '002', '001001', '216001'], 'subject_importance_list': ['stock@2', 'bond@3']}]",广东生益科技股份有限公司,V3 (2024-12-21~2024-12-31),2024-12-26,2024-12-26 05:08:05
63c2ec44fc72d439,开普云拟转让开普瑞曦32%股权 标的公司前三季度亏损440.78万元 开普云拟转让开普瑞曦32%股权......,微博,1735189805,0,http://weibo.com/6054695010/P6C0i0Y8K,★★★★☆,"[{'full_name': '开普云信息科技股份有限公司', 'subject_importance': 4, 'subject_risk': '经营预警--出售经营性资产', 'orgid': 'T000829067', 'subject_code': None, 'subject_name': None, 'emotion': 'NEG', 'subject_risk_list': ['R00007', 'R00007027'], 'org_types': ['001001', '212005', '674001', '212001', '216011', '020006', '001004'], 'subject_importance_list': ['stock@4']}]",开普云信息科技股份有限公司,V3 (2024-12-21~2024-12-31),2024-12-26,2024-12-26 05:10:05
5692b8385400bb44,2024年12月26日，金山办公日内振幅超过7%,同花顺金融研究中心,1735190465,2,,★★☆☆☆,"[{'full_name': '北京金山办公软件股份有限公司', 'subject_importance': 2, 'subject_risk': '市场预警--交易异常波动', 'orgid': 'T001323122', 'subject_code': None, 'subject_name': None, 'emotion': 'NEG', 'subject_risk_list': ['R00003', 'R00003007'], 'org_types': ['001001', '216011', '020006', '212001', '020011'], 'subject_importance_list': ['stock@2']}]",北京金山办公软件股份有限公司,V3 (2024-12-21~2024-12-31),2024-12-26,2024-12-26 05:21:05
9cb5f58864891c24,2024年12月26日，景嘉微日内振幅超过7%,同花顺金融研究中心,1735190883,2,,★★☆☆☆,"[{'full_name': '长沙景嘉微电子股份有限公司', 'subject_importance': 2, 'subject_risk': '市场预警--交易异常波动', 'orgid': 'T000125853', 'subject_code': None, 'subject_name': None, 'emotion': 'NEG', 'subject_risk_list': ['R00003', 'R00003007'], 'org_types': ['020006', '001001', '212100', '216003'], 'subject_importance_list': ['stock@2']}]",长沙景嘉微电子股份有限公司,V3 (2024-12-21~2024-12-31),2024-12-26,2024-12-26 05:28:03
9929c5f101961c07,华胜天成荣获“2024年度人工智能领域领军企业奖”,新浪财经,1735195829,0,https://finance.sina.com.cn/roll/2024-12-26/doc-ineatxux1366661.shtml,☆☆☆☆☆,"[{'full_name': '北京华胜天成科技股份有限公司', 'subject_importance': None, 'subject_risk': None, 'orgid': '03130700', 'subject_code': None, 'subject_name': None, 'emotion': 'NEU', 'subject_risk_list': [], 'org_types': ['002', '216001', '001001', '020006', '212001'], 'subject_importance_list': None}]",北京华胜天成科技股份有限公司,V3 (2024-12-21~2024-12-31),2024-12-26,2024-12-26 06:50:29
f378318c3897b5eb,专访值得买CTO王云峰：AI会帮助我们破除信息茧房,时代周报,1735195857,0,https://www.time-weekly.com/post/317408,☆☆☆☆☆,"[{'full_name': '北京值得买科技股份有限公司', 'subject_importance': None, 'subject_risk': None, 'orgid': 'T002465122', 'subject_code': None, 'subject_name': None, 'emotion': 'NEU', 'subject_risk_list': [], 'org_types': ['020006', '212100', '216003', '001001'], 'subject_importance_list': None}]",北京值得买科技股份有限公司,V3 (2024-12-21~2024-12-31),2024-12-26,2024-12-26 06:50:57
f7ee0c25f98dbf0b,大模型·大未来｜大模型持续迭代，业内：明年有望在多方面取得突破,网易,1735195943,0,https://www.163.com/dy/article/JKBG3TDO0511U82T.html?spss=dy_author,☆☆☆☆☆,"[{'full_name': '曙光信息产业股份有限公司', 'subject_importance': None, 'subject_risk': None, 'orgid': '00057892', 'subject_code': None, 'subject_name': None, 'emotion': 'NEU', 'subject_risk_list': [], 'org_types': ['212001', '020001', '020006', '216001', '001001', '002'], 'subject_importance_list': None}]",曙光信息产业股份有限公司,V3 (2024-12-21~2024-12-31),2024-12-26,2024-12-26 06:52:23
5b703fba8cb31f5e,新华社聚焦芜湖新地标！,微信-芜湖发布,1735196314,0,https://mp.weixin.qq.com/s?__biz=MjM5MzYwMTY5NQ==&idx=1&mid=2651087665&sn=29aa6a3ccb9475cb15ecf16553869b37,☆☆☆☆☆,"[{'full_name': '曙光信息产业股份有限公司', 'subject_importance': None, 'subject_risk': None, 'orgid': '00057892', 'subject_code': None, 'subject_name': None, 'emotion': 'NEU', 'subject_risk_list': [], 'org_types': ['216001', '212001', '002', '001001', '020006', '020001'], 'subject_importance_list': None}]",曙光信息产业股份有限公司,V3 (2024-12-21~2024-12-31),2024-12-26,2024-12-26 06:58:34
c37a8e71dd098ed5,医疗云原生的实践与思考 | Winning Insights,微信-卫宁健康,1735196972,0,https://mp.weixin.qq.com/s?__biz=MzA3MjI5OTAyNA==&idx=1&mid=2651057228&sn=e8d68f39268661a17a90d2eed4eaf008,☆☆☆☆☆,"[{'full_name': '卫宁健康科技集团股份有限公司', 'subject_importance': None, 'subject_risk': None, 'orgid': 'T000027606', 'subject_code': None, 'subject_name': None, 'emotion': 'NEU', 'subject_risk_list': [], 'org_types': ['020006', '212100', '216003', '002', '001001'], 'subject_importance_list': None}]",卫宁健康科技集团股份有限公司,V3 (2024-12-21~2024-12-31),2024-12-26,2024-12-26 07:09:32
59087bb0d901f0e9,久远银海：2024年公司聚焦“医疗医保、数字政务、智慧城市”三大战略板块，持续加大研发投入,网易,1735197105,0,https://www.163.com/dy/article/JKBH4PV50512B07B.html,☆☆☆☆☆,"[{'full_name': '四川久远银海软件股份有限公司', 'subject_importance': None, 'subject_risk': None, 'orgid': 'T000062804', 'subject_code': None, 'subject_name': None, 'emotion': 'NEU', 'subject_risk_list': [], 'org_types': ['001001', '212100', '216001', '020006', '020001'], 'subject_importance_list': None}]",四川久远银海软件股份有限公司,V3 (2024-12-21~2024-12-31),2024-12-26,2024-12-26 07:11:45
86b08c5732dd3246,汇顶科技“一种触控检测电路和触控芯片及显示装置”专利获授权,集微网,1735202192,0,https://laoyaoba.com/n/927968,☆☆☆☆☆,"[{'full_name': '深圳市汇顶科技股份有限公司', 'subject_importance': None, 'subject_risk': None, 'orgid': 'T000148045', 'subject_code': None, 'subject_name': None, 'emotion': 'NEU', 'subject_risk_list': [], 'org_types': ['020006', '216001', '001001', '212001', '020011'], 'subject_importance_list': None}]",深圳市汇顶科技股份有限公司,V3 (2024-12-21~2024-12-31),2024-12-26,2024-12-26 08:36:32
bf015334f958a125,北京市网上政务服务大厅运行中心2024年政务云服务政府采购合同正式签订,donews,1735202557,0,https://www.donews.com/news/detail/4/4659393.html,☆☆☆☆☆,"[{'full_name': '太极计算机股份有限公司', 'subject_importance': None, 'subject_risk': None, 'orgid': 'T000026778', 'subject_code': None, 'subject_name': None, 'emotion': 'NEU', 'subject_risk_list': [], 'org_types': ['216001', '001001', '020001', '020001002002', '002', '212100'], 'subject_importance_list': None}]",太极计算机股份有限公司,V3 (2024-12-21~2024-12-31),2024-12-26,2024-12-26 08:42:37
8340d0224476aad9,“共同发声，价值发现”·2024同花顺上市公司年度榜单正式公布！,时代周报,1735202626,0,https://www.time-weekly.com/post/317415,☆☆☆☆☆,"[{'full_name': '浙江核新同花顺网络信息股份有限公司', 'subject_importance': None, 'subject_risk': None, 'orgid': 'T000025753', 'subject_code': None, 'subject_name': None, 'emotion': 'NEU', 'subject_risk_list': [], 'org_types': ['212100', '216003', '020006', '001001'], 'subject_importance_list': None}]",浙江核新同花顺网络信息股份有限公司,V3 (2024-12-21~2024-12-31),2024-12-26,2024-12-26 08:43:46
767080eed5eba2e6,WPS AI获评中国信通院2024年端侧通用智能创新应用优秀案例,新浪财经,1735203036,0,https://finance.sina.com.cn/roll/2024-12-26/doc-ineauqsr1141203.shtml,☆☆☆☆☆,"[{'full_name': '北京金山办公软件股份有限公司', 'subject_importance': None, 'subject_risk': None, 'orgid': 'T001323122', 'subject_code': None, 'subject_name': None, 'emotion': 'NEU', 'subject_risk_list': [], 'org_types': ['216011', '020011', '001001', '020006', '212001'], 'subject_importance_list': None}]",北京金山办公软件股份有限公司,V3 (2024-12-21~2024-12-31),2024-12-26,2024-12-26 08:50:36
212afa038b543752,喜讯！久远银海上榜成都优秀大模型应用场景企业名单！,微信-久远银海,1735204321,0,https://mp.weixin.qq.com/s?__biz=MzkxMTI1MDUwMQ==&idx=1&mid=2247559887&sn=a68a7e35e3ec4563e02732b20444dda6,☆☆☆☆☆,"[{'full_name': '四川久远银海软件股份有限公司', 'subject_importance': None, 'subject_risk': None, 'orgid': 'T000062804', 'subject_code': None, 'subject_name': None, 'emotion': 'NEU', 'subject_risk_list': [], 'org_types': ['001001', '212100', '216001', '020006', '020001'], 'subject_importance_list': None}]",四川久远银海软件股份有限公司,V3 (2024-12-21~2024-12-31),2024-12-26,2024-12-26 09:12:01
78db9eac09c76625,（官方问答平台）值得买：我们始终致力于通过为用户提供高品质的消费类内容、创新多元的互动形式以及持续优化的产品运营体系，为用户提供的高效、精准、专业的消费决策支持，紧密围绕用户兴趣，全面覆盖消费领域的多样化需求……,同花顺金融研究中心,1735206005,0,,☆☆☆☆☆,"[{'full_name': '北京值得买科技股份有限公司', 'subject_importance': None, 'subject_risk': None, 'orgid': 'T002465122', 'subject_code': None, 'subject_name': None, 'emotion': 'NEU', 'subject_risk_list': [], 'org_types': ['020006', '212100', '216003', '001001'], 'subject_importance_list': None}]",北京值得买科技股份有限公司,V3 (2024-12-21~2024-12-31),2024-12-26,2024-12-26 09:40:05
452f171d1c90a99d,川大智胜：2025年1月10日将召开2025年第一次临时股东大会,证券日报,1735206024,0,http://www.zqrb.cn/gscy/ggkx/2024-12-26/A1735203693973.html,☆☆☆☆☆,"[{'full_name': '四川川大智胜软件股份有限公司', 'subject_importance': None, 'subject_risk': None, 'orgid': '00071668', 'subject_code': None, 'subject_name': None, 'emotion': 'NEU', 'subject_risk_list': [], 'org_types': ['020006', '001001', '216001', '212100'], 'subject_importance_list': None}]",四川川大智胜软件股份有限公司,V3 (2024-12-21~2024-12-31),2024-12-26,2024-12-26 09:40:24
7a07ae1e8dc3baf5,（官方问答平台）浪潮信息：公司定位为领先的IT基础设施产品、方案和服务提供商，业务范围覆盖计算、存储、网络三大领域……,同花顺金融研究中心,1735206482,0,,☆☆☆☆☆,"[{'full_name': '浪潮电子信息产业股份有限公司', 'subject_importance': None, 'subject_risk': None, 'orgid': '01000977', 'subject_code': None, 'subject_name': None, 'emotion': 'NEU', 'subject_risk_list': [], 'org_types': ['020001002002', '212100', '020001', '001001', '002', '216001'], 'subject_importance_list': None}]",浪潮电子信息产业股份有限公司,V3 (2024-12-21~2024-12-31),2024-12-26,2024-12-26 09:48:02
17c423189c99bba5,（官方问答平台）浪潮信息：公司重视与所有投资者的交流与互动，通过互动易平台、投资者热线、召开业绩说明会、常态化日常交流等多种方式和渠道与投资者进行沟通和互动，促进投资者对公司的了解和认同，持续传递公司价值……,同花顺金融研究中心,1735206482,0,,☆☆☆☆☆,"[{'full_name': '浪潮电子信息产业股份有限公司', 'subject_importance': None, 'subject_risk': None, 'orgid': '01000977', 'subject_code': None, 'subject_name': None, 'emotion': 'NEU', 'subject_risk_list': [], 'org_types': ['020001002002', '212100', '020001', '001001', '002', '216001'], 'subject_importance_list': None}]",浪潮电子信息产业股份有限公司,V3 (2024-12-21~2024-12-31),2024-12-26,2024-12-26 09:48:02
d189bff46349cc4b,值得买(SZ300785)：公司布局微信生态，助力消费者解决送礼难题，拓展营销服务全链路解决方案,新浪财经,1735206630,0,https://finance.sina.com.cn/stock/relnews/dongmiqa/2024-12-26/doc-ineauuyp1061015.shtml,☆☆☆☆☆,"[{'full_name': '北京值得买科技股份有限公司', 'subject_importance': None, 'subject_risk': None, 'orgid': 'T002465122', 'subject_code': None, 'subject_name': None, 'emotion': 'NEU', 'subject_risk_list': [], 'org_types': ['020006', '212100', '216003', '001001'], 'subject_importance_list': None}]",北京值得买科技股份有限公司,V3 (2024-12-21~2024-12-31),2024-12-26,2024-12-26 09:50:30
acd3ec2c331798ba,值得买：公司对首发经济、冰雪经济、银发经济等新兴消费趋势保持高度的关注，并将持续加大在这些领域的内容供给和分发力度,证券之星股票,1735207025,0,https://stock.stockstar.com/IG2024122600027713.shtml,☆☆☆☆☆,"[{'full_name': '北京值得买科技股份有限公司', 'subject_importance': None, 'subject_risk': None, 'orgid': 'T002465122', 'subject_code': None, 'subject_name': None, 'emotion': 'NEU', 'subject_risk_list': [], 'org_types': ['020006', '212100', '216003', '001001'], 'subject_importance_list': None}]",北京值得买科技股份有限公司,V3 (2024-12-21~2024-12-31),2024-12-26,2024-12-26 09:57:05
230087fdfdab4caf,浪潮信息升级数据中心服务器故障智能诊断AIOps技术,donews,1735207123,0,https://www.donews.com/news/detail/8/4660508.html,☆☆☆☆☆,"[{'full_name': '浪潮电子信息产业股份有限公司', 'subject_importance': None, 'subject_risk': None, 'orgid': '01000977', 'subject_code': None, 'subject_name': None, 'emotion': 'NEU', 'subject_risk_list': [], 'org_types': ['020001002002', '212100', '020001', '001001', '002', '216001'], 'subject_importance_list': None}]",浪潮电子信息产业股份有限公司,V3 (2024-12-21~2024-12-31),2024-12-26,2024-12-26 09:58:43
bede4db5cfe1e202,浪潮信息：多元开放适配多种处理器,网易,1735207151,0,https://www.163.com/dy/article/JKBQG0VE0519QIKK.html,☆☆☆☆☆,"[{'full_name': '浪潮电子信息产业股份有限公司', 'subject_importance': None, 'subject_risk': None, 'orgid': '01000977', 'subject_code': None, 'subject_name': None, 'emotion': 'NEU', 'subject_risk_list': [], 'org_types': ['020001002002', '212100', '020001', '001001', '002', '216001'], 'subject_importance_list': None}]",浪潮电子信息产业股份有限公司,V3 (2024-12-21~2024-12-31),2024-12-26,2024-12-26 09:59:11
2dba2a44e0e2fb35,浪潮信息：致力于为客户提供先进的多元算力产品和服务,证券之星股票,1735207613,0,https://stock.stockstar.com/IG2024122600027842.shtml,☆☆☆☆☆,"[{'full_name': '浪潮电子信息产业股份有限公司', 'subject_importance': None, 'subject_risk': None, 'orgid': '01000977', 'subject_code': None, 'subject_name': None, 'emotion': 'NEU', 'subject_risk_list': [], 'org_types': ['020001002002', '212100', '020001', '001001', '002', '216001'], 'subject_importance_list': None}]",浪潮电子信息产业股份有限公司,V3 (2024-12-21~2024-12-31),2024-12-26,2024-12-26 10:06:53
5eae5209034fe5f7,浪潮信息(000977.SZ)：致力于为客户提供先进的多元算力产品和服务,格隆汇资讯-公司信息,1735209589,0,https://www.gelonghui.com/news/4917567,☆☆☆☆☆,"[{'full_name': '浪潮电子信息产业股份有限公司', 'subject_importance': None, 'subject_risk': None, 'orgid': '01000977', 'subject_code': None, 'subject_name': None, 'emotion': 'NEU', 'subject_risk_list': [], 'org_types': ['020001002002', '212100', '020001', '001001', '002', '216001'], 'subject_importance_list': None}]",浪潮电子信息产业股份有限公司,V3 (2024-12-21~2024-12-31),2024-12-26,2024-12-26 10:39:49
f622b98e482dfaec,沪电股份(002463)：深耕高端PCB市场 AI浪潮迎发展机遇,新浪财经,1735211153,0,http://stock.finance.sina.com.cn/stock/go.php/vReport_Show/kind/lastest/rptid/788558278052/index.phtml,☆☆☆☆☆,"[{'full_name': '沪士电子股份有限公司', 'subject_importance': None, 'subject_risk': None, 'orgid': 'T000026708', 'subject_code': None, 'subject_name': None, 'emotion': 'NEU', 'subject_risk_list': [], 'org_types': ['216001', '212100', '020011', '001001', '020003'], 'subject_importance_list': None}]",沪士电子股份有限公司,V3 (2024-12-21~2024-12-31),2024-12-26,2024-12-26 11:05:53
3afdad97d88347b5,利欧股份股东王壮利质押1亿股，解除质押9750万股,新浪财经,1735213824,0,https://finance.sina.com.cn/stock/relnews/cn/2024-12-26/doc-ineauuyr6718355.shtml,★★☆☆☆,"[{'full_name': '利欧集团股份有限公司', 'subject_importance': 2, 'subject_risk': '市场预警--股份质押', 'orgid': '03133589', 'subject_code': None, 'subject_name': None, 'emotion': 'NEG', 'subject_risk_list': ['R00003', 'R00003024'], 'org_types': ['216001', '002', '001001', '020006', '212100'], 'subject_importance_list': ['bond@2', 'stock@2']}]",利欧集团股份有限公司,V3 (2024-12-21~2024-12-31),2024-12-26,2024-12-26 11:50:24
179fab7f6b5ce1fb,利欧股份中场休息,新浪财经,1735214430,2,https://finance.sina.cn/stock/ssgs/2024-12-26/detail-ineauzhn7755265.d.html?cid=76524&node_id=76524&vt=4,★★★☆☆,"[{'full_name': '利欧集团股份有限公司', 'subject_importance': 3, 'subject_risk': '市场预警--交易异常波动', 'orgid': '03133589', 'subject_code': None, 'subject_name': None, 'emotion': 'NEG', 'subject_risk_list': ['R00003', 'R00003007'], 'org_types': ['216001', '002', '001001', '020006', '212100'], 'subject_importance_list': ['bond@3', 'stock@2']}]",利欧集团股份有限公司,V3 (2024-12-21~2024-12-31),2024-12-26,2024-12-26 12:00:30
6e3e9cb2c7fac21a,值得买科技副总裁张艾潮：情绪价值增量之外，品牌也应重视理性价值,新浪财经,1735217207,0,https://finance.sina.com.cn/jjxw/2024-12-26/doc-ineauzhn7776755.shtml,☆☆☆☆☆,"[{'full_name': '北京值得买科技股份有限公司', 'subject_importance': None, 'subject_risk': None, 'orgid': 'T002465122', 'subject_code': None, 'subject_name': None, 'emotion': 'NEU', 'subject_risk_list': [], 'org_types': ['020006', '212100', '216003', '001001'], 'subject_importance_list': None}]",北京值得买科技股份有限公司,V3 (2024-12-21~2024-12-31),2024-12-26,2024-12-26 12:46:47
ba2ff670f6d0d9b6,利欧股份（002131）股东王壮利质押10000万股，占总股本1.48%,证券之星,1735219709,0,https://wap.stockstar.com/detail/RB2024122600033850,★★☆☆☆,"[{'full_name': '利欧集团股份有限公司', 'subject_importance': 2, 'subject_risk': '市场预警--股份质押', 'orgid': '03133589', 'subject_code': None, 'subject_name': None, 'emotion': 'NEG', 'subject_risk_list': ['R00003', 'R00003024'], 'org_types': ['216001', '002', '001001', '020006', '212100'], 'subject_importance_list': ['bond@2', 'stock@2']}]",利欧集团股份有限公司,V3 (2024-12-21~2024-12-31),2024-12-26,2024-12-26 13:28:29
acaf7954ea54ee50,（官方问答平台）景嘉微：公司景宏系列高性能智算模块及整机产品是公司研发的面向AI训练、AI推理和科学计算等领域的系列产品……,同花顺金融研究中心,1735220523,0,,☆☆☆☆☆,"[{'full_name': '长沙景嘉微电子股份有限公司', 'subject_importance': None, 'subject_risk': None, 'orgid': 'T000125853', 'subject_code': None, 'subject_name': None, 'emotion': 'NEU', 'subject_risk_list': [], 'org_types': ['001001', '216003', '212100', '020006'], 'subject_importance_list': None}]",长沙景嘉微电子股份有限公司,V3 (2024-12-21~2024-12-31),2024-12-26,2024-12-26 13:42:03
9b34f3e8e2adf262,华为举办智慧办公生态峰会，鸿蒙生态（武汉）创新中心正式启用,中华网,1735220904,0,https://hea.china.com/article/20241226/122024_1622613.html,☆☆☆☆☆,"[{'full_name': '北京金山办公软件股份有限公司', 'subject_importance': None, 'subject_risk': None, 'orgid': 'T001323122', 'subject_code': None, 'subject_name': None, 'emotion': 'NEU', 'subject_risk_list': [], 'org_types': ['216011', '001001', '020006', '020011', '212001'], 'subject_importance_list': None}]",北京金山办公软件股份有限公司,V3 (2024-12-21~2024-12-31),2024-12-26,2024-12-26 13:48:24
995c66399425297e,景嘉微：公司景宏系列高性能智算模块及整机产品是公司研发的面向AI训练、AI推理和科学计算等领域的系列产品,证券之星股票,1735221411,0,https://stock.stockstar.com/IG2024122600034579.shtml,☆☆☆☆☆,"[{'full_name': '长沙景嘉微电子股份有限公司', 'subject_importance': None, 'subject_risk': None, 'orgid': 'T000125853', 'subject_code': None, 'subject_name': None, 'emotion': 'NEU', 'subject_risk_list': [], 'org_types': ['001001', '216003', '212100', '020006'], 'subject_importance_list': None}]",长沙景嘉微电子股份有限公司,V3 (2024-12-21~2024-12-31),2024-12-26,2024-12-26 13:56:51
3aa8c14409934a2d,景嘉微：景宏系列为面向AI训练、AI推理和科学计算的高性能智算模块及整机产品,金融界财经,1735221916,0,https://finance.jrj.com.cn/2024/12/26214246865806.shtml,☆☆☆☆☆,"[{'full_name': '长沙景嘉微电子股份有限公司', 'subject_importance': None, 'subject_risk': None, 'orgid': 'T000125853', 'subject_code': None, 'subject_name': None, 'emotion': 'NEU', 'subject_risk_list': [], 'org_types': ['001001', '216003', '212100', '020006'], 'subject_importance_list': None}]",长沙景嘉微电子股份有限公司,V3 (2024-12-21~2024-12-31),2024-12-26,2024-12-26 14:05:16
2687e4cf92c6a0c8,太极股份新注册《跨模态司法决策要素抽取系统V1.0》项目的软件著作权,证券之星,1735234129,0,https://wap.stockstar.com/detail/RB2024122700000442,☆☆☆☆☆,"[{'full_name': '太极计算机股份有限公司', 'subject_importance': None, 'subject_risk': None, 'orgid': 'T000026778', 'subject_code': None, 'subject_name': None, 'emotion': 'NEU', 'subject_risk_list': [], 'org_types': ['216001', '001001', '020001', '020001002002', '002', '212100'], 'subject_importance_list': None}]",太极计算机股份有限公司,V3 (2024-12-21~2024-12-31),2024-12-26,2024-12-26 17:28:49
e174535ecfb01bed,数据安全管理平台，第一！,新浪财经,1735235421,0,https://finance.sina.com.cn/roll/2024-12-26/doc-ineauuyr6731427.shtml,☆☆☆☆☆,"[{'full_name': '启明星辰信息技术集团股份有限公司', 'subject_importance': None, 'subject_risk': None, 'orgid': 'T000027264', 'subject_code': None, 'subject_name': None, 'emotion': 'NEU', 'subject_risk_list': [], 'org_types': ['216001', '001001', '002', '020006', '212100'], 'subject_importance_list': None}]",启明星辰信息技术集团股份有限公司,V3 (2024-12-21~2024-12-31),2024-12-26,2024-12-26 17:50:21
314c815c4af066b,【企业动态】沪电股份新增1件法院诉讼，案由为确认劳动关系纠纷,证券之星,1735250478,0,https://wap.stockstar.com/detail/RB2024122700003657,★★★☆☆,"[{'full_name': '沪士电子股份有限公司', 'subject_importance': 3, 'subject_risk': '经营预警--法律诉讼', 'orgid': 'T000026708', 'subject_code': None, 'subject_name': None, 'emotion': 'NEG', 'subject_risk_list': ['R00007', 'R00007018'], 'org_types': ['001001', '216001', '020011', '020003', '212100'], 'subject_importance_list': ['stock@3']}]",沪士电子股份有限公司,V3 (2024-12-21~2024-12-31),2024-12-26,2024-12-26 22:01:18
ba2bc948cd2d7a14,十余年长期伴随式服务 AI-COP助力重咨集团数智跨越,微信-致远互联,1735257976,0,https://mp.weixin.qq.com/s?__biz=MjM5MTM4NDQ4MA==&idx=1&mid=2651210569&sn=f4668f186639eaee4bf1048f195cd669,☆☆☆☆☆,"[{'full_name': '北京致远互联软件股份有限公司', 'subject_importance': None, 'subject_risk': None, 'orgid': 'T001908980', 'subject_code': None, 'subject_name': None, 'emotion': 'NEU', 'subject_risk_list': [], 'org_types': ['001001', '216011', '020006', '212001'], 'subject_importance_list': None}]",北京致远互联软件股份有限公司,V3 (2024-12-21~2024-12-31),2024-12-27,2024-12-27 00:06:16
ddb48c8d6d8aa82c,【企业动态】太极股份新增2件判决结果，涉及建设工程分包合同纠纷、电信服务合同纠纷等,证券之星股票,1735258390,0,http://stock.stockstar.com/RB2024122700006135.shtml,★★★☆☆,"[{'full_name': '太极计算机股份有限公司', 'subject_importance': 3, 'subject_risk': '经营预警--法律诉讼', 'orgid': 'T000026778', 'subject_code': None, 'subject_name': None, 'emotion': 'NEG', 'subject_risk_list': ['R00007', 'R00007018'], 'org_types': ['020001002002', '002', '212100', '216001', '020001', '001001'], 'subject_importance_list': ['bond@2', 'stock@3']}]",太极计算机股份有限公司,V3 (2024-12-21~2024-12-31),2024-12-27,2024-12-27 00:13:10
cf3ddc1d7e71497c,浪潮智汇，大模型多元算力生态共创——浪潮信息与智源研究院达成战略合作,多易网,1735261813,0,https://www.doit.com.cn/p/525976.html,☆☆☆☆☆,"[{'full_name': '浪潮电子信息产业股份有限公司', 'subject_importance': None, 'subject_risk': None, 'orgid': '01000977', 'subject_code': None, 'subject_name': None, 'emotion': 'NEU', 'subject_risk_list': [], 'org_types': ['020001002002', '212100', '020001', '001001', '002', '216001'], 'subject_importance_list': None}]",浪潮电子信息产业股份有限公司,V3 (2024-12-21~2024-12-31),2024-12-27,2024-12-27 01:10:13
76912aa95326a94f,2024年12月27日，中科创达日内振幅超过7%,同花顺金融研究中心,1735265403,2,,★★☆☆☆,"[{'full_name': '中科创达软件股份有限公司', 'subject_importance': 2, 'subject_risk': '市场预警--交易异常波动', 'orgid': 'T000126521', 'subject_code': None, 'subject_name': None, 'emotion': 'NEG', 'subject_risk_list': ['R00003', 'R00003007'], 'org_types': ['001001', '212100', '020006', '216003', '020011'], 'subject_importance_list': ['stock@2']}]",中科创达软件股份有限公司,V3 (2024-12-21~2024-12-31),2024-12-27,2024-12-27 02:10:03
866ab3586b4dc524,广州农行大厦项目办公区智能化施工专业承包中标结果揭晓,donews,1735267876,0,https://www.donews.com/news/detail/4/4661399.html,☆☆☆☆☆,"[{'full_name': '银江技术股份有限公司', 'subject_importance': None, 'subject_risk': None, 'orgid': 'T000025749', 'subject_code': None, 'subject_name': None, 'emotion': 'NEU', 'subject_risk_list': [], 'org_types': ['212100', '002', '216003', '020006', '001001'], 'subject_importance_list': None}]",银江技术股份有限公司,V3 (2024-12-21~2024-12-31),2024-12-27,2024-12-27 02:51:16
4d845bef7c862fc5,超图软件新设子公司，含地理遥感信息服务,证券之星,1735268317,0,http://bank.stockstar.com/IG2024122700012977.shtml,☆☆☆☆☆,"[{'full_name': '北京超图软件股份有限公司', 'subject_importance': None, 'subject_risk': None, 'orgid': 'T000026114', 'subject_code': None, 'subject_name': None, 'emotion': 'NEU', 'subject_risk_list': [], 'org_types': ['216003', '001001', '020006', '212100'], 'subject_importance_list': None}]",北京超图软件股份有限公司,V3 (2024-12-21~2024-12-31),2024-12-27,2024-12-27 02:58:37
2ad23e1e2a1d6a35,创新提质丨银江技术上榜浙江省企业创造力百强榜,微信-银江技术,1735270118,0,https://mp.weixin.qq.com/s?__biz=MzA4OTM1NjcxOA==&idx=1&mid=2650404958&sn=0f737ab129a909349f1f4d63c47ed8f8,☆☆☆☆☆,"[{'full_name': '银江技术股份有限公司', 'subject_importance': None, 'subject_risk': None, 'orgid': 'T000025749', 'subject_code': None, 'subject_name': None, 'emotion': 'NEU', 'subject_risk_list': [], 'org_types': ['216003', '001001', '212100', '002', '020006'], 'subject_importance_list': None}]",银江技术股份有限公司,V3 (2024-12-21~2024-12-31),2024-12-27,2024-12-27 03:28:38
1b4f67638242b2f6,（官方问答平台）中科创达：公司参与的安创基金有投资宇树科技……,同花顺金融研究中心,1735270448,0,,☆☆☆☆☆,"[{'full_name': '中科创达软件股份有限公司', 'subject_importance': None, 'subject_risk': None, 'orgid': 'T000126521', 'subject_code': None, 'subject_name': None, 'emotion': 'NEU', 'subject_risk_list': [], 'org_types': ['001001', '020011', '020006', '212100', '216003'], 'subject_importance_list': None}]",中科创达软件股份有限公司,V3 (2024-12-21~2024-12-31),2024-12-27,2024-12-27 03:34:08
8a06f8388ffeb202,（官方问答平台）卫宁健康：1、之前介绍过，公司目前暂无相关计划……,同花顺金融研究中心,1735270448,0,,☆☆☆☆☆,"[{'full_name': '卫宁健康科技集团股份有限公司', 'subject_importance': None, 'subject_risk': None, 'orgid': 'T000027606', 'subject_code': None, 'subject_name': None, 'emotion': 'NEU', 'subject_risk_list': [], 'org_types': ['020006', '212100', '216003', '002', '001001'], 'subject_importance_list': None}]",卫宁健康科技集团股份有限公司,V3 (2024-12-21~2024-12-31),2024-12-27,2024-12-27 03:34:08
9c818b0689269c04,"（官方问答平台）中科创达：中科创达作为火山引擎的重要生态合作伙伴受邀参与了12月18日至19日在上海召开的""2024火山引擎FORCE原动力大会·冬"", 并在会上展示了与火山引擎共创的端云结合 AI 座舱解决方案的最新成果……",同花顺金融研究中心,1735270448,0,,☆☆☆☆☆,"[{'full_name': '中科创达软件股份有限公司', 'subject_importance': None, 'subject_risk': None, 'orgid': 'T000126521', 'subject_code': None, 'subject_name': None, 'emotion': 'NEU', 'subject_risk_list': [], 'org_types': ['001001', '020011', '020006', '212100', '216003'], 'subject_importance_list': None}]",中科创达软件股份有限公司,V3 (2024-12-21~2024-12-31),2024-12-27,2024-12-27 03:34:08
6b430ae9eec292c8,（官方问答平台）因赛集团：1、作为腾讯游戏的长期合作伙伴，目前公司为《PUBG MOBILE》《荒野乱斗》《无畏契约》《王者荣耀》《和平精英》《地下城与勇士：起源》《火影忍者》《三角洲行动》等多款游戏产品提供营销策划/创意/媒介投放/设计制作等服务……,同花顺金融研究中心,1735270449,0,,☆☆☆☆☆,"[{'full_name': '广东因赛品牌营销集团股份有限公司', 'subject_importance': None, 'subject_risk': None, 'orgid': 'T004054988', 'subject_code': None, 'subject_name': None, 'emotion': 'NEU', 'subject_risk_list': [], 'org_types': ['001001', '216003', '020006', '212100'], 'subject_importance_list': None}]",广东因赛品牌营销集团股份有限公司,V3 (2024-12-21~2024-12-31),2024-12-27,2024-12-27 03:34:09
9801ef87fc9bcef,创业慧康：大股东减持不会对公司经营产生重大影响,同花顺iNews,1735270475,0,http://yuanchuang.10jqka.com.cn/20241227/c664949545.shtml,★★☆☆☆,"[{'full_name': '创业慧康科技股份有限公司', 'subject_importance': 2, 'subject_risk': '市场预警--股份减持', 'orgid': '00087886', 'subject_code': None, 'subject_name': None, 'emotion': 'NEG', 'subject_risk_list': ['R00003', 'R00003006'], 'org_types': ['020006', '001001', '212100', '216003'], 'subject_importance_list': ['stock@2']}]",创业慧康科技股份有限公司,V3 (2024-12-21~2024-12-31),2024-12-27,2024-12-27 03:34:35
d181c1c9c33b588f,中科创达：通过安创基金投资宇树科技,金融界财经,1735272154,0,https://finance.jrj.com.cn/2024/12/27113346875623.shtml,☆☆☆☆☆,"[{'full_name': '中科创达软件股份有限公司', 'subject_importance': None, 'subject_risk': None, 'orgid': 'T000126521', 'subject_code': None, 'subject_name': None, 'emotion': 'NEU', 'subject_risk_list': [], 'org_types': ['001001', '020011', '020006', '212100', '216003'], 'subject_importance_list': None}]",中科创达软件股份有限公司,V3 (2024-12-21~2024-12-31),2024-12-27,2024-12-27 04:02:34
90a2401d3e78dfd3,"浙江银江电子股份有限公司,银江股份",北京证券网-股民天地,1735278925,0,http://www.bjzq.com.cn/dpfx/News/202412/20241227135121_827964_1.html,☆☆☆☆☆,"[{'full_name': '银江技术股份有限公司', 'subject_importance': None, 'subject_risk': None, 'orgid': 'T000025749', 'subject_code': None, 'subject_name': None, 'emotion': 'NEU', 'subject_risk_list': [], 'org_types': ['216003', '001001', '212100', '002', '020006'], 'subject_importance_list': None}]",银江技术股份有限公司,V3 (2024-12-21~2024-12-31),2024-12-27,2024-12-27 05:55:25
894a05a14ade6163,中科创达(300496.SZ)：公司参与的安创基金有投资宇树科技,格隆汇资讯-公司信息,1735280726,0,https://www.gelonghui.com/news/4917857,☆☆☆☆☆,"[{'full_name': '中科创达软件股份有限公司', 'subject_importance': None, 'subject_risk': None, 'orgid': 'T000126521', 'subject_code': None, 'subject_name': None, 'emotion': 'NEU', 'subject_risk_list': [], 'org_types': ['001001', '020011', '020006', '212100', '216003'], 'subject_importance_list': None}]",中科创达软件股份有限公司,V3 (2024-12-21~2024-12-31),2024-12-27,2024-12-27 06:25:26
e680f563b9818c99,寒武纪(688256)：大额授信额度申请反映公司对下游需求信心充足,新浪财经,1735281838,0,http://stock.finance.sina.com.cn/stock/go.php/vReport_Show/kind/company/rptid/788623448307/index.phtml,☆☆☆☆☆,"[{'full_name': '中科寒武纪科技股份有限公司', 'subject_importance': None, 'subject_risk': None, 'orgid': 'T004646002', 'subject_code': None, 'subject_name': None, 'emotion': 'NEU', 'subject_risk_list': [], 'org_types': ['216011', '001001', '020006', '212001'], 'subject_importance_list': None}]",中科寒武纪科技股份有限公司,V3 (2024-12-21~2024-12-31),2024-12-27,2024-12-27 06:43:58
3844b773ade41bbc,大华股份荣获中国创新方法大赛一等奖,电子发烧友网,1735284995,0,https://www.elecfans.com/d/6411662.html,☆☆☆☆☆,"[{'full_name': '浙江大华技术股份有限公司', 'subject_importance': None, 'subject_risk': None, 'orgid': '03134713', 'subject_code': None, 'subject_name': None, 'emotion': 'NEU', 'subject_risk_list': [], 'org_types': ['216001', '001001', '020006', '212100'], 'subject_importance_list': None}]",浙江大华技术股份有限公司,V3 (2024-12-21~2024-12-31),2024-12-27,2024-12-27 07:36:35
e1449f3359e5a860,大华股份通过ISO 37301合规管理体系认证,微信-大华股份,1735286659,0,https://mp.weixin.qq.com/s?__biz=MjM5NzEwMjYxMQ==&idx=1&mid=2650307124&sn=5ff24fc17368b0b9e4431005d3fd398a,☆☆☆☆☆,"[{'full_name': '浙江大华技术股份有限公司', 'subject_importance': None, 'subject_risk': None, 'orgid': '03134713', 'subject_code': None, 'subject_name': None, 'emotion': 'NEU', 'subject_risk_list': [], 'org_types': ['216001', '001001', '020006', '212100'], 'subject_importance_list': None}]",浙江大华技术股份有限公司,V3 (2024-12-21~2024-12-31),2024-12-27,2024-12-27 08:04:19
7161d67889241c18,扬帆续航 | 卫宁健康与用户并肩同行，再创佳绩,微信-卫宁健康,1735287769,0,https://mp.weixin.qq.com/s?__biz=MzA3MjI5OTAyNA==&idx=1&mid=2651057308&sn=7a06ae56228b3d14fca367d21b156eaa,☆☆☆☆☆,"[{'full_name': '卫宁健康科技集团股份有限公司', 'subject_importance': None, 'subject_risk': None, 'orgid': 'T000027606', 'subject_code': None, 'subject_name': None, 'emotion': 'NEU', 'subject_risk_list': [], 'org_types': ['020006', '212100', '216003', '002', '001001'], 'subject_importance_list': None}]",卫宁健康科技集团股份有限公司,V3 (2024-12-21~2024-12-31),2024-12-27,2024-12-27 08:22:49
ae6905b184b994ee,因赛集团：关于披露发行股份及支付现金购买资产预案后的进展公告,深交所股票,1735288103,2,http://static.cninfo.com.cn/finalpage/2024-12-27/1222163605.PDF,★★★★★,"[{'full_name': '广东因赛品牌营销集团股份有限公司', 'subject_importance': 5, 'subject_risk': '经营预警--资产重组', 'orgid': 'T004054988', 'subject_code': None, 'subject_name': None, 'emotion': 'NEG', 'subject_risk_list': ['R00007', 'R00007075'], 'org_types': ['020006', '212100', '216003', '001001'], 'subject_importance_list': ['stock@5']}]",广东因赛品牌营销集团股份有限公司,V3 (2024-12-21~2024-12-31),2024-12-27,2024-12-27 08:28:23
a1108b86286a0ce3,因赛集团：关于公司董事辞职的公告,深交所股票,1735288139,2,http://static.cninfo.com.cn/finalpage/2024-12-27/1222163604.PDF,★★★☆☆,"[{'full_name': '广东因赛品牌营销集团股份有限公司', 'subject_importance': 3, 'subject_risk': '管理预警--核心人员离职', 'orgid': 'T004054988', 'subject_code': None, 'subject_name': None, 'emotion': 'NEG', 'subject_risk_list': ['R00006', 'R00006003', 'R00006004'], 'org_types': ['020006', '212100', '216003', '001001'], 'subject_importance_list': ['stock@3']}]",广东因赛品牌营销集团股份有限公司,V3 (2024-12-21~2024-12-31),2024-12-27,2024-12-27 08:28:59
cb8404bceb320b3,因赛集团：郭晓清辞去公司第三届董事会董事、审计委员会委员职务,每日经济新闻,1735288752,0,https://www.nbd.com.cn/articles/2024-12-27/3702009.html,★★★☆☆,"[{'full_name': '广东因赛品牌营销集团股份有限公司', 'subject_importance': 3, 'subject_risk': '管理预警--董监高变更预警', 'orgid': 'T004054988', 'subject_code': None, 'subject_name': None, 'emotion': 'NEG', 'subject_risk_list': ['R00006', 'R00006003'], 'org_types': ['020006', '212100', '216003', '001001'], 'subject_importance_list': ['stock@3']}]",广东因赛品牌营销集团股份有限公司,V3 (2024-12-21~2024-12-31),2024-12-27,2024-12-27 08:39:12
5f867c072a23508c,喜报！恒华科技荣登2024北京企业百强榜单,微信-恒华科技300365,1735288825,0,https://mp.weixin.qq.com/s?__biz=MzkzNzgxMjU3Mg==&idx=1&mid=2247488104&sn=60ac5c58efe5ffb41707551126dce1c8,☆☆☆☆☆,"[{'full_name': '北京恒华伟业科技股份有限公司', 'subject_importance': None, 'subject_risk': None, 'orgid': 'T000058552', 'subject_code': None, 'subject_name': None, 'emotion': 'NEU', 'subject_risk_list': [], 'org_types': ['216003', '001001', '020006', '212100'], 'subject_importance_list': None}]",北京恒华伟业科技股份有限公司,V3 (2024-12-21~2024-12-31),2024-12-27,2024-12-27 08:40:25
1e34231127d2c972,因赛集团董事郭晓清辞职,东方财富网,1735289139,0,https://finance.eastmoney.com/a/202412273281272916.html,★★★☆☆,"[{'full_name': '广东因赛品牌营销集团股份有限公司', 'subject_importance': 3, 'subject_risk': '管理预警--董监高变更预警', 'orgid': 'T004054988', 'subject_code': None, 'subject_name': None, 'emotion': 'NEG', 'subject_risk_list': ['R00006', 'R00006003'], 'org_types': ['020006', '212100', '216003', '001001'], 'subject_importance_list': ['stock@3']}]",广东因赛品牌营销集团股份有限公司,V3 (2024-12-21~2024-12-31),2024-12-27,2024-12-27 08:45:39
97b9d3d930fff0c5,"万达信息(SZ300168)：2024年12月20日总股本1,441,777,126股，机构股东持有649,467,629股，自然人股东持有792,309,497股",新浪财经,1735289431,0,https://finance.sina.com.cn/stock/relnews/dongmiqa/2024-12-27/doc-ineawtrv2626421.shtml,☆☆☆☆☆,"[{'full_name': '万达信息股份有限公司', 'subject_importance': None, 'subject_risk': None, 'orgid': 'T000029069', 'subject_code': None, 'subject_name': None, 'emotion': 'NEU', 'subject_risk_list': [], 'org_types': ['212100', '216003', '002', '020006', '001001'], 'subject_importance_list': None}]",万达信息股份有限公司,V3 (2024-12-21~2024-12-31),2024-12-27,2024-12-27 08:50:31
45ccd2613835eabf,万达信息：云数据中心规模5000平方米，130多个机柜，服务100多家客户，考虑多种合作方式提升效益,新浪财经,1735289484,0,https://finance.sina.com.cn/stock/relnews/dongmiqa/2024-12-27/doc-ineawtrt5850327.shtml,☆☆☆☆☆,"[{'full_name': '万达信息股份有限公司', 'subject_importance': None, 'subject_risk': None, 'orgid': 'T000029069', 'subject_code': None, 'subject_name': None, 'emotion': 'NEU', 'subject_risk_list': [], 'org_types': ['212100', '216003', '002', '020006', '001001'], 'subject_importance_list': None}]",万达信息股份有限公司,V3 (2024-12-21~2024-12-31),2024-12-27,2024-12-27 08:51:24
c3c51c91a74e54f,“A股网红”川大智胜或借“低空计划”爆发？,donews,1735290000,0,https://www.donews.com/news/detail/1/4661991.html,☆☆☆☆☆,"[{'full_name': '四川川大智胜软件股份有限公司', 'subject_importance': None, 'subject_risk': None, 'orgid': '00071668', 'subject_code': None, 'subject_name': None, 'emotion': 'NEU', 'subject_risk_list': [], 'org_types': ['020006', '001001', '216001', '212100'], 'subject_importance_list': None}]",四川川大智胜软件股份有限公司,V3 (2024-12-21~2024-12-31),2024-12-27,2024-12-27 09:00:00
957f4d5a8fe9bf5,AI与科学共振，浪潮信息以高效算力平台助力西湖大学科研创新,极客网,1735290125,0,https://www.fromgeek.com/daily/1044-667181.html,☆☆☆☆☆,"[{'full_name': '浪潮电子信息产业股份有限公司', 'subject_importance': None, 'subject_risk': None, 'orgid': '01000977', 'subject_code': None, 'subject_name': None, 'emotion': 'NEU', 'subject_risk_list': [], 'org_types': ['020001002002', '212100', '020001', '001001', '002', '216001'], 'subject_importance_list': None}]",浪潮电子信息产业股份有限公司,V3 (2024-12-21~2024-12-31),2024-12-27,2024-12-27 09:02:05
6b59e994639eb664,万达信息(300168)12月20日股东户数5.75万户，较上期减少1.26%,证券之星,1735290964,0,https://wap.stockstar.com/detail/RB2024122700028073,☆☆☆☆☆,"[{'full_name': '万达信息股份有限公司', 'subject_importance': None, 'subject_risk': None, 'orgid': 'T000029069', 'subject_code': None, 'subject_name': None, 'emotion': 'NEU', 'subject_risk_list': [], 'org_types': ['212100', '216003', '002', '020006', '001001'], 'subject_importance_list': None}]",万达信息股份有限公司,V3 (2024-12-21~2024-12-31),2024-12-27,2024-12-27 09:16:04
3ac8dfc5b06ca7b6,与四维图新CEO程鹏谈“竞争”,盖世汽车网,1735291623,0,https://auto.gasgoo.com/newsflash/202412/27I346830.shtml,☆☆☆☆☆,"[{'full_name': '北京四维图新科技股份有限公司', 'subject_importance': None, 'subject_risk': None, 'orgid': 'T000026674', 'subject_code': None, 'subject_name': None, 'emotion': 'NEU', 'subject_risk_list': [], 'org_types': ['020006', '001001', '216001', '002', '212100', '020001'], 'subject_importance_list': None}]",北京四维图新科技股份有限公司,V3 (2024-12-21~2024-12-31),2024-12-27,2024-12-27 09:27:03
bcd2adc2cf10eb0c,中公教育：关于股东部分股份质押的公告,深交所股票,1735291796,2,http://static.cninfo.com.cn/finalpage/2024-12-28/1222164946.PDF,★★☆☆☆,"[{'full_name': '中公教育科技股份有限公司', 'subject_importance': 2, 'subject_risk': '市场预警--股份质押', 'orgid': 'T000045443', 'subject_code': None, 'subject_name': None, 'emotion': 'NEG', 'subject_risk_list': ['R00003', 'R00003024'], 'org_types': ['212100', '020006', '216001', '002', '001001'], 'subject_importance_list': ['bond@2', 'stock@2']}]",中公教育科技股份有限公司,V3 (2024-12-21~2024-12-31),2024-12-27,2024-12-27 09:29:56
5b6a36e72e3ec7c4,案件进展：*ST银江（300020）实际控制人被证监会立案调查,新浪财经,1735291811,0,https://finance.sina.com.cn/stock/gmwq/rightscase/2024-12-27/doc-ineawxxx4231415.shtml,★★★★★,"[{'full_name': '银江技术股份有限公司', 'subject_importance': 5, 'subject_risk': '管理预警--实控人被查或被处罚', 'orgid': 'T000025749', 'subject_code': None, 'subject_name': None, 'emotion': 'NEG', 'subject_risk_list': ['R00006', 'R00006006'], 'org_types': ['001001', '216003', '002', '212100', '020006'], 'subject_importance_list': ['bond@5', 'stock@5']}]",银江技术股份有限公司,V3 (2024-12-21~2024-12-31),2024-12-27,2024-12-27 09:30:11
2421761ce3177bb8,金山办公(688111.SH)：向激励对象授予19.90万股限制性股票,格隆汇资讯-公司信息,1735292408,0,https://www.gelonghui.com/news/4918239,☆☆☆☆☆,"[{'full_name': '北京金山办公软件股份有限公司', 'subject_importance': None, 'subject_risk': None, 'orgid': 'T001323122', 'subject_code': None, 'subject_name': None, 'emotion': 'NEU', 'subject_risk_list': [], 'org_types': ['216011', '020011', '001001', '020006', '212001'], 'subject_importance_list': None}]",北京金山办公软件股份有限公司,V3 (2024-12-21~2024-12-31),2024-12-27,2024-12-27 09:40:08
50811eedae84bf5a,四维图新获颁6项发明专利证书，杰开新专利能有效缩短OTA升级时间,集微网,1735292583,0,https://laoyaoba.com/n/928310,☆☆☆☆☆,"[{'full_name': '北京四维图新科技股份有限公司', 'subject_importance': None, 'subject_risk': None, 'orgid': 'T000026674', 'subject_code': None, 'subject_name': None, 'emotion': 'NEU', 'subject_risk_list': [], 'org_types': ['020006', '001001', '216001', '002', '212100', '020001'], 'subject_importance_list': None}]",北京四维图新科技股份有限公司,V3 (2024-12-21~2024-12-31),2024-12-27,2024-12-27 09:43:03
278f776abce85a7c,中公教育(002607.SZ)：股东李永新质押1200万股，用于非融资担保,资本邦,1735293120,0,https://aigc.ylaigc.com/yly-boot/saas/common/previewConsultingById?id=5935693,★★☆☆☆,"[{'full_name': '中公教育科技股份有限公司', 'subject_importance': 2, 'subject_risk': '市场预警--股份质押', 'orgid': 'T000045443', 'subject_code': None, 'subject_name': None, 'emotion': 'NEG', 'subject_risk_list': ['R00003', 'R00003024'], 'org_types': ['212100', '020006', '216001', '002', '001001'], 'subject_importance_list': ['bond@2', 'stock@2']}]",中公教育科技股份有限公司,V3 (2024-12-21~2024-12-31),2024-12-27,2024-12-27 09:52:00
957f8c16cc77d05e,东华软件：拟以3亿元设立全资子公司重庆东华,新浪财经,1735294089,0,https://finance.sina.cn/7x24/2024-12-27/detail-ineawxxx4249263.d.html,☆☆☆☆☆,"[{'full_name': '东华软件股份公司', 'subject_importance': None, 'subject_risk': None, 'orgid': '03131973', 'subject_code': None, 'subject_name': None, 'emotion': 'NEU', 'subject_risk_list': [], 'org_types': ['212100', '020006', '216001', '002', '001001'], 'subject_importance_list': None}]",东华软件股份公司,V3 (2024-12-21~2024-12-31),2024-12-27,2024-12-27 10:08:09
4d01189dec896c80,东华软件：拟对外投资设立“重庆东华软件有限公司”,和讯股票,1735294364,0,https://stock.hexun.com/2024-12-27/216460831.html,☆☆☆☆☆,"[{'full_name': '东华软件股份公司', 'subject_importance': None, 'subject_risk': None, 'orgid': '03131973', 'subject_code': None, 'subject_name': None, 'emotion': 'NEU', 'subject_risk_list': [], 'org_types': ['212100', '020006', '216001', '002', '001001'], 'subject_importance_list': None}]",东华软件股份公司,V3 (2024-12-21~2024-12-31),2024-12-27,2024-12-27 10:12:44
c1fc3cc786815b0,东华软件(002065.SZ)拟出资3亿元设立重庆东华以打造多域数智中心,智通财经,1735294456,0,https://www.zhitongcaijing.com/content/detail/1230163.html,☆☆☆☆☆,"[{'full_name': '东华软件股份公司', 'subject_importance': None, 'subject_risk': None, 'orgid': '03131973', 'subject_code': None, 'subject_name': None, 'emotion': 'NEU', 'subject_risk_list': [], 'org_types': ['212100', '020006', '216001', '002', '001001'], 'subject_importance_list': None}]",东华软件股份公司,V3 (2024-12-21~2024-12-31),2024-12-27,2024-12-27 10:14:16
f1ff1e193d5f5322,东华软件(002065.SZ)：拟以3亿元投资设立重庆东华,格隆汇资讯-公司信息,1735294994,3,https://www.gelonghui.com/news/4918353,☆☆☆☆☆,"[{'full_name': '东华软件股份公司', 'subject_importance': None, 'subject_risk': None, 'orgid': '03131973', 'subject_code': None, 'subject_name': None, 'emotion': 'NEU', 'subject_risk_list': [], 'org_types': ['212100', '020006', '216001', '002', '001001'], 'subject_importance_list': None}]",东华软件股份公司,V3 (2024-12-21~2024-12-31),2024-12-27,2024-12-27 10:23:14
607bca469b48c6d,东华软件：全资子公司神州新桥向银行申请综合授信及担保,网易,1735296208,0,https://www.163.com/dy/article/JKEFLTQ20519QIKK.html,☆☆☆☆☆,"[{'full_name': '东华软件股份公司', 'subject_importance': None, 'subject_risk': None, 'orgid': '03131973', 'subject_code': None, 'subject_name': None, 'emotion': 'NEU', 'subject_risk_list': [], 'org_types': ['212100', '020006', '216001', '002', '001001'], 'subject_importance_list': None}]",东华软件股份公司,V3 (2024-12-21~2024-12-31),2024-12-27,2024-12-27 10:43:28
20fcd2eeb56fd58,金山软件(03888)授出合共19.9万股限制性股票,智通财经,1735296388,0,https://www.zhitongcaijing.com/content/detail/1230208.html,☆☆☆☆☆,"[{'full_name': '北京金山办公软件股份有限公司', 'subject_importance': None, 'subject_risk': None, 'orgid': 'T001323122', 'subject_code': None, 'subject_name': None, 'emotion': 'NEU', 'subject_risk_list': [], 'org_types': ['216011', '020011', '001001', '020006', '212001'], 'subject_importance_list': None}]",北京金山办公软件股份有限公司,V3 (2024-12-21~2024-12-31),2024-12-27,2024-12-27 10:46:28
98cf605a8ce29f2,微信小店概念股走弱：多家上市公司称有布局，东方甄选表示送礼订单激增,澎湃新闻网,1735296438,0,https://www.thepaper.cn/newsDetail_forward_29773164,☆☆☆☆☆,"[{'full_name': '广东因赛品牌营销集团股份有限公司', 'subject_importance': None, 'subject_risk': None, 'orgid': 'T004054988', 'subject_code': None, 'subject_name': None, 'emotion': 'NEU', 'subject_risk_list': [], 'org_types': ['216003', '001001', '212100', '020006'], 'subject_importance_list': None}]",广东因赛品牌营销集团股份有限公司,V3 (2024-12-21~2024-12-31),2024-12-27,2024-12-27 10:47:18
984330f8e916b979,澜起科技(688008.SH)：多名股东拟合计减持不超过2%股份,格隆汇资讯-公司信息,1735300108,0,https://www.gelonghui.com/news/4918464,★★☆☆☆,"[{'full_name': '澜起科技股份有限公司', 'subject_importance': 2, 'subject_risk': '市场预警--股份减持', 'orgid': 'Q0044AA455', 'subject_code': None, 'subject_name': None, 'emotion': 'NEG', 'subject_risk_list': ['R00003', 'R00003006'], 'org_types': ['020011', '212001', '001001', '216011'], 'subject_importance_list': ['stock@2']}]",澜起科技股份有限公司,V3 (2024-12-21~2024-12-31),2024-12-27,2024-12-27 11:48:28
3bffd5dd72b2f39d,澜起科技：股东集中竞价减持股份计划,同花顺整理,1735300648,0,https://www.chinastarmarket.cn/detail/1902537,★★☆☆☆,"[{'full_name': '澜起科技股份有限公司', 'subject_importance': 2, 'subject_risk': '市场预警--减持套现', 'orgid': 'Q0044AA455', 'subject_code': None, 'subject_name': None, 'emotion': 'NEG', 'subject_risk_list': ['R00003', 'R00003036'], 'org_types': ['020011', '212001', '001001', '216011'], 'subject_importance_list': ['stock@2']}]",澜起科技股份有限公司,V3 (2024-12-21~2024-12-31),2024-12-27,2024-12-27 11:57:28
6f033e5e84f479d4,紫光国微：2.5D/3D封装将根据产线运行择机启动,金融界财经,1735301282,0,https://finance.jrj.com.cn/2024/12/27194346896429.shtml,☆☆☆☆☆,"[{'full_name': '紫光国芯微电子股份有限公司', 'subject_importance': None, 'subject_risk': None, 'orgid': '03131126', 'subject_code': None, 'subject_name': None, 'emotion': 'NEU', 'subject_risk_list': [], 'org_types': ['020006', '216001', '001001', '212100', '002'], 'subject_importance_list': None}]",紫光国芯微电子股份有限公司,V3 (2024-12-21~2024-12-31),2024-12-27,2024-12-27 12:08:02
93933b2b2e9d8489,紫光国微：公司的专用ASIC/SoC芯片针对的是特定用户,金融界财经,1735301882,0,https://finance.jrj.com.cn/2024/12/27195046897422.shtml,☆☆☆☆☆,"[{'full_name': '紫光国芯微电子股份有限公司', 'subject_importance': None, 'subject_risk': None, 'orgid': '03131126', 'subject_code': None, 'subject_name': None, 'emotion': 'NEU', 'subject_risk_list': [], 'org_types': ['020006', '216001', '001001', '212100', '002'], 'subject_importance_list': None}]",紫光国芯微电子股份有限公司,V3 (2024-12-21~2024-12-31),2024-12-27,2024-12-27 12:18:02
da760ea92598b46d,紫光国微：公司特种集成电路产品主要用于对产品可靠性要求较高的应用场景，与通用产品有不同的应用场景和产品性能要求,金融界财经,1735301882,0,https://finance.jrj.com.cn/2024/12/27195046897421.shtml,☆☆☆☆☆,"[{'full_name': '紫光国芯微电子股份有限公司', 'subject_importance': None, 'subject_risk': None, 'orgid': '03131126', 'subject_code': None, 'subject_name': None, 'emotion': 'NEU', 'subject_risk_list': [], 'org_types': ['020006', '216001', '001001', '212100', '002'], 'subject_importance_list': None}]",紫光国芯微电子股份有限公司,V3 (2024-12-21~2024-12-31),2024-12-27,2024-12-27 12:18:02
57181085d78007f3,紫光国微：公司为国内主要的综合性集成电路上市公司之一，产品聚焦特种集成电路、智能安全芯片两大主业,金融界财经,1735301883,0,https://finance.jrj.com.cn/2024/12/27195346897420.shtml,☆☆☆☆☆,"[{'full_name': '紫光国芯微电子股份有限公司', 'subject_importance': None, 'subject_risk': None, 'orgid': '03131126', 'subject_code': None, 'subject_name': None, 'emotion': 'NEU', 'subject_risk_list': [], 'org_types': ['020006', '216001', '001001', '212100', '002'], 'subject_importance_list': None}]",紫光国芯微电子股份有限公司,V3 (2024-12-21~2024-12-31),2024-12-27,2024-12-27 12:18:03
3939407e9232b4d0,紫光国微：公司暂时没有参与千帆星座项目,金融界财经,1735301889,0,https://finance.jrj.com.cn/2024/12/27195546897419.shtml,☆☆☆☆☆,"[{'full_name': '紫光国芯微电子股份有限公司', 'subject_importance': None, 'subject_risk': None, 'orgid': '03131126', 'subject_code': None, 'subject_name': None, 'emotion': 'NEU', 'subject_risk_list': [], 'org_types': ['020006', '216001', '001001', '212100', '002'], 'subject_importance_list': None}]",紫光国芯微电子股份有限公司,V3 (2024-12-21~2024-12-31),2024-12-27,2024-12-27 12:18:09
923bd41ad8bfdf1d,紫光国微：12 月 27 日推动产品量产工作,和讯股票,1735303150,0,https://stock.hexun.com/2024-12-27/216462803.html,☆☆☆☆☆,"[{'full_name': '紫光国芯微电子股份有限公司', 'subject_importance': None, 'subject_risk': None, 'orgid': '03131126', 'subject_code': None, 'subject_name': None, 'emotion': 'NEU', 'subject_risk_list': [], 'org_types': ['020006', '216001', '001001', '212100', '002'], 'subject_importance_list': None}]",紫光国芯微电子股份有限公司,V3 (2024-12-21~2024-12-31),2024-12-27,2024-12-27 12:39:10
999548d1682157c7,（官方问答平台）万兴科技：公司积极拥抱AIGC发展浪潮，在持续自研垂类模型和AI算法的同时，公司始终保持开放的心态持续引入第三方大模型，此前已完成微软Azure OpenAI、百度、Minimax等通用大模型的接入，并已落地公司旗下多款产品支撑智能化功能升级……,同花顺金融研究中心,1735303806,0,,☆☆☆☆☆,"[{'full_name': '万兴科技集团股份有限公司', 'subject_importance': None, 'subject_risk': None, 'orgid': 'T000159214', 'subject_code': None, 'subject_name': None, 'emotion': 'NEU', 'subject_risk_list': [], 'org_types': ['001001', '020006', '212100', '216003', '002'], 'subject_importance_list': None}]",万兴科技集团股份有限公司,V3 (2024-12-21~2024-12-31),2024-12-27,2024-12-27 12:50:06
9ebe95cbe976c06f,浪潮信息:公司开源大模型“源”，助力AI计算集群构建，推动智能生产力，投资者呼吁加强互动,新浪财经,1735303824,0,https://finance.sina.com.cn/stock/relnews/dongmiqa/2024-12-27/doc-ineaxkpp2349271.shtml,☆☆☆☆☆,"[{'full_name': '浪潮电子信息产业股份有限公司', 'subject_importance': None, 'subject_risk': None, 'orgid': '01000977', 'subject_code': None, 'subject_name': None, 'emotion': 'NEU', 'subject_risk_list': [], 'org_types': ['020001002002', '212100', '020001', '001001', '002', '216001'], 'subject_importance_list': None}]",浪潮电子信息产业股份有限公司,V3 (2024-12-21~2024-12-31),2024-12-27,2024-12-27 12:50:24
9b5b7571b925871c,紫光国微:产品聚焦特种集成电路、智能安全芯片，资金充沛，资产负责率较低,新浪财经,1735303873,0,https://finance.sina.com.cn/stock/relnews/dongmiqa/2024-12-27/doc-ineaxeft7410471.shtml,☆☆☆☆☆,"[{'full_name': '紫光国芯微电子股份有限公司', 'subject_importance': None, 'subject_risk': None, 'orgid': '03131126', 'subject_code': None, 'subject_name': None, 'emotion': 'NEU', 'subject_risk_list': [], 'org_types': ['020006', '216001', '001001', '212100', '002'], 'subject_importance_list': None}]",紫光国芯微电子股份有限公司,V3 (2024-12-21~2024-12-31),2024-12-27,2024-12-27 12:51:13
f1661a032f8e43ff,紫光国微:子公司深圳国微电子拥有专用ASIC/SoC芯片产品,新浪财经,1735303874,0,https://finance.sina.com.cn/stock/relnews/dongmiqa/2024-12-27/doc-ineaxefr2459723.shtml,☆☆☆☆☆,"[{'full_name': '紫光国芯微电子股份有限公司', 'subject_importance': None, 'subject_risk': None, 'orgid': '03131126', 'subject_code': None, 'subject_name': None, 'emotion': 'NEU', 'subject_risk_list': [], 'org_types': ['020006', '216001', '001001', '212100', '002'], 'subject_importance_list': None}]",紫光国芯微电子股份有限公司,V3 (2024-12-21~2024-12-31),2024-12-27,2024-12-27 12:51:14
84cc008db4e44ef8,紫光国微：暂未参与该项目,新浪财经,1735303893,0,https://finance.sina.com.cn/stock/relnews/dongmiqa/2024-12-27/doc-ineaxeft7410484.shtml,☆☆☆☆☆,"[{'full_name': '紫光国芯微电子股份有限公司', 'subject_importance': None, 'subject_risk': None, 'orgid': '03131126', 'subject_code': None, 'subject_name': None, 'emotion': 'NEU', 'subject_risk_list': [], 'org_types': ['020006', '216001', '001001', '212100', '002'], 'subject_importance_list': None}]",紫光国芯微电子股份有限公司,V3 (2024-12-21~2024-12-31),2024-12-27,2024-12-27 12:51:33
7c69d35699b3a49b,卫宁健康：2017年成立人工智能实验室，2023年发布医疗大模型WiNGPT,证券之星股票,1735304035,0,http://stock.stockstar.com/RB2024122700042630.shtml,☆☆☆☆☆,"[{'full_name': '卫宁健康科技集团股份有限公司', 'subject_importance': None, 'subject_risk': None, 'orgid': 'T000027606', 'subject_code': None, 'subject_name': None, 'emotion': 'NEU', 'subject_risk_list': [], 'org_types': ['020006', '212100', '216003', '002', '001001'], 'subject_importance_list': None}]",卫宁健康科技集团股份有限公司,V3 (2024-12-21~2024-12-31),2024-12-27,2024-12-27 12:53:55
44e6282455185277,（官方问答平台）卫宁健康：之前已介绍过，卫宁健康2017年就成立了人工智能实验室，开始了医疗AI的投入和布局，并已于2023年发布了医疗大模型WiNGPT，相关应用也已经落地……,同花顺金融研究中心,1735304163,0,,☆☆☆☆☆,"[{'full_name': '卫宁健康科技集团股份有限公司', 'subject_importance': None, 'subject_risk': None, 'orgid': 'T000027606', 'subject_code': None, 'subject_name': None, 'emotion': 'NEU', 'subject_risk_list': [], 'org_types': ['020006', '212100', '216003', '002', '001001'], 'subject_importance_list': None}]",卫宁健康科技集团股份有限公司,V3 (2024-12-21~2024-12-31),2024-12-27,2024-12-27 12:56:03
1411b30fabe68698,万兴科技：公司在AI技术落地创新应用方面实现较多积累，涵盖文字、图片、音频、视频生成和编辑等多模态场景,证券之星股票,1735304515,0,https://stock.stockstar.com/IG2024122700042651.shtml,☆☆☆☆☆,"[{'full_name': '万兴科技集团股份有限公司', 'subject_importance': None, 'subject_risk': None, 'orgid': 'T000159214', 'subject_code': None, 'subject_name': None, 'emotion': 'NEU', 'subject_risk_list': [], 'org_types': ['001001', '020006', '212100', '216003', '002'], 'subject_importance_list': None}]",万兴科技集团股份有限公司,V3 (2024-12-21~2024-12-31),2024-12-27,2024-12-27 13:01:55
20f3b7a5dce00618,万兴科技：公司持续推动人工智能技术与数字创意工具的深度融合,证券之星股票,1735304518,0,https://stock.stockstar.com/IG2024122700042622.shtml,☆☆☆☆☆,"[{'full_name': '万兴科技集团股份有限公司', 'subject_importance': None, 'subject_risk': None, 'orgid': 'T000159214', 'subject_code': None, 'subject_name': None, 'emotion': 'NEU', 'subject_risk_list': [], 'org_types': ['001001', '020006', '212100', '216003', '002'], 'subject_importance_list': None}]",万兴科技集团股份有限公司,V3 (2024-12-21~2024-12-31),2024-12-27,2024-12-27 13:01:58
cc12595629783303,万兴科技：公司此前已完成微软Azure OpenAI等大模型的接入,搜狐-四川省,1735304594,0,https://www.sohu.com/a/842647234_115362,☆☆☆☆☆,"[{'full_name': '万兴科技集团股份有限公司', 'subject_importance': None, 'subject_risk': None, 'orgid': 'T000159214', 'subject_code': None, 'subject_name': None, 'emotion': 'NEU', 'subject_risk_list': [], 'org_types': ['001001', '020006', '212100', '216003', '002'], 'subject_importance_list': None}]",万兴科技集团股份有限公司,V3 (2024-12-21~2024-12-31),2024-12-27,2024-12-27 13:03:14
7a6e433577721fd5,"万兴科技：2023年公司扣非净利润8,968.31万元，同比增长817%",证券之星股票,1735304821,0,https://stock.stockstar.com/IG2024122700042835.shtml,☆☆☆☆☆,"[{'full_name': '万兴科技集团股份有限公司', 'subject_importance': None, 'subject_risk': None, 'orgid': 'T000159214', 'subject_code': None, 'subject_name': None, 'emotion': 'NEU', 'subject_risk_list': [], 'org_types': ['001001', '020006', '212100', '216003', '002'], 'subject_importance_list': None}]",万兴科技集团股份有限公司,V3 (2024-12-21~2024-12-31),2024-12-27,2024-12-27 13:07:01
86f2077990e3ef9c,万兴科技：多款产品实现AI技术落地应用,金融界财经,1735304942,0,https://finance.jrj.com.cn/2024/12/27204846903045.shtml,☆☆☆☆☆,"[{'full_name': '万兴科技集团股份有限公司', 'subject_importance': None, 'subject_risk': None, 'orgid': 'T000159214', 'subject_code': None, 'subject_name': None, 'emotion': 'NEU', 'subject_risk_list': [], 'org_types': ['001001', '020006', '212100', '216003', '002'], 'subject_importance_list': None}]",万兴科技集团股份有限公司,V3 (2024-12-21~2024-12-31),2024-12-27,2024-12-27 13:09:02
5bce51181112edd,万兴科技：推动人工智能与数字创意融合,金融界财经,1735304942,0,https://finance.jrj.com.cn/2024/12/27204846903043.shtml,☆☆☆☆☆,"[{'full_name': '万兴科技集团股份有限公司', 'subject_importance': None, 'subject_risk': None, 'orgid': 'T000159214', 'subject_code': None, 'subject_name': None, 'emotion': 'NEU', 'subject_risk_list': [], 'org_types': ['001001', '020006', '212100', '216003', '002'], 'subject_importance_list': None}]",万兴科技集团股份有限公司,V3 (2024-12-21~2024-12-31),2024-12-27,2024-12-27 13:09:02
4e2371c46f263d8a,中科创达：公司参与的安创基金有投资宇树科技,腾讯证券,1735305730,0,http://gu.qq.com/resources/shy/news/detail-v2/index.html#/?id=nesSN202412271425259851327a&s=b,☆☆☆☆☆,"[{'full_name': '中科创达软件股份有限公司', 'subject_importance': None, 'subject_risk': None, 'orgid': 'T000126521', 'subject_code': None, 'subject_name': None, 'emotion': 'NEU', 'subject_risk_list': [], 'org_types': ['001001', '020011', '020006', '212100', '216003'], 'subject_importance_list': None}]",中科创达软件股份有限公司,V3 (2024-12-21~2024-12-31),2024-12-27,2024-12-27 13:22:10
34d6021cddc7f6c5,中公教育：控股股东李永新质押1200万股，用于非融资担保,新浪财经,1735309545,0,https://finance.sina.cn/7x24/2024-12-27/detail-ineaxkpt4132558.d.html,★★☆☆☆,"[{'full_name': '中公教育科技股份有限公司', 'subject_importance': 2, 'subject_risk': '市场预警--股份质押', 'orgid': 'T000045443', 'subject_code': None, 'subject_name': None, 'emotion': 'NEG', 'subject_risk_list': ['R00003', 'R00003024'], 'org_types': ['212100', '020006', '216001', '002', '001001'], 'subject_importance_list': ['bond@2', 'stock@2']}]",中公教育科技股份有限公司,V3 (2024-12-21~2024-12-31),2024-12-27,2024-12-27 14:25:45
7624ade396a64587,尹志尧出手增资超微公司 发力电子束检测设备新赛道,每日经济新闻,1735309797,0,https://www.nbd.com.cn/articles/2024-12-27/3702846.html,☆☆☆☆☆,"[{'full_name': '中微半导体设备(上海)股份有限公司', 'subject_importance': None, 'subject_risk': None, 'orgid': 'Q01B38D3B0', 'subject_code': None, 'subject_name': None, 'emotion': 'NEU', 'subject_risk_list': [], 'org_types': ['216011', '001001', '020001', '212001', '020011'], 'subject_importance_list': None}]",中微半导体设备（上海）股份有限公司,V3 (2024-12-21~2024-12-31),2024-12-27,2024-12-27 14:29:57
c200c790b3b1d8a4,股价大涨VS连亏烦恼 寒武纪的时间玫瑰,微信-铑财,1735312098,2,https://mp.weixin.qq.com/s?__biz=MzU2NDY0NjkwNg==&idx=1&mid=2247509221&sn=eb4346e5c8e5f4e01130c862b755dfeb,★★★☆☆,"[{'full_name': '中科寒武纪科技股份有限公司', 'subject_importance': 3, 'subject_risk': '财务预警--盈利能力下降或亏损', 'orgid': 'T004646002', 'subject_code': None, 'subject_name': None, 'emotion': 'NEG', 'subject_risk_list': ['R00008', 'R00008015'], 'org_types': ['216011', '020006', '212001', '001001'], 'subject_importance_list': ['stock@3']}]",中科寒武纪科技股份有限公司,V3 (2024-12-21~2024-12-31),2024-12-27,2024-12-27 15:08:18
f9ea87aec1623ec8,中公教育控股股东质押1200万股 此前疑似触发质押平仓线,新浪财经,1735314649,0,https://finance.sina.com.cn/stock/aiassist/zy/2024-12-27/doc-ineaxqvi5484821.shtml,★★☆☆☆,"[{'full_name': '中公教育科技股份有限公司', 'subject_importance': 2, 'subject_risk': '市场预警--股份质押', 'orgid': 'T000045443', 'subject_code': None, 'subject_name': None, 'emotion': 'NEG', 'subject_risk_list': ['R00003', 'R00003024'], 'org_types': ['212100', '020006', '216001', '002', '001001'], 'subject_importance_list': ['bond@2', 'stock@2']}]",中公教育科技股份有限公司,V3 (2024-12-21~2024-12-31),2024-12-27,2024-12-27 15:50:49
aedd00300933749,澜起科技股东拟减持1144.79万股套现8.64亿元,新浪财经,1735314658,0,https://finance.sina.com.cn/stock/aiassist/jc/2024-12-27/doc-ineaxqvp7254464.shtml,★★☆☆☆,"[{'full_name': '澜起科技股份有限公司', 'subject_importance': 2, 'subject_risk': '市场预警--股份减持', 'orgid': 'Q0044AA455', 'subject_code': None, 'subject_name': None, 'emotion': 'NEG', 'subject_risk_list': ['R00003', 'R00003006'], 'org_types': ['020011', '212001', '001001', '216011'], 'subject_importance_list': ['stock@2']}]",澜起科技股份有限公司,V3 (2024-12-21~2024-12-31),2024-12-27,2024-12-27 15:50:58
43ac66186e8540e3,太极股份新注册《产品测试数据管理系统V1.0》等2个项目的软件著作权,证券之星,1735322832,0,https://wap.stockstar.com/detail/RB2024122800003267,☆☆☆☆☆,"[{'full_name': '太极计算机股份有限公司', 'subject_importance': None, 'subject_risk': None, 'orgid': 'T000026778', 'subject_code': None, 'subject_name': None, 'emotion': 'NEU', 'subject_risk_list': [], 'org_types': ['216001', '001001', '020001', '020001002002', '002', '212100'], 'subject_importance_list': None}]",太极计算机股份有限公司,V3 (2024-12-21~2024-12-31),2024-12-27,2024-12-27 18:07:12
a1176720f686e7b2,大华股份新注册《大华物联工作台引擎软件V1.0》等3个项目的软件著作权,证券之星,1735322841,0,https://wap.stockstar.com/detail/RB2024122800003276,☆☆☆☆☆,"[{'full_name': '浙江大华技术股份有限公司', 'subject_importance': None, 'subject_risk': None, 'orgid': '03134713', 'subject_code': None, 'subject_name': None, 'emotion': 'NEU', 'subject_risk_list': [], 'org_types': ['216001', '001001', '020006', '212100'], 'subject_importance_list': None}]",浙江大华技术股份有限公司,V3 (2024-12-21~2024-12-31),2024-12-27,2024-12-27 18:07:21
d975f2e03b18f7a2,大华股份新注册《大华开放数据授权系统软件V1.0》等4个项目的软件著作权,证券之星,1735322841,0,https://wap.stockstar.com/detail/RB2024122800003274,☆☆☆☆☆,"[{'full_name': '浙江大华技术股份有限公司', 'subject_importance': None, 'subject_risk': None, 'orgid': '03134713', 'subject_code': None, 'subject_name': None, 'emotion': 'NEU', 'subject_risk_list': [], 'org_types': ['216001', '001001', '020006', '212100'], 'subject_importance_list': None}]",浙江大华技术股份有限公司,V3 (2024-12-21~2024-12-31),2024-12-27,2024-12-27 18:07:21
9dbd993d3009edb1,海康威视获得发明专利授权：“一种参数标定方法、系统、装置及设备”,证券之星股票,1735327094,0,http://stock.stockstar.com/RB2024122800004302.shtml,☆☆☆☆☆,"[{'full_name': '杭州海康威视数字技术股份有限公司', 'subject_importance': None, 'subject_risk': None, 'orgid': 'T000026753', 'subject_code': None, 'subject_name': None, 'emotion': 'NEU', 'subject_risk_list': [], 'org_types': ['002', '020001', '212100', '216001', '001001', '020001002002'], 'subject_importance_list': None}]",杭州海康威视数字技术股份有限公司,V3 (2024-12-21~2024-12-31),2024-12-27,2024-12-27 19:18:14
f6ee604ab8ad9cea,中公教育(002607)控股的北京中公教育科技有限公司新增1条失信人信息，涉及违反财产报告制度行为,证券之星股票,1735332804,0,http://stock.stockstar.com/RB2024122800005960.shtml,★★★☆☆,"[{'full_name': '中公教育科技股份有限公司', 'subject_importance': 3, 'subject_risk': '经营预警--关联企业出现问题', 'orgid': 'T000045443', 'subject_code': None, 'subject_name': None, 'emotion': 'NEG', 'subject_risk_list': ['R00007', 'R00007017'], 'org_types': ['216001', '001001', '212100', '020006', '002'], 'subject_importance_list': ['stock@2', 'bond@3']}]",中公教育科技股份有限公司,V3 (2024-12-21~2024-12-31),2024-12-27,2024-12-27 20:53:24
67b09a143967f8a5,中公教育控股的北京中公教育科技有限公司新增2条限制消费令信息,证券之星,1735333697,0,http://stock.10jqka.com.cn/20241228/c664983575.shtml,★☆☆☆☆,"[{'full_name': '中公教育科技股份有限公司', 'subject_importance': 1, 'subject_risk': '信用预警', 'orgid': 'T000045443', 'subject_code': None, 'subject_name': None, 'emotion': 'NEG', 'subject_risk_list': ['R00002'], 'org_types': ['212100', '020006', '216001', '002', '001001'], 'subject_importance_list': ['stock@1', 'bond@1']}]",中公教育科技股份有限公司,V3 (2024-12-21~2024-12-31),2024-12-27,2024-12-27 21:08:17
4097c1172054b52c,澜起科技：股东拟减持不超过2%的股份,同花顺iNews,1735341025,0,http://stock.10jqka.com.cn/20241228/c664984367.shtml,★★☆☆☆,"[{'full_name': '澜起科技股份有限公司', 'subject_importance': 2, 'subject_risk': '市场预警--减持套现', 'orgid': 'Q0044AA455', 'subject_code': None, 'subject_name': None, 'emotion': 'NEG', 'subject_risk_list': ['R00003', 'R00003036'], 'org_types': ['020011', '212001', '001001', '216011'], 'subject_importance_list': ['stock@2']}]",澜起科技股份有限公司,V3 (2024-12-21~2024-12-31),2024-12-27,2024-12-27 23:10:25
f3e186f1c718a8fd,山西省人民政府,山西省人民政府,1735341300,0,https://www.shanxi.gov.cn/ywdt/sxyw/202412/t20241228_9729888.shtml,☆☆☆☆☆,"[{'full_name': '恒生电子股份有限公司', 'subject_importance': None, 'subject_risk': None, 'orgid': '03130389', 'subject_code': None, 'subject_name': None, 'emotion': 'NEU', 'subject_risk_list': [], 'org_types': ['212001', '216001', '001001', '020006'], 'subject_importance_list': None}]",恒生电子股份有限公司,V3 (2024-12-21~2024-12-31),2024-12-27,2024-12-27 23:15:00
f66d16d66fc9279b,恒生携手华为 助力山西证券新一代核心交易（OTC）全栈自主创新上线 金十数据12月28日讯，12月27日，山西证券新一代核心交易（OTC）系统正式上线暨联合创新实验室揭牌仪式隆重举行。据悉，此次上线是恒生新一代核心交易系统UF3.0首个一次性全切换自主创新案例，以松耦合、云原生、组件化的系统架构设计助力业务开展。此次上线也意味着恒生UF3.0在交易、账户、两融、OTC等全业务场景上都拥有了全栈自主创新的上线案例。此外，项目作为华为GuassDB数据库自主创新落地的券商案例，不仅探索了券商核心交易系统自主创新的新路径，也同样显示了恒生在金融自主创新产业链中全面的生态组织能力。,金十数据,1735347105,0,https://flash.jin10.com/detail/20241228085145292800,☆☆☆☆☆,"[{'full_name': '恒生电子股份有限公司', 'subject_importance': None, 'subject_risk': None, 'orgid': '03130389', 'subject_code': None, 'subject_name': None, 'emotion': 'NEU', 'subject_risk_list': [], 'org_types': ['216001', '212001', '001001', '020006'], 'subject_importance_list': None}]",恒生电子股份有限公司,V3 (2024-12-21~2024-12-31),2024-12-28,2024-12-28 00:51:45
595676a417cc0d64,同济经管举办国际咨询委员会，中外委员讨论了哪些话题？,微信-上海证券报,1735347115,0,https://mp.weixin.qq.com/s/oPGtq_UVT_Z1rN1AkmQ2gw,☆☆☆☆☆,"[{'full_name': '中微半导体设备(上海)股份有限公司', 'subject_importance': None, 'subject_risk': None, 'orgid': 'Q01B38D3B0', 'subject_code': None, 'subject_name': None, 'emotion': 'NEU', 'subject_risk_list': [], 'org_types': ['020011', '212001', '216011', '001001', '020001'], 'subject_importance_list': None}]",中微半导体设备（上海）股份有限公司,V3 (2024-12-21~2024-12-31),2024-12-28,2024-12-28 00:51:55
d017726ed2c2fd98,恒生电子助力山西证券新一代核心交易（OTC）系统正式上线 暨联合创新实验室成立,证券之星财经,1735354434,0,https://finance.stockstar.com/IG2024122800008906.shtml,☆☆☆☆☆,"[{'full_name': '恒生电子股份有限公司', 'subject_importance': None, 'subject_risk': None, 'orgid': '03130389', 'subject_code': None, 'subject_name': None, 'emotion': 'NEU', 'subject_risk_list': [], 'org_types': ['212001', '216001', '001001', '020006'], 'subject_importance_list': None}]",恒生电子股份有限公司,V3 (2024-12-21~2024-12-31),2024-12-28,2024-12-28 02:53:54
d61c6ec8b4ee8de4,408 万大单、数据与网络安全运营中心：启明星辰（中）,网易,1735366348,0,https://www.163.com/dy/article/JKGIMGTN0511D6RL.html,☆☆☆☆☆,"[{'full_name': '启明星辰信息技术集团股份有限公司', 'subject_importance': None, 'subject_risk': None, 'orgid': 'T000027264', 'subject_code': None, 'subject_name': None, 'emotion': 'NEU', 'subject_risk_list': [], 'org_types': ['216001', '001001', '212100', '002', '020006'], 'subject_importance_list': None}]",启明星辰信息技术集团股份有限公司,V3 (2024-12-21~2024-12-31),2024-12-28,2024-12-28 06:12:28
5ec71a038fad3792,年内涨超75%，公募年度“冠军基”已基本锁定,澎湃新闻网,1735369680,0,https://www.thepaper.cn/newsDetail_forward_29777210,☆☆☆☆☆,"[{'full_name': '海光信息技术股份有限公司', 'subject_importance': None, 'subject_risk': None, 'orgid': 'T000233634', 'subject_code': None, 'subject_name': None, 'emotion': 'NEU', 'subject_risk_list': [], 'org_types': ['001001', '212001', '216011', '020001', '020006'], 'subject_importance_list': None}]",海光信息技术股份有限公司,V3 (2024-12-21~2024-12-31),2024-12-28,2024-12-28 07:08:00
5ec71a038fad3792,年内涨超75%，公募年度“冠军基”已基本锁定,澎湃新闻网,1735369680,0,https://www.thepaper.cn/newsDetail_forward_29777210,☆☆☆☆☆,"[{'full_name': '沪士电子股份有限公司', 'subject_importance': None, 'subject_risk': None, 'orgid': 'T000026708', 'subject_code': None, 'subject_name': None, 'emotion': 'NEU', 'subject_risk_list': [], 'org_types': ['212100', '001001', '216001', '020011', '020003'], 'subject_importance_list': None}]",沪士电子股份有限公司,V3 (2024-12-21~2024-12-31),2024-12-28,2024-12-28 07:08:00
2d92d090bc84496c,浙江大华技术取得自清洁视窗及拍摄设备专利，阻止生物在视窗主体上附着并生长,搜狐-北京市,1735374902,0,https://www.sohu.com/a/842868244_114984,☆☆☆☆☆,"[{'full_name': '浙江大华技术股份有限公司', 'subject_importance': None, 'subject_risk': None, 'orgid': '03134713', 'subject_code': None, 'subject_name': None, 'emotion': 'NEU', 'subject_risk_list': [], 'org_types': ['216001', '001001', '020006', '212100'], 'subject_importance_list': None}]",浙江大华技术股份有限公司,V3 (2024-12-21~2024-12-31),2024-12-28,2024-12-28 08:35:02
f2264dd3f763c75c,A股地图一哥，被骗子盯上了,微信-深蓝财经,1735375673,3,https://mp.weixin.qq.com/s?__biz=MzU1Njc1NjA2NA==&idx=1&mid=2247584948&sn=43a2e7ea5252eaac9fbce47185bae539,★★☆☆☆,"[{'full_name': '北京四维图新科技股份有限公司', 'subject_importance': 2, 'subject_risk': '市场预警--风险澄清', 'orgid': 'T000026674', 'subject_code': None, 'subject_name': None, 'emotion': 'NEG', 'subject_risk_list': ['R00003', 'R00003025'], 'org_types': ['002', '020001', '212100', '001001', '216001', '020006'], 'subject_importance_list': ['bond@2', 'stock@2']}]",北京四维图新科技股份有限公司,V3 (2024-12-21~2024-12-31),2024-12-28,2024-12-28 08:47:53
519b5c8fe238b848,汇顶科技取得触控装置等专利，可在水下识别触控位置,金融界财经,1735377842,0,https://finance.jrj.com.cn/2024/12/28171146915119.shtml,☆☆☆☆☆,"[{'full_name': '深圳市汇顶科技股份有限公司', 'subject_importance': None, 'subject_risk': None, 'orgid': 'T000148045', 'subject_code': None, 'subject_name': None, 'emotion': 'NEU', 'subject_risk_list': [], 'org_types': ['020006', '216001', '001001', '212001', '020011'], 'subject_importance_list': None}]",深圳市汇顶科技股份有限公司,V3 (2024-12-21~2024-12-31),2024-12-28,2024-12-28 09:24:02
db79607fa210e6aa,久远银海荣获“四川省总部企业”、“四川企业技术创新发展能力百强”等多项荣誉,微信-久远银海,1735378733,0,https://mp.weixin.qq.com/s?__biz=MzkxMTI1MDUwMQ==&idx=1&mid=2247559910&sn=3a4fdd5e6fe6e0b1d8c5fe0487737e5d,☆☆☆☆☆,"[{'full_name': '四川久远银海软件股份有限公司', 'subject_importance': None, 'subject_risk': None, 'orgid': 'T000062804', 'subject_code': None, 'subject_name': None, 'emotion': 'NEU', 'subject_risk_list': [], 'org_types': ['001001', '212100', '216001', '020006', '020001'], 'subject_importance_list': None}]",四川久远银海软件股份有限公司,V3 (2024-12-21~2024-12-31),2024-12-28,2024-12-28 09:38:53
db86abae090d5fc,立潮头 期未来｜永安期货举办服务实体经济30载高质量发展大会,微信-永安期货,1735379751,0,https://mp.weixin.qq.com/s?__biz=MzA5MzQ2NjYzNA==&idx=1&mid=2652864385&sn=62ae1b6fdb25f840f7ccdf8a6b409aa7,☆☆☆☆☆,"[{'full_name': '恒生电子股份有限公司', 'subject_importance': None, 'subject_risk': None, 'orgid': '03130389', 'subject_code': None, 'subject_name': None, 'emotion': 'NEU', 'subject_risk_list': [], 'org_types': ['212001', '020006', '001001', '216001'], 'subject_importance_list': None}]",恒生电子股份有限公司,V3 (2024-12-21~2024-12-31),2024-12-28,2024-12-28 09:55:51
354fe089926b8824,本周再添26家！海康威视等多股披露回购增持再贷款计划,新浪财经,1735386720,0,https://finance.sina.com.cn/stock/wbstock/2024-12-28/doc-ineazpnr6363036.shtml,☆☆☆☆☆,"[{'full_name': '杭州海康威视数字技术股份有限公司', 'subject_importance': None, 'subject_risk': None, 'orgid': 'T000026753', 'subject_code': None, 'subject_name': None, 'emotion': 'NEU', 'subject_risk_list': [], 'org_types': ['216001', '002', '020001002002', '020001', '001001', '212100'], 'subject_importance_list': None}]",杭州海康威视数字技术股份有限公司,V3 (2024-12-21~2024-12-31),2024-12-28,2024-12-28 11:52:00
692afb68e4899dac,公司热点｜承诺80%收益？四维图新紧急辟谣！公司业绩承压，研发费用居高不下,读创财经,1735388892,1,https://dcapp.netwin.cn/content/s676fed2be4b0a0f43506275b.json,★★☆☆☆,"[{'full_name': '北京四维图新科技股份有限公司', 'subject_importance': 2, 'subject_risk': '市场预警--风险澄清', 'orgid': 'T000026674', 'subject_code': None, 'subject_name': None, 'emotion': 'NEG', 'subject_risk_list': ['R00003', 'R00003025'], 'org_types': ['002', '020001', '212100', '001001', '216001', '020006'], 'subject_importance_list': ['bond@2', 'stock@2']}]",北京四维图新科技股份有限公司,V3 (2024-12-21~2024-12-31),2024-12-28,2024-12-28 12:28:12
698d5d17e0afc21e,万兴科技旗下亿图脑图MindMaster鸿蒙版亮相华为系列活动 斩获双料大奖,科技快报,1735396800,0,http://news.ikanchai.com/2024/1228/612363.shtml,☆☆☆☆☆,"[{'full_name': '万兴科技集团股份有限公司', 'subject_importance': None, 'subject_risk': None, 'orgid': 'T000159214', 'subject_code': None, 'subject_name': None, 'emotion': 'NEU', 'subject_risk_list': [], 'org_types': ['001001', '020006', '212100', '216003', '002'], 'subject_importance_list': None}]",万兴科技集团股份有限公司,V3 (2024-12-21~2024-12-31),2024-12-28,2024-12-28 14:40:00
b2e7c477a66eb6f5,“硝烟”弥漫8小时 基金决战2024最后一刻,上海证券报,1735401600,0,http://paper.cnstock.com/html/2024-12/29/content_2012249.htm,☆☆☆☆☆,"[{'full_name': '沪士电子股份有限公司', 'subject_importance': None, 'subject_risk': None, 'orgid': 'T000026708', 'subject_code': None, 'subject_name': None, 'emotion': 'NEU', 'subject_risk_list': [], 'org_types': ['212100', '020003', '216001', '020011', '001001'], 'subject_importance_list': None}]",沪士电子股份有限公司,V3 (2024-12-21~2024-12-31),2024-12-28,2024-12-28 16:00:00
b2e7c477a66eb6f5,“硝烟”弥漫8小时 基金决战2024最后一刻,上海证券报,1735401600,0,http://paper.cnstock.com/html/2024-12/29/content_2012249.htm,☆☆☆☆☆,"[{'full_name': '成都新易盛通信技术股份有限公司', 'subject_importance': None, 'subject_risk': None, 'orgid': 'T000124532', 'subject_code': None, 'subject_name': None, 'emotion': 'NEU', 'subject_risk_list': [], 'org_types': ['001001', '020006', '216003', '020011', '212100'], 'subject_importance_list': None}]",成都新易盛通信技术股份有限公司,V3 (2024-12-21~2024-12-31),2024-12-28,2024-12-28 16:00:00
b2e7c477a66eb6f5,“硝烟”弥漫8小时 基金决战2024最后一刻,上海证券报,1735401600,0,http://paper.cnstock.com/html/2024-12/29/content_2012249.htm,☆☆☆☆☆,"[{'full_name': '海光信息技术股份有限公司', 'subject_importance': None, 'subject_risk': None, 'orgid': 'T000233634', 'subject_code': None, 'subject_name': None, 'emotion': 'NEU', 'subject_risk_list': [], 'org_types': ['001001', '212001', '216011', '020006', '020001'], 'subject_importance_list': None}]",海光信息技术股份有限公司,V3 (2024-12-21~2024-12-31),2024-12-28,2024-12-28 16:00:00
b2e7c477a66eb6f5,“硝烟”弥漫8小时 基金决战2024最后一刻,上海证券报,1735401600,0,http://paper.cnstock.com/html/2024-12/29/content_2012249.htm,☆☆☆☆☆,"[{'full_name': '中科寒武纪科技股份有限公司', 'subject_importance': None, 'subject_risk': None, 'orgid': 'T004646002', 'subject_code': None, 'subject_name': None, 'emotion': 'NEU', 'subject_risk_list': [], 'org_types': ['001001', '020006', '212001', '216011'], 'subject_importance_list': None}]",中科寒武纪科技股份有限公司,V3 (2024-12-21~2024-12-31),2024-12-28,2024-12-28 16:00:00
70e1752ca3d69246,寒武纪(688256)：自主可控加强 寒武纪或迎来营收快速放量周期,新浪财经,1735401600,0,http://stock.finance.sina.com.cn/stock/go.php/vReport_Show/kind/company/rptid/788815342658/index.phtml,☆☆☆☆☆,"[{'full_name': '中科寒武纪科技股份有限公司', 'subject_importance': None, 'subject_risk': None, 'orgid': 'T004646002', 'subject_code': None, 'subject_name': None, 'emotion': 'NEU', 'subject_risk_list': [], 'org_types': ['216011', '001001', '020006', '212001'], 'subject_importance_list': None}]",中科寒武纪科技股份有限公司,V3 (2024-12-21~2024-12-31),2024-12-28,2024-12-28 16:00:00
ddc4343a536431c8,久远银海新注册《医保政策运行模拟与基金收支预测系统V1.0》项目的软件著作权,证券之星,1735405334,0,https://wap.stockstar.com/detail/RB2024122900000022,☆☆☆☆☆,"[{'full_name': '四川久远银海软件股份有限公司', 'subject_importance': None, 'subject_risk': None, 'orgid': 'T000062804', 'subject_code': None, 'subject_name': None, 'emotion': 'NEU', 'subject_risk_list': [], 'org_types': ['001001', '212100', '216001', '020006', '020001'], 'subject_importance_list': None}]",四川久远银海软件股份有限公司,V3 (2024-12-21~2024-12-31),2024-12-28,2024-12-28 17:02:14
8bd91fd739891068,字节研发投入堪比BAT之和，国内巨头加力AII in AI !,微信-财经早餐,1735425356,0,https://mp.weixin.qq.com/s?__biz=MjM5ODUxMjExMA==&idx=2&mid=2650593467&sn=5884726c47a3c636bd2104e8cf75a00e,☆☆☆☆☆,"[{'full_name': '中科寒武纪科技股份有限公司', 'subject_importance': None, 'subject_risk': None, 'orgid': 'T004646002', 'subject_code': None, 'subject_name': None, 'emotion': 'NEU', 'subject_risk_list': [], 'org_types': ['216011', '020006', '001001', '212001'], 'subject_importance_list': None}]",中科寒武纪科技股份有限公司,V3 (2024-12-21~2024-12-31),2024-12-28,2024-12-28 22:35:56
6d48a798c1faea67,累计金额超1600亿！近2200家A股上市公司今年以来实施回购 个股回购金额排行榜出炉,东方财富网,1735437447,0,https://finance.eastmoney.com/a/202412293281856443.html,☆☆☆☆☆,"[{'full_name': '杭州海康威视数字技术股份有限公司', 'subject_importance': None, 'subject_risk': None, 'orgid': 'T000026753', 'subject_code': None, 'subject_name': None, 'emotion': 'NEU', 'subject_risk_list': [], 'org_types': ['216001', '002', '020001002002', '020001', '001001', '212100'], 'subject_importance_list': None}]",杭州海康威视数字技术股份有限公司,V3 (2024-12-21~2024-12-31),2024-12-29,2024-12-29 01:57:27
e386e2ccc9aa0e55,中国专利奖最新出炉，中微、新声等5家半导体企业斩获银奖,搜狐-湖南省,1735440000,0,https://www.sohu.com/a/843019100_166680,☆☆☆☆☆,"[{'full_name': '中微半导体设备(上海)股份有限公司', 'subject_importance': None, 'subject_risk': None, 'orgid': 'Q01B38D3B0', 'subject_code': None, 'subject_name': None, 'emotion': 'NEU', 'subject_risk_list': [], 'org_types': ['216011', '001001', '020001', '212001', '020011'], 'subject_importance_list': None}]",中微半导体设备（上海）股份有限公司,V3 (2024-12-21~2024-12-31),2024-12-29,2024-12-29 02:40:00
83ec0983a3e2d307,“宁王”赴港！曾毓群、王卫、何享健为何纷纷A+H？,微信-野马财经,1735445433,0,https://mp.weixin.qq.com/s?__biz=MjM5MzE5MDE5OQ==&idx=1&mid=2654125767&sn=5dc4950a54a43c6a2325006ab0578b50,☆☆☆☆☆,"[{'full_name': '浙江核新同花顺网络信息股份有限公司', 'subject_importance': None, 'subject_risk': None, 'orgid': 'T000025753', 'subject_code': None, 'subject_name': None, 'emotion': 'NEU', 'subject_risk_list': [], 'org_types': ['020006', '001001', '216003', '212100'], 'subject_importance_list': None}]",浙江核新同花顺网络信息股份有限公司,V3 (2024-12-21~2024-12-31),2024-12-29,2024-12-29 04:10:33
2af20598ca210d20,“消失”9个月后，车企大佬想上更大“牌桌”｜一周人物,微信-中国企业家杂志,1735446717,0,https://mp.weixin.qq.com/s?__biz=MTI3NTQ1MTY0MQ==&idx=1&mid=2650636500&sn=5706b566d2bfc574882ce7b8874d97f5,☆☆☆☆☆,"[{'full_name': '中科寒武纪科技股份有限公司', 'subject_importance': None, 'subject_risk': None, 'orgid': 'T004646002', 'subject_code': None, 'subject_name': None, 'emotion': 'NEU', 'subject_risk_list': [], 'org_types': ['020006', '001001', '212001', '216011'], 'subject_importance_list': None}]",中科寒武纪科技股份有限公司,V3 (2024-12-21~2024-12-31),2024-12-29,2024-12-29 04:31:57
7d458b233c6ec65f,财通集团军｜永安期货举办服务实体经济30载高质量发展大会,微信-财通证券,1735446921,0,https://mp.weixin.qq.com/s?__biz=MzU2MzYwMDQyMw==&idx=1&mid=2247671306&sn=888e7d66fcfefc0badaa4e01d863b975,☆☆☆☆☆,"[{'full_name': '恒生电子股份有限公司', 'subject_importance': None, 'subject_risk': None, 'orgid': '03130389', 'subject_code': None, 'subject_name': None, 'emotion': 'NEU', 'subject_risk_list': [], 'org_types': ['212001', '216001', '020006', '001001'], 'subject_importance_list': None}]",恒生电子股份有限公司,V3 (2024-12-21~2024-12-31),2024-12-29,2024-12-29 04:35:21
1f219bae7af3dd59,A股回购潮持续升温：2153家公司累计回购1657亿元,新浪财经,1735447816,0,https://finance.sina.com.cn/jjxw/2024-12-29/doc-inecazpz2415711.shtml,☆☆☆☆☆,"[{'full_name': '杭州海康威视数字技术股份有限公司', 'subject_importance': None, 'subject_risk': None, 'orgid': 'T000026753', 'subject_code': None, 'subject_name': None, 'emotion': 'NEU', 'subject_risk_list': [], 'org_types': ['216001', '002', '020001002002', '020001', '001001', '212100'], 'subject_importance_list': None}]",杭州海康威视数字技术股份有限公司,V3 (2024-12-21~2024-12-31),2024-12-29,2024-12-29 04:50:16
7e7b555480cfe44a,公募年内最新榜单揭晓！近八成实现正收益！QDII基金表现领先,私募排排网,1735449595,0,https://www.simuwang.com/news/274427.html,☆☆☆☆☆,"[{'full_name': '海光信息技术股份有限公司', 'subject_importance': None, 'subject_risk': None, 'orgid': 'T000233634', 'subject_code': None, 'subject_name': None, 'emotion': 'NEU', 'subject_risk_list': [], 'org_types': ['001001', '212001', '216011', '020001', '020006'], 'subject_importance_list': None}]",海光信息技术股份有限公司,V3 (2024-12-21~2024-12-31),2024-12-29,2024-12-29 05:19:55
7e7b555480cfe44a,公募年内最新榜单揭晓！近八成实现正收益！QDII基金表现领先,私募排排网,1735449595,0,https://www.simuwang.com/news/274427.html,☆☆☆☆☆,"[{'full_name': '沪士电子股份有限公司', 'subject_importance': None, 'subject_risk': None, 'orgid': 'T000026708', 'subject_code': None, 'subject_name': None, 'emotion': 'NEU', 'subject_risk_list': [], 'org_types': ['212100', '020003', '216001', '020011', '001001'], 'subject_importance_list': None}]",沪士电子股份有限公司,V3 (2024-12-21~2024-12-31),2024-12-29,2024-12-29 05:19:55
7e7b555480cfe44a,公募年内最新榜单揭晓！近八成实现正收益！QDII基金表现领先,私募排排网,1735449595,0,https://www.simuwang.com/news/274427.html,☆☆☆☆☆,"[{'full_name': '成都新易盛通信技术股份有限公司', 'subject_importance': None, 'subject_risk': None, 'orgid': 'T000124532', 'subject_code': None, 'subject_name': None, 'emotion': 'NEU', 'subject_risk_list': [], 'org_types': ['001001', '020006', '216003', '020011', '212100'], 'subject_importance_list': None}]",成都新易盛通信技术股份有限公司,V3 (2024-12-21~2024-12-31),2024-12-29,2024-12-29 05:19:55
6a52ac92264a4fdf,海康威视销量最高 室外监控需求上升较快,中关村-厂商动态,1735450604,0,https://news.zol.com.cn/932/9329790.html,☆☆☆☆☆,"[{'full_name': '杭州海康威视数字技术股份有限公司', 'subject_importance': None, 'subject_risk': None, 'orgid': 'T000026753', 'subject_code': None, 'subject_name': None, 'emotion': 'NEU', 'subject_risk_list': [], 'org_types': ['002', '020001', '212100', '216001', '001001', '020001002002'], 'subject_importance_list': None}]",杭州海康威视数字技术股份有限公司,V3 (2024-12-21~2024-12-31),2024-12-29,2024-12-29 05:36:44
ef629ab7418ce0f4,摄像头销量创新高：小米第一 海康威视第三,中关村-厂商动态,1735451323,0,https://news.zol.com.cn/932/9329801.html,☆☆☆☆☆,"[{'full_name': '杭州海康威视数字技术股份有限公司', 'subject_importance': None, 'subject_risk': None, 'orgid': 'T000026753', 'subject_code': None, 'subject_name': None, 'emotion': 'NEU', 'subject_risk_list': [], 'org_types': ['002', '020001', '212100', '216001', '001001', '020001002002'], 'subject_importance_list': None}]",杭州海康威视数字技术股份有限公司,V3 (2024-12-21~2024-12-31),2024-12-29,2024-12-29 05:48:43
f77e8354fff3c707,中公教育首个AI就业服务中心落地江苏泗阳,中国网财经,1735452863,0,http://finance.china.com.cn/roll/20241229/6201186.shtml,☆☆☆☆☆,"[{'full_name': '中公教育科技股份有限公司', 'subject_importance': None, 'subject_risk': None, 'orgid': 'T000045443', 'subject_code': None, 'subject_name': None, 'emotion': 'NEU', 'subject_risk_list': [], 'org_types': ['212100', '002', '020006', '216001', '001001'], 'subject_importance_list': None}]",中公教育科技股份有限公司,V3 (2024-12-21~2024-12-31),2024-12-29,2024-12-29 06:14:23
ff0435292533399e,利欧股份所属板块有何特点？这些特点对其发展有何影响？,和讯基金,1735455588,0,https://funds.hexun.com/2024-12-29/216480046.html,☆☆☆☆☆,"[{'full_name': '利欧集团股份有限公司', 'subject_importance': None, 'subject_risk': None, 'orgid': '03133589', 'subject_code': None, 'subject_name': None, 'emotion': 'NEU', 'subject_risk_list': [], 'org_types': ['212100', '020006', '216001', '001001', '002'], 'subject_importance_list': None}]",利欧集团股份有限公司,V3 (2024-12-21~2024-12-31),2024-12-29,2024-12-29 06:59:48
3e879c8661fa2a5e,数智建模精准匹配就业需求，泗阳中公AI就业服务中心亮相,中国江苏网,1735462262,0,https://jsnews.jschina.com.cn/sq/a/202412/t20241229_s67710c67e4b05777c177e831.shtml,☆☆☆☆☆,"[{'full_name': '中公教育科技股份有限公司', 'subject_importance': None, 'subject_risk': None, 'orgid': 'T000045443', 'subject_code': None, 'subject_name': None, 'emotion': 'NEU', 'subject_risk_list': [], 'org_types': ['212100', '002', '020006', '216001', '001001'], 'subject_importance_list': None}]",中公教育科技股份有限公司,V3 (2024-12-21~2024-12-31),2024-12-29,2024-12-29 08:51:02
873872be33c6bc4d,估值2000亿！荣耀IPO进程渐近,格隆汇资讯-公司信息,1735464013,0,https://www.gelonghui.com/news/4918614,☆☆☆☆☆,"[{'full_name': '澜起科技股份有限公司', 'subject_importance': None, 'subject_risk': None, 'orgid': 'Q0044AA455', 'subject_code': None, 'subject_name': None, 'emotion': 'NEU', 'subject_risk_list': [], 'org_types': ['001001', '216011', '212001', '020011'], 'subject_importance_list': None}]",澜起科技股份有限公司,V3 (2024-12-21~2024-12-31),2024-12-29,2024-12-29 09:20:13
873872be33c6bc4d,估值2000亿！荣耀IPO进程渐近,格隆汇资讯-公司信息,1735464013,0,https://www.gelonghui.com/news/4918614,☆☆☆☆☆,"[{'full_name': '曙光信息产业股份有限公司', 'subject_importance': None, 'subject_risk': None, 'orgid': '00057892', 'subject_code': None, 'subject_name': None, 'emotion': 'NEU', 'subject_risk_list': [], 'org_types': ['020006', '020001', '216001', '212001', '002', '001001'], 'subject_importance_list': None}]",曙光信息产业股份有限公司,V3 (2024-12-21~2024-12-31),2024-12-29,2024-12-29 09:20:13
873872be33c6bc4d,估值2000亿！荣耀IPO进程渐近,格隆汇资讯-公司信息,1735464013,0,https://www.gelonghui.com/news/4918614,☆☆☆☆☆,"[{'full_name': '长沙景嘉微电子股份有限公司', 'subject_importance': None, 'subject_risk': None, 'orgid': 'T000125853', 'subject_code': None, 'subject_name': None, 'emotion': 'NEU', 'subject_risk_list': [], 'org_types': ['216003', '020006', '212100', '001001'], 'subject_importance_list': None}]",长沙景嘉微电子股份有限公司,V3 (2024-12-21~2024-12-31),2024-12-29,2024-12-29 09:20:13
68a8e7444a67de34,创新驱动消费增长，值得买科技连续4年入选“北京十大商业品牌”系列榜单,千龙网,1735464570,0,https://china.qianlong.com/2024/1229/8404738.shtml,☆☆☆☆☆,"[{'full_name': '北京值得买科技股份有限公司', 'subject_importance': None, 'subject_risk': None, 'orgid': 'T002465122', 'subject_code': None, 'subject_name': None, 'emotion': 'NEU', 'subject_risk_list': [], 'org_types': ['020006', '212100', '216003', '001001'], 'subject_importance_list': None}]",北京值得买科技股份有限公司,V3 (2024-12-21~2024-12-31),2024-12-29,2024-12-29 09:29:30
adacbcd9c1b4cbc8,卫宁健康：不向下修正“卫宁转债”转股价格,证券时报e公司,1735467457,0,https://www.egsea.com/news/detail/1950538.html,☆☆☆☆☆,"[{'full_name': '卫宁健康科技集团股份有限公司', 'subject_importance': None, 'subject_risk': None, 'orgid': 'T000027606', 'subject_code': None, 'subject_name': None, 'emotion': 'NEU', 'subject_risk_list': [], 'org_types': ['020006', '212100', '216003', '002', '001001'], 'subject_importance_list': None}]",卫宁健康科技集团股份有限公司,V3 (2024-12-21~2024-12-31),2024-12-29,2024-12-29 10:17:37
504798a00b21e3c6,海康威视斥资1.26亿元首次回购公司股份 用于注销减少注册资本,证券日报,1735468909,0,http://www.zqrb.cn/gscy/gongsi/2024-12-29/A1735457409094.html,★☆☆☆☆,"[{'full_name': '杭州海康威视数字技术股份有限公司', 'subject_importance': 1, 'subject_risk': '经营预警', 'orgid': 'T000026753', 'subject_code': None, 'subject_name': None, 'emotion': 'NEG', 'subject_risk_list': ['R00007'], 'org_types': ['020001002002', '020001', '001001', '216001', '212100', '002'], 'subject_importance_list': ['stock@1', 'bond@1']}]",杭州海康威视数字技术股份有限公司,V3 (2024-12-21~2024-12-31),2024-12-29,2024-12-29 10:41:49
90788a4d691df371,恒生电子携手华为 助力山西证券新一代核心交易（OTC）系统上线,证券日报,1735470654,0,http://www.zqrb.cn/gscy/gongsi/2024-12-29/A1735457409098.html,☆☆☆☆☆,"[{'full_name': '恒生电子股份有限公司', 'subject_importance': None, 'subject_risk': None, 'orgid': '03130389', 'subject_code': None, 'subject_name': None, 'emotion': 'NEU', 'subject_risk_list': [], 'org_types': ['212001', '216001', '001001', '020006'], 'subject_importance_list': None}]",恒生电子股份有限公司,V3 (2024-12-21~2024-12-31),2024-12-29,2024-12-29 11:10:54
22f07899bfca9193,“百镜大战”催热供应链 AI端侧落地驶入快车道｜AI 2025前瞻系列①,网易,1735477742,0,https://www.163.com/dy/article/JKJS2LQJ05198CJN.html,☆☆☆☆☆,"[{'full_name': '北京数字政通科技股份有限公司', 'subject_importance': None, 'subject_risk': None, 'orgid': 'T000027204', 'subject_code': None, 'subject_name': None, 'emotion': 'NEU', 'subject_risk_list': [], 'org_types': ['216003', '001001', '212100', '020006'], 'subject_importance_list': None}]",北京数字政通科技股份有限公司,V3 (2024-12-21~2024-12-31),2024-12-29,2024-12-29 13:09:02
29e48e25328c4b6b,数字政通：2024泉城数智论坛成功举办,微信-数字政通,1735479757,0,https://mp.weixin.qq.com/s?__biz=MzA4NzMyNDIxMA==&idx=1&mid=2653970646&sn=012c19e0966344a2ba2b21bc6f97f24f,☆☆☆☆☆,"[{'full_name': '北京数字政通科技股份有限公司', 'subject_importance': None, 'subject_risk': None, 'orgid': 'T000027204', 'subject_code': None, 'subject_name': None, 'emotion': 'NEU', 'subject_risk_list': [], 'org_types': ['216003', '001001', '212100', '020006'], 'subject_importance_list': None}]",北京数字政通科技股份有限公司,V3 (2024-12-21~2024-12-31),2024-12-29,2024-12-29 13:42:37
e35e544efaa0b7d0,恒生电子助力山西证券新一代核心交易（OTC）系统正式上线,中国证券网,1735479800,0,https://www.cnstock.com/commonDetail/337847,☆☆☆☆☆,"[{'full_name': '恒生电子股份有限公司', 'subject_importance': None, 'subject_risk': None, 'orgid': '03130389', 'subject_code': None, 'subject_name': None, 'emotion': 'NEU', 'subject_risk_list': [], 'org_types': ['212001', '216001', '001001', '020006'], 'subject_importance_list': None}]",恒生电子股份有限公司,V3 (2024-12-21~2024-12-31),2024-12-29,2024-12-29 13:43:20
a53313551825a946,湘企大湖股份拟增持不超1.5亿元,新浪财经,1735480227,0,https://finance.sina.com.cn/jjxw/2024-12-29/doc-ineccwtt4451601.shtml,☆☆☆☆☆,"[{'full_name': '杭州海康威视数字技术股份有限公司', 'subject_importance': None, 'subject_risk': None, 'orgid': 'T000026753', 'subject_code': None, 'subject_name': None, 'emotion': 'NEU', 'subject_risk_list': [], 'org_types': ['020001002002', '020001', '001001', '002', '212100', '216001'], 'subject_importance_list': None}]",杭州海康威视数字技术股份有限公司,V3 (2024-12-21~2024-12-31),2024-12-29,2024-12-29 13:50:27
e02fab750504339b,卫宁健康：维护全体股东利益，不向下修正“卫宁转债”转股价格,网易,1735483705,0,https://www.163.com/dy/article/JKK2B6LI0553YQCC.html,☆☆☆☆☆,"[{'full_name': '卫宁健康科技集团股份有限公司', 'subject_importance': None, 'subject_risk': None, 'orgid': 'T000027606', 'subject_code': None, 'subject_name': None, 'emotion': 'NEU', 'subject_risk_list': [], 'org_types': ['020006', '212100', '216003', '002', '001001'], 'subject_importance_list': None}]",卫宁健康科技集团股份有限公司,V3 (2024-12-21~2024-12-31),2024-12-29,2024-12-29 14:48:25
d765371a158be59b,河南省数据局党组书记、局长郑华卿一行莅临河南启明星辰调研指导,启明星辰,1735488000,0,https://www.venustech.com.cn/new_type/gsxw/20241230/28252.html,☆☆☆☆☆,"[{'full_name': '启明星辰信息技术集团股份有限公司', 'subject_importance': None, 'subject_risk': None, 'orgid': 'T000027264', 'subject_code': None, 'subject_name': None, 'emotion': 'NEU', 'subject_risk_list': [], 'org_types': ['216001', '001001', '002', '020006', '212100'], 'subject_importance_list': None}]",启明星辰信息技术集团股份有限公司,V3 (2024-12-21~2024-12-31),2024-12-29,2024-12-29 16:00:00
3fb6300b3652fab2,中微公司(688012)：刻蚀设备领军企业 内生外延打造平台型公司,新浪财经,1735488000,0,http://stock.finance.sina.com.cn/stock/go.php/vReport_Show/kind/company/rptid/788949100426/index.phtml,☆☆☆☆☆,"[{'full_name': '中微半导体设备(上海)股份有限公司', 'subject_importance': None, 'subject_risk': None, 'orgid': 'Q01B38D3B0', 'subject_code': None, 'subject_name': None, 'emotion': 'NEU', 'subject_risk_list': [], 'org_types': ['216011', '001001', '020001', '212001', '020011'], 'subject_importance_list': None}]",中微半导体设备（上海）股份有限公司,V3 (2024-12-21~2024-12-31),2024-12-29,2024-12-29 16:00:00
9bca4fb1ac2e42b2,鸿蒙先锋！致远互联荣获“2024年度鸿蒙生态开发服务商卓越奖”,致远互联,1735488000,0,https://www.seeyon.com/News/desc/id/6757/typeid/1.html,☆☆☆☆☆,"[{'full_name': '北京致远互联软件股份有限公司', 'subject_importance': None, 'subject_risk': None, 'orgid': 'T001908980', 'subject_code': None, 'subject_name': None, 'emotion': 'NEU', 'subject_risk_list': [], 'org_types': ['001001', '216011', '020006', '212001'], 'subject_importance_list': None}]",北京致远互联软件股份有限公司,V3 (2024-12-21~2024-12-31),2024-12-29,2024-12-29 16:00:00
9de4c678d49c5e38,2024年A股分红回购盘点：现金分红2.39万亿元，回购金额超1600亿元,一财网,1735488546,0,https://www.yicai.com/news/102421558.html,☆☆☆☆☆,"[{'full_name': '杭州海康威视数字技术股份有限公司', 'subject_importance': None, 'subject_risk': None, 'orgid': 'T000026753', 'subject_code': None, 'subject_name': None, 'emotion': 'NEU', 'subject_risk_list': [], 'org_types': ['212100', '216001', '020001', '001001', '020001002002', '002'], 'subject_importance_list': None}]",杭州海康威视数字技术股份有限公司,V3 (2024-12-21~2024-12-31),2024-12-29,2024-12-29 16:09:06
da454b7e25f49a2d,主动权益基金冠军基本提前锁定 小公募成排名赢家,证券时报,1735493598,0,http://epaper.stcn.com/con/202412/30/content_2727051.html,☆☆☆☆☆,"[{'full_name': '沪士电子股份有限公司', 'subject_importance': None, 'subject_risk': None, 'orgid': 'T000026708', 'subject_code': None, 'subject_name': None, 'emotion': 'NEU', 'subject_risk_list': [], 'org_types': ['212100', '216001', '020011', '001001', '020003'], 'subject_importance_list': None}]",沪士电子股份有限公司,V3 (2024-12-21~2024-12-31),2024-12-29,2024-12-29 17:33:18
da454b7e25f49a2d,主动权益基金冠军基本提前锁定 小公募成排名赢家,证券时报,1735493598,0,http://epaper.stcn.com/con/202412/30/content_2727051.html,☆☆☆☆☆,"[{'full_name': '成都新易盛通信技术股份有限公司', 'subject_importance': None, 'subject_risk': None, 'orgid': 'T000124532', 'subject_code': None, 'subject_name': None, 'emotion': 'NEU', 'subject_risk_list': [], 'org_types': ['020006', '001001', '216003', '212100', '020011'], 'subject_importance_list': None}]",成都新易盛通信技术股份有限公司,V3 (2024-12-21~2024-12-31),2024-12-29,2024-12-29 17:33:18
fbe9f13247a8e0b,大接力，股民越买越兴奋，创始人越卖越激动，已提走44亿,网易,1735494276,2,https://www.163.com/dy/article/JKJKMUQ40553USNO.html,★★★★★,"[{'full_name': '成都新易盛通信技术股份有限公司', 'subject_importance': 5, 'subject_risk': '管理预警--实控人被查或被处罚', 'orgid': 'T000124532', 'subject_code': None, 'subject_name': None, 'emotion': 'NEG', 'subject_risk_list': ['R00006', 'R00006006'], 'org_types': ['212100', '020011', '020006', '001001', '216003'], 'subject_importance_list': ['stock@5']}]",成都新易盛通信技术股份有限公司,V3 (2024-12-21~2024-12-31),2024-12-29,2024-12-29 17:44:36
e9695a911984a94a,基金公司自购股票型基金超26亿元 创年度历史新高,天天基金网,1735494700,0,https://fund.eastmoney.com/a/202412303281992954.html,☆☆☆☆☆,"[{'full_name': '澜起科技股份有限公司', 'subject_importance': None, 'subject_risk': None, 'orgid': 'Q0044AA455', 'subject_code': None, 'subject_name': None, 'emotion': 'NEU', 'subject_risk_list': [], 'org_types': ['216011', '212001', '001001', '020011'], 'subject_importance_list': None}]",澜起科技股份有限公司,V3 (2024-12-21~2024-12-31),2024-12-29,2024-12-29 17:51:40
e9695a911984a94a,基金公司自购股票型基金超26亿元 创年度历史新高,天天基金网,1735494700,0,https://fund.eastmoney.com/a/202412303281992954.html,☆☆☆☆☆,"[{'full_name': '中科寒武纪科技股份有限公司', 'subject_importance': None, 'subject_risk': None, 'orgid': 'T004646002', 'subject_code': None, 'subject_name': None, 'emotion': 'NEU', 'subject_risk_list': [], 'org_types': ['020006', '212001', '216011', '001001'], 'subject_importance_list': None}]",中科寒武纪科技股份有限公司,V3 (2024-12-21~2024-12-31),2024-12-29,2024-12-29 17:51:40
e9695a911984a94a,基金公司自购股票型基金超26亿元 创年度历史新高,天天基金网,1735494700,0,https://fund.eastmoney.com/a/202412303281992954.html,☆☆☆☆☆,"[{'full_name': '中微半导体设备(上海)股份有限公司', 'subject_importance': None, 'subject_risk': None, 'orgid': 'Q01B38D3B0', 'subject_code': None, 'subject_name': None, 'emotion': 'NEU', 'subject_risk_list': [], 'org_types': ['216011', '020011', '212001', '001001', '020001'], 'subject_importance_list': None}]",中微半导体设备（上海）股份有限公司,V3 (2024-12-21~2024-12-31),2024-12-29,2024-12-29 17:51:40
e9695a911984a94a,基金公司自购股票型基金超26亿元 创年度历史新高,天天基金网,1735494700,0,https://fund.eastmoney.com/a/202412303281992954.html,☆☆☆☆☆,"[{'full_name': '海光信息技术股份有限公司', 'subject_importance': None, 'subject_risk': None, 'orgid': 'T000233634', 'subject_code': None, 'subject_name': None, 'emotion': 'NEU', 'subject_risk_list': [], 'org_types': ['001001', '212001', '020001', '020006', '216011'], 'subject_importance_list': None}]",海光信息技术股份有限公司,V3 (2024-12-21~2024-12-31),2024-12-29,2024-12-29 17:51:40
e2e501136e838fbf,四季度并购重组审核提速 6家公司重组上会,微信-宋清辉,1735509703,0,https://mp.weixin.qq.com/s?__biz=MzA5ODI0MzczNg==&idx=1&mid=2655910172&sn=468aba983634179acce597eb61c23c88,☆☆☆☆☆,"[{'full_name': '深圳市汇顶科技股份有限公司', 'subject_importance': None, 'subject_risk': None, 'orgid': 'T000148045', 'subject_code': None, 'subject_name': None, 'emotion': 'NEU', 'subject_risk_list': [], 'org_types': ['216001', '001001', '020006', '212001', '020011'], 'subject_importance_list': None}]",深圳市汇顶科技股份有限公司,V3 (2024-12-21~2024-12-31),2024-12-29,2024-12-29 22:01:43
2457636e3b1e7c28,A股2024：“红利+算力”的高光时刻,微信-东方财富网,1735511017,0,https://mp.weixin.qq.com/s?__biz=MzA5NDMxMzQxMA==&idx=1&mid=2651649519&sn=dd47a4f3d43f64d946e92d7ce126e7c7,☆☆☆☆☆,"[{'full_name': '成都新易盛通信技术股份有限公司', 'subject_importance': None, 'subject_risk': None, 'orgid': 'T000124532', 'subject_code': None, 'subject_name': None, 'emotion': 'NEU', 'subject_risk_list': [], 'org_types': ['001001', '020006', '212100', '020011', '216003'], 'subject_importance_list': None}]",成都新易盛通信技术股份有限公司,V3 (2024-12-21~2024-12-31),2024-12-29,2024-12-29 22:23:37
954463c223ea2971,聚焦新质生产力赛道 私募机构密集调研,中国证券报,1735511059,0,https://epaper.cs.com.cn/zgzqb/html/2024-12/30/nw.D110000zgzqb_20241230_2-J07.htm,☆☆☆☆☆,"[{'full_name': '中科创达软件股份有限公司', 'subject_importance': None, 'subject_risk': None, 'orgid': 'T000126521', 'subject_code': None, 'subject_name': None, 'emotion': 'NEU', 'subject_risk_list': [], 'org_types': ['212100', '001001', '020006', '020011', '216003'], 'subject_importance_list': None}]",中科创达软件股份有限公司,V3 (2024-12-21~2024-12-31),2024-12-29,2024-12-29 22:24:19
5af686808dd31a15,金山办公政务大模型落地武汉,网易,1735514516,0,https://www.163.com/dy/article/JKKVLAJG05129QAF.html?clickfrom=w_tech,☆☆☆☆☆,"[{'full_name': '北京金山办公软件股份有限公司', 'subject_importance': None, 'subject_risk': None, 'orgid': 'T001323122', 'subject_code': None, 'subject_name': None, 'emotion': 'NEU', 'subject_risk_list': [], 'org_types': ['216011', '020011', '001001', '020006', '212001'], 'subject_importance_list': None}]",北京金山办公软件股份有限公司,V3 (2024-12-21~2024-12-31),2024-12-29,2024-12-29 23:21:56
aa3473ecbc03523b,国家队重仓清单曝光！含中医药、汽车、电子及科技龙头,网易,1735515275,0,https://www.163.com/dy/article/JKJN9J2R055612JK.html,☆☆☆☆☆,"[{'full_name': '恒生电子股份有限公司', 'subject_importance': None, 'subject_risk': None, 'orgid': '03130389', 'subject_code': None, 'subject_name': None, 'emotion': 'NEU', 'subject_risk_list': [], 'org_types': ['212001', '020006', '001001', '216001'], 'subject_importance_list': None}]",恒生电子股份有限公司,V3 (2024-12-21~2024-12-31),2024-12-29,2024-12-29 23:34:35
8e1a398a69fc7e9a,公募基金业绩角逐进入冲刺阶段：“冠军基”几乎无悬念，年内亏损最高达36.34%,金融界,1735516405,0,https://fund.jrj.com.cn/2024/12/30075046922119.shtml,☆☆☆☆☆,"[{'full_name': '海光信息技术股份有限公司', 'subject_importance': None, 'subject_risk': None, 'orgid': 'T000233634', 'subject_code': None, 'subject_name': None, 'emotion': 'NEU', 'subject_risk_list': [], 'org_types': ['001001', '212001', '020001', '020006', '216011'], 'subject_importance_list': None}]",海光信息技术股份有限公司,V3 (2024-12-21~2024-12-31),2024-12-29,2024-12-29 23:53:25
8e1a398a69fc7e9a,公募基金业绩角逐进入冲刺阶段：“冠军基”几乎无悬念，年内亏损最高达36.34%,金融界,1735516405,0,https://fund.jrj.com.cn/2024/12/30075046922119.shtml,☆☆☆☆☆,"[{'full_name': '成都新易盛通信技术股份有限公司', 'subject_importance': None, 'subject_risk': None, 'orgid': 'T000124532', 'subject_code': None, 'subject_name': None, 'emotion': 'NEU', 'subject_risk_list': [], 'org_types': ['001001', '020006', '212100', '020011', '216003'], 'subject_importance_list': None}]",成都新易盛通信技术股份有限公司,V3 (2024-12-21~2024-12-31),2024-12-29,2024-12-29 23:53:25
8e1a398a69fc7e9a,公募基金业绩角逐进入冲刺阶段：“冠军基”几乎无悬念，年内亏损最高达36.34%,金融界,1735516405,0,https://fund.jrj.com.cn/2024/12/30075046922119.shtml,☆☆☆☆☆,"[{'full_name': '沪士电子股份有限公司', 'subject_importance': None, 'subject_risk': None, 'orgid': 'T000026708', 'subject_code': None, 'subject_name': None, 'emotion': 'NEU', 'subject_risk_list': [], 'org_types': ['212100', '216001', '001001', '020011', '020003'], 'subject_importance_list': None}]",沪士电子股份有限公司,V3 (2024-12-21~2024-12-31),2024-12-29,2024-12-29 23:53:25
265664a21ac7cab,中小基金产品“星光闪耀”，业绩TOP20都低于20亿，百亿基怎么都落榜了？,同花顺整理,1735516701,0,https://www.cls.cn/detail/1903414,☆☆☆☆☆,"[{'full_name': '海光信息技术股份有限公司', 'subject_importance': None, 'subject_risk': None, 'orgid': 'T000233634', 'subject_code': None, 'subject_name': None, 'emotion': 'NEU', 'subject_risk_list': [], 'org_types': ['001001', '212001', '216011', '020001', '020006'], 'subject_importance_list': None}]",海光信息技术股份有限公司,V3 (2024-12-21~2024-12-31),2024-12-29,2024-12-29 23:58:21
265664a21ac7cab,中小基金产品“星光闪耀”，业绩TOP20都低于20亿，百亿基怎么都落榜了？,同花顺整理,1735516701,0,https://www.cls.cn/detail/1903414,☆☆☆☆☆,"[{'full_name': '中际旭创股份有限公司', 'subject_importance': None, 'subject_risk': None, 'orgid': 'T000056654', 'subject_code': None, 'subject_name': None, 'emotion': 'NEU', 'subject_risk_list': [], 'org_types': ['216003', '020010', '020006', '212100', '001001'], 'subject_importance_list': None}]",中际旭创股份有限公司,V3 (2024-12-21~2024-12-31),2024-12-29,2024-12-29 23:58:21
265664a21ac7cab,中小基金产品“星光闪耀”，业绩TOP20都低于20亿，百亿基怎么都落榜了？,同花顺整理,1735516701,0,https://www.cls.cn/detail/1903414,☆☆☆☆☆,"[{'full_name': '成都新易盛通信技术股份有限公司', 'subject_importance': None, 'subject_risk': None, 'orgid': 'T000124532', 'subject_code': None, 'subject_name': None, 'emotion': 'NEU', 'subject_risk_list': [], 'org_types': ['001001', '020006', '216003', '020011', '212100'], 'subject_importance_list': None}]",成都新易盛通信技术股份有限公司,V3 (2024-12-21~2024-12-31),2024-12-29,2024-12-29 23:58:21
265664a21ac7cab,中小基金产品“星光闪耀”，业绩TOP20都低于20亿，百亿基怎么都落榜了？,同花顺整理,1735516701,0,https://www.cls.cn/detail/1903414,☆☆☆☆☆,"[{'full_name': '沪士电子股份有限公司', 'subject_importance': None, 'subject_risk': None, 'orgid': 'T000026708', 'subject_code': None, 'subject_name': None, 'emotion': 'NEU', 'subject_risk_list': [], 'org_types': ['212100', '001001', '216001', '020011', '020003'], 'subject_importance_list': None}]",沪士电子股份有限公司,V3 (2024-12-21~2024-12-31),2024-12-29,2024-12-29 23:58:21
ce8739e16175286b,致远互联中标中国建筑“OA信创平台项目”,微信-致远互联,1735517080,0,https://mp.weixin.qq.com/s?__biz=MjM5MTM4NDQ4MA==&idx=1&mid=2651210584&sn=8bbb9e2a5c1d4d176d2e2eb8ce556b1c,☆☆☆☆☆,"[{'full_name': '北京致远互联软件股份有限公司', 'subject_importance': None, 'subject_risk': None, 'orgid': 'T001908980', 'subject_code': None, 'subject_name': None, 'emotion': 'NEU', 'subject_risk_list': [], 'org_types': ['001001', '216011', '020006', '212001'], 'subject_importance_list': None}]",北京致远互联软件股份有限公司,V3 (2024-12-21~2024-12-31),2024-12-30,2024-12-30 00:04:40
44efc977e404793e,安恒信息首批成为“香港网络安全专业协会”理事成员单位,微信-安恒信息,1735521990,0,https://mp.weixin.qq.com/s?__biz=MjM5NTE0MjQyMg==&idx=1&mid=2650623128&sn=7a9a63ba6fba6d3bb382f2213ba0df7a,☆☆☆☆☆,"[{'full_name': '杭州安恒信息技术股份有限公司', 'subject_importance': None, 'subject_risk': None, 'orgid': 'T001301651', 'subject_code': None, 'subject_name': None, 'emotion': 'NEU', 'subject_risk_list': [], 'org_types': ['212001', '001001', '020006', '216011'], 'subject_importance_list': None}]",杭州安恒信息技术股份有限公司,V3 (2024-12-21~2024-12-31),2024-12-30,2024-12-30 01:26:30
1d085c8b791380fe,安恒信息携手深圳市龙华区政数局入选第八届大数据“星河（Galaxy）”案例,微信-安恒信息,1735521990,0,https://mp.weixin.qq.com/s?__biz=MjM5NTE0MjQyMg==&idx=2&mid=2650623128&sn=af00374810737310bc359e061019fb11,☆☆☆☆☆,"[{'full_name': '杭州安恒信息技术股份有限公司', 'subject_importance': None, 'subject_risk': None, 'orgid': 'T001301651', 'subject_code': None, 'subject_name': None, 'emotion': 'NEU', 'subject_risk_list': [], 'org_types': ['212001', '001001', '020006', '216011'], 'subject_importance_list': None}]",杭州安恒信息技术股份有限公司,V3 (2024-12-21~2024-12-31),2024-12-30,2024-12-30 01:26:30
24e9051605c0dd9a,ST银江（300020）再次提交立案，投资者索赔继续征集,微信-韶关国鑫咨询有限责任公司,1735522683,2,https://mp.weixin.qq.com/s?__biz=MzkwNzY4OTYzNA==&idx=1&mid=2247487074&sn=74f8d6d04a20ae267200711930d66e31,★★☆☆☆,"[{'full_name': '银江技术股份有限公司', 'subject_importance': 2, 'subject_risk': '经营预警--经济纠纷', 'orgid': 'T000025749', 'subject_code': None, 'subject_name': None, 'emotion': 'NEG', 'subject_risk_list': ['R00007', 'R00007019'], 'org_types': ['001001', '216003', '002', '212100', '020006'], 'subject_importance_list': ['stock@1', 'bond@2']}]",银江技术股份有限公司,V3 (2024-12-21~2024-12-31),2024-12-30,2024-12-30 01:38:03
c456da32fc2247e9,北方华创：暂无晶圆厂专用维护机器人产品，董秘回答,新浪财经,1735523420,0,https://finance.sina.com.cn/stock/relnews/dongmiqa/2024-12-30/doc-ineceyez4701806.shtml,☆☆☆☆☆,"[{'full_name': '北方华创科技集团股份有限公司', 'subject_importance': None, 'subject_risk': None, 'orgid': 'T000007615', 'subject_code': None, 'subject_name': None, 'emotion': 'NEU', 'subject_risk_list': [], 'org_types': ['216001', '001001', '020001002002', '020001', '212100', '002'], 'subject_importance_list': None}]",北方华创科技集团股份有限公司,V3 (2024-12-21~2024-12-31),2024-12-30,2024-12-30 01:50:20
aa0d898e413bb574,北方华创:三季度财报合同负债下降，新签订单保持良好趋势,新浪财经,1735523420,0,https://finance.sina.com.cn/stock/relnews/dongmiqa/2024-12-30/doc-ineceyev2637468.shtml,★☆☆☆☆,"[{'full_name': '北方华创科技集团股份有限公司', 'subject_importance': 1, 'subject_risk': '经营预警', 'orgid': 'T000007615', 'subject_code': None, 'subject_name': None, 'emotion': 'NEG', 'subject_risk_list': ['R00007'], 'org_types': ['216001', '020001002002', '002', '001001', '212100', '020001'], 'subject_importance_list': ['bond@1', 'stock@1']}]",北方华创科技集团股份有限公司,V3 (2024-12-21~2024-12-31),2024-12-30,2024-12-30 01:50:20
570f6aa4ee246d4f,2024年12月30日，虹软科技日内振幅超过7%,同花顺金融研究中心,1735524484,2,,★★☆☆☆,"[{'full_name': '虹软科技股份有限公司', 'subject_importance': 2, 'subject_risk': '市场预警--交易异常波动', 'orgid': 'T003041965', 'subject_code': None, 'subject_name': None, 'emotion': 'NEG', 'subject_risk_list': ['R00003', 'R00003007'], 'org_types': ['020003', '020011', '001001', '212001', '216011'], 'subject_importance_list': ['stock@2']}]",虹软科技股份有限公司,V3 (2024-12-21~2024-12-31),2024-12-30,2024-12-30 02:08:04
64a381fcd3dcc21e,三尺法动态 | 新形势下的上市公司投资与并购研讨会圆满举办,证券之星,1735525066,0,https://fund.stockstar.com/IG2024123000003619.shtml,☆☆☆☆☆,"[{'full_name': '浙江核新同花顺网络信息股份有限公司', 'subject_importance': None, 'subject_risk': None, 'orgid': 'T000025753', 'subject_code': None, 'subject_name': None, 'emotion': 'NEU', 'subject_risk_list': [], 'org_types': ['020006', '212100', '001001', '216003'], 'subject_importance_list': None}]",浙江核新同花顺网络信息股份有限公司,V3 (2024-12-21~2024-12-31),2024-12-30,2024-12-30 02:17:46
40ceae0aa682aedb,2024年12月30日，寒武纪日内振幅超过7%,同花顺金融研究中心,1735525324,2,,★★☆☆☆,"[{'full_name': '中科寒武纪科技股份有限公司', 'subject_importance': 2, 'subject_risk': '市场预警--交易异常波动', 'orgid': 'T004646002', 'subject_code': None, 'subject_name': None, 'emotion': 'NEG', 'subject_risk_list': ['R00003', 'R00003007'], 'org_types': ['216011', '020006', '212001', '001001'], 'subject_importance_list': ['stock@2']}]",中科寒武纪科技股份有限公司,V3 (2024-12-21~2024-12-31),2024-12-30,2024-12-30 02:22:04
7723918a0e508d67,山西证券新一代核心交易（OTC）系统运行启动仪式在太原举办,中证网,1735525972,0,https://www.cs.com.cn/qs/202412/t20241230_6464831.html,☆☆☆☆☆,"[{'full_name': '恒生电子股份有限公司', 'subject_importance': None, 'subject_risk': None, 'orgid': '03130389', 'subject_code': None, 'subject_name': None, 'emotion': 'NEU', 'subject_risk_list': [], 'org_types': ['212001', '216001', '001001', '020006'], 'subject_importance_list': None}]",恒生电子股份有限公司,V3 (2024-12-21~2024-12-31),2024-12-30,2024-12-30 02:32:52
631f49f4493ad06,减持速报 | 财富趋势(688318.SH)、川润股份(002272.SZ)等高管集体减持计划披露,新浪财经,1735527017,2,https://finance.sina.com.cn/jjxw/2024-12-30/doc-inecfenx4639057.shtml,★★☆☆☆,"[{'full_name': '澜起科技股份有限公司', 'subject_importance': 2, 'subject_risk': '市场预警--减持套现', 'orgid': 'Q0044AA455', 'subject_code': None, 'subject_name': None, 'emotion': 'NEG', 'subject_risk_list': ['R00003', 'R00003036'], 'org_types': ['001001', '216011', '212001', '020011'], 'subject_importance_list': ['stock@2']}]",澜起科技股份有限公司,V3 (2024-12-21~2024-12-31),2024-12-30,2024-12-30 02:50:17
631f49f4493ad06,减持速报 | 财富趋势(688318.SH)、川润股份(002272.SZ)等高管集体减持计划披露,新浪财经,1735527017,2,https://finance.sina.com.cn/jjxw/2024-12-30/doc-inecfenx4639057.shtml,★★☆☆☆,"[{'full_name': '苏州天孚光通信股份有限公司', 'subject_importance': 2, 'subject_risk': '市场预警--减持套现', 'orgid': 'T000060141', 'subject_code': None, 'subject_name': None, 'emotion': 'NEG', 'subject_risk_list': ['R00003', 'R00003036'], 'org_types': ['020011', '020006', '001001', '216003', '212100'], 'subject_importance_list': ['stock@2']}]",苏州天孚光通信股份有限公司,V3 (2024-12-21~2024-12-31),2024-12-30,2024-12-30 02:50:17
9cd574818bb59061,谋定未来求发展 奋楫扬帆谱新篇,新浪财经,1735527045,0,https://finance.sina.com.cn/jjxw/2024-12-30/doc-ineceyfc1521926.shtml,☆☆☆☆☆,"[{'full_name': '浪潮电子信息产业股份有限公司', 'subject_importance': None, 'subject_risk': None, 'orgid': '01000977', 'subject_code': None, 'subject_name': None, 'emotion': 'NEU', 'subject_risk_list': [], 'org_types': ['001001', '020001', '002', '212100', '216001', '020001002002'], 'subject_importance_list': None}]",浪潮电子信息产业股份有限公司,V3 (2024-12-21~2024-12-31),2024-12-30,2024-12-30 02:50:45
2983c68e9961bfdc,基金冠军提前锁定！五小公募或包揽年度五强 独门股成关键因素,中华网,1735527302,0,https://3g.china.com/act/news/10000169/20241230/47807577.html,☆☆☆☆☆,"[{'full_name': '苏州天孚光通信股份有限公司', 'subject_importance': None, 'subject_risk': None, 'orgid': 'T000060141', 'subject_code': None, 'subject_name': None, 'emotion': 'NEU', 'subject_risk_list': [], 'org_types': ['001001', '020006', '216003', '212100', '020011'], 'subject_importance_list': None}]",苏州天孚光通信股份有限公司,V3 (2024-12-21~2024-12-31),2024-12-30,2024-12-30 02:55:02
2983c68e9961bfdc,基金冠军提前锁定！五小公募或包揽年度五强 独门股成关键因素,中华网,1735527302,0,https://3g.china.com/act/news/10000169/20241230/47807577.html,☆☆☆☆☆,"[{'full_name': '沪士电子股份有限公司', 'subject_importance': None, 'subject_risk': None, 'orgid': 'T000026708', 'subject_code': None, 'subject_name': None, 'emotion': 'NEU', 'subject_risk_list': [], 'org_types': ['212100', '216001', '020011', '001001', '020003'], 'subject_importance_list': None}]",沪士电子股份有限公司,V3 (2024-12-21~2024-12-31),2024-12-30,2024-12-30 02:55:02
2983c68e9961bfdc,基金冠军提前锁定！五小公募或包揽年度五强 独门股成关键因素,中华网,1735527302,0,https://3g.china.com/act/news/10000169/20241230/47807577.html,☆☆☆☆☆,"[{'full_name': '成都新易盛通信技术股份有限公司', 'subject_importance': None, 'subject_risk': None, 'orgid': 'T000124532', 'subject_code': None, 'subject_name': None, 'emotion': 'NEU', 'subject_risk_list': [], 'org_types': ['020006', '001001', '216003', '212100', '020011'], 'subject_importance_list': None}]",成都新易盛通信技术股份有限公司,V3 (2024-12-21~2024-12-31),2024-12-30,2024-12-30 02:55:02
2983c68e9961bfdc,基金冠军提前锁定！五小公募或包揽年度五强 独门股成关键因素,中华网,1735527302,0,https://3g.china.com/act/news/10000169/20241230/47807577.html,☆☆☆☆☆,"[{'full_name': '中际旭创股份有限公司', 'subject_importance': None, 'subject_risk': None, 'orgid': 'T000056654', 'subject_code': None, 'subject_name': None, 'emotion': 'NEU', 'subject_risk_list': [], 'org_types': ['216003', '212100', '020010', '001001', '020006'], 'subject_importance_list': None}]",中际旭创股份有限公司,V3 (2024-12-21~2024-12-31),2024-12-30,2024-12-30 02:55:02
c5601ef0815a0642,外媒：中企被移出清单了,网易,1735527588,0,https://www.163.com/dy/article/JKJJFHUU05563U9A.html,☆☆☆☆☆,"[{'full_name': '中微半导体设备(上海)股份有限公司', 'subject_importance': None, 'subject_risk': None, 'orgid': 'Q01B38D3B0', 'subject_code': None, 'subject_name': None, 'emotion': 'NEU', 'subject_risk_list': [], 'org_types': ['216011', '001001', '020001', '212001', '020011'], 'subject_importance_list': None}]",中微半导体设备（上海）股份有限公司,V3 (2024-12-21~2024-12-31),2024-12-30,2024-12-30 02:59:48
c46c048850333d5e,490 万大单、监督追责管理系统：致远互联（中）,网易,1735527805,0,https://www.163.com/dy/article/JKLCI3RG0511D6RL.html,☆☆☆☆☆,"[{'full_name': '北京致远互联软件股份有限公司', 'subject_importance': None, 'subject_risk': None, 'orgid': 'T001908980', 'subject_code': None, 'subject_name': None, 'emotion': 'NEU', 'subject_risk_list': [], 'org_types': ['001001', '216011', '020006', '212001'], 'subject_importance_list': None}]",北京致远互联软件股份有限公司,V3 (2024-12-21~2024-12-31),2024-12-30,2024-12-30 03:03:25
12ba3d8ab3f6e305,华为与数十家办公领域伙伴签约，携手加速鸿蒙生态办公领域数智化升级,中华网,1735528177,0,https://hea.china.com/article/20241230/122024_1623698.html,☆☆☆☆☆,"[{'full_name': '万兴科技集团股份有限公司', 'subject_importance': None, 'subject_risk': None, 'orgid': 'T000159214', 'subject_code': None, 'subject_name': None, 'emotion': 'NEU', 'subject_risk_list': [], 'org_types': ['020006', '001001', '002', '212100', '216003'], 'subject_importance_list': None}]",万兴科技集团股份有限公司,V3 (2024-12-21~2024-12-31),2024-12-30,2024-12-30 03:09:37
c3b73b4d449b4d4,A股异动丨股东拟减持，天孚通信跌幅扩大至近8%，股价跌破百元关口,格隆汇,1735528727,2,https://www.gelonghui.com/live/1801759,★★☆☆☆,"[{'full_name': '苏州天孚光通信股份有限公司', 'subject_importance': 2, 'subject_risk': '市场预警--股份减持', 'orgid': 'T000060141', 'subject_code': None, 'subject_name': None, 'emotion': 'NEG', 'subject_risk_list': ['R00003', 'R00003006'], 'org_types': ['212100', '020011', '001001', '216003', '020006'], 'subject_importance_list': ['stock@2']}]",苏州天孚光通信股份有限公司,V3 (2024-12-21~2024-12-31),2024-12-30,2024-12-30 03:18:47
17119bb0ac02e875,（官方问答平台）四维图新：四维图新董秘兼CMO孟庆昕及四维图新高级副总裁、杰发科技总经理毕垒受邀参加了佑驾创新的敲钟仪式，谢谢……,同花顺金融研究中心,1735529645,0,,☆☆☆☆☆,"[{'full_name': '北京四维图新科技股份有限公司', 'subject_importance': None, 'subject_risk': None, 'orgid': 'T000026674', 'subject_code': None, 'subject_name': None, 'emotion': 'NEU', 'subject_risk_list': [], 'org_types': ['020006', '001001', '216001', '002', '212100', '020001'], 'subject_importance_list': None}]",北京四维图新科技股份有限公司,V3 (2024-12-21~2024-12-31),2024-12-30,2024-12-30 03:34:05
9af197241ba16f9d,（官方问答平台）四维图新：请持续关注官方发布，谢谢……,同花顺金融研究中心,1735529645,0,,☆☆☆☆☆,"[{'full_name': '北京四维图新科技股份有限公司', 'subject_importance': None, 'subject_risk': None, 'orgid': 'T000026674', 'subject_code': None, 'subject_name': None, 'emotion': 'NEU', 'subject_risk_list': [], 'org_types': ['020006', '001001', '216001', '002', '212100', '020001'], 'subject_importance_list': None}]",北京四维图新科技股份有限公司,V3 (2024-12-21~2024-12-31),2024-12-30,2024-12-30 03:34:05
9f11671ea3701fca,（官方问答平台）恒华科技：公司重点聚焦电力行业，保持在电网端的业务优势，巩固提升BIM平台软件、设计咨询、行业数智化等核心主业，促进公司业务稳健发展，提质增效，同时发力拓展新能源及用户侧市场……,同花顺金融研究中心,1735529647,0,,☆☆☆☆☆,"[{'full_name': '北京恒华伟业科技股份有限公司', 'subject_importance': None, 'subject_risk': None, 'orgid': 'T000058552', 'subject_code': None, 'subject_name': None, 'emotion': 'NEU', 'subject_risk_list': [], 'org_types': ['216003', '001001', '020006', '212100'], 'subject_importance_list': None}]",北京恒华伟业科技股份有限公司,V3 (2024-12-21~2024-12-31),2024-12-30,2024-12-30 03:34:07
fdc20c6a44dd13d7,（官方问答平台）恒华科技：近日公司与山西八建集团有限公司组成的联合体中标了华润和顺200MW风光互补项目，其中公司作为联合体成员负责该项目的设计环节，对应的合同金额占比较小，目前合同正在签订中……,同花顺金融研究中心,1735529647,0,,☆☆☆☆☆,"[{'full_name': '北京恒华伟业科技股份有限公司', 'subject_importance': None, 'subject_risk': None, 'orgid': 'T000058552', 'subject_code': None, 'subject_name': None, 'emotion': 'NEU', 'subject_risk_list': [], 'org_types': ['216003', '001001', '020006', '212100'], 'subject_importance_list': None}]",北京恒华伟业科技股份有限公司,V3 (2024-12-21~2024-12-31),2024-12-30,2024-12-30 03:34:07
5cb2637a5cf63fe6,（官方问答平台）恒华科技：公司布局的无人机相关业务包括借助无人机实现电网及新能源规划设计、巡检等工作，以及应用无人机替代人员进行高空、高危环境作业等，有效提升工作效率，降低运维成本，实现设计、巡检工作自动化流程……,同花顺金融研究中心,1735529647,2,,☆☆☆☆☆,"[{'full_name': '北京恒华伟业科技股份有限公司', 'subject_importance': None, 'subject_risk': None, 'orgid': 'T000058552', 'subject_code': None, 'subject_name': None, 'emotion': 'NEU', 'subject_risk_list': [], 'org_types': ['216003', '001001', '020006', '212100'], 'subject_importance_list': None}]",北京恒华伟业科技股份有限公司,V3 (2024-12-21~2024-12-31),2024-12-30,2024-12-30 03:34:07
113df852db0a7448,（官方问答平台）超图软件：公司中标湖北省自然资源全要素推介平台，中标金额1752万元……,同花顺金融研究中心,1735529647,0,,☆☆☆☆☆,"[{'full_name': '北京超图软件股份有限公司', 'subject_importance': None, 'subject_risk': None, 'orgid': 'T000026114', 'subject_code': None, 'subject_name': None, 'emotion': 'NEU', 'subject_risk_list': [], 'org_types': ['216003', '001001', '020006', '212100'], 'subject_importance_list': None}]",北京超图软件股份有限公司,V3 (2024-12-21~2024-12-31),2024-12-30,2024-12-30 03:34:07
38d06a4daaa2391a,天孚通信：跌幅近 8% 股东拟减持 400 万股,和讯股票,1735530040,0,https://stock.hexun.com/2024-12-30/216489277.html,★★☆☆☆,"[{'full_name': '苏州天孚光通信股份有限公司', 'subject_importance': 2, 'subject_risk': '市场预警--减持套现', 'orgid': 'T000060141', 'subject_code': None, 'subject_name': None, 'emotion': 'NEG', 'subject_risk_list': ['R00003', 'R00003036'], 'org_types': ['212100', '020011', '001001', '216003', '020006'], 'subject_importance_list': ['stock@2']}]",苏州天孚光通信股份有限公司,V3 (2024-12-21~2024-12-31),2024-12-30,2024-12-30 03:40:40
978f6ad2693800cd,中国专利奖揭晓：国产滤波器新星新声半导体等5家芯片企业获银奖！,微信-EETOP,1735530493,0,https://mp.weixin.qq.com/s?__biz=MzAxOTIxNTg0Mg==&idx=1&mid=2651049161&sn=11b408120d912f2eb284f6d3dc622f7b,☆☆☆☆☆,"[{'full_name': '中微半导体设备(上海)股份有限公司', 'subject_importance': None, 'subject_risk': None, 'orgid': 'Q01B38D3B0', 'subject_code': None, 'subject_name': None, 'emotion': 'NEU', 'subject_risk_list': [], 'org_types': ['020001', '216011', '001001', '212001', '020011'], 'subject_importance_list': None}]",中微半导体设备（上海）股份有限公司,V3 (2024-12-21~2024-12-31),2024-12-30,2024-12-30 03:48:13
97f0a1e26cd23ab,（官方问答平台）万达信息：公司一直关注行业发展，注重上下游及业务协同整合，始终围绕公司发展战略考虑投融资机会，高度关注国家关于行业产业发展以及资本市场高质量发展的政策要求和支持举措，探索运用各类资本市场工具赋能公司发展……,同花顺金融研究中心,1735530606,0,,☆☆☆☆☆,"[{'full_name': '万达信息股份有限公司', 'subject_importance': None, 'subject_risk': None, 'orgid': 'T000029069', 'subject_code': None, 'subject_name': None, 'emotion': 'NEU', 'subject_risk_list': [], 'org_types': ['212100', '216003', '002', '020006', '001001'], 'subject_importance_list': None}]",万达信息股份有限公司,V3 (2024-12-21~2024-12-31),2024-12-30,2024-12-30 03:50:06
c251ca0314890564,（官方问答平台）万达信息：公司垂类大模型聚焦在医疗健康领域等主营业务，可运用于辅助医疗和公共卫生等多个场景……,同花顺金融研究中心,1735530606,0,,☆☆☆☆☆,"[{'full_name': '万达信息股份有限公司', 'subject_importance': None, 'subject_risk': None, 'orgid': 'T000029069', 'subject_code': None, 'subject_name': None, 'emotion': 'NEU', 'subject_risk_list': [], 'org_types': ['212100', '216003', '002', '020006', '001001'], 'subject_importance_list': None}]",万达信息股份有限公司,V3 (2024-12-21~2024-12-31),2024-12-30,2024-12-30 03:50:06
dc87920a48e50580,“数”海搏浪筑“算谷”——庆阳建设“东数西算”国家数据中心集群纪实,新浪财经,1735530636,0,https://finance.sina.com.cn/jjxw/2024-12-30/doc-inecfenz1423242.shtml,☆☆☆☆☆,"[{'full_name': '北京金山办公软件股份有限公司', 'subject_importance': None, 'subject_risk': None, 'orgid': 'T001323122', 'subject_code': None, 'subject_name': None, 'emotion': 'NEU', 'subject_risk_list': [], 'org_types': ['001001', '020006', '212001', '216011', '020011'], 'subject_importance_list': None}]",北京金山办公软件股份有限公司,V3 (2024-12-21~2024-12-31),2024-12-30,2024-12-30 03:50:36
8986517ce9173a9f,（官方问答平台）超图软件：截至12月20日，公司股东户数约4.54万户……,同花顺金融研究中心,1735530724,0,,☆☆☆☆☆,"[{'full_name': '北京超图软件股份有限公司', 'subject_importance': None, 'subject_risk': None, 'orgid': 'T000026114', 'subject_code': None, 'subject_name': None, 'emotion': 'NEU', 'subject_risk_list': [], 'org_types': ['216003', '001001', '020006', '212100'], 'subject_importance_list': None}]",北京超图软件股份有限公司,V3 (2024-12-21~2024-12-31),2024-12-30,2024-12-30 03:52:04
763ff029947cfbef,天孚通信大跌 股东拟减持,腾讯证券,1735530891,0,http://gu.qq.com/resources/shy/news/detail-v2/index.html#/?id=nesSN2024123009334895f1e6e5&s=b,★★☆☆☆,"[{'full_name': '苏州天孚光通信股份有限公司', 'subject_importance': 2, 'subject_risk': '市场预警--减持套现', 'orgid': 'T000060141', 'subject_code': None, 'subject_name': None, 'emotion': 'NEG', 'subject_risk_list': ['R00003', 'R00003036'], 'org_types': ['212100', '020011', '001001', '216003', '020006'], 'subject_importance_list': ['stock@2']}]",苏州天孚光通信股份有限公司,V3 (2024-12-21~2024-12-31),2024-12-30,2024-12-30 03:54:51
5108848c65112682,澜起科技在西安投资成立电子设计公司,搜狐-江苏省,1735530925,0,https://www.sohu.com/a/843333237_422199,☆☆☆☆☆,"[{'full_name': '澜起科技股份有限公司', 'subject_importance': None, 'subject_risk': None, 'orgid': 'Q0044AA455', 'subject_code': None, 'subject_name': None, 'emotion': 'NEU', 'subject_risk_list': [], 'org_types': ['216011', '001001', '212001', '020011'], 'subject_importance_list': None}]",澜起科技股份有限公司,V3 (2024-12-21~2024-12-31),2024-12-30,2024-12-30 03:55:25
fc1e805113e2bb5d,万达信息：公司垂类大模型聚焦在医疗健康领域等主营业务，可运用于辅助医疗和公共卫生等多个场景,证券之星股票,1735531313,0,https://stock.stockstar.com/IG2024123000011379.shtml,☆☆☆☆☆,"[{'full_name': '万达信息股份有限公司', 'subject_importance': None, 'subject_risk': None, 'orgid': 'T000029069', 'subject_code': None, 'subject_name': None, 'emotion': 'NEU', 'subject_risk_list': [], 'org_types': ['212100', '216003', '002', '020006', '001001'], 'subject_importance_list': None}]",万达信息股份有限公司,V3 (2024-12-21~2024-12-31),2024-12-30,2024-12-30 04:01:53
8ab88824a525d808,万达信息：探索运用各类资本市场工具赋能公司发展,证券之星股票,1735531332,0,https://stock.stockstar.com/IG2024123000011354.shtml,☆☆☆☆☆,"[{'full_name': '万达信息股份有限公司', 'subject_importance': None, 'subject_risk': None, 'orgid': 'T000029069', 'subject_code': None, 'subject_name': None, 'emotion': 'NEU', 'subject_risk_list': [], 'org_types': ['212100', '216003', '002', '020006', '001001'], 'subject_importance_list': None}]",万达信息股份有限公司,V3 (2024-12-21~2024-12-31),2024-12-30,2024-12-30 04:02:12
bb62182d9a9bf9f9,北方华创:公司高端研发基地已建成，5和7纳米设备研发处于哪个阶段？美国制裁对研发影响如何？,新浪财经,1735531431,0,https://finance.sina.com.cn/stock/relnews/dongmiqa/2024-12-30/doc-inecfepc3811806.shtml,☆☆☆☆☆,"[{'full_name': '北方华创科技集团股份有限公司', 'subject_importance': None, 'subject_risk': None, 'orgid': 'T000007615', 'subject_code': None, 'subject_name': None, 'emotion': 'NEU', 'subject_risk_list': [], 'org_types': ['216001', '001001', '020001002002', '020001', '212100', '002'], 'subject_importance_list': None}]",北方华创科技集团股份有限公司,V3 (2024-12-21~2024-12-31),2024-12-30,2024-12-30 04:03:51
958ad92e83545da6,（官方问答平台）四维图新：请持续关注官方发布，敬请期待……,同花顺金融研究中心,1735531684,0,,☆☆☆☆☆,"[{'full_name': '北京四维图新科技股份有限公司', 'subject_importance': None, 'subject_risk': None, 'orgid': 'T000026674', 'subject_code': None, 'subject_name': None, 'emotion': 'NEU', 'subject_risk_list': [], 'org_types': ['020006', '001001', '216001', '002', '212100', '020001'], 'subject_importance_list': None}]",北京四维图新科技股份有限公司,V3 (2024-12-21~2024-12-31),2024-12-30,2024-12-30 04:08:04
309052c3dccd7d64,"（官方问答平台）恒华科技：公司于2018年作为基石投资者参与认购四川能投发展股份有限公司在香港联合交易所的首次公开发行股份5,536.60万股……",同花顺金融研究中心,1735531685,0,,☆☆☆☆☆,"[{'full_name': '北京恒华伟业科技股份有限公司', 'subject_importance': None, 'subject_risk': None, 'orgid': 'T000058552', 'subject_code': None, 'subject_name': None, 'emotion': 'NEU', 'subject_risk_list': [], 'org_types': ['216003', '001001', '020006', '212100'], 'subject_importance_list': None}]",北京恒华伟业科技股份有限公司,V3 (2024-12-21~2024-12-31),2024-12-30,2024-12-30 04:08:05
7f42f570c8ee1404,（官方问答平台）恒华科技：公司持有珠海政采软件技术有限公司37.30%的股份，感谢您的关注……,同花顺金融研究中心,1735531685,0,,☆☆☆☆☆,"[{'full_name': '北京恒华伟业科技股份有限公司', 'subject_importance': None, 'subject_risk': None, 'orgid': 'T000058552', 'subject_code': None, 'subject_name': None, 'emotion': 'NEU', 'subject_risk_list': [], 'org_types': ['216003', '001001', '020006', '212100'], 'subject_importance_list': None}]",北京恒华伟业科技股份有限公司,V3 (2024-12-21~2024-12-31),2024-12-30,2024-12-30 04:08:05
dd8feefd394ab0c8,（官方问答平台）恒华科技：公司是一家“BIM平台软件及行业数字化应用和运营服务商”，主要面向电力、水利、交通等行业提供BIM平台软件及行业数字化应用服务，恒华售电（上海）有限公司为公司全资子公司……,同花顺金融研究中心,1735531685,0,,☆☆☆☆☆,"[{'full_name': '北京恒华伟业科技股份有限公司', 'subject_importance': None, 'subject_risk': None, 'orgid': 'T000058552', 'subject_code': None, 'subject_name': None, 'emotion': 'NEU', 'subject_risk_list': [], 'org_types': ['216003', '001001', '020006', '212100'], 'subject_importance_list': None}]",北京恒华伟业科技股份有限公司,V3 (2024-12-21~2024-12-31),2024-12-30,2024-12-30 04:08:05
e9596b45c49e5bf1,（官方问答平台）拓尔思：公司目前尚未有文化传媒的子公司，在文化传媒领域的业务主要是为该领域用户提供智能融媒体解决方案，帮助用户显著提升生产效率、编校质量、内容创意及传播运营等效能，为文化传媒行业的转型升级与持续发展作出积极贡献……,同花顺金融研究中心,1735531685,0,,☆☆☆☆☆,"[{'full_name': '拓尔思信息技术股份有限公司', 'subject_importance': None, 'subject_risk': None, 'orgid': 'T000034655', 'subject_code': None, 'subject_name': None, 'emotion': 'NEU', 'subject_risk_list': [], 'org_types': ['020006', '212100', '216003', '001001', '002'], 'subject_importance_list': None}]",拓尔思信息技术股份有限公司,V3 (2024-12-21~2024-12-31),2024-12-30,2024-12-30 04:08:05
c72794fca2fcb46a,（官方问答平台）恒华科技：公司持有武汉同鑫力诚创业投资中心（有限合伙）3.96%的股份，感谢您的关注……,同花顺金融研究中心,1735531685,0,,☆☆☆☆☆,"[{'full_name': '北京恒华伟业科技股份有限公司', 'subject_importance': None, 'subject_risk': None, 'orgid': 'T000058552', 'subject_code': None, 'subject_name': None, 'emotion': 'NEU', 'subject_risk_list': [], 'org_types': ['216003', '001001', '020006', '212100'], 'subject_importance_list': None}]",北京恒华伟业科技股份有限公司,V3 (2024-12-21~2024-12-31),2024-12-30,2024-12-30 04:08:05
9e166564c159baa2,（官方问答平台）拓尔思：为保证公司信息披露的公平性，根据相关规则，公司将在定期报告中披露法定要求的股东数量信息，敬请关注……,同花顺金融研究中心,1735531809,0,,☆☆☆☆☆,"[{'full_name': '拓尔思信息技术股份有限公司', 'subject_importance': None, 'subject_risk': None, 'orgid': 'T000034655', 'subject_code': None, 'subject_name': None, 'emotion': 'NEU', 'subject_risk_list': [], 'org_types': ['020006', '212100', '216003', '001001', '002'], 'subject_importance_list': None}]",拓尔思信息技术股份有限公司,V3 (2024-12-21~2024-12-31),2024-12-30,2024-12-30 04:10:09
8ac304337e2dd62d,（官方问答平台）拓尔思：每天5亿条信息的更新增长都是经过高质量治理的各类多模态互联网公开资讯，包括媒体资讯、政务信息、产业资讯、企业动态、社会热点等，主要服务于舆情、开源情 报、媒体融合、金融监管、产业创新、金融风控等领域……,同花顺金融研究中心,1735531809,1,,☆☆☆☆☆,"[{'full_name': '拓尔思信息技术股份有限公司', 'subject_importance': None, 'subject_risk': None, 'orgid': 'T000034655', 'subject_code': None, 'subject_name': None, 'emotion': 'NEU', 'subject_risk_list': [], 'org_types': ['020006', '212100', '216003', '001001', '002'], 'subject_importance_list': None}]",拓尔思信息技术股份有限公司,V3 (2024-12-21~2024-12-31),2024-12-30,2024-12-30 04:10:09
3a24b2f364a07407,（官方问答平台）拓尔思：公司目前金融相关业务，主要面向银行业金融机构提供智能风控、智能消保、普惠助贷、绿色金融等金融科技领域的软件产品及数据服务，目前尚未涉及电子支付金融安全……,同花顺金融研究中心,1735531809,0,,☆☆☆☆☆,"[{'full_name': '拓尔思信息技术股份有限公司', 'subject_importance': None, 'subject_risk': None, 'orgid': 'T000034655', 'subject_code': None, 'subject_name': None, 'emotion': 'NEU', 'subject_risk_list': [], 'org_types': ['020006', '212100', '216003', '001001', '002'], 'subject_importance_list': None}]",拓尔思信息技术股份有限公司,V3 (2024-12-21~2024-12-31),2024-12-30,2024-12-30 04:10:09
443eebac0104b4ac,万达信息：白泽晓医疗大模型创新赋能多场景,金融界财经,1735532587,0,https://finance.jrj.com.cn/2024/12/30114746926940.shtml,☆☆☆☆☆,"[{'full_name': '万达信息股份有限公司', 'subject_importance': None, 'subject_risk': None, 'orgid': 'T000029069', 'subject_code': None, 'subject_name': None, 'emotion': 'NEU', 'subject_risk_list': [], 'org_types': ['212100', '216003', '002', '020006', '001001'], 'subject_importance_list': None}]",万达信息股份有限公司,V3 (2024-12-21~2024-12-31),2024-12-30,2024-12-30 04:23:07
4555a879ddce01a9,北方华创：被列入实体清单不会对业务产生实质性影响,金融界财经,1735532597,2,https://finance.jrj.com.cn/2024/12/30115946927754.shtml,★★☆☆☆,"[{'full_name': '北方华创科技集团股份有限公司', 'subject_importance': 2, 'subject_risk': '市场预警--风险澄清', 'orgid': 'T000007615', 'subject_code': None, 'subject_name': None, 'emotion': 'NEG', 'subject_risk_list': ['R00003', 'R00003025'], 'org_types': ['216001', '020001002002', '002', '001001', '212100', '020001'], 'subject_importance_list': ['stock@2', 'bond@2']}]",北方华创科技集团股份有限公司,V3 (2024-12-21~2024-12-31),2024-12-30,2024-12-30 04:23:17
cd7e38f4e1ed0ccd,中邮证券：给予澜起科技买入评级,证券之星,1735533388,0,https://wap.stockstar.com/detail/RB2024123000012121,☆☆☆☆☆,"[{'full_name': '澜起科技股份有限公司', 'subject_importance': None, 'subject_risk': None, 'orgid': 'Q0044AA455', 'subject_code': None, 'subject_name': None, 'emotion': 'NEU', 'subject_risk_list': [], 'org_types': ['216011', '001001', '212001', '020011'], 'subject_importance_list': None}]",澜起科技股份有限公司,V3 (2024-12-21~2024-12-31),2024-12-30,2024-12-30 04:36:28
db9079b198990fdf,拓尔思：公司目前尚未有文化传媒的子公司,证券之星股票,1735533419,0,https://stock.stockstar.com/IG2024123000012010.shtml,☆☆☆☆☆,"[{'full_name': '拓尔思信息技术股份有限公司', 'subject_importance': None, 'subject_risk': None, 'orgid': 'T000034655', 'subject_code': None, 'subject_name': None, 'emotion': 'NEU', 'subject_risk_list': [], 'org_types': ['020006', '212100', '216003', '001001', '002'], 'subject_importance_list': None}]",拓尔思信息技术股份有限公司,V3 (2024-12-21~2024-12-31),2024-12-30,2024-12-30 04:36:59
c7af6f4d5aa14d3b,万达信息(SZ300168)：万达信息垂类大模型聚焦医疗健康领域，灵素融入OCR和大模型能力提供智能健康服务,新浪财经,1735534223,0,https://finance.sina.com.cn/stock/relnews/dongmiqa/2024-12-30/doc-inecfenz1444844.shtml,☆☆☆☆☆,"[{'full_name': '万达信息股份有限公司', 'subject_importance': None, 'subject_risk': None, 'orgid': 'T000029069', 'subject_code': None, 'subject_name': None, 'emotion': 'NEU', 'subject_risk_list': [], 'org_types': ['212100', '216003', '002', '020006', '001001'], 'subject_importance_list': None}]",万达信息股份有限公司,V3 (2024-12-21~2024-12-31),2024-12-30,2024-12-30 04:50:23
e0ac374a230f6d03,万达信息：董秘回答关于公司发展战略和资本市场的关注与计划,新浪财经,1735534223,0,https://finance.sina.com.cn/stock/relnews/dongmiqa/2024-12-30/doc-inecfent2579745.shtml,☆☆☆☆☆,"[{'full_name': '万达信息股份有限公司', 'subject_importance': None, 'subject_risk': None, 'orgid': 'T000029069', 'subject_code': None, 'subject_name': None, 'emotion': 'NEU', 'subject_risk_list': [], 'org_types': ['212100', '216003', '002', '020006', '001001'], 'subject_importance_list': None}]",万达信息股份有限公司,V3 (2024-12-21~2024-12-31),2024-12-30,2024-12-30 04:50:23
436c3fbd827d26e,北方华创:董秘回答公司发展建议，关注度提升,新浪财经,1735534227,0,https://finance.sina.com.cn/stock/relnews/dongmiqa/2024-12-30/doc-inecfenz1450503.shtml,☆☆☆☆☆,"[{'full_name': '北方华创科技集团股份有限公司', 'subject_importance': None, 'subject_risk': None, 'orgid': 'T000007615', 'subject_code': None, 'subject_name': None, 'emotion': 'NEU', 'subject_risk_list': [], 'org_types': ['216001', '001001', '020001002002', '020001', '212100', '002'], 'subject_importance_list': None}]",北方华创科技集团股份有限公司,V3 (2024-12-21~2024-12-31),2024-12-30,2024-12-30 04:50:27
35867014a6af1eb0,2024中国企业ESG100指数名单,新浪财经,1735534247,0,https://finance.sina.com.cn/jjxw/2024-12-30/doc-inecfenz1432914.shtml,☆☆☆☆☆,"[{'full_name': '杭州海康威视数字技术股份有限公司', 'subject_importance': None, 'subject_risk': None, 'orgid': 'T000026753', 'subject_code': None, 'subject_name': None, 'emotion': 'NEU', 'subject_risk_list': [], 'org_types': ['212100', '002', '216001', '020001', '001001', '020001002002'], 'subject_importance_list': None}]",杭州海康威视数字技术股份有限公司,V3 (2024-12-21~2024-12-31),2024-12-30,2024-12-30 04:50:47
fe9c5866514ce727,拓尔思：公司目前尚未涉及电子支付金融安全,证券之星股票,1735534316,0,https://stock.stockstar.com/IG2024123000012272.shtml,☆☆☆☆☆,"[{'full_name': '拓尔思信息技术股份有限公司', 'subject_importance': None, 'subject_risk': None, 'orgid': 'T000034655', 'subject_code': None, 'subject_name': None, 'emotion': 'NEU', 'subject_risk_list': [], 'org_types': ['020006', '212100', '216003', '001001', '002'], 'subject_importance_list': None}]",拓尔思信息技术股份有限公司,V3 (2024-12-21~2024-12-31),2024-12-30,2024-12-30 04:51:56
f8c481e59d0fc06a,2024年12月30日，新易盛日内振幅超过7%,同花顺金融研究中心,1735539366,2,,★★☆☆☆,"[{'full_name': '成都新易盛通信技术股份有限公司', 'subject_importance': 2, 'subject_risk': '市场预警--交易异常波动', 'orgid': 'T000124532', 'subject_code': None, 'subject_name': None, 'emotion': 'NEG', 'subject_risk_list': ['R00003', 'R00003007'], 'org_types': ['212100', '020011', '020006', '001001', '216003'], 'subject_importance_list': ['stock@2']}]",成都新易盛通信技术股份有限公司,V3 (2024-12-21~2024-12-31),2024-12-30,2024-12-30 06:16:06
cb65b392f2e80cd,2024年12月30日，天孚通信日内振幅超过7%,同花顺金融研究中心,1735539484,2,,★★☆☆☆,"[{'full_name': '苏州天孚光通信股份有限公司', 'subject_importance': 2, 'subject_risk': '市场预警--交易异常波动', 'orgid': 'T000060141', 'subject_code': None, 'subject_name': None, 'emotion': 'NEG', 'subject_risk_list': ['R00003', 'R00003007'], 'org_types': ['212100', '020011', '001001', '216003', '020006'], 'subject_importance_list': ['stock@2']}]",苏州天孚光通信股份有限公司,V3 (2024-12-21~2024-12-31),2024-12-30,2024-12-30 06:18:04
4c8c86ff053d0704,君龙人寿携手恒生保泰打造新一代寿险核心系统,新浪财经,1735541637,0,https://finance.sina.com.cn/jjxw/2024-12-30/doc-inecfkur2486868.shtml,☆☆☆☆☆,"[{'full_name': '恒生电子股份有限公司', 'subject_importance': None, 'subject_risk': None, 'orgid': '03130389', 'subject_code': None, 'subject_name': None, 'emotion': 'NEU', 'subject_risk_list': [], 'org_types': ['212001', '216001', '001001', '020006'], 'subject_importance_list': None}]",恒生电子股份有限公司,V3 (2024-12-21~2024-12-31),2024-12-30,2024-12-30 06:53:57
27e72796653dfbd,拓尔思(300229.SZ)：目前尚未涉及电子支付金融安全,格隆汇资讯-公司信息,1735541647,0,https://www.gelonghui.com/news/4918761,☆☆☆☆☆,"[{'full_name': '拓尔思信息技术股份有限公司', 'subject_importance': None, 'subject_risk': None, 'orgid': 'T000034655', 'subject_code': None, 'subject_name': None, 'emotion': 'NEU', 'subject_risk_list': [], 'org_types': ['020006', '212100', '216003', '001001', '002'], 'subject_importance_list': None}]",拓尔思信息技术股份有限公司,V3 (2024-12-21~2024-12-31),2024-12-30,2024-12-30 06:54:07
af264f08978fd36,中微、新声等5家半导体企业获中国专利奖银奖 国产芯片业加大知识产权布局,东方财富网,1735541863,0,https://finance.eastmoney.com/a/202412303282715541.html,☆☆☆☆☆,"[{'full_name': '北方华创科技集团股份有限公司', 'subject_importance': None, 'subject_risk': None, 'orgid': 'T000007615', 'subject_code': None, 'subject_name': None, 'emotion': 'NEU', 'subject_risk_list': [], 'org_types': ['212100', '002', '216001', '020001002002', '020001', '001001'], 'subject_importance_list': None}]",北方华创科技集团股份有限公司,V3 (2024-12-21~2024-12-31),2024-12-30,2024-12-30 06:57:43
af264f08978fd36,中微、新声等5家半导体企业获中国专利奖银奖 国产芯片业加大知识产权布局,东方财富网,1735541863,0,https://finance.eastmoney.com/a/202412303282715541.html,☆☆☆☆☆,"[{'full_name': '中微半导体设备(上海)股份有限公司', 'subject_importance': None, 'subject_risk': None, 'orgid': 'Q01B38D3B0', 'subject_code': None, 'subject_name': None, 'emotion': 'NEU', 'subject_risk_list': [], 'org_types': ['216011', '001001', '020001', '212001', '020011'], 'subject_importance_list': None}]",中微半导体设备（上海）股份有限公司,V3 (2024-12-21~2024-12-31),2024-12-30,2024-12-30 06:57:43
323a37f7bb60e06a,华胜天成-做新一代数字化创新服务的领先企业,华胜天成,1735542130,0,https://www.teamsun.com.cn/,☆☆☆☆☆,"[{'full_name': '北京华胜天成科技股份有限公司', 'subject_importance': None, 'subject_risk': None, 'orgid': '03130700', 'subject_code': None, 'subject_name': None, 'emotion': 'NEU', 'subject_risk_list': [], 'org_types': ['002', '216001', '001001', '020006', '212001'], 'subject_importance_list': None}]",北京华胜天成科技股份有限公司,V3 (2024-12-21~2024-12-31),2024-12-30,2024-12-30 07:02:10
351dd3e9f85ffd8b,美图公司入选2024人工智能领军企业TOP 20,中金财经-财经,1735543229,0,http://news.cnfol.com/shangyeyaowen/20241230/31086569.shtml,☆☆☆☆☆,"[{'full_name': '北京金山办公软件股份有限公司', 'subject_importance': None, 'subject_risk': None, 'orgid': 'T001323122', 'subject_code': None, 'subject_name': None, 'emotion': 'NEU', 'subject_risk_list': [], 'org_types': ['020006', '216011', '020011', '001001', '212001'], 'subject_importance_list': None}]",北京金山办公软件股份有限公司,V3 (2024-12-21~2024-12-31),2024-12-30,2024-12-30 07:20:29
3fec7699e347516f,中国专利奖结果公布：新声、中微等半导体企业入选,电子发烧友网,1735544553,0,https://www.elecfans.com/d/6416855.html,☆☆☆☆☆,"[{'full_name': '中微半导体设备(上海)股份有限公司', 'subject_importance': None, 'subject_risk': None, 'orgid': 'Q01B38D3B0', 'subject_code': None, 'subject_name': None, 'emotion': 'NEU', 'subject_risk_list': [], 'org_types': ['216011', '001001', '020001', '212001', '020011'], 'subject_importance_list': None}]",中微半导体设备（上海）股份有限公司,V3 (2024-12-21~2024-12-31),2024-12-30,2024-12-30 07:42:33
8c8fec4d15816327,（官方问答平台）兆易创新：公司年度“研发投入”均在年度报告中有详细披露，2023年度公司研发投入合计10.67亿元人民币……,同花顺金融研究中心,1735544647,0,,☆☆☆☆☆,"[{'full_name': '兆易创新科技集团股份有限公司', 'subject_importance': None, 'subject_risk': None, 'orgid': 'T000125448', 'subject_code': None, 'subject_name': None, 'emotion': 'NEU', 'subject_risk_list': [], 'org_types': ['212001', '020010', '020006', '216001', '001001'], 'subject_importance_list': None}]",兆易创新科技集团股份有限公司,V3 (2024-12-21~2024-12-31),2024-12-30,2024-12-30 07:44:07
545cb6f44991a507,（官方问答平台）兆易创新：公司的通用NOR Flash产品可广泛应用于消费电子、智能可穿戴设备等终端领域，其中包括AI耳机、AI眼镜、AIPC等领域……,同花顺金融研究中心,1735544647,0,,☆☆☆☆☆,"[{'full_name': '兆易创新科技集团股份有限公司', 'subject_importance': None, 'subject_risk': None, 'orgid': 'T000125448', 'subject_code': None, 'subject_name': None, 'emotion': 'NEU', 'subject_risk_list': [], 'org_types': ['212001', '020010', '020006', '216001', '001001'], 'subject_importance_list': None}]",兆易创新科技集团股份有限公司,V3 (2024-12-21~2024-12-31),2024-12-30,2024-12-30 07:44:07
1e0edf8cb690ebd4,兆易创新：公司调整募投项目，积极切入DRAM存储器市场，产品包括DDR3、DDR4、LPDDR4和LPDDR5,新浪财经,1735545063,0,https://finance.sina.com.cn/stock/relnews/dongmiqa/2024-12-30/doc-inecfrax3613393.shtml,☆☆☆☆☆,"[{'full_name': '兆易创新科技集团股份有限公司', 'subject_importance': None, 'subject_risk': None, 'orgid': 'T000125448', 'subject_code': None, 'subject_name': None, 'emotion': 'NEU', 'subject_risk_list': [], 'org_types': ['212001', '020010', '020006', '216001', '001001'], 'subject_importance_list': None}]",兆易创新科技集团股份有限公司,V3 (2024-12-21~2024-12-31),2024-12-30,2024-12-30 07:51:03
a6d845a5cb87e6d,兆易创新SH603986:通用NOR Flash产品应用广泛，但对公司未来影响具有不确定性,新浪财经,1735545072,0,https://finance.sina.com.cn/stock/relnews/dongmiqa/2024-12-30/doc-inecfrap2385646.shtml,☆☆☆☆☆,"[{'full_name': '兆易创新科技集团股份有限公司', 'subject_importance': None, 'subject_risk': None, 'orgid': 'T000125448', 'subject_code': None, 'subject_name': None, 'emotion': 'NEU', 'subject_risk_list': [], 'org_types': ['212001', '020010', '020006', '216001', '001001'], 'subject_importance_list': None}]",兆易创新科技集团股份有限公司,V3 (2024-12-21~2024-12-31),2024-12-30,2024-12-30 07:51:12
8a99da5d5de56054,兆易创新：目前在售产品无DDR5,新浪财经,1735545074,0,https://finance.sina.com.cn/stock/relnews/cn/2024-12-30/doc-inecfrav1293877.shtml,☆☆☆☆☆,"[{'full_name': '兆易创新科技集团股份有限公司', 'subject_importance': None, 'subject_risk': None, 'orgid': 'T000125448', 'subject_code': None, 'subject_name': None, 'emotion': 'NEU', 'subject_risk_list': [], 'org_types': ['212001', '020010', '020006', '216001', '001001'], 'subject_importance_list': None}]",兆易创新科技集团股份有限公司,V3 (2024-12-21~2024-12-31),2024-12-30,2024-12-30 07:51:14
4036514d8c23eab4,兆易创新：公司积极落实提质增效 重回报行动方案，共享发展成果,新浪财经,1735545082,0,https://finance.sina.com.cn/stock/relnews/dongmiqa/2024-12-30/doc-inecfrax3613358.shtml,☆☆☆☆☆,"[{'full_name': '兆易创新科技集团股份有限公司', 'subject_importance': None, 'subject_risk': None, 'orgid': 'T000125448', 'subject_code': None, 'subject_name': None, 'emotion': 'NEU', 'subject_risk_list': [], 'org_types': ['212001', '020010', '020006', '216001', '001001'], 'subject_importance_list': None}]",兆易创新科技集团股份有限公司,V3 (2024-12-21~2024-12-31),2024-12-30,2024-12-30 07:51:22
4b825d3a3ce8e068,看2025丨值得买科技隋国栋：深化AI应用 驱动业绩稳健增长,搜狐-北京市,1735545114,0,https://www.sohu.com/a/843442964_114988,☆☆☆☆☆,"[{'full_name': '北京值得买科技股份有限公司', 'subject_importance': None, 'subject_risk': None, 'orgid': 'T002465122', 'subject_code': None, 'subject_name': None, 'emotion': 'NEU', 'subject_risk_list': [], 'org_types': ['020006', '212100', '216003', '001001'], 'subject_importance_list': None}]",北京值得买科技股份有限公司,V3 (2024-12-21~2024-12-31),2024-12-30,2024-12-30 07:51:54
bddd2eb9d65c636d,兆易创新：在售产品无DDR5，募投项目调整涵盖LPDDR5等,金融界财经,1735545122,0,https://finance.jrj.com.cn/2024/12/30153246934419.shtml,☆☆☆☆☆,"[{'full_name': '兆易创新科技集团股份有限公司', 'subject_importance': None, 'subject_risk': None, 'orgid': 'T000125448', 'subject_code': None, 'subject_name': None, 'emotion': 'NEU', 'subject_risk_list': [], 'org_types': ['212001', '020010', '020006', '216001', '001001'], 'subject_importance_list': None}]",兆易创新科技集团股份有限公司,V3 (2024-12-21~2024-12-31),2024-12-30,2024-12-30 07:52:02
ab03bce3406a8d70,北方华创(002371.SZ)：公司暂无晶圆厂专用维护机器人产品,格隆汇资讯-公司信息,1735545157,0,https://www.gelonghui.com/news/4918884,☆☆☆☆☆,"[{'full_name': '北方华创科技集团股份有限公司', 'subject_importance': None, 'subject_risk': None, 'orgid': 'T000007615', 'subject_code': None, 'subject_name': None, 'emotion': 'NEU', 'subject_risk_list': [], 'org_types': ['216001', '001001', '020001002002', '020001', '212100', '002'], 'subject_importance_list': None}]",北方华创科技集团股份有限公司,V3 (2024-12-21~2024-12-31),2024-12-30,2024-12-30 07:52:37
ee6d3c4c0d2a5dc4,中际旭创(300308.SZ)：公司1.6T光模块已在小批量出货,格隆汇资讯-公司信息,1735545404,0,https://www.gelonghui.com/news/4918893,☆☆☆☆☆,"[{'full_name': '中际旭创股份有限公司', 'subject_importance': None, 'subject_risk': None, 'orgid': 'T000056654', 'subject_code': None, 'subject_name': None, 'emotion': 'NEU', 'subject_risk_list': [], 'org_types': ['216003', '001001', '020010', '212100', '020006'], 'subject_importance_list': None}]",中际旭创股份有限公司,V3 (2024-12-21~2024-12-31),2024-12-30,2024-12-30 07:56:44
5bed56a5e342f219,兆易创新：2023年度公司研发投入合计10.67亿元人民币,证券之星股票,1735545737,0,https://stock.stockstar.com/IG2024123000016981.shtml,☆☆☆☆☆,"[{'full_name': '兆易创新科技集团股份有限公司', 'subject_importance': None, 'subject_risk': None, 'orgid': 'T000125448', 'subject_code': None, 'subject_name': None, 'emotion': 'NEU', 'subject_risk_list': [], 'org_types': ['212001', '020010', '020006', '216001', '001001'], 'subject_importance_list': None}]",兆易创新科技集团股份有限公司,V3 (2024-12-21~2024-12-31),2024-12-30,2024-12-30 08:02:17
cec19d0f9139ec61,实控人超额转股，900亿牛股新易盛被多位高管套现,新浪财经,1735546353,0,https://finance.sina.com.cn/jjxw/2024-12-30/doc-inecfrap2397542.shtml,★★★★★,"[{'full_name': '成都新易盛通信技术股份有限公司', 'subject_importance': 5, 'subject_risk': '管理预警--实控人被查或被处罚', 'orgid': 'T000124532', 'subject_code': None, 'subject_name': None, 'emotion': 'NEG', 'subject_risk_list': ['R00006', 'R00006006'], 'org_types': ['212100', '020011', '020006', '001001', '216003'], 'subject_importance_list': ['stock@5']}]",成都新易盛通信技术股份有限公司,V3 (2024-12-21~2024-12-31),2024-12-30,2024-12-30 08:12:33
d19032cf49c761e4,天孚通信：12月30日召开董事会会议,每日经济新闻,1735546800,0,https://m.nbd.com.cn/articles/2024-12-30/3704373.html,☆☆☆☆☆,"[{'full_name': '苏州天孚光通信股份有限公司', 'subject_importance': None, 'subject_risk': None, 'orgid': 'T000060141', 'subject_code': None, 'subject_name': None, 'emotion': 'NEU', 'subject_risk_list': [], 'org_types': ['212100', '020006', '216003', '001001', '020011'], 'subject_importance_list': None}]",苏州天孚光通信股份有限公司,V3 (2024-12-21~2024-12-31),2024-12-30,2024-12-30 08:20:00
6c9942ee4ab417ca,天孚通信：12月30日召开董事会会议,搜狐-四川省,1735546984,0,https://www.sohu.com/a/843457952_115362,☆☆☆☆☆,"[{'full_name': '苏州天孚光通信股份有限公司', 'subject_importance': None, 'subject_risk': None, 'orgid': 'T000060141', 'subject_code': None, 'subject_name': None, 'emotion': 'NEU', 'subject_risk_list': [], 'org_types': ['212100', '020006', '216003', '001001', '020011'], 'subject_importance_list': None}]",苏州天孚光通信股份有限公司,V3 (2024-12-21~2024-12-31),2024-12-30,2024-12-30 08:23:04
77e2e49eca3d2c4e,（官方问答平台）北京君正：您的问题太宽泛了，请具体一些……,同花顺金融研究中心,1735547883,0,,☆☆☆☆☆,"[{'full_name': '北京君正集成电路股份有限公司', 'subject_importance': None, 'subject_risk': None, 'orgid': 'T000032799', 'subject_code': None, 'subject_name': None, 'emotion': 'NEU', 'subject_risk_list': [], 'org_types': ['001001', '020006', '212100', '216003'], 'subject_importance_list': None}]",北京君正集成电路股份有限公司,V3 (2024-12-21~2024-12-31),2024-12-30,2024-12-30 08:38:03
e571e992c996434f,（官方问答平台）北京君正：公司已经在做相关的研发……,同花顺金融研究中心,1735547883,0,,☆☆☆☆☆,"[{'full_name': '北京君正集成电路股份有限公司', 'subject_importance': None, 'subject_risk': None, 'orgid': 'T000032799', 'subject_code': None, 'subject_name': None, 'emotion': 'NEU', 'subject_risk_list': [], 'org_types': ['001001', '020006', '212100', '216003'], 'subject_importance_list': None}]",北京君正集成电路股份有限公司,V3 (2024-12-21~2024-12-31),2024-12-30,2024-12-30 08:38:03
5317efa4080cf0d7,（官方问答平台）北京君正：公司T系列产品为面向摄像头市场的芯片产品……,同花顺金融研究中心,1735548003,0,,☆☆☆☆☆,"[{'full_name': '北京君正集成电路股份有限公司', 'subject_importance': None, 'subject_risk': None, 'orgid': 'T000032799', 'subject_code': None, 'subject_name': None, 'emotion': 'NEU', 'subject_risk_list': [], 'org_types': ['001001', '020006', '212100', '216003'], 'subject_importance_list': None}]",北京君正集成电路股份有限公司,V3 (2024-12-21~2024-12-31),2024-12-30,2024-12-30 08:40:03
ba2500bf0a422968,（官方问答平台）北京君正：国内外大部分车企都有采用公司的芯片……,同花顺金融研究中心,1735548003,0,,☆☆☆☆☆,"[{'full_name': '北京君正集成电路股份有限公司', 'subject_importance': None, 'subject_risk': None, 'orgid': 'T000032799', 'subject_code': None, 'subject_name': None, 'emotion': 'NEU', 'subject_risk_list': [], 'org_types': ['001001', '020006', '212100', '216003'], 'subject_importance_list': None}]",北京君正集成电路股份有限公司,V3 (2024-12-21~2024-12-31),2024-12-30,2024-12-30 08:40:03
a7eb7c442dd1eca7,（官方问答平台）北京君正：这三位一直是公司的管理层，具体您可查看公司定期报告……,同花顺金融研究中心,1735548003,0,,☆☆☆☆☆,"[{'full_name': '北京君正集成电路股份有限公司', 'subject_importance': None, 'subject_risk': None, 'orgid': 'T000032799', 'subject_code': None, 'subject_name': None, 'emotion': 'NEU', 'subject_risk_list': [], 'org_types': ['001001', '020006', '212100', '216003'], 'subject_importance_list': None}]",北京君正集成电路股份有限公司,V3 (2024-12-21~2024-12-31),2024-12-30,2024-12-30 08:40:03
478bf6cfb8559c3e,东软集团、创业慧康等成立健康云数字科技公司,搜狐-江苏省,1735548328,0,https://www.sohu.com/a/843467948_422199,☆☆☆☆☆,"[{'full_name': '创业慧康科技股份有限公司', 'subject_importance': None, 'subject_risk': None, 'orgid': '00087886', 'subject_code': None, 'subject_name': None, 'emotion': 'NEU', 'subject_risk_list': [], 'org_types': ['001001', '216003', '212100', '020006'], 'subject_importance_list': None}]",创业慧康科技股份有限公司,V3 (2024-12-21~2024-12-31),2024-12-30,2024-12-30 08:45:28
166cf84f386971f6,天孚通信募投项目延期至2025年6月,东方财富网,1735548358,2,https://wap.eastmoney.com/a/202412303282795236.html,★★☆☆☆,"[{'full_name': '苏州天孚光通信股份有限公司', 'subject_importance': 2, 'subject_risk': '项目预警--项目进度不及预期', 'orgid': 'T000060141', 'subject_code': None, 'subject_name': None, 'emotion': 'NEG', 'subject_risk_list': ['R00009', 'R00009006'], 'org_types': ['212100', '020011', '001001', '216003', '020006'], 'subject_importance_list': ['stock@2']}]",苏州天孚光通信股份有限公司,V3 (2024-12-21~2024-12-31),2024-12-30,2024-12-30 08:45:58
8be226b427c8c449,北京君正：公司T系列产品为面向摄像头市场的芯片产品,证券之星股票,1735548727,0,https://stock.stockstar.com/IG2024123000021180.shtml,☆☆☆☆☆,"[{'full_name': '北京君正集成电路股份有限公司', 'subject_importance': None, 'subject_risk': None, 'orgid': 'T000032799', 'subject_code': None, 'subject_name': None, 'emotion': 'NEU', 'subject_risk_list': [], 'org_types': ['001001', '020006', '212100', '216003'], 'subject_importance_list': None}]",北京君正集成电路股份有限公司,V3 (2024-12-21~2024-12-31),2024-12-30,2024-12-30 08:52:07
ee1c8f8f0f915fd0,北京君正：公司已经在做端侧模型相关的研发,证券之星股票,1735548728,0,https://stock.stockstar.com/IG2024123000021181.shtml,☆☆☆☆☆,"[{'full_name': '北京君正集成电路股份有限公司', 'subject_importance': None, 'subject_risk': None, 'orgid': 'T000032799', 'subject_code': None, 'subject_name': None, 'emotion': 'NEU', 'subject_risk_list': [], 'org_types': ['001001', '020006', '212100', '216003'], 'subject_importance_list': None}]",北京君正集成电路股份有限公司,V3 (2024-12-21~2024-12-31),2024-12-30,2024-12-30 08:52:08
7a6581f067aaa1ef,北京君正：公司在做端侧的相关研发,证券之星股票,1735548732,0,https://stock.stockstar.com/IG2024123000021171.shtml,☆☆☆☆☆,"[{'full_name': '北京君正集成电路股份有限公司', 'subject_importance': None, 'subject_risk': None, 'orgid': 'T000032799', 'subject_code': None, 'subject_name': None, 'emotion': 'NEU', 'subject_risk_list': [], 'org_types': ['001001', '020006', '212100', '216003'], 'subject_importance_list': None}]",北京君正集成电路股份有限公司,V3 (2024-12-21~2024-12-31),2024-12-30,2024-12-30 08:52:12
3bd4cf12d3e0d59d,致远互联入选“2024年度低代码企业TOP50”榜单,致远互联,1735550049,0,https://www.seeyon.com/News/desc/id/6758/typeid/1.html,☆☆☆☆☆,"[{'full_name': '北京致远互联软件股份有限公司', 'subject_importance': None, 'subject_risk': None, 'orgid': 'T001908980', 'subject_code': None, 'subject_name': None, 'emotion': 'NEU', 'subject_risk_list': [], 'org_types': ['001001', '216011', '020006', '212001'], 'subject_importance_list': None}]",北京致远互联软件股份有限公司,V3 (2024-12-21~2024-12-31),2024-12-30,2024-12-30 09:14:09
649ba56d4f8f466f,2025年首批券商“金股”来了,微信-中国证券报,1735550583,0,https://mp.weixin.qq.com/s/nBsalEVkBNQjFEfexAj5vQ,☆☆☆☆☆,"[{'full_name': '兆易创新科技集团股份有限公司', 'subject_importance': None, 'subject_risk': None, 'orgid': 'T000125448', 'subject_code': None, 'subject_name': None, 'emotion': 'NEU', 'subject_risk_list': [], 'org_types': ['001001', '216001', '020006', '212001', '020010'], 'subject_importance_list': None}]",兆易创新科技集团股份有限公司,V3 (2024-12-21~2024-12-31),2024-12-30,2024-12-30 09:23:03
1f496c8698189ccf,喜报！卫宁健康WiNEX荣获第三届“鼎信杯”医疗赛道“金鼎产品奖”,微信-卫宁健康,1735551049,0,https://mp.weixin.qq.com/s?__biz=MzA3MjI5OTAyNA==&idx=1&mid=2651057364&sn=2bdb177e99dc7ea8244e4895e7f74da3,☆☆☆☆☆,"[{'full_name': '卫宁健康科技集团股份有限公司', 'subject_importance': None, 'subject_risk': None, 'orgid': 'T000027606', 'subject_code': None, 'subject_name': None, 'emotion': 'NEU', 'subject_risk_list': [], 'org_types': ['020006', '212100', '216003', '002', '001001'], 'subject_importance_list': None}]",卫宁健康科技集团股份有限公司,V3 (2024-12-21~2024-12-31),2024-12-30,2024-12-30 09:30:49
532934fe13d223c8,JT&N观点 | 中微诉美国科林技术秘密侵权案,微信-金诚同达,1735552121,0,https://mp.weixin.qq.com/s?__biz=MzA4MzUwMzIyNg==&idx=4&mid=2651475061&sn=4445640a2243630aacdaae03d67786d3,★★★☆☆,"[{'full_name': '中微半导体设备(上海)股份有限公司', 'subject_importance': 3, 'subject_risk': '经营预警--法律诉讼', 'orgid': 'Q01B38D3B0', 'subject_code': None, 'subject_name': None, 'emotion': 'NEG', 'subject_risk_list': ['R00007', 'R00007018'], 'org_types': ['216011', '212001', '020011', '020001', '001001'], 'subject_importance_list': ['stock@3']}]",中微半导体设备（上海）股份有限公司,V3 (2024-12-21~2024-12-31),2024-12-30,2024-12-30 09:48:41
fcd093e09f0aa988,四维图新：12月30日召开董事会会议,搜狐-四川省,1735552378,0,https://www.sohu.com/a/843498931_115362,☆☆☆☆☆,"[{'full_name': '北京四维图新科技股份有限公司', 'subject_importance': None, 'subject_risk': None, 'orgid': 'T000026674', 'subject_code': None, 'subject_name': None, 'emotion': 'NEU', 'subject_risk_list': [], 'org_types': ['020006', '001001', '216001', '002', '212100', '020001'], 'subject_importance_list': None}]",北京四维图新科技股份有限公司,V3 (2024-12-21~2024-12-31),2024-12-30,2024-12-30 09:52:58
35614fae2cbb989a,华工科技：12月30日召开董事会会议,搜狐-四川省,1735553584,0,https://www.sohu.com/a/843502664_115362,☆☆☆☆☆,"[{'full_name': '华工科技产业股份有限公司', 'subject_importance': None, 'subject_risk': None, 'orgid': '01000988', 'subject_code': None, 'subject_name': None, 'emotion': 'NEU', 'subject_risk_list': [], 'org_types': ['001001', '216001', '020001002002', '002', '212100', '020001'], 'subject_importance_list': None}]",华工科技产业股份有限公司,V3 (2024-12-21~2024-12-31),2024-12-30,2024-12-30 10:13:04
76c2bdc3609e7a67,稀缺！低PE+低PB的红利资产股仅33只，股息率最高超12%,微信-数据宝,1735554034,0,https://mp.weixin.qq.com/s/fZxj7WLViiNZFbeP3wwurw,☆☆☆☆☆,"[{'full_name': '中科寒武纪科技股份有限公司', 'subject_importance': None, 'subject_risk': None, 'orgid': 'T004646002', 'subject_code': None, 'subject_name': None, 'emotion': 'NEU', 'subject_risk_list': [], 'org_types': ['020006', '212001', '216011', '001001'], 'subject_importance_list': None}]",中科寒武纪科技股份有限公司,V3 (2024-12-21~2024-12-31),2024-12-30,2024-12-30 10:20:34
cd66c207cd11697e,中际旭创：关于全资子公司转让参股公司股权暨关联交易公告,深交所股票,1735554105,3,http://static.cninfo.com.cn/finalpage/2024-12-30/1222181726.PDF,★★★★☆,"[{'full_name': '中际旭创股份有限公司', 'subject_importance': 4, 'subject_risk': '市场预警--股权转让风险', 'orgid': 'T000056654', 'subject_code': None, 'subject_name': None, 'emotion': 'NEG', 'subject_risk_list': ['R00003', 'R00007', 'R00003026', 'R00007027'], 'org_types': ['001001', '216003', '020006', '020010', '212100'], 'subject_importance_list': ['stock@4']}]",中际旭创股份有限公司,V3 (2024-12-21~2024-12-31),2024-12-30,2024-12-30 10:21:45
4ceb8073fc0ceac0,四维图新荣获2024年度智能驾驶创新奖,电子发烧友网,1735554458,0,https://www.elecfans.com/d/6417032.html,☆☆☆☆☆,"[{'full_name': '北京四维图新科技股份有限公司', 'subject_importance': None, 'subject_risk': None, 'orgid': 'T000026674', 'subject_code': None, 'subject_name': None, 'emotion': 'NEU', 'subject_risk_list': [], 'org_types': ['020006', '001001', '216001', '002', '212100', '020001'], 'subject_importance_list': None}]",北京四维图新科技股份有限公司,V3 (2024-12-21~2024-12-31),2024-12-30,2024-12-30 10:27:38
7c2e0aaa211c9d15,2024软件和信息服务业助推高质量发展杰出贡献企业发布,中华网,1735554469,0,https://hea.china.com/article/20241230/122024_1624214.html,☆☆☆☆☆,"[{'full_name': '东华软件股份公司', 'subject_importance': None, 'subject_risk': None, 'orgid': '03131973', 'subject_code': None, 'subject_name': None, 'emotion': 'NEU', 'subject_risk_list': [], 'org_types': ['212100', '001001', '002', '216001', '020006'], 'subject_importance_list': None}]",东华软件股份公司,V3 (2024-12-21~2024-12-31),2024-12-30,2024-12-30 10:27:49
41093ebc16a440c8,中际旭创：全资子公司转让集益威半导体3.36%股权,新浪财经,1735554478,0,https://finance.sina.cn/7x24/2024-12-30/detail-inecfvkt1245898.d.html,☆☆☆☆☆,"[{'full_name': '中际旭创股份有限公司', 'subject_importance': None, 'subject_risk': None, 'orgid': 'T000056654', 'subject_code': None, 'subject_name': None, 'emotion': 'NEU', 'subject_risk_list': [], 'org_types': ['216003', '001001', '020010', '212100', '020006'], 'subject_importance_list': None}]",中际旭创股份有限公司,V3 (2024-12-21~2024-12-31),2024-12-30,2024-12-30 10:27:58
a057d9fc1a53d3a8,2025年首批券商“金股”来了！“杠铃”策略把握市场机遇,东方财富网,1735554511,0,https://finance.eastmoney.com/a/202412303282854635.html,☆☆☆☆☆,"[{'full_name': '华工科技产业股份有限公司', 'subject_importance': None, 'subject_risk': None, 'orgid': '01000988', 'subject_code': None, 'subject_name': None, 'emotion': 'NEU', 'subject_risk_list': [], 'org_types': ['020001002002', '002', '212100', '216001', '020001', '001001'], 'subject_importance_list': None}]",华工科技产业股份有限公司,V3 (2024-12-21~2024-12-31),2024-12-30,2024-12-30 10:28:31
a057d9fc1a53d3a8,2025年首批券商“金股”来了！“杠铃”策略把握市场机遇,东方财富网,1735554511,0,https://finance.eastmoney.com/a/202412303282854635.html,☆☆☆☆☆,"[{'full_name': '兆易创新科技集团股份有限公司', 'subject_importance': None, 'subject_risk': None, 'orgid': 'T000125448', 'subject_code': None, 'subject_name': None, 'emotion': 'NEU', 'subject_risk_list': [], 'org_types': ['001001', '216001', '020006', '212001', '020010'], 'subject_importance_list': None}]",兆易创新科技集团股份有限公司,V3 (2024-12-21~2024-12-31),2024-12-30,2024-12-30 10:28:31
2e0fd3d09834dceb,中际旭创：全资子公司拟将其持有的集益威半导体（上海）有限公司约3.36%的股权对外转让,和讯股票,1735554633,0,https://stock.hexun.com/2024-12-30/216506266.html,☆☆☆☆☆,"[{'full_name': '中际旭创股份有限公司', 'subject_importance': None, 'subject_risk': None, 'orgid': 'T000056654', 'subject_code': None, 'subject_name': None, 'emotion': 'NEU', 'subject_risk_list': [], 'org_types': ['216003', '001001', '020010', '212100', '020006'], 'subject_importance_list': None}]",中际旭创股份有限公司,V3 (2024-12-21~2024-12-31),2024-12-30,2024-12-30 10:30:33
d0d999b6ed35fbbf,中际旭创(300308.SZ)：苏州旭创拟转让所持集益威半导体(上海)股权,格隆汇资讯-公司信息,1735554781,0,https://www.gelonghui.com/news/4919269,★★★★☆,"[{'full_name': '中际旭创股份有限公司', 'subject_importance': 4, 'subject_risk': '经营预警--出售经营性资产', 'orgid': 'T000056654', 'subject_code': None, 'subject_name': None, 'emotion': 'NEG', 'subject_risk_list': ['R00007', 'R00007027'], 'org_types': ['001001', '216003', '020006', '020010', '212100'], 'subject_importance_list': ['stock@4']}]",中际旭创股份有限公司,V3 (2024-12-21~2024-12-31),2024-12-30,2024-12-30 10:33:01
5fefc8fe1979d1e,四维图新追加2024年度关联交易总额至不超过4.3亿元,东方财富网,1735555213,0,https://finance.eastmoney.com/a/202412303282880148.html,☆☆☆☆☆,"[{'full_name': '北京四维图新科技股份有限公司', 'subject_importance': None, 'subject_risk': None, 'orgid': 'T000026674', 'subject_code': None, 'subject_name': None, 'emotion': 'NEU', 'subject_risk_list': [], 'org_types': ['020006', '001001', '216001', '002', '212100', '020001'], 'subject_importance_list': None}]",北京四维图新科技股份有限公司,V3 (2024-12-21~2024-12-31),2024-12-30,2024-12-30 10:40:13
8c7962131b343d2e,利欧股份：关于累计诉讼、仲裁情况的公告,深交所股票,1735555454,3,http://static.cninfo.com.cn/finalpage/2024-12-31/1222181832.PDF,★★★☆☆,"[{'full_name': '利欧集团股份有限公司', 'subject_importance': 3, 'subject_risk': '经营预警--涉及仲裁', 'orgid': '03133589', 'subject_code': None, 'subject_name': None, 'emotion': 'NEG', 'subject_risk_list': ['R00007', 'R00007018', 'R00007041'], 'org_types': ['216001', '002', '001001', '020006', '212100'], 'subject_importance_list': ['bond@2', 'stock@3']}]",利欧集团股份有限公司,V3 (2024-12-21~2024-12-31),2024-12-30,2024-12-30 10:44:14
8ae648ae6ebe23fd,中公教育股东李永新再质押1200万股，累计质押超6亿股,证券之星财经,1735555905,2,https://finance.stockstar.com/IG2024123000026761.shtml,★★☆☆☆,"[{'full_name': '中公教育科技股份有限公司', 'subject_importance': 2, 'subject_risk': '市场预警--股份质押', 'orgid': 'T000045443', 'subject_code': None, 'subject_name': None, 'emotion': 'NEG', 'subject_risk_list': ['R00003', 'R00003024'], 'org_types': ['212100', '020006', '216001', '002', '001001'], 'subject_importance_list': ['bond@2', 'stock@2']}]",中公教育科技股份有限公司,V3 (2024-12-21~2024-12-31),2024-12-30,2024-12-30 10:51:45
eb601621dce1b692,拓尔思：12月30日召开董事会会议,每日经济新闻,1735556460,0,https://m.nbd.com.cn/articles/2024-12-30/3704844.html,☆☆☆☆☆,"[{'full_name': '拓尔思信息技术股份有限公司', 'subject_importance': None, 'subject_risk': None, 'orgid': 'T000034655', 'subject_code': None, 'subject_name': None, 'emotion': 'NEU', 'subject_risk_list': [], 'org_types': ['020006', '212100', '216003', '001001', '002'], 'subject_importance_list': None}]",拓尔思信息技术股份有限公司,V3 (2024-12-21~2024-12-31),2024-12-30,2024-12-30 11:01:00
c89b8bd00c293d35,拓尔思：12月30日召开董事会会议,新浪财经,1735556460,0,https://finance.sina.com.cn/stock/relnews/cn/2024-12-30/doc-inecfzsp4376114.shtml,☆☆☆☆☆,"[{'full_name': '拓尔思信息技术股份有限公司', 'subject_importance': None, 'subject_risk': None, 'orgid': 'T000034655', 'subject_code': None, 'subject_name': None, 'emotion': 'NEU', 'subject_risk_list': [], 'org_types': ['020006', '212100', '216003', '001001', '002'], 'subject_importance_list': None}]",拓尔思信息技术股份有限公司,V3 (2024-12-21~2024-12-31),2024-12-30,2024-12-30 11:01:00
3e3da66cb5de79fe,拓尔思：12月30日召开董事会会议,搜狐-四川省,1735556572,0,https://www.sohu.com/a/843524248_115362,☆☆☆☆☆,"[{'full_name': '拓尔思信息技术股份有限公司', 'subject_importance': None, 'subject_risk': None, 'orgid': 'T000034655', 'subject_code': None, 'subject_name': None, 'emotion': 'NEU', 'subject_risk_list': [], 'org_types': ['020006', '212100', '216003', '001001', '002'], 'subject_importance_list': None}]",拓尔思信息技术股份有限公司,V3 (2024-12-21~2024-12-31),2024-12-30,2024-12-30 11:02:52
141ac716dffa220f,中际旭创子公司拟转让所持集益威半导体3.3619%股权,东方财富网,1735556617,2,https://finance.eastmoney.com/a/202412303282900794.html,★★★★☆,"[{'full_name': '中际旭创股份有限公司', 'subject_importance': 4, 'subject_risk': '经营预警--出售经营性资产', 'orgid': 'T000056654', 'subject_code': None, 'subject_name': None, 'emotion': 'NEG', 'subject_risk_list': ['R00007', 'R00007027'], 'org_types': ['001001', '216003', '020006', '020010', '212100'], 'subject_importance_list': ['stock@4']}]",中际旭创股份有限公司,V3 (2024-12-21~2024-12-31),2024-12-30,2024-12-30 11:03:37
c88ddd45738ad86c,利欧股份累计诉讼仲裁金额达16.79亿,东方财富网,1735556637,0,https://wap.eastmoney.com/a/202412303282901566.html,★★☆☆☆,"[{'full_name': '利欧集团股份有限公司', 'subject_importance': 2, 'subject_risk': '经营预警--涉及仲裁', 'orgid': '03133589', 'subject_code': None, 'subject_name': None, 'emotion': 'NEG', 'subject_risk_list': ['R00007', 'R00007041'], 'org_types': ['216001', '002', '001001', '020006', '212100'], 'subject_importance_list': ['bond@2', 'stock@2']}]",利欧集团股份有限公司,V3 (2024-12-21~2024-12-31),2024-12-30,2024-12-30 11:03:57
894ae93920758c4f,中际旭创(300308.SZ)子公司拟出售集益威半导体(上海)3.3619%股权 预计收益2591.51万元,智通财经,1735556772,2,https://www.zhitongcaijing.com/content/detail/1231044.html,★★★★☆,"[{'full_name': '中际旭创股份有限公司', 'subject_importance': 4, 'subject_risk': '经营预警--出售经营性资产', 'orgid': 'T000056654', 'subject_code': None, 'subject_name': None, 'emotion': 'NEG', 'subject_risk_list': ['R00007', 'R00007027'], 'org_types': ['001001', '216003', '020006', '020010', '212100'], 'subject_importance_list': ['stock@4']}]",中际旭创股份有限公司,V3 (2024-12-21~2024-12-31),2024-12-30,2024-12-30 11:06:12
fc9786385d3398fa,中际旭创：全资子公司拟转让集益威半导体（上海）有限公司3.3619%股权,网易,1735557597,0,https://www.163.com/dy/article/JKM8Q4E90514R9P4.html,☆☆☆☆☆,"[{'full_name': '中际旭创股份有限公司', 'subject_importance': None, 'subject_risk': None, 'orgid': 'T000056654', 'subject_code': None, 'subject_name': None, 'emotion': 'NEU', 'subject_risk_list': [], 'org_types': ['216003', '001001', '020010', '212100', '020006'], 'subject_importance_list': None}]",中际旭创股份有限公司,V3 (2024-12-21~2024-12-31),2024-12-30,2024-12-30 11:19:57
10b2a433fb99b0ca,利欧股份：累计诉讼、仲裁事项涉及金额合计16.79亿元,网易,1735557608,2,https://www.163.com/dy/article/JKM8Q9910514R9P4.html,★★★☆☆,"[{'full_name': '利欧集团股份有限公司', 'subject_importance': 3, 'subject_risk': '经营预警--法律诉讼', 'orgid': '03133589', 'subject_code': None, 'subject_name': None, 'emotion': 'NEG', 'subject_risk_list': ['R00007', 'R00007018'], 'org_types': ['216001', '002', '001001', '020006', '212100'], 'subject_importance_list': ['bond@2', 'stock@3']}]",利欧集团股份有限公司,V3 (2024-12-21~2024-12-31),2024-12-30,2024-12-30 11:20:08
2652c10e9475bc23,紫光国微：关于公司独立董事辞职的公告,深交所股票,1735557636,1,http://static.cninfo.com.cn/finalpage/2024-12-31/1222183038.PDF,★★★☆☆,"[{'full_name': '紫光国芯微电子股份有限公司', 'subject_importance': 3, 'subject_risk': '管理预警--核心人员离职', 'orgid': '03131126', 'subject_code': None, 'subject_name': None, 'emotion': 'NEG', 'subject_risk_list': ['R00006', 'R00006003', 'R00006004'], 'org_types': ['212100', '216001', '002', '020006', '001001'], 'subject_importance_list': ['stock@3', 'bond@3']}]",紫光国芯微电子股份有限公司,V3 (2024-12-21~2024-12-31),2024-12-30,2024-12-30 11:20:36
5bebc0c643613fd1,数字政通：关于董事会、监事会完成换届选举及聘任高级管理人员的公告,深交所股票,1735558464,1,http://static.cninfo.com.cn/finalpage/2024-12-30/1222183388.PDF,★★★☆☆,"[{'full_name': '北京数字政通科技股份有限公司', 'subject_importance': 3, 'subject_risk': '管理预警--董监高变更预警', 'orgid': 'T000027204', 'subject_code': None, 'subject_name': None, 'emotion': 'NEG', 'subject_risk_list': ['R00006', 'R00006003'], 'org_types': ['001001', '216003', '212100', '020006'], 'subject_importance_list': ['stock@3']}]",北京数字政通科技股份有限公司,V3 (2024-12-21~2024-12-31),2024-12-30,2024-12-30 11:34:24
efff2e59583fad05,杭州成立低空经济产业联合会 咸亨国际等多家A股公司现身,证券时报e公司,1735560002,0,https://www.egsea.com/news/detail/1951212.html,☆☆☆☆☆,"[{'full_name': '杭州安恒信息技术股份有限公司', 'subject_importance': None, 'subject_risk': None, 'orgid': 'T001301651', 'subject_code': None, 'subject_name': None, 'emotion': 'NEU', 'subject_risk_list': [], 'org_types': ['212001', '216011', '001001', '020006'], 'subject_importance_list': None}]",杭州安恒信息技术股份有限公司,V3 (2024-12-21~2024-12-31),2024-12-30,2024-12-30 12:00:02
de0b3af7f5d923a6,“医疗大模型第一股”今日敲钟 讯飞医疗登陆香港联交所主板,证券时报e公司,1735560002,0,https://www.egsea.com/news/detail/1951219.html,☆☆☆☆☆,"[{'full_name': '科大讯飞股份有限公司', 'subject_importance': None, 'subject_risk': None, 'orgid': '03134688', 'subject_code': None, 'subject_name': None, 'emotion': 'NEU', 'subject_risk_list': [], 'org_types': ['216001', '001001', '002', '212100', '020006'], 'subject_importance_list': None}]",科大讯飞股份有限公司,V3 (2024-12-21~2024-12-31),2024-12-30,2024-12-30 12:00:02
d2efae5573794f6e,看2025丨金山办公章庆元：继续探索AI技术和办公场景的结合,新京报,1735560799,0,https://www.bjnews.com.cn/detail/1735560598168030.html,☆☆☆☆☆,"[{'full_name': '北京金山办公软件股份有限公司', 'subject_importance': None, 'subject_risk': None, 'orgid': 'T001323122', 'subject_code': None, 'subject_name': None, 'emotion': 'NEU', 'subject_risk_list': [], 'org_types': ['216011', '020011', '001001', '020006', '212001'], 'subject_importance_list': None}]",北京金山办公软件股份有限公司,V3 (2024-12-21~2024-12-31),2024-12-30,2024-12-30 12:13:19
4f830916ff434aa7,科大讯飞：控股子公司讯飞医疗科技股份有限公司H股挂牌并上市交易。,新浪财经,1735561484,0,https://finance.sina.cn/7x24/2024-12-30/detail-inecfzsp4392537.d.html,☆☆☆☆☆,"[{'full_name': '科大讯飞股份有限公司', 'subject_importance': None, 'subject_risk': None, 'orgid': '03134688', 'subject_code': None, 'subject_name': None, 'emotion': 'NEU', 'subject_risk_list': [], 'org_types': ['216001', '001001', '002', '212100', '020006'], 'subject_importance_list': None}]",科大讯飞股份有限公司,V3 (2024-12-21~2024-12-31),2024-12-30,2024-12-30 12:24:44
32776aee4a0cec8b,65亿合肥科技大佬，又拿下一个百亿IPO,网易,1735561604,0,https://www.163.com/dy/article/JKMC7GUK051994KN.html?clickfrom=w_money,☆☆☆☆☆,"[{'full_name': '科大讯飞股份有限公司', 'subject_importance': None, 'subject_risk': None, 'orgid': '03134688', 'subject_code': None, 'subject_name': None, 'emotion': 'NEU', 'subject_risk_list': [], 'org_types': ['216001', '001001', '002', '212100', '020006'], 'subject_importance_list': None}]",科大讯飞股份有限公司,V3 (2024-12-21~2024-12-31),2024-12-30,2024-12-30 12:26:44
fc84187eaa0caba5,科大讯飞：子公司讯飞医疗 H 股上市 2506,和讯股票,1735562730,0,https://stock.hexun.com/2024-12-30/216508832.html,☆☆☆☆☆,"[{'full_name': '科大讯飞股份有限公司', 'subject_importance': None, 'subject_risk': None, 'orgid': '03134688', 'subject_code': None, 'subject_name': None, 'emotion': 'NEU', 'subject_risk_list': [], 'org_types': ['216001', '001001', '002', '212100', '020006'], 'subject_importance_list': None}]",科大讯飞股份有限公司,V3 (2024-12-21~2024-12-31),2024-12-30,2024-12-30 12:45:30
be4b619c894d0a25,（官方问答平台）华工科技：公司拥有光通信行业领先的一站式解决方案，具备从芯片到器件、模块、子系统全系列产品的垂直整合能力，持续夯实全球光模块供应商行业领先地位，在AIGC、云计算、5G-A行业应用等推动下，业务全面向高端升级，在Net5.5G（AIGC）业务领域，公司产品包括运用于数据中心市场的400G、800G、1.6T高速光模块，基本实现高端光芯片自主可控，具备硅光芯片到模块的全自研设计能力，公司积极开拓光联接业务海外市场，已在多家头部客户进行400G、800G以及1.6T数通光模块产品的测试，具体进度请您关注公司相关公告，感谢您对公司的关注……,同花顺金融研究中心,1735562883,0,,☆☆☆☆☆,"[{'full_name': '华工科技产业股份有限公司', 'subject_importance': None, 'subject_risk': None, 'orgid': '01000988', 'subject_code': None, 'subject_name': None, 'emotion': 'NEU', 'subject_risk_list': [], 'org_types': ['001001', '216001', '020001002002', '002', '212100', '020001'], 'subject_importance_list': None}]",华工科技产业股份有限公司,V3 (2024-12-21~2024-12-31),2024-12-30,2024-12-30 12:48:03
fd50fcfc22067e28,（官方问答平台）华工科技：公司推出的第五代三维五轴激光切割智能装备，以最新研发的AI技术串联起智能装备的“售、教、用、调、保”全流程，代表着目前全球激光数控机床的最高技术水平，产品荣获2024年工信部“国家级制造业单项冠军产品”称号，随着市场和经济的快速发展，在汽车、机车、工程机械及模具等行业对三维五轴激光切割智能装备的需求将会不断扩大……,同花顺金融研究中心,1735562883,0,,☆☆☆☆☆,"[{'full_name': '华工科技产业股份有限公司', 'subject_importance': None, 'subject_risk': None, 'orgid': '01000988', 'subject_code': None, 'subject_name': None, 'emotion': 'NEU', 'subject_risk_list': [], 'org_types': ['001001', '216001', '020001002002', '002', '212100', '020001'], 'subject_importance_list': None}]",华工科技产业股份有限公司,V3 (2024-12-21~2024-12-31),2024-12-30,2024-12-30 12:48:03
2bf7fd0415985edd,（官方问答平台）华工科技：公司聚焦“感知、光联接、激光+智能制造”三大核心业务，面向国内、国际两大市场，聚焦新能源汽车产业链、船舶制造、AI产业赛道，持续推动关键核心技术突破，打造专精特新产品，今年前三季度公司实现合并营业收入90.02亿元，同比增长23.42%，经营业绩及盈利能力持续保持增量，感谢您对公司的关注……,同花顺金融研究中心,1735562883,0,,☆☆☆☆☆,"[{'full_name': '华工科技产业股份有限公司', 'subject_importance': None, 'subject_risk': None, 'orgid': '01000988', 'subject_code': None, 'subject_name': None, 'emotion': 'NEU', 'subject_risk_list': [], 'org_types': ['001001', '216001', '020001002002', '002', '212100', '020001'], 'subject_importance_list': None}]",华工科技产业股份有限公司,V3 (2024-12-21~2024-12-31),2024-12-30,2024-12-30 12:48:03
72f7a6170e1e1a44,（官方问答平台）华工科技：公司拥有光通信行业领先的一站式解决方案，具备从芯片到器件、模块、子系统全系列产品的垂直整合能力，持续夯实全球光模块供应商行业领先地位，在AIGC、云计算、5G-A行业应用等推动下，业务全面向高端升级，在Net5.5G（AIGC）业务领域，公司产品包括运用于数据中心市场的400G、800G、1.6T高速光模块，基本实现高端光芯片自主可控，具备硅光芯片到模块的全自研设计能力，感谢您对公司的关注……,同花顺金融研究中心,1735562883,0,,☆☆☆☆☆,"[{'full_name': '华工科技产业股份有限公司', 'subject_importance': None, 'subject_risk': None, 'orgid': '01000988', 'subject_code': None, 'subject_name': None, 'emotion': 'NEU', 'subject_risk_list': [], 'org_types': ['001001', '216001', '020001002002', '002', '212100', '020001'], 'subject_importance_list': None}]",华工科技产业股份有限公司,V3 (2024-12-21~2024-12-31),2024-12-30,2024-12-30 12:48:03
5bdac22a42818ded,（官方问答平台）华工科技：公司激光+智能制造业务中智能装备事业群稳步发展，围绕“装备智能化、产线自动化、工厂智慧化”产品体系，发展“激光+AI”，重点突破核心信息化技术，提升智能制造整体解决方案软硬件融合能力……,同花顺金融研究中心,1735562883,0,,☆☆☆☆☆,"[{'full_name': '华工科技产业股份有限公司', 'subject_importance': None, 'subject_risk': None, 'orgid': '01000988', 'subject_code': None, 'subject_name': None, 'emotion': 'NEU', 'subject_risk_list': [], 'org_types': ['001001', '216001', '020001002002', '002', '212100', '020001'], 'subject_importance_list': None}]",华工科技产业股份有限公司,V3 (2024-12-21~2024-12-31),2024-12-30,2024-12-30 12:48:03
62fd00141d1131e5,（官方问答平台）恒华科技：公司作为“BIM平台软件及行业数字化应用和运营服务商”，深度挖掘不同行业数字化转型需求，持续开展自主BIM核心技术与大数据、物联网、云计算、人工智能、区块链等技术和理念的融合，积极服务智慧城市建设，聚焦能源大数据分析与增值服务，开展基于电力大数据征信、能源数据分析、用电行为分析等电力垂直细分领域大数据应用，以及面向生态环境管理部门、重点用能企业的双碳智慧应用服务……,同花顺金融研究中心,1735562884,0,,☆☆☆☆☆,"[{'full_name': '北京恒华伟业科技股份有限公司', 'subject_importance': None, 'subject_risk': None, 'orgid': 'T000058552', 'subject_code': None, 'subject_name': None, 'emotion': 'NEU', 'subject_risk_list': [], 'org_types': ['216003', '001001', '020006', '212100'], 'subject_importance_list': None}]",北京恒华伟业科技股份有限公司,V3 (2024-12-21~2024-12-31),2024-12-30,2024-12-30 12:48:04
d8914318f6883b3e,（官方问答平台）中科创达：公司推出的RUBIK AI Glass Lite版解决方案，已获得品牌客户的选型合作……,同花顺金融研究中心,1735563009,0,,☆☆☆☆☆,"[{'full_name': '中科创达软件股份有限公司', 'subject_importance': None, 'subject_risk': None, 'orgid': 'T000126521', 'subject_code': None, 'subject_name': None, 'emotion': 'NEU', 'subject_risk_list': [], 'org_types': ['001001', '020011', '020006', '212100', '216003'], 'subject_importance_list': None}]",中科创达软件股份有限公司,V3 (2024-12-21~2024-12-31),2024-12-30,2024-12-30 12:50:09
d6a8f67f6114e41,（官方问答平台）中科创达：MR（混合现实）、XR（扩展现实）和AR（增强现实）是构建元宇宙的关键技术……,同花顺金融研究中心,1735563009,0,,☆☆☆☆☆,"[{'full_name': '中科创达软件股份有限公司', 'subject_importance': None, 'subject_risk': None, 'orgid': 'T000126521', 'subject_code': None, 'subject_name': None, 'emotion': 'NEU', 'subject_risk_list': [], 'org_types': ['001001', '020011', '020006', '212100', '216003'], 'subject_importance_list': None}]",中科创达软件股份有限公司,V3 (2024-12-21~2024-12-31),2024-12-30,2024-12-30 12:50:09
eb7f264c31b1546c,恒华科技：德胜无忧养老平台现已停止使用,同花顺iNews,1735563009,0,http://yuanchuang.10jqka.com.cn/20241230/c665029605.shtml,☆☆☆☆☆,"[{'full_name': '北京恒华伟业科技股份有限公司', 'subject_importance': None, 'subject_risk': None, 'orgid': 'T000058552', 'subject_code': None, 'subject_name': None, 'emotion': 'NEU', 'subject_risk_list': [], 'org_types': ['216003', '001001', '020006', '212100'], 'subject_importance_list': None}]",北京恒华伟业科技股份有限公司,V3 (2024-12-21~2024-12-31),2024-12-30,2024-12-30 12:50:09
5b6af0471e667458,华工科技：公司推出的数通光模块产品将为公司光联接业务提供明显业绩贡献,证券之星股票,1735563121,0,https://stock.stockstar.com/IG2024123000032021.shtml,☆☆☆☆☆,"[{'full_name': '华工科技产业股份有限公司', 'subject_importance': None, 'subject_risk': None, 'orgid': '01000988', 'subject_code': None, 'subject_name': None, 'emotion': 'NEU', 'subject_risk_list': [], 'org_types': ['001001', '216001', '020001002002', '002', '212100', '020001'], 'subject_importance_list': None}]",华工科技产业股份有限公司,V3 (2024-12-21~2024-12-31),2024-12-30,2024-12-30 12:52:01
16a7b9cfe40e7117,科大讯飞控股子公司讯飞医疗H股成功挂牌上市,东方财富网,1735563313,0,https://finance.eastmoney.com/a/202412303282964546.html,☆☆☆☆☆,"[{'full_name': '科大讯飞股份有限公司', 'subject_importance': None, 'subject_risk': None, 'orgid': '03134688', 'subject_code': None, 'subject_name': None, 'emotion': 'NEU', 'subject_risk_list': [], 'org_types': ['216001', '001001', '002', '212100', '020006'], 'subject_importance_list': None}]",科大讯飞股份有限公司,V3 (2024-12-21~2024-12-31),2024-12-30,2024-12-30 12:55:13
c8fc57e190fbd238,华工科技：聚焦“感知、光联接、激光+智能制造”三大核心业务,证券之星股票,1735563416,0,https://stock.stockstar.com/IG2024123000032078.shtml,☆☆☆☆☆,"[{'full_name': '华工科技产业股份有限公司', 'subject_importance': None, 'subject_risk': None, 'orgid': '01000988', 'subject_code': None, 'subject_name': None, 'emotion': 'NEU', 'subject_risk_list': [], 'org_types': ['001001', '216001', '020001002002', '002', '212100', '020001'], 'subject_importance_list': None}]",华工科技产业股份有限公司,V3 (2024-12-21~2024-12-31),2024-12-30,2024-12-30 12:56:56
fec0b6f84460ee62,*ST银江：关于公司股票被实施其他风险警示相关事项的进展公告,深交所股票,1735563969,3,http://static.cninfo.com.cn/finalpage/2024-12-30/1222184427.PDF,★★★★☆,"[{'full_name': '银江技术股份有限公司', 'subject_importance': 4, 'subject_risk': '市场预警--其他风险警示', 'orgid': 'T000025749', 'subject_code': None, 'subject_name': None, 'emotion': 'NEG', 'subject_risk_list': ['R00003', 'R00003035'], 'org_types': ['001001', '216003', '002', '212100', '020006'], 'subject_importance_list': ['bond@4', 'stock@4']}]",银江技术股份有限公司,V3 (2024-12-21~2024-12-31),2024-12-30,2024-12-30 13:06:09
ee56bdbb894f155d,监管风暴医疗反腐双管齐下，医药领域多名高管被留置｜2024中国经济年报,华夏时报网,1735564077,2,https://www.chinatimes.net.cn/article/142102.html,★☆☆☆☆,"[{'full_name': '卫宁健康科技集团股份有限公司', 'subject_importance': 1, 'subject_risk': '管理预警', 'orgid': 'T000027606', 'subject_code': None, 'subject_name': None, 'emotion': 'NEG', 'subject_risk_list': ['R00006'], 'org_types': ['020006', '216003', '001001', '212100', '002'], 'subject_importance_list': ['bond@1', 'stock@1']}]",卫宁健康科技集团股份有限公司,V3 (2024-12-21~2024-12-31),2024-12-30,2024-12-30 13:07:57
1094bfeede82426b,中新健康｜“医疗大模型第一股”讯飞医疗在港交所上市,新浪财经,1735564961,0,https://finance.sina.com.cn/roll/2024-12-30/doc-inecfzsp4417279.shtml,☆☆☆☆☆,"[{'full_name': '科大讯飞股份有限公司', 'subject_importance': None, 'subject_risk': None, 'orgid': '03134688', 'subject_code': None, 'subject_name': None, 'emotion': 'NEU', 'subject_risk_list': [], 'org_types': ['216001', '001001', '212100', '002', '020006'], 'subject_importance_list': None}]",科大讯飞股份有限公司,V3 (2024-12-21~2024-12-31),2024-12-30,2024-12-30 13:22:41
3e54492abba2106b,一图读懂 | 科创板上市公司2024年度重要科技创新成果盘点,新浪财经,1735565160,0,https://finance.sina.com.cn/roll/2024-12-30/doc-inechfyr3346711.shtml,☆☆☆☆☆,"[{'full_name': '澜起科技股份有限公司', 'subject_importance': None, 'subject_risk': None, 'orgid': 'Q0044AA455', 'subject_code': None, 'subject_name': None, 'emotion': 'NEU', 'subject_risk_list': [], 'org_types': ['001001', '020011', '212001', '216011'], 'subject_importance_list': None}]",澜起科技股份有限公司,V3 (2024-12-21~2024-12-31),2024-12-30,2024-12-30 13:26:00
38ac58a95be56dbb,华工科技：第五代三维五轴激光切割装备获国家级制造业单项冠军,金融界财经,1735565222,0,https://finance.jrj.com.cn/2024/12/30205346960737.shtml,☆☆☆☆☆,"[{'full_name': '华工科技产业股份有限公司', 'subject_importance': None, 'subject_risk': None, 'orgid': '01000988', 'subject_code': None, 'subject_name': None, 'emotion': 'NEU', 'subject_risk_list': [], 'org_types': ['001001', '216001', '020001002002', '002', '212100', '020001'], 'subject_importance_list': None}]",华工科技产业股份有限公司,V3 (2024-12-21~2024-12-31),2024-12-30,2024-12-30 13:27:02
7bf9c4a00c6b40a,科大讯飞：讯飞医疗 H 股 12 月 30 日上市 2506,和讯网,1735566701,0,https://hkstock.hexun.com/2024-12-30/216509293.html,☆☆☆☆☆,"[{'full_name': '科大讯飞股份有限公司', 'subject_importance': None, 'subject_risk': None, 'orgid': '03134688', 'subject_code': None, 'subject_name': None, 'emotion': 'NEU', 'subject_risk_list': [], 'org_types': ['216001', '001001', '002', '212100', '020006'], 'subject_importance_list': None}]",科大讯飞股份有限公司,V3 (2024-12-21~2024-12-31),2024-12-30,2024-12-30 13:51:41
563a59f8e76902b6,市值105亿港元！讯飞医疗登陆港股 科大讯飞刘庆峰资本版图再下一城,东方财富网,1735567808,0,https://finance.eastmoney.com/a/202412303283030212.html,☆☆☆☆☆,"[{'full_name': '科大讯飞股份有限公司', 'subject_importance': None, 'subject_risk': None, 'orgid': '03134688', 'subject_code': None, 'subject_name': None, 'emotion': 'NEU', 'subject_risk_list': [], 'org_types': ['216001', '001001', '002', '212100', '020006'], 'subject_importance_list': None}]",科大讯飞股份有限公司,V3 (2024-12-21~2024-12-31),2024-12-30,2024-12-30 14:10:08
227522c245b6bd3b,A股赚钱韧性最强的公司“北方华创”！,财富号,1735567922,0,https://caifuhao.eastmoney.com/news/20241230210032730635390,☆☆☆☆☆,"[{'full_name': '北方华创科技集团股份有限公司', 'subject_importance': None, 'subject_risk': None, 'orgid': 'T000007615', 'subject_code': None, 'subject_name': None, 'emotion': 'NEU', 'subject_risk_list': [], 'org_types': ['216001', '001001', '020001002002', '020001', '212100', '002'], 'subject_importance_list': None}]",北方华创科技集团股份有限公司,V3 (2024-12-21~2024-12-31),2024-12-30,2024-12-30 14:12:02
90ab3ca3c47eed86,北方华创高管唐飞减持2000股，减持金额83.59万元,和讯股票,1735573262,2,https://stock.hexun.com/2024-12-30/216510896.html,★★☆☆☆,"[{'full_name': '北方华创科技集团股份有限公司', 'subject_importance': 2, 'subject_risk': '市场预警--减持套现', 'orgid': 'T000007615', 'subject_code': None, 'subject_name': None, 'emotion': 'NEG', 'subject_risk_list': ['R00003', 'R00003036'], 'org_types': ['216001', '020001002002', '002', '001001', '212100', '020001'], 'subject_importance_list': ['stock@2', 'bond@2']}]",北方华创科技集团股份有限公司,V3 (2024-12-21~2024-12-31),2024-12-30,2024-12-30 15:41:02
9649d5b2bfe577f0,中科创达：公司推出的RUBIK AI Glass Lite版解决方案，已获得品牌客户的选型合作,和讯股票,1735573381,0,https://stock.hexun.com/2024-12-30/216510940.html,☆☆☆☆☆,"[{'full_name': '中科创达软件股份有限公司', 'subject_importance': None, 'subject_risk': None, 'orgid': 'T000126521', 'subject_code': None, 'subject_name': None, 'emotion': 'NEU', 'subject_risk_list': [], 'org_types': ['001001', '020011', '020006', '212100', '216003'], 'subject_importance_list': None}]",中科创达软件股份有限公司,V3 (2024-12-21~2024-12-31),2024-12-30,2024-12-30 15:43:01
3065f7b5eeb1a9af,北京君正：公司在做端侧的相关研发,搜狐-四川省,1735573969,0,https://www.sohu.com/a/843612213_115362,☆☆☆☆☆,"[{'full_name': '北京君正集成电路股份有限公司', 'subject_importance': None, 'subject_risk': None, 'orgid': 'T000032799', 'subject_code': None, 'subject_name': None, 'emotion': 'NEU', 'subject_risk_list': [], 'org_types': ['001001', '020006', '212100', '216003'], 'subject_importance_list': None}]",北京君正集成电路股份有限公司,V3 (2024-12-21~2024-12-31),2024-12-30,2024-12-30 15:52:49
106974a81b37f35f,北京君正：公司在做端侧的相关研发,网易,1735574171,0,https://www.163.com/dy/article/JKMOSP1K0512B07B.html?spss=dy_author,☆☆☆☆☆,"[{'full_name': '北京君正集成电路股份有限公司', 'subject_importance': None, 'subject_risk': None, 'orgid': 'T000032799', 'subject_code': None, 'subject_name': None, 'emotion': 'NEU', 'subject_risk_list': [], 'org_types': ['001001', '020006', '212100', '216003'], 'subject_importance_list': None}]",北京君正集成电路股份有限公司,V3 (2024-12-21~2024-12-31),2024-12-30,2024-12-30 15:56:11
58b666352e2ec9ba,科大讯飞股份有限公司 第六届董事会第十二次会议决议公告,上海证券报,1735574400,0,http://paper.cnstock.com/html/2024-12/31/content_2013115.htm,☆☆☆☆☆,"[{'full_name': '科大讯飞股份有限公司', 'subject_importance': None, 'subject_risk': None, 'orgid': '03134688', 'subject_code': None, 'subject_name': None, 'emotion': 'NEU', 'subject_risk_list': [], 'org_types': ['216001', '001001', '002', '212100', '020006'], 'subject_importance_list': None}]",科大讯飞股份有限公司,V3 (2024-12-21~2024-12-31),2024-12-30,2024-12-30 16:00:00
9a9b135006ba54ba,计算机股票研究：计算机国产大模型性能领先 场景应用加速落地,新浪财经,1735574400,0,http://stock.finance.sina.com.cn/stock/go.php/vReport_Show/kind/industry/rptid/788960745876/index.phtml,☆☆☆☆☆,"[{'full_name': '万兴科技集团股份有限公司', 'subject_importance': None, 'subject_risk': None, 'orgid': 'T000159214', 'subject_code': None, 'subject_name': None, 'emotion': 'NEU', 'subject_risk_list': [], 'org_types': ['020006', '001001', '212100', '216003', '002'], 'subject_importance_list': None}]",万兴科技集团股份有限公司,V3 (2024-12-21~2024-12-31),2024-12-30,2024-12-30 16:00:00
9a9b135006ba54ba,计算机股票研究：计算机国产大模型性能领先 场景应用加速落地,新浪财经,1735574400,0,http://stock.finance.sina.com.cn/stock/go.php/vReport_Show/kind/industry/rptid/788960745876/index.phtml,☆☆☆☆☆,"[{'full_name': '科大讯飞股份有限公司', 'subject_importance': None, 'subject_risk': None, 'orgid': '03134688', 'subject_code': None, 'subject_name': None, 'emotion': 'NEU', 'subject_risk_list': [], 'org_types': ['212100', '216001', '002', '001001', '020006'], 'subject_importance_list': None}]",科大讯飞股份有限公司,V3 (2024-12-21~2024-12-31),2024-12-30,2024-12-30 16:00:00
f07e81874d643f26,北方华创(002371)：刻蚀和薄膜沉积设备领域优势突出 打造平台型设备龙头,新浪财经,1735574400,0,http://stock.finance.sina.com.cn/stock/go.php/vReport_Show/kind/lastest/rptid/789009866213/index.phtml,☆☆☆☆☆,"[{'full_name': '北方华创科技集团股份有限公司', 'subject_importance': None, 'subject_risk': None, 'orgid': 'T000007615', 'subject_code': None, 'subject_name': None, 'emotion': 'NEU', 'subject_risk_list': [], 'org_types': ['216001', '001001', '020001002002', '020001', '212100', '002'], 'subject_importance_list': None}]",北方华创科技集团股份有限公司,V3 (2024-12-21~2024-12-31),2024-12-30,2024-12-30 16:00:00
9a9b135006ba54ba,计算机股票研究：计算机国产大模型性能领先 场景应用加速落地,新浪财经,1735574400,0,http://stock.finance.sina.com.cn/stock/go.php/vReport_Show/kind/industry/rptid/788960745876/index.phtml,☆☆☆☆☆,"[{'full_name': '虹软科技股份有限公司', 'subject_importance': None, 'subject_risk': None, 'orgid': 'T003041965', 'subject_code': None, 'subject_name': None, 'emotion': 'NEU', 'subject_risk_list': [], 'org_types': ['020003', '001001', '216011', '212001', '020011'], 'subject_importance_list': None}]",虹软科技股份有限公司,V3 (2024-12-21~2024-12-31),2024-12-30,2024-12-30 16:00:00
493d099ad79b189c,12月30日股市必读：天孚通信（300394）当日主力资金净流出6.06亿元，占总成交额18.59%,证券之星股票,1735574908,0,http://stock.stockstar.com/RB2024123100000012.shtml,☆☆☆☆☆,"[{'full_name': '苏州天孚光通信股份有限公司', 'subject_importance': None, 'subject_risk': None, 'orgid': 'T000060141', 'subject_code': None, 'subject_name': None, 'emotion': 'NEU', 'subject_risk_list': [], 'org_types': ['212100', '020006', '216003', '001001', '020011'], 'subject_importance_list': None}]",苏州天孚光通信股份有限公司,V3 (2024-12-21~2024-12-31),2024-12-30,2024-12-30 16:08:28
d5f02bf0338f4027,创新突破！广东因赛集团推出人物营销视频生成新方法,donews,1736886962,0,https://www.donews.com/news/detail/4/4704095.html,☆☆☆☆☆,"[{'full_name': '广东因赛品牌营销集团股份有限公司', 'subject_importance': None, 'subject_risk': None, 'orgid': 'T004054988', 'subject_code': None, 'subject_name': None, 'emotion': 'NEU', 'subject_risk_list': [], 'org_types': ['001001', '216003', '020006', '212100'], 'subject_importance_list': None}]",广东因赛品牌营销集团股份有限公司,R1 (2025-01-15~2025-01-25),2025-01-14,2025-01-14 20:36:02
770c0c4d8334b0ff,2025年1月15日，因赛集团日内振幅超过7%,同花顺金融研究中心,1736905144,2,,★★☆☆☆,"[{'full_name': '广东因赛品牌营销集团股份有限公司', 'subject_importance': 2, 'subject_risk': '市场预警--交易异常波动', 'orgid': 'T004054988', 'subject_code': None, 'subject_name': None, 'emotion': 'NEG', 'subject_risk_list': ['R00003', 'R00003007'], 'org_types': ['020006', '212100', '216003', '001001'], 'subject_importance_list': ['stock@2']}]",广东因赛品牌营销集团股份有限公司,R1 (2025-01-15~2025-01-25),2025-01-15,2025-01-15 01:39:04
46e89650802407f4,中国芯片大厂蒸发1000亿！70%的市值蒸发!,微信-是说芯语,1736912440,2,https://mp.weixin.qq.com/s?__biz=Mzg4NTA2NzE0Mg==&idx=1&mid=2247556449&sn=a908f95b1b6af928d56550efca2706d5,★★★☆☆,"[{'full_name': '紫光国芯微电子股份有限公司', 'subject_importance': 3, 'subject_risk': '财务预警--盈利能力下降或亏损', 'orgid': '03131126', 'subject_code': None, 'subject_name': None, 'emotion': 'NEG', 'subject_risk_list': ['R00008', 'R00008015'], 'org_types': ['212100', '216001', '002', '020006', '001001'], 'subject_importance_list': ['stock@3', 'bond@3']}]",紫光国芯微电子股份有限公司,R1 (2025-01-15~2025-01-25),2025-01-15,2025-01-15 03:40:40
37e7c1e45728ed90,中国芯片巨头市值蒸发近70%！,同花顺整理,1736914209,2,https://www.eetop.cn/semi/6963209.html,★★★☆☆,"[{'full_name': '紫光国芯微电子股份有限公司', 'subject_importance': 3, 'subject_risk': '财务预警--盈利能力下降或亏损', 'orgid': '03131126', 'subject_code': None, 'subject_name': None, 'emotion': 'NEG', 'subject_risk_list': ['R00008', 'R00008015'], 'org_types': ['212100', '216001', '002', '020006', '001001'], 'subject_importance_list': ['stock@3', 'bond@3']}]",紫光国芯微电子股份有限公司,R1 (2025-01-15~2025-01-25),2025-01-15,2025-01-15 04:10:09
a823bddaca2e378c,紫光国微2024年净利润“腰斩” 这一产品出货量减少,GPLP,1736936267,0,https://www.gplp.cn/archives/126641,★★★☆☆,"[{'full_name': '紫光国芯微电子股份有限公司', 'subject_importance': 3, 'subject_risk': '经营预警--经营下降或恶化', 'orgid': '03131126', 'subject_code': None, 'subject_name': None, 'emotion': 'NEG', 'subject_risk_list': ['R00007', 'R00007044'], 'org_types': ['212100', '216001', '002', '020006', '001001'], 'subject_importance_list': ['stock@3', 'bond@3']}]",紫光国芯微电子股份有限公司,R1 (2025-01-15~2025-01-25),2025-01-15,2025-01-15 10:17:47
edb8c646605126c3,紫光国微：公司于2023年7月初完成股份回购，计划用于股权激励或员工持股计划，由于公司2024年经营业绩受行业周期波动影响，目前公司仍在积极推进相关工作,同花顺iNews,1736945822,0,http://yuanchuang.10jqka.com.cn/20250115/c665509259.shtml,☆☆☆☆☆,"[{'full_name': '紫光国芯微电子股份有限公司', 'subject_importance': None, 'subject_risk': None, 'orgid': '03131126', 'subject_code': None, 'subject_name': None, 'emotion': 'NEU', 'subject_risk_list': [], 'org_types': ['020006', '216001', '001001', '212100', '002'], 'subject_importance_list': None}]",紫光国芯微电子股份有限公司,R1 (2025-01-15~2025-01-25),2025-01-15,2025-01-15 12:57:02
c547d08b05c4b994,蒸发1000亿！中国芯片大厂爆雷了,新浪财经,1736948993,0,https://finance.sina.com.cn/stock/relnews/cn/2025-01-15/doc-inefaiqv7056363.shtml,★★★☆☆,"[{'full_name': '紫光国芯微电子股份有限公司', 'subject_importance': 3, 'subject_risk': '财务预警--盈利能力下降或亏损', 'orgid': '03131126', 'subject_code': None, 'subject_name': None, 'emotion': 'NEG', 'subject_risk_list': ['R00008', 'R00008015'], 'org_types': ['212100', '216001', '002', '020006', '001001'], 'subject_importance_list': ['stock@3', 'bond@3']}]",紫光国芯微电子股份有限公司,R1 (2025-01-15~2025-01-25),2025-01-15,2025-01-15 13:49:53
aa6e6095e24177e3,太极股份：控股股东拟通过多种方式增持公司股份，体现中央企业担当与责任,证券之星股票,1737000415,0,https://stock.stockstar.com/IG2025011600017070.shtml,☆☆☆☆☆,"[{'full_name': '太极计算机股份有限公司', 'subject_importance': None, 'subject_risk': None, 'orgid': 'T000026778', 'subject_code': None, 'subject_name': None, 'emotion': 'NEU', 'subject_risk_list': [], 'org_types': ['216001', '001001', '020001', '020001002002', '002', '212100'], 'subject_importance_list': None}]",太极计算机股份有限公司,R1 (2025-01-15~2025-01-25),2025-01-16,2025-01-16 04:06:55
44d0a1c885d485ea,太极股份：控股股东拟增持公司股份，履行信息披露义务,网易-金融界北京,1737000463,0,https://www.163.com/dy/article/JM190DCB0519QIKK.html,☆☆☆☆☆,"[{'full_name': '太极计算机股份有限公司', 'subject_importance': None, 'subject_risk': None, 'orgid': 'T000026778', 'subject_code': None, 'subject_name': None, 'emotion': 'NEU', 'subject_risk_list': [], 'org_types': ['216001', '001001', '020001', '020001002002', '002', '212100'], 'subject_importance_list': None}]",太极计算机股份有限公司,R1 (2025-01-15~2025-01-25),2025-01-16,2025-01-16 04:07:43
3bfda13663947256,太极股份:大股东增持行为合规，体现企业责任，公司将稳定股价保持投资者信心,新浪财经,1737003030,0,https://finance.sina.com.cn/stock/relnews/dongmiqa/2025-01-16/doc-inefcvsc6316527.shtml,☆☆☆☆☆,"[{'full_name': '太极计算机股份有限公司', 'subject_importance': None, 'subject_risk': None, 'orgid': 'T000026778', 'subject_code': None, 'subject_name': None, 'emotion': 'NEU', 'subject_risk_list': [], 'org_types': ['216001', '001001', '020001', '020001002002', '002', '212100'], 'subject_importance_list': None}]",太极计算机股份有限公司,R1 (2025-01-15~2025-01-25),2025-01-16,2025-01-16 04:50:30
8adbfda27a870530,国元证券荣获同花顺2024年度评选多项奖项,微信-国元研究,1737070313,0,https://mp.weixin.qq.com/s?__biz=MzAxMzM1OTc0MA==&idx=1&mid=2650382481&sn=e22f3b529797a10d5360f87ec6ddadcb,☆☆☆☆☆,"[{'full_name': '浙江核新同花顺网络信息股份有限公司', 'subject_importance': None, 'subject_risk': None, 'orgid': 'T000025753', 'subject_code': None, 'subject_name': None, 'emotion': 'NEU', 'subject_risk_list': [], 'org_types': ['212100', '216003', '020006', '001001'], 'subject_importance_list': None}]",浙江核新同花顺网络信息股份有限公司,R1 (2025-01-15~2025-01-25),2025-01-16,2025-01-16 23:31:53
e41eaf6a69483ee4,2025年，“大模型价格战”不怕亏钱了？,搜狐-北京市,1737077400,0,https://www.sohu.com/a/849942585_250147,☆☆☆☆☆,"[{'full_name': '北京金山办公软件股份有限公司', 'subject_importance': None, 'subject_risk': None, 'orgid': 'T001323122', 'subject_code': None, 'subject_name': None, 'emotion': 'NEU', 'subject_risk_list': [], 'org_types': ['216011', '001001', '020006', '020011', '212001'], 'subject_importance_list': None}]",北京金山办公软件股份有限公司,R1 (2025-01-15~2025-01-25),2025-01-17,2025-01-17 01:30:00
fc4a7de83a79567d,要接住涌入小红书的国外流量，券商抓紧贴热点，Welcome英文帖子争先上线,新浪财经,1737093116,0,https://finance.sina.com.cn/jjxw/2025-01-17/doc-inefhexa6596174.shtml,☆☆☆☆☆,"[{'full_name': '浙江核新同花顺网络信息股份有限公司', 'subject_importance': None, 'subject_risk': None, 'orgid': 'T000025753', 'subject_code': None, 'subject_name': None, 'emotion': 'NEU', 'subject_risk_list': [], 'org_types': ['020006', '001001', '216003', '212100'], 'subject_importance_list': None}]",浙江核新同花顺网络信息股份有限公司,R1 (2025-01-15~2025-01-25),2025-01-17,2025-01-17 05:51:56
7802d11f28d8bad9,*ST银江：关于公司股票可能被终止上市的风险提示公告,深交所股票,1737105882,3,http://static.cninfo.com.cn/finalpage/2025-01-17/1222364350.PDF,★★★★★,"[{'full_name': '银江技术股份有限公司', 'subject_importance': 5, 'subject_risk': '市场预警--终止上市预警', 'orgid': 'T000025749', 'subject_code': None, 'subject_name': None, 'emotion': 'NEG', 'subject_risk_list': ['R00003', 'R00005', 'R00003016', 'R00005013'], 'org_types': ['001001', '216003', '002', '212100', '020006'], 'subject_importance_list': ['bond@5', 'stock@5']}]",银江技术股份有限公司,R1 (2025-01-15~2025-01-25),2025-01-17,2025-01-17 09:24:42
c166c6ab79e3cbbc,因赛集团：预计2024年度净利润亏损2000万元~3900万元,每日经济新闻,1737114482,0,https://www.nbd.com.cn/articles/2025-01-17/3726457.html,★★★☆☆,"[{'full_name': '广东因赛品牌营销集团股份有限公司', 'subject_importance': 3, 'subject_risk': '财务预警--盈利能力下降或亏损', 'orgid': 'T004054988', 'subject_code': None, 'subject_name': None, 'emotion': 'NEG', 'subject_risk_list': ['R00008', 'R00008015'], 'org_types': ['020006', '212100', '216003', '001001'], 'subject_importance_list': ['stock@3']}]",广东因赛品牌营销集团股份有限公司,R1 (2025-01-15~2025-01-25),2025-01-17,2025-01-17 11:48:02
62f7e13541574bfc,因赛集团：2024年度业绩预告,深交所股票,1737114603,3,http://static.cninfo.com.cn/finalpage/2025-01-17/1222365400.PDF,★★★☆☆,"[{'full_name': '广东因赛品牌营销集团股份有限公司', 'subject_importance': 3, 'subject_risk': '财务预警--盈利能力下降或亏损', 'orgid': 'T004054988', 'subject_code': None, 'subject_name': None, 'emotion': 'NEG', 'subject_risk_list': ['R00008', 'R00008015'], 'org_types': ['020006', '212100', '216003', '001001'], 'subject_importance_list': ['stock@3']}]",广东因赛品牌营销集团股份有限公司,R1 (2025-01-15~2025-01-25),2025-01-17,2025-01-17 11:50:03
688a7f69c1c8e96b,因赛集团：预计2024年全年亏损3900.00万至2000.00万 净利润同比下降193.79%至148.10%,同花顺iNews,1737115613,0,http://yuanchuang.10jqka.com.cn/20250117/c665565299.shtml,★★★☆☆,"[{'full_name': '广东因赛品牌营销集团股份有限公司', 'subject_importance': 3, 'subject_risk': '财务预警--盈利能力下降或亏损', 'orgid': 'T004054988', 'subject_code': None, 'subject_name': None, 'emotion': 'NEG', 'subject_risk_list': ['R00008', 'R00008015'], 'org_types': ['020006', '212100', '216003', '001001'], 'subject_importance_list': ['stock@3']}]",广东因赛品牌营销集团股份有限公司,R1 (2025-01-15~2025-01-25),2025-01-17,2025-01-17 12:06:53
dd75ffe7b03287a0,因赛集团：预计2024年全年归属净利润亏损2000万元至3900万元,证券之星,1737116026,0,https://wap.stockstar.com/detail/RB2025011700041128,★★★☆☆,"[{'full_name': '广东因赛品牌营销集团股份有限公司', 'subject_importance': 3, 'subject_risk': '财务预警--盈利能力下降或亏损', 'orgid': 'T004054988', 'subject_code': None, 'subject_name': None, 'emotion': 'NEG', 'subject_risk_list': ['R00008', 'R00008015'], 'org_types': ['020006', '212100', '216003', '001001'], 'subject_importance_list': ['stock@3']}]",广东因赛品牌营销集团股份有限公司,R1 (2025-01-15~2025-01-25),2025-01-17,2025-01-17 12:13:46
2c94acb3ce13591a,因赛集团(300781.SZ)发预亏，预计2024年度净亏损3900万元—2000万元，由盈转亏,智通财经,1737119409,0,https://www.zhitongcaijing.com/content/detail/1239801.html,★★★☆☆,"[{'full_name': '广东因赛品牌营销集团股份有限公司', 'subject_importance': 3, 'subject_risk': '财务预警--盈利能力下降或亏损', 'orgid': 'T004054988', 'subject_code': None, 'subject_name': None, 'emotion': 'NEG', 'subject_risk_list': ['R00008', 'R00008015'], 'org_types': ['020006', '212100', '216003', '001001'], 'subject_importance_list': ['stock@3']}]",广东因赛品牌营销集团股份有限公司,R1 (2025-01-15~2025-01-25),2025-01-17,2025-01-17 13:10:09
519944aecad94050,太极股份2股东增持103.17万股 占公司总股本的0.17%,同花顺金融研究中心,1737125947,1,,☆☆☆☆☆,"[{'full_name': '太极计算机股份有限公司', 'subject_importance': None, 'subject_risk': None, 'orgid': 'T000026778', 'subject_code': None, 'subject_name': None, 'emotion': 'NEU', 'subject_risk_list': [], 'org_types': ['216001', '001001', '020001', '020001002002', '002', '212100'], 'subject_importance_list': None}]",太极计算机股份有限公司,R1 (2025-01-15~2025-01-25),2025-01-17,2025-01-17 14:59:07
d3e46d39c28685d,恒生电子新注册《恒生HUNDSUN吉林信托财富管理APP软件V1.0》项目的软件著作权,证券之星,1737136455,0,https://wap.stockstar.com/detail/RB2025011800004069,☆☆☆☆☆,"[{'full_name': '恒生电子股份有限公司', 'subject_importance': None, 'subject_risk': None, 'orgid': '03130389', 'subject_code': None, 'subject_name': None, 'emotion': 'NEU', 'subject_risk_list': [], 'org_types': ['212001', '216001', '001001', '020006'], 'subject_importance_list': None}]",恒生电子股份有限公司,R1 (2025-01-15~2025-01-25),2025-01-17,2025-01-17 17:54:15
93e502df22b05faf,金山办公新注册《WPS扫描王软件V1.0》项目的软件著作权,证券之星,1737137085,0,https://wap.stockstar.com/detail/RB2025011800004111,☆☆☆☆☆,"[{'full_name': '北京金山办公软件股份有限公司', 'subject_importance': None, 'subject_risk': None, 'orgid': 'T001323122', 'subject_code': None, 'subject_name': None, 'emotion': 'NEU', 'subject_risk_list': [], 'org_types': ['216011', '020011', '001001', '020006', '212001'], 'subject_importance_list': None}]",北京金山办公软件股份有限公司,R1 (2025-01-15~2025-01-25),2025-01-17,2025-01-17 18:04:45
77db6cf26e6782e1,恒生电子范径武：融入资本市场数字化变革,新浪财经,1737140580,0,https://finance.sina.com.cn/jjxw/2025-01-18/doc-inefinsm4778035.shtml,☆☆☆☆☆,"[{'full_name': '恒生电子股份有限公司', 'subject_importance': None, 'subject_risk': None, 'orgid': '03130389', 'subject_code': None, 'subject_name': None, 'emotion': 'NEU', 'subject_risk_list': [], 'org_types': ['212001', '216001', '001001', '020006'], 'subject_importance_list': None}]",恒生电子股份有限公司,R1 (2025-01-15~2025-01-25),2025-01-17,2025-01-17 19:03:00
c857f45993e7bfb1,恒生电子申请持续集成交付处理专利，可合理化利用本地资源,网易-金融界北京,1737167955,0,https://www.163.com/dy/article/JM68R6FC0519QIKK.html,☆☆☆☆☆,"[{'full_name': '恒生电子股份有限公司', 'subject_importance': None, 'subject_risk': None, 'orgid': '03130389', 'subject_code': None, 'subject_name': None, 'emotion': 'NEU', 'subject_risk_list': [], 'org_types': ['212001', '216001', '001001', '020006'], 'subject_importance_list': None}]",恒生电子股份有限公司,R1 (2025-01-15~2025-01-25),2025-01-18,2025-01-18 02:39:15
e72f41c39a9fa084,恒生电子申请日志信息处理方法专利，提升业务问题排查的全面性和准确性,网易-金融界北京,1737170604,0,https://www.163.com/dy/article/JM6BC1J50519QIKK.html,☆☆☆☆☆,"[{'full_name': '恒生电子股份有限公司', 'subject_importance': None, 'subject_risk': None, 'orgid': '03130389', 'subject_code': None, 'subject_name': None, 'emotion': 'NEU', 'subject_risk_list': [], 'org_types': ['212001', '216001', '001001', '020006'], 'subject_importance_list': None}]",恒生电子股份有限公司,R1 (2025-01-15~2025-01-25),2025-01-18,2025-01-18 03:23:24
e9c18104a01eb8fe,利欧股份预计2024年亏损2.8亿元，市盈率大幅下滑,搜狐,1737200587,2,https://www.sohu.com/a/850473487_122006510,★★★☆☆,"[{'full_name': '利欧集团股份有限公司', 'subject_importance': 3, 'subject_risk': '财务预警--盈利能力下降或亏损', 'orgid': '03133589', 'subject_code': None, 'subject_name': None, 'emotion': 'NEG', 'subject_risk_list': ['R00008', 'R00008015'], 'org_types': ['216001', '002', '001001', '020006', '212100'], 'subject_importance_list': ['bond@3', 'stock@3']}]",利欧集团股份有限公司,R1 (2025-01-15~2025-01-25),2025-01-18,2025-01-18 11:43:07
e5783f6494d83033,利欧股份：预计2024年扣非净利润增长超200%,搜狐-北京市,1737207900,0,https://www.sohu.com/a/850497898_160975,☆☆☆☆☆,"[{'full_name': '利欧集团股份有限公司', 'subject_importance': None, 'subject_risk': None, 'orgid': '03133589', 'subject_code': None, 'subject_name': None, 'emotion': 'NEU', 'subject_risk_list': [], 'org_types': ['212100', '020006', '216001', '001001', '002'], 'subject_importance_list': None}]",利欧集团股份有限公司,R1 (2025-01-15~2025-01-25),2025-01-18,2025-01-18 13:45:00
e1354929b778568c,利欧股份：主业稳增，理想汽车影响利润：2024 业绩,搜狐-北京市,1737217325,1,https://www.sohu.com/a/850525234_639898,★★★☆☆,"[{'full_name': '利欧集团股份有限公司', 'subject_importance': 3, 'subject_risk': '财务预警--盈利能力下降或亏损', 'orgid': '03133589', 'subject_code': None, 'subject_name': None, 'emotion': 'NEG', 'subject_risk_list': ['R00008', 'R00008015'], 'org_types': ['216001', '002', '001001', '020006', '212100'], 'subject_importance_list': ['bond@3', 'stock@3']}]",利欧集团股份有限公司,R1 (2025-01-15~2025-01-25),2025-01-18,2025-01-18 16:22:05
66f064a539f5ead4,利欧股份2024年净利润预计暴涨超200%，AI赋能与双循环战略助力未来,搜狐,1737221400,0,https://www.sohu.com/a/850537869_121956422,☆☆☆☆☆,"[{'full_name': '利欧集团股份有限公司', 'subject_importance': None, 'subject_risk': None, 'orgid': '03133589', 'subject_code': None, 'subject_name': None, 'emotion': 'NEU', 'subject_risk_list': [], 'org_types': ['212100', '020006', '216001', '001001', '002'], 'subject_importance_list': None}]",利欧集团股份有限公司,R1 (2025-01-15~2025-01-25),2025-01-18,2025-01-18 17:30:00
13105e360560c1f3,利欧股份2024年预计净利增长超200% AI营销与双循环驱动增长,搜狐,1737221400,0,https://www.sohu.com/a/850537743_122006510,☆☆☆☆☆,"[{'full_name': '利欧集团股份有限公司', 'subject_importance': None, 'subject_risk': None, 'orgid': '03133589', 'subject_code': None, 'subject_name': None, 'emotion': 'NEU', 'subject_risk_list': [], 'org_types': ['212100', '020006', '216001', '001001', '002'], 'subject_importance_list': None}]",利欧集团股份有限公司,R1 (2025-01-15~2025-01-25),2025-01-18,2025-01-18 17:30:00
e4cdec2e33e828d7,金山办公新提交4件商标注册申请,证券之星股票,1737233926,0,http://stock.stockstar.com/RB2025011900000114.shtml,☆☆☆☆☆,"[{'full_name': '北京金山办公软件股份有限公司', 'subject_importance': None, 'subject_risk': None, 'orgid': 'T001323122', 'subject_code': None, 'subject_name': None, 'emotion': 'NEU', 'subject_risk_list': [], 'org_types': ['216011', '020011', '001001', '020006', '212001'], 'subject_importance_list': None}]",北京金山办公软件股份有限公司,R1 (2025-01-15~2025-01-25),2025-01-18,2025-01-18 20:58:46
5f939afe4fad9168,机构集体盯上这些龙头！,微信-巨丰投顾,1737256200,0,https://mp.weixin.qq.com/s?__biz=MjM5Njc5NDQ2MA==&idx=1&mid=2650430267&sn=ea2c8f3256c932dd2a8dad501f2a6aea,☆☆☆☆☆,"[{'full_name': '北方华创科技集团股份有限公司', 'subject_importance': None, 'subject_risk': None, 'orgid': 'T000007615', 'subject_code': None, 'subject_name': None, 'emotion': 'NEU', 'subject_risk_list': [], 'org_types': ['212100', '020001', '216001', '020001002002', '001001', '002'], 'subject_importance_list': None}]",北方华创科技集团股份有限公司,R1 (2025-01-15~2025-01-25),2025-01-19,2025-01-19 03:10:00
ec8cecc8bcb9c71f,半数亏损！1家扭亏！38家锂电领域上市公司2024年业绩抢先看,微信-我的电池网,1737258810,1,https://mp.weixin.qq.com/s?__biz=MzkzNjM3MjE2NQ==&idx=1&mid=2247590512&sn=b0f9f60dfef09ed2ba70fff79ecc5c3f,★★★☆☆,"[{'full_name': '北方华创科技集团股份有限公司', 'subject_importance': 3, 'subject_risk': '财务预警--盈利能力下降或亏损', 'orgid': 'T000007615', 'subject_code': None, 'subject_name': None, 'emotion': 'NEG', 'subject_risk_list': ['R00008', 'R00008015'], 'org_types': ['002', '001001', '020001002002', '020001', '216001', '212100'], 'subject_importance_list': ['bond@3', 'stock@3']}]",北方华创科技集团股份有限公司,R1 (2025-01-15~2025-01-25),2025-01-19,2025-01-19 03:53:30
eecc79d3a758a6d4,教外国人炒A股！券商冲进小红书,微信-中国证券报,1737264540,0,https://mp.weixin.qq.com/s?__biz=MjM5MzMwNjM0MA==&idx=2&mid=2651268396&sn=6a1b5aa6d7dadcfb3044910ddc77917a,☆☆☆☆☆,"[{'full_name': '浙江核新同花顺网络信息股份有限公司', 'subject_importance': None, 'subject_risk': None, 'orgid': 'T000025753', 'subject_code': None, 'subject_name': None, 'emotion': 'NEU', 'subject_risk_list': [], 'org_types': ['020006', '001001', '216003', '212100'], 'subject_importance_list': None}]",浙江核新同花顺网络信息股份有限公司,R1 (2025-01-15~2025-01-25),2025-01-19,2025-01-19 05:29:00
5fab81965f28300,2025年1月17日，紫光国芯微电子股份有限公司法定代表人发生变更,同花顺金融研究中心,1737266421,3,,★★★☆☆,"[{'full_name': '紫光国芯微电子股份有限公司', 'subject_importance': 3, 'subject_risk': '管理预警--法定代表人变更', 'orgid': '03131126', 'subject_code': None, 'subject_name': None, 'emotion': 'NEG', 'subject_risk_list': ['R00006', 'R00006041'], 'org_types': ['212100', '216001', '002', '020006', '001001'], 'subject_importance_list': ['stock@3', 'bond@3']}]",紫光国芯微电子股份有限公司,R1 (2025-01-15~2025-01-25),2025-01-19,2025-01-19 06:00:21
ffa8a7123942ea6c,2024券商APP排名出炉，11家月活超500万，聚焦六大发力点，差异化竞争关注投顾业务,新浪财经,1737287461,0,https://finance.sina.com.cn/jjxw/2025-01-19/doc-inefpiyr2760185.shtml,☆☆☆☆☆,"[{'full_name': '浙江核新同花顺网络信息股份有限公司', 'subject_importance': None, 'subject_risk': None, 'orgid': 'T000025753', 'subject_code': None, 'subject_name': None, 'emotion': 'NEU', 'subject_risk_list': [], 'org_types': ['020006', '212100', '001001', '216003'], 'subject_importance_list': None}]",浙江核新同花顺网络信息股份有限公司,R1 (2025-01-15~2025-01-25),2025-01-19,2025-01-19 11:51:01
22d8b76325d6f80,银江技术作为原告/上诉人的1起涉及建设工程合同纠纷的诉讼将于2025年1月22日开庭,证券之星股票,1737289863,2,http://stock.stockstar.com/RB2025011900001943.shtml,★★★☆☆,"[{'full_name': '银江技术股份有限公司', 'subject_importance': 3, 'subject_risk': '经营预警--法律诉讼', 'orgid': 'T000025749', 'subject_code': None, 'subject_name': None, 'emotion': 'NEG', 'subject_risk_list': ['R00007', 'R00007018'], 'org_types': ['001001', '216003', '002', '212100', '020006'], 'subject_importance_list': ['stock@3', 'bond@2']}]",银江技术股份有限公司,R1 (2025-01-15~2025-01-25),2025-01-19,2025-01-19 12:31:03
82763166a51506fe,半导体公司2024年业绩释放积极信号 持续构建核心竞争力,证券日报,1737294042,0,http://www.zqrb.cn/gscy/gongsi/2025-01-19/A1737157030045.html,☆☆☆☆☆,"[{'full_name': '北方华创科技集团股份有限公司', 'subject_importance': None, 'subject_risk': None, 'orgid': 'T000007615', 'subject_code': None, 'subject_name': None, 'emotion': 'NEU', 'subject_risk_list': [], 'org_types': ['216001', '212100', '020001002002', '001001', '002', '020001'], 'subject_importance_list': None}]",北方华创科技集团股份有限公司,R1 (2025-01-15~2025-01-25),2025-01-19,2025-01-19 13:40:42
5fcbe64c2348a21a,消费电子行业“冬去春来” 深市公司业绩企稳回暖丨深“视”年报,东方财富网,1737302400,0,https://wap.eastmoney.com/a/202501213303816073.html,☆☆☆☆☆,"[{'full_name': '北方华创科技集团股份有限公司', 'subject_importance': None, 'subject_risk': None, 'orgid': 'T000007615', 'subject_code': None, 'subject_name': None, 'emotion': 'NEU', 'subject_risk_list': [], 'org_types': ['216001', '001001', '002', '212100', '020001002002', '020001'], 'subject_importance_list': None}]",北方华创科技集团股份有限公司,R1 (2025-01-15~2025-01-25),2025-01-19,2025-01-19 16:00:00
3de8decc254b5167,1月17日股市必读：因赛集团（300781）预计2024年全年归属净利润亏损2000万元至3900万元,证券之星股票,1737306223,0,http://stock.stockstar.com/RB2025012000000189.shtml,★★★☆☆,"[{'full_name': '广东因赛品牌营销集团股份有限公司', 'subject_importance': 3, 'subject_risk': '财务预警--盈利能力下降或亏损', 'orgid': 'T004054988', 'subject_code': None, 'subject_name': None, 'emotion': 'NEG', 'subject_risk_list': ['R00008', 'R00008015'], 'org_types': ['020006', '212100', '216003', '001001'], 'subject_importance_list': ['stock@3']}]",广东因赛品牌营销集团股份有限公司,R1 (2025-01-15~2025-01-25),2025-01-19,2025-01-19 17:03:43
c8ad830f2f4a8a8,向新竞“数”，深耕“人工智能+”,新华日报,1737322442,0,http://xh.xhby.net/pc/con/202501/20/content_1413865.html,☆☆☆☆☆,"[{'full_name': '恒生电子股份有限公司', 'subject_importance': None, 'subject_risk': None, 'orgid': '03130389', 'subject_code': None, 'subject_name': None, 'emotion': 'NEU', 'subject_risk_list': [], 'org_types': ['212001', '216001', '001001', '020006'], 'subject_importance_list': None}]",恒生电子股份有限公司,R1 (2025-01-15~2025-01-25),2025-01-19,2025-01-19 21:34:02
144e0b80c470c881,河西中央科创区将新增产业人才超10万人,南报网,1737329806,0,http://www.njdaily.cn/news/2025/0120/7437768520742103992.html,☆☆☆☆☆,"[{'full_name': '恒生电子股份有限公司', 'subject_importance': None, 'subject_risk': None, 'orgid': '03130389', 'subject_code': None, 'subject_name': None, 'emotion': 'NEU', 'subject_risk_list': [], 'org_types': ['001001', '212001', '216001', '020006'], 'subject_importance_list': None}]",恒生电子股份有限公司,R1 (2025-01-15~2025-01-25),2025-01-19,2025-01-19 23:36:46
98c5bc4635e040a1,科创板股2024年业绩提前看 18股净利润增幅翻倍,证券时报网,1737336325,0,http://www.stcn.com/article/detail/1500523.html,☆☆☆☆☆,"[{'full_name': '杭州安恒信息技术股份有限公司', 'subject_importance': None, 'subject_risk': None, 'orgid': 'T001301651', 'subject_code': None, 'subject_name': None, 'emotion': 'NEU', 'subject_risk_list': [], 'org_types': ['001001', '216011', '020006', '212001'], 'subject_importance_list': None}]",杭州安恒信息技术股份有限公司,R1 (2025-01-15~2025-01-25),2025-01-20,2025-01-20 01:25:25
f38cebf6afe00e0d,荣膺多项荣誉！安恒信息担任白云区信息化发展协会会长单位,微信-安恒信息,1737338095,0,https://mp.weixin.qq.com/s?__biz=MjM5NTE0MjQyMg==&idx=2&mid=2650624110&sn=0ccb2bada5fd331a1af1739320762978,☆☆☆☆☆,"[{'full_name': '杭州安恒信息技术股份有限公司', 'subject_importance': None, 'subject_risk': None, 'orgid': 'T001301651', 'subject_code': None, 'subject_name': None, 'emotion': 'NEU', 'subject_risk_list': [], 'org_types': ['212001', '001001', '020006', '216011'], 'subject_importance_list': None}]",杭州安恒信息技术股份有限公司,R1 (2025-01-15~2025-01-25),2025-01-20,2025-01-20 01:54:55
6bdf9d2efa1b257c,湖北省公安厅网安总队与安恒信息签约，共建联合实验室,微信-安恒信息,1737338095,0,https://mp.weixin.qq.com/s?__biz=MjM5NTE0MjQyMg==&idx=1&mid=2650624110&sn=5a463c03928c8b86c7a7c05607a68d0d,☆☆☆☆☆,"[{'full_name': '杭州安恒信息技术股份有限公司', 'subject_importance': None, 'subject_risk': None, 'orgid': 'T001301651', 'subject_code': None, 'subject_name': None, 'emotion': 'NEU', 'subject_risk_list': [], 'org_types': ['212001', '001001', '020006', '216011'], 'subject_importance_list': None}]",杭州安恒信息技术股份有限公司,R1 (2025-01-15~2025-01-25),2025-01-20,2025-01-20 01:54:55
2ba20e5165289fa,学大教育董事长金鑫出席中关村融信金融信息化产业联盟大会,中华网,1737338852,0,https://hea.china.com/article/20250120/012025_1631116.html,☆☆☆☆☆,"[{'full_name': '北方华创科技集团股份有限公司', 'subject_importance': None, 'subject_risk': None, 'orgid': 'T000007615', 'subject_code': None, 'subject_name': None, 'emotion': 'NEU', 'subject_risk_list': [], 'org_types': ['212100', '002', '216001', '020001002002', '020001', '001001'], 'subject_importance_list': None}]",北方华创科技集团股份有限公司,R1 (2025-01-15~2025-01-25),2025-01-20,2025-01-20 02:07:32
fdd8e09f7c077c55,30.5亿，中微公司拟落子成都,微信-天天IC,1737342855,0,https://mp.weixin.qq.com/s?__biz=MzUxNjE2NTYwNA==&idx=3&mid=2247670384&sn=5d30d4456b310bf0d98d1f75ca76ccf7,☆☆☆☆☆,"[{'full_name': '中微半导体设备(上海)股份有限公司', 'subject_importance': None, 'subject_risk': None, 'orgid': 'Q01B38D3B0', 'subject_code': None, 'subject_name': None, 'emotion': 'NEU', 'subject_risk_list': [], 'org_types': ['216011', '001001', '020001', '212001', '020011'], 'subject_importance_list': None}]",中微半导体设备（上海）股份有限公司,R1 (2025-01-15~2025-01-25),2025-01-20,2025-01-20 03:14:15
9b99e1c411529a97,狂热尽头，“中国芯片人”没有狂欢,ofweek电子工程网,1737352793,0,https://ee.ofweek.com/2025-01/ART-8470-2800-30655837.html,☆☆☆☆☆,"[{'full_name': '北方华创科技集团股份有限公司', 'subject_importance': None, 'subject_risk': None, 'orgid': 'T000007615', 'subject_code': None, 'subject_name': None, 'emotion': 'NEU', 'subject_risk_list': [], 'org_types': ['212100', '002', '216001', '020001002002', '020001', '001001'], 'subject_importance_list': None}]",北方华创科技集团股份有限公司,R1 (2025-01-15~2025-01-25),2025-01-20,2025-01-20 05:59:53
4d5e8d457f8e00df,2025年1月20日，利欧股份日内振幅超过7%,同花顺金融研究中心,1737353408,2,,★★★☆☆,"[{'full_name': '利欧集团股份有限公司', 'subject_importance': 3, 'subject_risk': '市场预警--交易异常波动', 'orgid': '03133589', 'subject_code': None, 'subject_name': None, 'emotion': 'NEG', 'subject_risk_list': ['R00003', 'R00003007'], 'org_types': ['216001', '002', '001001', '020006', '212100'], 'subject_importance_list': ['bond@3', 'stock@2']}]",利欧集团股份有限公司,R1 (2025-01-15~2025-01-25),2025-01-20,2025-01-20 06:10:08
531047dfe0dbbd67,紫光国微换帅完成工商变更 陈杰任紫光国微董事长,每日经济新闻,1737356172,3,http://www.nbd.com.cn/rss/xingye_zhengquan/articles/3728182.html,★★★★☆,"[{'full_name': '紫光国芯微电子股份有限公司', 'subject_importance': 4, 'subject_risk': '管理预警--董事长变更预警', 'orgid': '03131126', 'subject_code': None, 'subject_name': None, 'emotion': 'NEG', 'subject_risk_list': ['R00006', 'R00006031'], 'org_types': ['212100', '216001', '002', '020006', '001001'], 'subject_importance_list': ['stock@4', 'bond@4']}]",紫光国芯微电子股份有限公司,R1 (2025-01-15~2025-01-25),2025-01-20,2025-01-20 06:56:12
b232e75a03f9a27b,紫光国微换帅完成工商变更,新浪财经,1737356192,2,https://finance.sina.cn/7x24/2025-01-20/detail-inefraiz9603530.d.html,★★★★☆,"[{'full_name': '紫光国芯微电子股份有限公司', 'subject_importance': 4, 'subject_risk': '管理预警--董事长变更预警', 'orgid': '03131126', 'subject_code': None, 'subject_name': None, 'emotion': 'NEG', 'subject_risk_list': ['R00006', 'R00006031'], 'org_types': ['212100', '216001', '002', '020006', '001001'], 'subject_importance_list': ['stock@4', 'bond@4']}]",紫光国芯微电子股份有限公司,R1 (2025-01-15~2025-01-25),2025-01-20,2025-01-20 06:56:32
b5537b0d212aceb7,安恒信息恒脑安全垂域大模型系统，网络空间安全保障的好帮手,经济观察网,1737357200,0,http://www.eeo.com.cn/2025/0120/707457.shtml,☆☆☆☆☆,"[{'full_name': '杭州安恒信息技术股份有限公司', 'subject_importance': None, 'subject_risk': None, 'orgid': 'T001301651', 'subject_code': None, 'subject_name': None, 'emotion': 'NEU', 'subject_risk_list': [], 'org_types': ['212001', '001001', '020006', '216011'], 'subject_importance_list': None}]",杭州安恒信息技术股份有限公司,R1 (2025-01-15~2025-01-25),2025-01-20,2025-01-20 07:13:20
a9cedd74105025d6,陈杰任紫光国微董事长,新浪财经,1737359444,2,https://finance.sina.com.cn/stock/relnews/cn/2025-01-20/doc-inefraiy0319112.shtml,★★★☆☆,"[{'full_name': '紫光国芯微电子股份有限公司', 'subject_importance': 3, 'subject_risk': '管理预警--法定代表人变更', 'orgid': '03131126', 'subject_code': None, 'subject_name': None, 'emotion': 'NEG', 'subject_risk_list': ['R00006', 'R00006041'], 'org_types': ['212100', '216001', '002', '020006', '001001'], 'subject_importance_list': ['stock@3', 'bond@3']}]",紫光国芯微电子股份有限公司,R1 (2025-01-15~2025-01-25),2025-01-20,2025-01-20 07:50:44
75d5e7e743898b26,天孚通信：公司认真学习监管机构发布的相关政策，高度重视投资者利益保护,新浪财经,1737366619,0,https://finance.sina.com.cn/stock/relnews/cn/2025-01-20/doc-inefrhrw0271184.shtml,☆☆☆☆☆,"[{'full_name': '苏州天孚光通信股份有限公司', 'subject_importance': None, 'subject_risk': None, 'orgid': 'T000060141', 'subject_code': None, 'subject_name': None, 'emotion': 'NEU', 'subject_risk_list': [], 'org_types': ['212100', '020006', '216003', '001001', '020011'], 'subject_importance_list': None}]",苏州天孚光通信股份有限公司,R1 (2025-01-15~2025-01-25),2025-01-20,2025-01-20 09:50:19
a84a775a089999d7,聚势新程 卓越前行 |2024太极股份员工盛典,微信-太极股份云水之间,1737368460,0,https://mp.weixin.qq.com/s?__biz=MzI0NzM0ODA2MQ==&idx=1&mid=2247518189&sn=1daa4cdf0ec2aaf9895a68ce324fca03,☆☆☆☆☆,"[{'full_name': '太极计算机股份有限公司', 'subject_importance': None, 'subject_risk': None, 'orgid': 'T000026778', 'subject_code': None, 'subject_name': None, 'emotion': 'NEU', 'subject_risk_list': [], 'org_types': ['216001', '001001', '020001', '020001002002', '002', '212100'], 'subject_importance_list': None}]",太极计算机股份有限公司,R1 (2025-01-15~2025-01-25),2025-01-20,2025-01-20 10:21:00
3949dd971417f351,开普云预计2024年归母净利润降42%至59%,财中社,1737369782,0,https://www.caizhongshe.cn/news-7287056097704866989.html,★★★☆☆,"[{'full_name': '开普云信息科技股份有限公司', 'subject_importance': 3, 'subject_risk': '财务预警--盈利能力下降或亏损', 'orgid': 'T000829067', 'subject_code': None, 'subject_name': None, 'emotion': 'NEG', 'subject_risk_list': ['R00008', 'R00008015'], 'org_types': ['001001', '212005', '674001', '212001', '216011', '020006', '001004'], 'subject_importance_list': ['stock@3']}]",开普云信息科技股份有限公司,R1 (2025-01-15~2025-01-25),2025-01-20,2025-01-20 10:43:02
bf56cb2208cba6bc,开普云：预计2024年年度净利润为1700万元~2400万元，同比下降42%~59%,搜狐-四川省,1737370394,0,https://www.sohu.com/a/851061892_115362,★★★☆☆,"[{'full_name': '开普云信息科技股份有限公司', 'subject_importance': 3, 'subject_risk': '财务预警--盈利能力下降或亏损', 'orgid': 'T000829067', 'subject_code': None, 'subject_name': None, 'emotion': 'NEG', 'subject_risk_list': ['R00008', 'R00008015'], 'org_types': ['001001', '212005', '674001', '212001', '216011', '020006', '001004'], 'subject_importance_list': ['stock@3']}]",开普云信息科技股份有限公司,R1 (2025-01-15~2025-01-25),2025-01-20,2025-01-20 10:53:14
1ee7d691d9f7a018,专访数字政通副总裁赵明明：AI技术助推政务服务提质增效,证券日报,1737372799,0,http://www.zqrb.cn/gscy/gongsi/2025-01-20/A1737363642509.html,☆☆☆☆☆,"[{'full_name': '北京数字政通科技股份有限公司', 'subject_importance': None, 'subject_risk': None, 'orgid': 'T000027204', 'subject_code': None, 'subject_name': None, 'emotion': 'NEU', 'subject_risk_list': [], 'org_types': ['216003', '001001', '212100', '020006'], 'subject_importance_list': None}]",北京数字政通科技股份有限公司,R1 (2025-01-15~2025-01-25),2025-01-20,2025-01-20 11:33:19
20137698e43916e7,开普云(688228.SH)发预减，预计2024年度净利润2400万元至1700万元，同比下降42%至59%,智通财经,1737374079,0,https://www.zhitongcaijing.com/content/detail/1240608.html,★★★☆☆,"[{'full_name': '开普云信息科技股份有限公司', 'subject_importance': 3, 'subject_risk': '财务预警--盈利能力下降或亏损', 'orgid': 'T000829067', 'subject_code': None, 'subject_name': None, 'emotion': 'NEG', 'subject_risk_list': ['R00008', 'R00008015'], 'org_types': ['001001', '212005', '674001', '212001', '216011', '020006', '001004'], 'subject_importance_list': ['stock@3']}]",开普云信息科技股份有限公司,R1 (2025-01-15~2025-01-25),2025-01-20,2025-01-20 11:54:39
763b4cfdd6e0b6ec,开普云：预计2024年全年归属净利润盈利1700万元至2400万元,证券之星,1737374540,0,https://wap.stockstar.com/detail/RB2025012000030313,☆☆☆☆☆,"[{'full_name': '开普云信息科技股份有限公司', 'subject_importance': None, 'subject_risk': None, 'orgid': 'T000829067', 'subject_code': None, 'subject_name': None, 'emotion': 'NEU', 'subject_risk_list': [], 'org_types': ['001004', '216011', '212001', '020006', '674001', '212005', '001001'], 'subject_importance_list': None}]",开普云信息科技股份有限公司,R1 (2025-01-15~2025-01-25),2025-01-20,2025-01-20 12:02:20
4090120aaf4c4d4,开普云：预计2024年全年扣非后净利润盈利600万元至900万元,证券之星,1737374592,0,https://wap.stockstar.com/detail/RB2025012000030314,☆☆☆☆☆,"[{'full_name': '开普云信息科技股份有限公司', 'subject_importance': None, 'subject_risk': None, 'orgid': 'T000829067', 'subject_code': None, 'subject_name': None, 'emotion': 'NEU', 'subject_risk_list': [], 'org_types': ['001004', '216011', '212001', '020006', '674001', '212005', '001001'], 'subject_importance_list': None}]",开普云信息科技股份有限公司,R1 (2025-01-15~2025-01-25),2025-01-20,2025-01-20 12:03:12
453959914f3e6170,开普云：2024 年净利润预降 42%至 59%,和讯网,1737375881,0,https://hkstock.hexun.com/2025-01-20/216933801.html,★★★☆☆,"[{'full_name': '开普云信息科技股份有限公司', 'subject_importance': 3, 'subject_risk': '财务预警--盈利能力下降或亏损', 'orgid': 'T000829067', 'subject_code': None, 'subject_name': None, 'emotion': 'NEG', 'subject_risk_list': ['R00008', 'R00008015'], 'org_types': ['001001', '212005', '674001', '212001', '216011', '020006', '001004'], 'subject_importance_list': ['stock@3']}]",开普云信息科技股份有限公司,R1 (2025-01-15~2025-01-25),2025-01-20,2025-01-20 12:24:41
49285acb00359358,东华软件新注册《一表通报送区系统V1.0》项目的软件著作权,证券之星,1737393802,0,https://wap.stockstar.com/detail/RB2025012100000337,☆☆☆☆☆,"[{'full_name': '东华软件股份公司', 'subject_importance': None, 'subject_risk': None, 'orgid': '03131973', 'subject_code': None, 'subject_name': None, 'emotion': 'NEU', 'subject_risk_list': [], 'org_types': ['212100', '020006', '216001', '002', '001001'], 'subject_importance_list': None}]",东华软件股份公司,R1 (2025-01-15~2025-01-25),2025-01-20,2025-01-20 17:23:22
1c80381dbb73b6dd,【机构调研记录】汇丰晋信基金调研虹软科技、嘉澳环保,证券之星,1737418047,0,https://wap.stockstar.com/detail/RB2025012100005445,☆☆☆☆☆,"[{'full_name': '虹软科技股份有限公司', 'subject_importance': None, 'subject_risk': None, 'orgid': 'T003041965', 'subject_code': None, 'subject_name': None, 'emotion': 'NEU', 'subject_risk_list': [], 'org_types': ['020003', '216011', '212001', '001001', '020011'], 'subject_importance_list': None}]",虹软科技股份有限公司,R1 (2025-01-15~2025-01-25),2025-01-21,2025-01-21 00:07:27
660a7855ad76bccc,【私募调研记录】呈瑞投资调研虹软科技,证券之星,1737418054,0,https://wap.stockstar.com/detail/RB2025012100005357,☆☆☆☆☆,"[{'full_name': '虹软科技股份有限公司', 'subject_importance': None, 'subject_risk': None, 'orgid': 'T003041965', 'subject_code': None, 'subject_name': None, 'emotion': 'NEU', 'subject_risk_list': [], 'org_types': ['020003', '216011', '212001', '001001', '020011'], 'subject_importance_list': None}]",虹软科技股份有限公司,R1 (2025-01-15~2025-01-25),2025-01-21,2025-01-21 00:07:34
8d7ea6d7b680c72d,【机构调研记录】泰信基金董季周调研虹软科技,证券之星,1737418054,0,https://wap.stockstar.com/detail/RB2025012100005450,☆☆☆☆☆,"[{'full_name': '虹软科技股份有限公司', 'subject_importance': None, 'subject_risk': None, 'orgid': 'T003041965', 'subject_code': None, 'subject_name': None, 'emotion': 'NEU', 'subject_risk_list': [], 'org_types': ['020003', '216011', '212001', '001001', '020011'], 'subject_importance_list': None}]",虹软科技股份有限公司,R1 (2025-01-15~2025-01-25),2025-01-21,2025-01-21 00:07:34
a2ee03d529798900,【私募调研记录】明世伙伴基金调研虹软科技,证券之星,1737418054,0,https://wap.stockstar.com/detail/RB2025012100005372,☆☆☆☆☆,"[{'full_name': '虹软科技股份有限公司', 'subject_importance': None, 'subject_risk': None, 'orgid': 'T003041965', 'subject_code': None, 'subject_name': None, 'emotion': 'NEU', 'subject_risk_list': [], 'org_types': ['020003', '216011', '212001', '001001', '020011'], 'subject_importance_list': None}]",虹软科技股份有限公司,R1 (2025-01-15~2025-01-25),2025-01-21,2025-01-21 00:07:34
43281f7f44f60cbe,致敬中国经济最强驱动力！,新浪财经,1737419503,0,https://finance.sina.com.cn/stock/stockzmt/2025-01-21/doc-inefsutf8822361.shtml,☆☆☆☆☆,"[{'full_name': '中微半导体设备(上海)股份有限公司', 'subject_importance': None, 'subject_risk': None, 'orgid': 'Q01B38D3B0', 'subject_code': None, 'subject_name': None, 'emotion': 'NEU', 'subject_risk_list': [], 'org_types': ['216011', '212001', '020001', '020011', '001001'], 'subject_importance_list': None}]",中微半导体设备（上海）股份有限公司,R1 (2025-01-15~2025-01-25),2025-01-21,2025-01-21 00:31:43
48f9ba75661cb2f4,汇丰晋信基金调研虹软科技、嘉澳环保,ZAKER,1737419940,0,http://app.myzaker.com/news/article.php?pk=678ee4c7b15ec00f7346041a,☆☆☆☆☆,"[{'full_name': '虹软科技股份有限公司', 'subject_importance': None, 'subject_risk': None, 'orgid': 'T003041965', 'subject_code': None, 'subject_name': None, 'emotion': 'NEU', 'subject_risk_list': [], 'org_types': ['020003', '216011', '212001', '001001', '020011'], 'subject_importance_list': None}]",虹软科技股份有限公司,R1 (2025-01-15~2025-01-25),2025-01-21,2025-01-21 00:39:00
f43815fccc7e07c,太极股份2024年员工盛典圆满召开,新浪财经,1737420664,0,https://finance.sina.com.cn/roll/2025-01-20/doc-inefrnxv9461658.shtml,☆☆☆☆☆,"[{'full_name': '太极计算机股份有限公司', 'subject_importance': None, 'subject_risk': None, 'orgid': 'T000026778', 'subject_code': None, 'subject_name': None, 'emotion': 'NEU', 'subject_risk_list': [], 'org_types': ['216001', '001001', '020001', '020001002002', '002', '212100'], 'subject_importance_list': None}]",太极计算机股份有限公司,R1 (2025-01-15~2025-01-25),2025-01-21,2025-01-21 00:51:04
a50b623723682964,集微咨询：2024年中国大陆半导体设计企业专利实力榜单,网易,1737423110,0,https://www.163.com/dy/article/JMDRN05I0511RIVP.html?clickfrom=w_tech,☆☆☆☆☆,"[{'full_name': '海光信息技术股份有限公司', 'subject_importance': None, 'subject_risk': None, 'orgid': 'T000233634', 'subject_code': None, 'subject_name': None, 'emotion': 'NEU', 'subject_risk_list': [], 'org_types': ['001001', '216011', '020006', '020001', '212001'], 'subject_importance_list': None}]",海光信息技术股份有限公司,R1 (2025-01-15~2025-01-25),2025-01-21,2025-01-21 01:31:50
c2a90e78f830294b,泉果基金调研虹软科技,搜狐-上海市,1737424271,0,https://www.sohu.com/a/851349097_223785,☆☆☆☆☆,"[{'full_name': '虹软科技股份有限公司', 'subject_importance': None, 'subject_risk': None, 'orgid': 'T003041965', 'subject_code': None, 'subject_name': None, 'emotion': 'NEU', 'subject_risk_list': [], 'org_types': ['020003', '216011', '212001', '001001', '020011'], 'subject_importance_list': None}]",虹软科技股份有限公司,R1 (2025-01-15~2025-01-25),2025-01-21,2025-01-21 01:51:11
7969420799fc1741,2024年业绩暴增创业板股名单,新浪财经,1737424462,0,https://finance.sina.com.cn/stock/relnews/cn/2025-01-21/doc-inefsutn6758441.shtml,☆☆☆☆☆,"[{'full_name': '苏州天孚光通信股份有限公司', 'subject_importance': None, 'subject_risk': None, 'orgid': 'T000060141', 'subject_code': None, 'subject_name': None, 'emotion': 'NEU', 'subject_risk_list': [], 'org_types': ['020011', '216003', '001001', '212100', '020006'], 'subject_importance_list': None}]",苏州天孚光通信股份有限公司,R1 (2025-01-15~2025-01-25),2025-01-21,2025-01-21 01:54:22
3a8ecd13d59f67d8,知名基金经理，最新调研动向来了！,微信-中国基金报,1737424555,0,https://mp.weixin.qq.com/s/HvVTvevNgAgrsxUXzfw1Nw,☆☆☆☆☆,"[{'full_name': '华工科技产业股份有限公司', 'subject_importance': None, 'subject_risk': None, 'orgid': '01000988', 'subject_code': None, 'subject_name': None, 'emotion': 'NEU', 'subject_risk_list': [], 'org_types': ['020001002002', '216001', '002', '020001', '001001', '212100'], 'subject_importance_list': None}]",华工科技产业股份有限公司,R1 (2025-01-15~2025-01-25),2025-01-21,2025-01-21 01:55:55
fb157e9e1eaed7c1,利欧股份大跌 业绩预亏,腾讯证券,1737426289,0,http://gu.qq.com/resources/shy/news/detail-v2/index.html#/?id=nesSN20250121101658960afea9&s=b,★★★☆☆,"[{'full_name': '利欧集团股份有限公司', 'subject_importance': 3, 'subject_risk': '财务预警--盈利能力下降或亏损', 'orgid': '03133589', 'subject_code': None, 'subject_name': None, 'emotion': 'NEG', 'subject_risk_list': ['R00008', 'R00008015'], 'org_types': ['216001', '002', '001001', '020006', '212100'], 'subject_importance_list': ['bond@3', 'stock@3']}]",利欧集团股份有限公司,R1 (2025-01-15~2025-01-25),2025-01-21,2025-01-21 02:24:49
86a0499d35855fdd,2025年1月21日，利欧股份日内振幅超过7%,同花顺金融研究中心,1737426364,2,,★★★☆☆,"[{'full_name': '利欧集团股份有限公司', 'subject_importance': 3, 'subject_risk': '市场预警--交易异常波动', 'orgid': '03133589', 'subject_code': None, 'subject_name': None, 'emotion': 'NEG', 'subject_risk_list': ['R00003', 'R00003007'], 'org_types': ['216001', '002', '001001', '020006', '212100'], 'subject_importance_list': ['bond@3', 'stock@2']}]",利欧集团股份有限公司,R1 (2025-01-15~2025-01-25),2025-01-21,2025-01-21 02:26:04
d719541934287223,恒生电子资金管理系统Summit成功上线某大型银行澳门分行，助力金融市场境外业务一体化,证券之星财经,1737426586,0,https://finance.stockstar.com/IG2025012100008898.shtml,☆☆☆☆☆,"[{'full_name': '恒生电子股份有限公司', 'subject_importance': None, 'subject_risk': None, 'orgid': '03130389', 'subject_code': None, 'subject_name': None, 'emotion': 'NEU', 'subject_risk_list': [], 'org_types': ['212001', '216001', '001001', '020006'], 'subject_importance_list': None}]",恒生电子股份有限公司,R1 (2025-01-15~2025-01-25),2025-01-21,2025-01-21 02:29:46
4e82e7cd4a2f0481,值得买：关于持股5%以上股东、董事减持至5%以下暨披露简式权益变动报告书的提示性公告,深交所股票,1737453705,3,http://static.cninfo.com.cn/finalpage/2025-01-21/1222388647.PDF,★★☆☆☆,"[{'full_name': '北京值得买科技股份有限公司', 'subject_importance': 2, 'subject_risk': '市场预警--减持套现', 'orgid': 'T002465122', 'subject_code': None, 'subject_name': None, 'emotion': 'NEG', 'subject_risk_list': ['R00003', 'R00003036'], 'org_types': ['020006', '001001', '216003', '212100'], 'subject_importance_list': ['stock@2']}]",北京值得买科技股份有限公司,R1 (2025-01-15~2025-01-25),2025-01-21,2025-01-21 10:01:45
48f7e37adfd3907f,（官方问答平台）北京君正：请关注公司定期报告……,同花顺金融研究中心,1737453722,0,,☆☆☆☆☆,"[{'full_name': '北京君正集成电路股份有限公司', 'subject_importance': None, 'subject_risk': None, 'orgid': 'T000032799', 'subject_code': None, 'subject_name': None, 'emotion': 'NEU', 'subject_risk_list': [], 'org_types': ['001001', '020006', '212100', '216003'], 'subject_importance_list': None}]",北京君正集成电路股份有限公司,R1 (2025-01-15~2025-01-25),2025-01-21,2025-01-21 10:02:02
b59254cf9c675d55,北京君正：公司目前正在研发21nm和20nm的产品，后续会继续推进更新工艺的产品研发,证券之星股票,1737454159,0,https://stock.stockstar.com/IG2025012100031479.shtml,☆☆☆☆☆,"[{'full_name': '北京君正集成电路股份有限公司', 'subject_importance': None, 'subject_risk': None, 'orgid': 'T000032799', 'subject_code': None, 'subject_name': None, 'emotion': 'NEU', 'subject_risk_list': [], 'org_types': ['001001', '020006', '212100', '216003'], 'subject_importance_list': None}]",北京君正集成电路股份有限公司,R1 (2025-01-15~2025-01-25),2025-01-21,2025-01-21 10:09:19
b7038e8ab90af11e,北京君正：T40已大批量销售,证券之星股票,1737454169,0,https://stock.stockstar.com/IG2025012100031488.shtml,☆☆☆☆☆,"[{'full_name': '北京君正集成电路股份有限公司', 'subject_importance': None, 'subject_risk': None, 'orgid': 'T000032799', 'subject_code': None, 'subject_name': None, 'emotion': 'NEU', 'subject_risk_list': [], 'org_types': ['001001', '020006', '212100', '216003'], 'subject_importance_list': None}]",北京君正集成电路股份有限公司,R1 (2025-01-15~2025-01-25),2025-01-21,2025-01-21 10:09:29
eeb676a3e11c07a0,值得买：持股 5%以上股东、董事刘超减持至 5%以下,金融界财经,1737454382,0,https://finance.jrj.com.cn/2025/01/21180147659651.shtml,★★☆☆☆,"[{'full_name': '北京值得买科技股份有限公司', 'subject_importance': 2, 'subject_risk': '市场预警--减持套现', 'orgid': 'T002465122', 'subject_code': None, 'subject_name': None, 'emotion': 'NEG', 'subject_risk_list': ['R00003', 'R00003036'], 'org_types': ['020006', '001001', '216003', '212100'], 'subject_importance_list': ['stock@2']}]",北京值得买科技股份有限公司,R1 (2025-01-15~2025-01-25),2025-01-21,2025-01-21 10:13:02
46434ff4dca0ad3e,值得买股东刘超减持160万股股份,财中社,1737454563,0,https://www.caizhongshe.cn/news-7287412195150460201.html,★★☆☆☆,"[{'full_name': '北京值得买科技股份有限公司', 'subject_importance': 2, 'subject_risk': '市场预警--减持套现', 'orgid': 'T002465122', 'subject_code': None, 'subject_name': None, 'emotion': 'NEG', 'subject_risk_list': ['R00003', 'R00003036'], 'org_types': ['216003', '001001', '020006', '212100'], 'subject_importance_list': ['stock@2']}]",北京值得买科技股份有限公司,R1 (2025-01-15~2025-01-25),2025-01-21,2025-01-21 10:16:03
b883cfd8f83eded5,值得买股东刘超减持160万股：背后影响分析与市场解读,搜狐,1737455609,0,https://www.sohu.com/a/851571330_122066678,★★☆☆☆,"[{'full_name': '北京值得买科技股份有限公司', 'subject_importance': 2, 'subject_risk': '市场预警--减持套现', 'orgid': 'T002465122', 'subject_code': None, 'subject_name': None, 'emotion': 'NEG', 'subject_risk_list': ['R00003', 'R00003036'], 'org_types': ['216003', '001001', '020006', '212100'], 'subject_importance_list': ['stock@2']}]",北京值得买科技股份有限公司,R1 (2025-01-15~2025-01-25),2025-01-21,2025-01-21 10:33:29
ced66df0adcb90b3,北京君正推进内存工艺革命：21nm与20nm技术将如何改变市场格局？,搜狐,1737456365,0,https://www.sohu.com/a/851575497_122066676,☆☆☆☆☆,"[{'full_name': '北京君正集成电路股份有限公司', 'subject_importance': None, 'subject_risk': None, 'orgid': 'T000032799', 'subject_code': None, 'subject_name': None, 'emotion': 'NEU', 'subject_risk_list': [], 'org_types': ['001001', '020006', '212100', '216003'], 'subject_importance_list': None}]",北京君正集成电路股份有限公司,R1 (2025-01-15~2025-01-25),2025-01-21,2025-01-21 10:46:05
a8e9384851ef5810,[快讯]值得买:关于持股5%以上股东、董事减持股份达到1%,中财网,1737457181,0,https://cfi.net.cn/p20250121003733.html,★★☆☆☆,"[{'full_name': '北京值得买科技股份有限公司', 'subject_importance': 2, 'subject_risk': '市场预警--减持套现', 'orgid': 'T002465122', 'subject_code': None, 'subject_name': None, 'emotion': 'NEG', 'subject_risk_list': ['R00003', 'R00003036'], 'org_types': ['020006', '001001', '216003', '212100'], 'subject_importance_list': ['stock@2']}]",北京值得买科技股份有限公司,R1 (2025-01-15~2025-01-25),2025-01-21,2025-01-21 10:59:41
450a735d782b16a3,[快讯]值得买:关于持股5%以上股东、董事减持至5%以下暨披露简式权益变动报告书的提示性,中财网,1737457182,0,https://cfi.net.cn/p20250121003732.html,★★☆☆☆,"[{'full_name': '北京值得买科技股份有限公司', 'subject_importance': 2, 'subject_risk': '市场预警--减持套现', 'orgid': 'T002465122', 'subject_code': None, 'subject_name': None, 'emotion': 'NEG', 'subject_risk_list': ['R00003', 'R00003036'], 'org_types': ['020006', '001001', '216003', '212100'], 'subject_importance_list': ['stock@2']}]",北京值得买科技股份有限公司,R1 (2025-01-15~2025-01-25),2025-01-21,2025-01-21 10:59:42
867f122d9073845f,北京君正：公司目前正在研发21nm和20nm的产品,网易-证券之星上海,1737457953,0,https://www.163.com/dy/article/JMET5NH8051984TV.html,☆☆☆☆☆,"[{'full_name': '北京君正集成电路股份有限公司', 'subject_importance': None, 'subject_risk': None, 'orgid': 'T000032799', 'subject_code': None, 'subject_name': None, 'emotion': 'NEU', 'subject_risk_list': [], 'org_types': ['001001', '020006', '212100', '216003'], 'subject_importance_list': None}]",北京君正集成电路股份有限公司,R1 (2025-01-15~2025-01-25),2025-01-21,2025-01-21 11:12:33
de85b6abc11912e4,值得买(300785.SZ)股东、董事刘超累计减持160.14万股,智通财经,1737462700,0,https://www.zhitongcaijing.com/content/detail/1241400.html,★★☆☆☆,"[{'full_name': '北京值得买科技股份有限公司', 'subject_importance': 2, 'subject_risk': '市场预警--减持套现', 'orgid': 'T002465122', 'subject_code': None, 'subject_name': None, 'emotion': 'NEG', 'subject_risk_list': ['R00003', 'R00003036'], 'org_types': ['020006', '001001', '216003', '212100'], 'subject_importance_list': ['stock@2']}]",北京值得买科技股份有限公司,R1 (2025-01-15~2025-01-25),2025-01-21,2025-01-21 12:31:40
d5830d729d628a4b,值得买股东、董事刘超累计减持160.14万股,智通财经,1737462728,0,http://stock.10jqka.com.cn/20250121/c665638810.shtml,★★☆☆☆,"[{'full_name': '北京值得买科技股份有限公司', 'subject_importance': 2, 'subject_risk': '市场预警--减持套现', 'orgid': 'T002465122', 'subject_code': None, 'subject_name': None, 'emotion': 'NEG', 'subject_risk_list': ['R00003', 'R00003036'], 'org_types': ['216003', '001001', '020006', '212100'], 'subject_importance_list': ['stock@2']}]",北京值得买科技股份有限公司,R1 (2025-01-15~2025-01-25),2025-01-21,2025-01-21 12:32:08
996a4eeda579ff8c,（官方问答平台）华工科技：公司积极主动融入国家战略和行业发展，围绕客户需求持续创新，围绕“感知、光联接、激光+智能制造”三大核心业务，面向国内、国际两大市场，聚焦新能源汽车、船舶制造、AI产业赛道，持续推动关键核心技术突破，打造专精特新产品，公司高度关注前沿技术发展情况，对于与主业相关的前沿技术会进行前瞻性的研究，感谢您对公司的关注……,同花顺金融研究中心,1737463805,0,,☆☆☆☆☆,"[{'full_name': '华工科技产业股份有限公司', 'subject_importance': None, 'subject_risk': None, 'orgid': '01000988', 'subject_code': None, 'subject_name': None, 'emotion': 'NEU', 'subject_risk_list': [], 'org_types': ['001001', '216001', '020001002002', '002', '212100', '020001'], 'subject_importance_list': None}]",华工科技产业股份有限公司,R1 (2025-01-15~2025-01-25),2025-01-21,2025-01-21 12:50:05
e9cb139bec9d8b18,（官方问答平台）华工科技：公司拥有光通信行业领先的一站式解决方案，具备从芯片到器件、模块、子系统全系列产品的垂直整合能力，持续夯实全球光模块供应商行业领先地位，在AIGC、云计算、5G-A行业应用等推动下，业务全面向高端升级，在Net5.5G（AIGC）业务领域，公司产品包括运用于数据中心市场的400G、800G、 1.6T高速光模块，基本实现高端光芯片自主可控，具备硅光芯片到模块的全自研设计能力，公司积极开拓光联接业务海外市场，加快在多家头部客户进行400G、800G以及1.6T数通光模块产品的测试及产品导入准备，具体进度请您关注公司相关公告，感谢您对公司的关注……,同花顺金融研究中心,1737463805,0,,☆☆☆☆☆,"[{'full_name': '华工科技产业股份有限公司', 'subject_importance': None, 'subject_risk': None, 'orgid': '01000988', 'subject_code': None, 'subject_name': None, 'emotion': 'NEU', 'subject_risk_list': [], 'org_types': ['001001', '216001', '020001002002', '002', '212100', '020001'], 'subject_importance_list': None}]",华工科技产业股份有限公司,R1 (2025-01-15~2025-01-25),2025-01-21,2025-01-21 12:50:05
13c30664120b1888,（官方问答平台）超图软件：公司在2024年汇集产品各种AI能力，形成地理空间AI技术底座SuperMap AIF，作为底层技术支撑向上赋能基础软件产品和行业应用产品……,同花顺金融研究中心,1737463806,0,,☆☆☆☆☆,"[{'full_name': '北京超图软件股份有限公司', 'subject_importance': None, 'subject_risk': None, 'orgid': 'T000026114', 'subject_code': None, 'subject_name': None, 'emotion': 'NEU', 'subject_risk_list': [], 'org_types': ['216003', '001001', '020006', '212100'], 'subject_importance_list': None}]",北京超图软件股份有限公司,R1 (2025-01-15~2025-01-25),2025-01-21,2025-01-21 12:50:06
54bfe98f566ca57b,超图软件：当前，公司在跨平台GIS技术、新一代三维GIS技术、分布式GIS技术、云原生GIS技术、边缘GIS技术等方面确立了全球领先地位，都是在全球范围内率先推出,证券之星股票,1737463890,0,https://stock.stockstar.com/IG2025012100038748.shtml,☆☆☆☆☆,"[{'full_name': '北京超图软件股份有限公司', 'subject_importance': None, 'subject_risk': None, 'orgid': 'T000026114', 'subject_code': None, 'subject_name': None, 'emotion': 'NEU', 'subject_risk_list': [], 'org_types': ['216003', '001001', '020006', '212100'], 'subject_importance_list': None}]",北京超图软件股份有限公司,R1 (2025-01-15~2025-01-25),2025-01-21,2025-01-21 12:51:30
504713c922e1d097,华工科技：中研院联合20家单位推动人工智能、半导体、新材料领域技术进步,金融界财经,1737464041,0,https://finance.jrj.com.cn/2025/01/21204847675658.shtml,☆☆☆☆☆,"[{'full_name': '华工科技产业股份有限公司', 'subject_importance': None, 'subject_risk': None, 'orgid': '01000988', 'subject_code': None, 'subject_name': None, 'emotion': 'NEU', 'subject_risk_list': [], 'org_types': ['001001', '216001', '020001002002', '002', '212100', '020001'], 'subject_importance_list': None}]",华工科技产业股份有限公司,R1 (2025-01-15~2025-01-25),2025-01-21,2025-01-21 12:54:01
b86743bac0ee4121,华工科技：聚焦核心业务，推动关键技术突破，保持稳中有进的发展态势,金融界财经,1737464041,0,https://finance.jrj.com.cn/2025/01/21204847675667.shtml,☆☆☆☆☆,"[{'full_name': '华工科技产业股份有限公司', 'subject_importance': None, 'subject_risk': None, 'orgid': '01000988', 'subject_code': None, 'subject_name': None, 'emotion': 'NEU', 'subject_risk_list': [], 'org_types': ['001001', '216001', '020001002002', '002', '212100', '020001'], 'subject_importance_list': None}]",华工科技产业股份有限公司,R1 (2025-01-15~2025-01-25),2025-01-21,2025-01-21 12:54:01
a4070cb0fdcb1f9e,2024年多家AI企业业绩大逆袭：算力需求激增，未来潜力无限,搜狐,1737464940,0,https://www.sohu.com/a/851629179_122004016,☆☆☆☆☆,"[{'full_name': '虹软科技股份有限公司', 'subject_importance': None, 'subject_risk': None, 'orgid': 'T003041965', 'subject_code': None, 'subject_name': None, 'emotion': 'NEU', 'subject_risk_list': [], 'org_types': ['020003', '001001', '216011', '212001', '020011'], 'subject_importance_list': None}]",虹软科技股份有限公司,R1 (2025-01-15~2025-01-25),2025-01-21,2025-01-21 13:09:00
a4070cb0fdcb1f9e,2024年多家AI企业业绩大逆袭：算力需求激增，未来潜力无限,搜狐,1737464940,0,https://www.sohu.com/a/851629179_122004016,☆☆☆☆☆,"[{'full_name': '苏州天孚光通信股份有限公司', 'subject_importance': None, 'subject_risk': None, 'orgid': 'T000060141', 'subject_code': None, 'subject_name': None, 'emotion': 'NEU', 'subject_risk_list': [], 'org_types': ['020006', '001001', '212100', '020011', '216003'], 'subject_importance_list': None}]",苏州天孚光通信股份有限公司,R1 (2025-01-15~2025-01-25),2025-01-21,2025-01-21 13:09:00
4e6f09ee80503d8b,华工科技：共建半导体激光装备产业创新联合实验室推动技术进步和产业发展,新浪财经,1737467412,0,https://finance.sina.com.cn/stock/relnews/cn/2025-01-21/doc-ineftwet8451896.shtml,☆☆☆☆☆,"[{'full_name': '华工科技产业股份有限公司', 'subject_importance': None, 'subject_risk': None, 'orgid': '01000988', 'subject_code': None, 'subject_name': None, 'emotion': 'NEU', 'subject_risk_list': [], 'org_types': ['001001', '216001', '020001002002', '002', '212100', '020001'], 'subject_importance_list': None}]",华工科技产业股份有限公司,R1 (2025-01-15~2025-01-25),2025-01-21,2025-01-21 13:50:12
230ca4c3579f1966,北京君正：T40主要用在多摄市场，客户有乔安，anker等,腾讯证券,1737475801,0,http://gu.qq.com/resources/shy/news/detail-v2/index.html#/?id=nesSN20250121181507abb2fff2&s=b,☆☆☆☆☆,"[{'full_name': '北京君正集成电路股份有限公司', 'subject_importance': None, 'subject_risk': None, 'orgid': 'T000032799', 'subject_code': None, 'subject_name': None, 'emotion': 'NEU', 'subject_risk_list': [], 'org_types': ['001001', '020006', '212100', '216003'], 'subject_importance_list': None}]",北京君正集成电路股份有限公司,R1 (2025-01-15~2025-01-25),2025-01-21,2025-01-21 16:10:01
bfcd2d3a6ae7a3d5,多家科创板公司业绩预喜 彰显韧性和活力,证券日报,1737481235,0,http://www.zqrb.cn/gscy/gongsi/2025-01-22/A1737465717481.html,☆☆☆☆☆,"[{'full_name': '中微半导体设备(上海)股份有限公司', 'subject_importance': None, 'subject_risk': None, 'orgid': 'Q01B38D3B0', 'subject_code': None, 'subject_name': None, 'emotion': 'NEU', 'subject_risk_list': [], 'org_types': ['020011', '212001', '216011', '001001', '020001'], 'subject_importance_list': None}]",中微半导体设备（上海）股份有限公司,R1 (2025-01-15~2025-01-25),2025-01-21,2025-01-21 17:40:35
bfcd2d3a6ae7a3d5,多家科创板公司业绩预喜 彰显韧性和活力,证券日报,1737481235,0,http://www.zqrb.cn/gscy/gongsi/2025-01-22/A1737465717481.html,☆☆☆☆☆,"[{'full_name': '海光信息技术股份有限公司', 'subject_importance': None, 'subject_risk': None, 'orgid': 'T000233634', 'subject_code': None, 'subject_name': None, 'emotion': 'NEU', 'subject_risk_list': [], 'org_types': ['212001', '001001', '216011', '020001', '020006'], 'subject_importance_list': None}]",海光信息技术股份有限公司,R1 (2025-01-15~2025-01-25),2025-01-21,2025-01-21 17:40:35
4871c2f6311b6d65,看好权益资产 绩优基金去年四季度增配科技成长,上海证券报,1737482373,0,https://paper.cnstock.com/html/2025-01/22/content_2021305.htm,☆☆☆☆☆,"[{'full_name': '中微半导体设备(上海)股份有限公司', 'subject_importance': None, 'subject_risk': None, 'orgid': 'Q01B38D3B0', 'subject_code': None, 'subject_name': None, 'emotion': 'NEU', 'subject_risk_list': [], 'org_types': ['020011', '212001', '216011', '001001', '020001'], 'subject_importance_list': None}]",中微半导体设备（上海）股份有限公司,R1 (2025-01-15~2025-01-25),2025-01-21,2025-01-21 17:59:33
198241798709bfc2,上调评级+调研 业绩高增长公司获券商青睐,上海证券报,1737482384,0,https://paper.cnstock.com/html/2025-01/22/content_2021304.htm,☆☆☆☆☆,"[{'full_name': '虹软科技股份有限公司', 'subject_importance': None, 'subject_risk': None, 'orgid': 'T003041965', 'subject_code': None, 'subject_name': None, 'emotion': 'NEU', 'subject_risk_list': [], 'org_types': ['020003', '001001', '216011', '212001', '020011'], 'subject_importance_list': None}]",虹软科技股份有限公司,R1 (2025-01-15~2025-01-25),2025-01-21,2025-01-21 17:59:44
ddd473dc759738b1,大华股份获得实用新型专利授权：“充电装置及充电系统”,证券之星,1737484781,0,https://wap.stockstar.com/detail/RB2025012200002726,☆☆☆☆☆,"[{'full_name': '浙江大华技术股份有限公司', 'subject_importance': None, 'subject_risk': None, 'orgid': '03134713', 'subject_code': None, 'subject_name': None, 'emotion': 'NEU', 'subject_risk_list': [], 'org_types': ['216001', '001001', '020006', '212100'], 'subject_importance_list': None}]",浙江大华技术股份有限公司,R1 (2025-01-15~2025-01-25),2025-01-21,2025-01-21 18:39:41
708835d111364f9b,拿下全国第一，3000亿芯片龙头，巨轮启航！,网易-飞鲸投研山东,1737498017,0,https://www.163.com/dy/article/JMERQR860539IMJ0.html,☆☆☆☆☆,"[{'full_name': '海光信息技术股份有限公司', 'subject_importance': None, 'subject_risk': None, 'orgid': 'T000233634', 'subject_code': None, 'subject_name': None, 'emotion': 'NEU', 'subject_risk_list': [], 'org_types': ['216011', '020006', '001001', '020001', '212001'], 'subject_importance_list': None}]",海光信息技术股份有限公司,R1 (2025-01-15~2025-01-25),2025-01-21,2025-01-21 22:20:17
cbf00bc6d5270320,浙江大华技术股份有限公司申请一种配额管理专利，解决配额拦截越界及无效等问题,网易-金融界北京,1737507705,0,https://www.163.com/dy/article/JMGCIBTI0519QIKK.html,☆☆☆☆☆,"[{'full_name': '浙江大华技术股份有限公司', 'subject_importance': None, 'subject_risk': None, 'orgid': '03134713', 'subject_code': None, 'subject_name': None, 'emotion': 'NEU', 'subject_risk_list': [], 'org_types': ['216001', '001001', '020006', '212100'], 'subject_importance_list': None}]",浙江大华技术股份有限公司,R1 (2025-01-15~2025-01-25),2025-01-22,2025-01-22 01:01:45
73a1725ff7a5cf7b,融资净买入275万元，北京君正股市表现为何如此引人注目？,搜狐,1737508196,0,https://www.sohu.com/a/851749619_122066678,☆☆☆☆☆,"[{'full_name': '北京君正集成电路股份有限公司', 'subject_importance': None, 'subject_risk': None, 'orgid': 'T000032799', 'subject_code': None, 'subject_name': None, 'emotion': 'NEU', 'subject_risk_list': [], 'org_types': ['001001', '020006', '212100', '216003'], 'subject_importance_list': None}]",北京君正集成电路股份有限公司,R1 (2025-01-15~2025-01-25),2025-01-22,2025-01-22 01:09:56
41b9d97d76a8a600,诺安基金邓心怡：关注2025年人工智能应用生态和端侧硬件新品类,金融界,1737511217,0,https://fund.jrj.com.cn/2025/01/22095747683943.shtml,☆☆☆☆☆,"[{'full_name': '海光信息技术股份有限公司', 'subject_importance': None, 'subject_risk': None, 'orgid': 'T000233634', 'subject_code': None, 'subject_name': None, 'emotion': 'NEU', 'subject_risk_list': [], 'org_types': ['212001', '001001', '216011', '020001', '020006'], 'subject_importance_list': None}]",海光信息技术股份有限公司,R1 (2025-01-15~2025-01-25),2025-01-22,2025-01-22 02:00:17
d74d8405e288fca,破局·智变·新程：安恒信息2025年度总结暨表彰大会举行,微信-安恒信息,1737512815,0,https://mp.weixin.qq.com/s?__biz=MjM5NTE0MjQyMg==&idx=1&mid=2650624325&sn=e1a90a6d1d514d2094ed384a805e23e4,☆☆☆☆☆,"[{'full_name': '杭州安恒信息技术股份有限公司', 'subject_importance': None, 'subject_risk': None, 'orgid': 'T001301651', 'subject_code': None, 'subject_name': None, 'emotion': 'NEU', 'subject_risk_list': [], 'org_types': ['212001', '001001', '020006', '216011'], 'subject_importance_list': None}]",杭州安恒信息技术股份有限公司,R1 (2025-01-15~2025-01-25),2025-01-22,2025-01-22 02:26:55
216843a9055c6b25,年度十佳！卓越贡献！安恒信息获网数专委多项荣誉,微信-安恒信息,1737512816,0,https://mp.weixin.qq.com/s?__biz=MjM5NTE0MjQyMg==&idx=2&mid=2650624325&sn=628ed7bb89afa0ff0dd9f3b03559ba18,☆☆☆☆☆,"[{'full_name': '杭州安恒信息技术股份有限公司', 'subject_importance': None, 'subject_risk': None, 'orgid': 'T001301651', 'subject_code': None, 'subject_name': None, 'emotion': 'NEU', 'subject_risk_list': [], 'org_types': ['212001', '001001', '020006', '216011'], 'subject_importance_list': None}]",杭州安恒信息技术股份有限公司,R1 (2025-01-15~2025-01-25),2025-01-22,2025-01-22 02:26:56
42c2a856a5c38bc2,2025年1月22日，华胜天成日内振幅超过7%,同花顺金融研究中心,1737513724,2,,★★★☆☆,"[{'full_name': '北京华胜天成科技股份有限公司', 'subject_importance': 3, 'subject_risk': '市场预警--交易异常波动', 'orgid': '03130700', 'subject_code': None, 'subject_name': None, 'emotion': 'NEG', 'subject_risk_list': ['R00003', 'R00003007'], 'org_types': ['212001', '002', '216001', '020006', '001001'], 'subject_importance_list': ['bond@3', 'stock@2']}]",北京华胜天成科技股份有限公司,R1 (2025-01-15~2025-01-25),2025-01-22,2025-01-22 02:42:04
1e97471b41e76e77,2025年1月22日华胜天成(600410)盘中涨停,同花顺金融研究中心,1737513843,1,,☆☆☆☆☆,"[{'full_name': '北京华胜天成科技股份有限公司', 'subject_importance': None, 'subject_risk': None, 'orgid': '03130700', 'subject_code': None, 'subject_name': None, 'emotion': 'NEU', 'subject_risk_list': [], 'org_types': ['002', '216001', '001001', '020006', '212001'], 'subject_importance_list': None}]",北京华胜天成科技股份有限公司,R1 (2025-01-15~2025-01-25),2025-01-22,2025-01-22 02:44:03
72bab949cd3902f4,恒生信创这一年：深化落地，向下扎根,微信-恒生电子股份有限公司,1737514157,0,https://mp.weixin.qq.com/s?__biz=MjM5NjkwNjczMg==&idx=1&mid=2652826439&sn=7dff6474431c8cf1ff83462dfec0cb90,☆☆☆☆☆,"[{'full_name': '恒生电子股份有限公司', 'subject_importance': None, 'subject_risk': None, 'orgid': '03130389', 'subject_code': None, 'subject_name': None, 'emotion': 'NEU', 'subject_risk_list': [], 'org_types': ['212001', '216001', '001001', '020006'], 'subject_importance_list': None}]",恒生电子股份有限公司,R1 (2025-01-15~2025-01-25),2025-01-22,2025-01-22 02:49:17
f70b514e00343a2d,值得买科技入选金融界“金智奖”年度价值评选“杰出ESG践行卓越案例”,飞象网,1737516435,0,http://www.cctime.com/html/2025-1-22/1701416.htm,☆☆☆☆☆,"[{'full_name': '北京值得买科技股份有限公司', 'subject_importance': None, 'subject_risk': None, 'orgid': 'T002465122', 'subject_code': None, 'subject_name': None, 'emotion': 'NEU', 'subject_risk_list': [], 'org_types': ['020006', '212100', '216003', '001001'], 'subject_importance_list': None}]",北京值得买科技股份有限公司,R1 (2025-01-15~2025-01-25),2025-01-22,2025-01-22 03:27:15
673d73a34d6a608b,AI四小龙云从科技，五年亏损超35亿，龙皮尚存否？,和讯网,1737516876,0,http://finance.itbear.com.cn/html/2025-01/135844.html,★★★☆☆,"[{'full_name': '云从科技集团股份有限公司', 'subject_importance': 3, 'subject_risk': '财务预警--盈利能力下降或亏损', 'orgid': 'T000225831', 'subject_code': None, 'subject_name': None, 'emotion': 'NEG', 'subject_risk_list': ['R00008', 'R00008015'], 'org_types': ['212001', '020006', '216011', '001001'], 'subject_importance_list': ['stock@3']}]",云从科技集团股份有限公司,R1 (2025-01-15~2025-01-25),2025-01-22,2025-01-22 03:34:36
5f26460cdb5e4bcc,海光信息技术申请时钟约束定义专利，能节省人力并保证早期时钟约束的正确性,百家号,1737517860,0,https://baijiahao.baidu.com/s?id=1821920362923129309&wfr=spider&for=pc,☆☆☆☆☆,"[{'full_name': '海光信息技术股份有限公司', 'subject_importance': None, 'subject_risk': None, 'orgid': 'T000233634', 'subject_code': None, 'subject_name': None, 'emotion': 'NEU', 'subject_risk_list': [], 'org_types': ['216011', '020006', '001001', '020001', '212001'], 'subject_importance_list': None}]",海光信息技术股份有限公司,R1 (2025-01-15~2025-01-25),2025-01-22,2025-01-22 03:51:00
2122881bc91ce242,金融人进上市公司当高管，总共有几条路？,微信-金融八卦女频道,1737518615,0,https://mp.weixin.qq.com/s?__biz=MzU0OTI2MzkxMA==&idx=1&mid=2247871614&sn=4b8e09b915a9b192dbd3bdf8aa531f84,☆☆☆☆☆,"[{'full_name': '杭州安恒信息技术股份有限公司', 'subject_importance': None, 'subject_risk': None, 'orgid': 'T001301651', 'subject_code': None, 'subject_name': None, 'emotion': 'NEU', 'subject_risk_list': [], 'org_types': ['001001', '216011', '212001', '020006'], 'subject_importance_list': None}]",杭州安恒信息技术股份有限公司,R1 (2025-01-15~2025-01-25),2025-01-22,2025-01-22 04:03:35
25d2a9483ff0c111,启明星辰：目前还没有和摩尔线程签署战略合作协议,证券之星股票,1737518811,0,https://stock.stockstar.com/IG2025012200018268.shtml,☆☆☆☆☆,"[{'full_name': '启明星辰信息技术集团股份有限公司', 'subject_importance': None, 'subject_risk': None, 'orgid': 'T000027264', 'subject_code': None, 'subject_name': None, 'emotion': 'NEU', 'subject_risk_list': [], 'org_types': ['216001', '001001', '212100', '002', '020006'], 'subject_importance_list': None}]",启明星辰信息技术集团股份有限公司,R1 (2025-01-15~2025-01-25),2025-01-22,2025-01-22 04:06:51
4a32d1ce27d15776,启明星辰：已发布九天泰合安全大模型,网易-金融界北京,1737519107,0,https://www.163.com/dy/article/JMGNHU650519QIKK.html,☆☆☆☆☆,"[{'full_name': '启明星辰信息技术集团股份有限公司', 'subject_importance': None, 'subject_risk': None, 'orgid': 'T000027264', 'subject_code': None, 'subject_name': None, 'emotion': 'NEU', 'subject_risk_list': [], 'org_types': ['216001', '001001', '212100', '002', '020006'], 'subject_importance_list': None}]",启明星辰信息技术集团股份有限公司,R1 (2025-01-15~2025-01-25),2025-01-22,2025-01-22 04:11:47
61834dd0ec6fd18c,2025年1月22日，利欧股份日内振幅超过7%,同花顺金融研究中心,1737522845,2,,★★★☆☆,"[{'full_name': '利欧集团股份有限公司', 'subject_importance': 3, 'subject_risk': '市场预警--交易异常波动', 'orgid': '03133589', 'subject_code': None, 'subject_name': None, 'emotion': 'NEG', 'subject_risk_list': ['R00003', 'R00003007'], 'org_types': ['216001', '002', '001001', '020006', '212100'], 'subject_importance_list': ['bond@3', 'stock@2']}]",利欧集团股份有限公司,R1 (2025-01-15~2025-01-25),2025-01-22,2025-01-22 05:14:05
78cf0cbf4de7cd94,杭州海康威视申请目标图像的质量评估方法专利，能够自适应提供满足用户个性化需求的评估结果,百家号,1737523860,0,https://baijiahao.baidu.com/s?id=1821926654454466483&wfr=spider&for=pc,☆☆☆☆☆,"[{'full_name': '杭州海康威视数字技术股份有限公司', 'subject_importance': None, 'subject_risk': None, 'orgid': 'T000026753', 'subject_code': None, 'subject_name': None, 'emotion': 'NEU', 'subject_risk_list': [], 'org_types': ['002', '020001', '212100', '216001', '001001', '020001002002'], 'subject_importance_list': None}]",杭州海康威视数字技术股份有限公司,R1 (2025-01-15~2025-01-25),2025-01-22,2025-01-22 05:31:00
9a4c4fa2008f5483,2024 ECI Young Awards 暨 “越秀乳业杯” 大学生数字（营销）创新大赛圆满落幕,中华网,1737524528,0,https://digi.china.com/digi/20250122/202501221632256.html,☆☆☆☆☆,"[{'full_name': '北京值得买科技股份有限公司', 'subject_importance': None, 'subject_risk': None, 'orgid': 'T002465122', 'subject_code': None, 'subject_name': None, 'emotion': 'NEU', 'subject_risk_list': [], 'org_types': ['212100', '001001', '020006', '216003'], 'subject_importance_list': None}]",北京值得买科技股份有限公司,R1 (2025-01-15~2025-01-25),2025-01-22,2025-01-22 05:42:08
c335f950b1a5f709,海康威视申请一种图像融合方法、装置及电子设备专利，能够提高融合图像的质量,网易-金融界北京,1737525326,0,https://www.163.com/dy/article/JMGTI1HV0519QIKK.html,☆☆☆☆☆,"[{'full_name': '杭州海康威视数字技术股份有限公司', 'subject_importance': None, 'subject_risk': None, 'orgid': 'T000026753', 'subject_code': None, 'subject_name': None, 'emotion': 'NEU', 'subject_risk_list': [], 'org_types': ['002', '020001', '212100', '216001', '001001', '020001002002'], 'subject_importance_list': None}]",杭州海康威视数字技术股份有限公司,R1 (2025-01-15~2025-01-25),2025-01-22,2025-01-22 05:55:26
69236ba1f3964b47,海光信息推出新型内存管理技术，提升计算性能,donews,1737525361,0,https://www.donews.com/news/detail/4/4717992.html,☆☆☆☆☆,"[{'full_name': '海光信息技术股份有限公司', 'subject_importance': None, 'subject_risk': None, 'orgid': 'T000233634', 'subject_code': None, 'subject_name': None, 'emotion': 'NEU', 'subject_risk_list': [], 'org_types': ['216011', '020006', '001001', '020001', '212001'], 'subject_importance_list': None}]",海光信息技术股份有限公司,R1 (2025-01-15~2025-01-25),2025-01-22,2025-01-22 05:56:01
6af38343fc3cac3b,海康威视中标某智慧停车项目 中移集成报价更低却落标了！,新浪财经,1737528658,0,https://finance.sina.com.cn/jjxw/2025-01-22/doc-inefvqpx7612263.shtml,☆☆☆☆☆,"[{'full_name': '杭州海康威视数字技术股份有限公司', 'subject_importance': None, 'subject_risk': None, 'orgid': 'T000026753', 'subject_code': None, 'subject_name': None, 'emotion': 'NEU', 'subject_risk_list': [], 'org_types': ['002', '020001', '212100', '216001', '001001', '020001002002'], 'subject_importance_list': None}]",杭州海康威视数字技术股份有限公司,R1 (2025-01-15~2025-01-25),2025-01-22,2025-01-22 06:50:58
da2db9c6448ed52c,云从科技近况堪忧：五年累计亏损或超35亿，AI四小龙光环不再？,和讯网,1737529793,0,http://finance.itbear.com.cn/html/2025-01/136021.html,★★★☆☆,"[{'full_name': '云从科技集团股份有限公司', 'subject_importance': 3, 'subject_risk': '财务预警--盈利能力下降或亏损', 'orgid': 'T000225831', 'subject_code': None, 'subject_name': None, 'emotion': 'NEG', 'subject_risk_list': ['R00008', 'R00008015'], 'org_types': ['212001', '020006', '216011', '001001'], 'subject_importance_list': ['stock@3']}]",云从科技集团股份有限公司,R1 (2025-01-15~2025-01-25),2025-01-22,2025-01-22 07:09:53
31026dd1e51b2c5e,启明星辰(002439.SZ)：目前还没有和摩尔线程签署战略合作协议,格隆汇资讯-公司信息,1737530213,0,https://www.gelonghui.com/news/4931153,☆☆☆☆☆,"[{'full_name': '启明星辰信息技术集团股份有限公司', 'subject_importance': None, 'subject_risk': None, 'orgid': 'T000027264', 'subject_code': None, 'subject_name': None, 'emotion': 'NEU', 'subject_risk_list': [], 'org_types': ['216001', '001001', '212100', '002', '020006'], 'subject_importance_list': None}]",启明星辰信息技术集团股份有限公司,R1 (2025-01-15~2025-01-25),2025-01-22,2025-01-22 07:16:53
9f7d375c49a065b6,"华胜天成2024年净利润预计达1,500万至2,200万元",证券之星财经,1737530326,0,https://finance.stockstar.com/IG2025012200020761.shtml,☆☆☆☆☆,"[{'full_name': '北京华胜天成科技股份有限公司', 'subject_importance': None, 'subject_risk': None, 'orgid': '03130700', 'subject_code': None, 'subject_name': None, 'emotion': 'NEU', 'subject_risk_list': [], 'org_types': ['002', '216001', '001001', '020006', '212001'], 'subject_importance_list': None}]",北京华胜天成科技股份有限公司,R1 (2025-01-15~2025-01-25),2025-01-22,2025-01-22 07:18:46
73eec12074bb34e8,芯动科技携手北京君正共筑芯片行业未来,电子发烧友网,1737530855,0,https://www.elecfans.com/d/6442801.html,☆☆☆☆☆,"[{'full_name': '北京君正集成电路股份有限公司', 'subject_importance': None, 'subject_risk': None, 'orgid': 'T000032799', 'subject_code': None, 'subject_name': None, 'emotion': 'NEU', 'subject_risk_list': [], 'org_types': ['001001', '020006', '212100', '216003'], 'subject_importance_list': None}]",北京君正集成电路股份有限公司,R1 (2025-01-15~2025-01-25),2025-01-22,2025-01-22 07:27:35
22b23c6885ddbaf2,2025商业新愿景｜金山办公CEO章庆元：让AI成为每个企业的中枢神经,经济观察网,1737531725,0,http://www.eeo.com.cn/2025/0122/707857.shtml,☆☆☆☆☆,"[{'full_name': '北京金山办公软件股份有限公司', 'subject_importance': None, 'subject_risk': None, 'orgid': 'T001323122', 'subject_code': None, 'subject_name': None, 'emotion': 'NEU', 'subject_risk_list': [], 'org_types': ['216011', '020011', '001001', '020006', '212001'], 'subject_importance_list': None}]",北京金山办公软件股份有限公司,R1 (2025-01-15~2025-01-25),2025-01-22,2025-01-22 07:42:05
42e0fb3cb853674a,万家人工智能混合A基金2024年第四季度业绩强劲，展望AI应用新机遇,搜狐,1737531757,0,https://www.sohu.com/a/851892334_121798711,☆☆☆☆☆,"[{'full_name': '海光信息技术股份有限公司', 'subject_importance': None, 'subject_risk': None, 'orgid': 'T000233634', 'subject_code': None, 'subject_name': None, 'emotion': 'NEU', 'subject_risk_list': [], 'org_types': ['001001', '216011', '212001', '020001', '020006'], 'subject_importance_list': None}]",海光信息技术股份有限公司,R1 (2025-01-15~2025-01-25),2025-01-22,2025-01-22 07:42:37
d25106020e64610e,杭州海康威视申请界面渲染方法专利，可动态地渲染信息推广界面,百家号,1737532177,0,https://baijiahao.baidu.com/s?id=1821912058135396197&wfr=spider&for=pc,☆☆☆☆☆,"[{'full_name': '杭州海康威视数字技术股份有限公司', 'subject_importance': None, 'subject_risk': None, 'orgid': 'T000026753', 'subject_code': None, 'subject_name': None, 'emotion': 'NEU', 'subject_risk_list': [], 'org_types': ['002', '020001', '212100', '216001', '001001', '020001002002'], 'subject_importance_list': None}]",杭州海康威视数字技术股份有限公司,R1 (2025-01-15~2025-01-25),2025-01-22,2025-01-22 07:49:37
6ae938baef56e7f4,AI四小龙云从科技，连年亏损超35亿，核心技术人员流失，前路何在？,和讯网,1737533674,0,http://finance.itbear.com.cn/html/2025-01/136100.html,★★★☆☆,"[{'full_name': '云从科技集团股份有限公司', 'subject_importance': 3, 'subject_risk': '财务预警--盈利能力下降或亏损', 'orgid': 'T000225831', 'subject_code': None, 'subject_name': None, 'emotion': 'NEG', 'subject_risk_list': ['R00008', 'R00008015'], 'org_types': ['212001', '020006', '216011', '001001'], 'subject_importance_list': ['stock@3']}]",云从科技集团股份有限公司,R1 (2025-01-15~2025-01-25),2025-01-22,2025-01-22 08:14:34
c2fe6dd9d8cc2649,川大智胜：股票交易异常波动,金融界,1737534645,0,https://24h.jrj.com.cn/2025/01/22163047694848.shtml,★★☆☆☆,"[{'full_name': '四川川大智胜软件股份有限公司', 'subject_importance': 2, 'subject_risk': '市场预警--交易异常波动', 'orgid': '00071668', 'subject_code': None, 'subject_name': None, 'emotion': 'NEG', 'subject_risk_list': ['R00003', 'R00003007'], 'org_types': ['212100', '216001', '020006', '001001'], 'subject_importance_list': ['stock@2']}]",四川川大智胜软件股份有限公司,R1 (2025-01-15~2025-01-25),2025-01-22,2025-01-22 08:30:45
2650fdad84760b11,恒生智能投行助手“汇投”应用落地，助力券商投行业务数智化进阶,全景网,1737536510,0,https://www.p5w.net/roll/finance/202501/t20250122_6300468.htm,☆☆☆☆☆,"[{'full_name': '恒生电子股份有限公司', 'subject_importance': None, 'subject_risk': None, 'orgid': '03130389', 'subject_code': None, 'subject_name': None, 'emotion': 'NEU', 'subject_risk_list': [], 'org_types': ['216001', '212001', '001001', '020006'], 'subject_importance_list': None}]",恒生电子股份有限公司,R1 (2025-01-15~2025-01-25),2025-01-22,2025-01-22 09:01:50
7798563b3e3e3b96,算力投资持续增长，多公司业绩大增，但这家跨界明星恐下降449.2%,微信-投资有道杂志,1737536766,0,https://mp.weixin.qq.com/s?__biz=MzAwNjMzMzEyNA==&idx=1&mid=2247515546&sn=d261df341e411e98bdf2b1e4d8151981,☆☆☆☆☆,"[{'full_name': '海光信息技术股份有限公司', 'subject_importance': None, 'subject_risk': None, 'orgid': 'T000233634', 'subject_code': None, 'subject_name': None, 'emotion': 'NEU', 'subject_risk_list': [], 'org_types': ['212001', '216011', '001001', '020006', '020001'], 'subject_importance_list': None}]",海光信息技术股份有限公司,R1 (2025-01-15~2025-01-25),2025-01-22,2025-01-22 09:06:06
67b822461f712199,彩讯股份(300634)1月20日股东户数4.12万户，较上期减少0.38%,证券之星,1737538422,0,https://wap.stockstar.com/detail/RB2025012200030441,☆☆☆☆☆,"[{'full_name': '彩讯科技股份有限公司', 'subject_importance': None, 'subject_risk': None, 'orgid': 'T000811758', 'subject_code': None, 'subject_name': None, 'emotion': 'NEU', 'subject_risk_list': [], 'org_types': ['212100', '216003', '020006', '001001'], 'subject_importance_list': None}]",彩讯科技股份有限公司,R1 (2025-01-15~2025-01-25),2025-01-22,2025-01-22 09:33:42
6801760e33b01bd,启明星辰：公司两位高管增持股份逾 12 万股,金融界,1737543340,0,https://24h.jrj.com.cn/2025/01/22185547707713.shtml,☆☆☆☆☆,"[{'full_name': '启明星辰信息技术集团股份有限公司', 'subject_importance': None, 'subject_risk': None, 'orgid': 'T000027264', 'subject_code': None, 'subject_name': None, 'emotion': 'NEU', 'subject_risk_list': [], 'org_types': ['216001', '001001', '212100', '002', '020006'], 'subject_importance_list': None}]",启明星辰信息技术集团股份有限公司,R1 (2025-01-15~2025-01-25),2025-01-22,2025-01-22 10:55:40
34cf1a00bc4f382a,启明星辰高管增持股份：信心满满的投资信号！,搜狐,1737543452,0,https://www.sohu.com/a/852005445_122066676,☆☆☆☆☆,"[{'full_name': '启明星辰信息技术集团股份有限公司', 'subject_importance': None, 'subject_risk': None, 'orgid': 'T000027264', 'subject_code': None, 'subject_name': None, 'emotion': 'NEU', 'subject_risk_list': [], 'org_types': ['216001', '001001', '212100', '002', '020006'], 'subject_importance_list': None}]",启明星辰信息技术集团股份有限公司,R1 (2025-01-15~2025-01-25),2025-01-22,2025-01-22 10:57:32
b5796b290b799d5e,启明星辰副总经理合计增持13万股股份,东方财富网,1737544366,0,https://finance.eastmoney.com/a/202501223304992637.html,☆☆☆☆☆,"[{'full_name': '启明星辰信息技术集团股份有限公司', 'subject_importance': None, 'subject_risk': None, 'orgid': 'T000027264', 'subject_code': None, 'subject_name': None, 'emotion': 'NEU', 'subject_risk_list': [], 'org_types': ['216001', '001001', '212100', '002', '020006'], 'subject_importance_list': None}]",启明星辰信息技术集团股份有限公司,R1 (2025-01-15~2025-01-25),2025-01-22,2025-01-22 11:12:46
3660f081372acceb,浪潮信息SATA SSD推动数据存储技术发展,电子发烧友网,1737545826,0,https://www.elecfans.com/d/6442953.html,☆☆☆☆☆,"[{'full_name': '浪潮电子信息产业股份有限公司', 'subject_importance': None, 'subject_risk': None, 'orgid': '01000977', 'subject_code': None, 'subject_name': None, 'emotion': 'NEU', 'subject_risk_list': [], 'org_types': ['020001002002', '212100', '020001', '001001', '002', '216001'], 'subject_importance_list': None}]",浪潮电子信息产业股份有限公司,R1 (2025-01-15~2025-01-25),2025-01-22,2025-01-22 11:37:06
6576089cf12845b2,中微公司2024年营收大增44.73%,电子发烧友网,1737545826,0,https://www.elecfans.com/d/6442974.html,☆☆☆☆☆,"[{'full_name': '中微半导体设备(上海)股份有限公司', 'subject_importance': None, 'subject_risk': None, 'orgid': 'Q01B38D3B0', 'subject_code': None, 'subject_name': None, 'emotion': 'NEU', 'subject_risk_list': [], 'org_types': ['216011', '001001', '020001', '212001', '020011'], 'subject_importance_list': None}]",中微半导体设备（上海）股份有限公司,R1 (2025-01-15~2025-01-25),2025-01-22,2025-01-22 11:37:06
227aabe30f774bde,彩讯股份CEO白琳：构建全栈服务体系，助力企业智能化转型,中国证券网,1737547026,0,https://www.cnstock.com/commonDetail/351207,☆☆☆☆☆,"[{'full_name': '彩讯科技股份有限公司', 'subject_importance': None, 'subject_risk': None, 'orgid': 'T000811758', 'subject_code': None, 'subject_name': None, 'emotion': 'NEU', 'subject_risk_list': [], 'org_types': ['212100', '216003', '020006', '001001'], 'subject_importance_list': None}]",彩讯科技股份有限公司,R1 (2025-01-15~2025-01-25),2025-01-22,2025-01-22 11:57:06
5aed578cf36d0cd1,启明星辰：副总经理张媛及潘宇东近日增持公司股份,腾讯证券,1737547439,0,http://gu.qq.com/resources/shy/news/detail-v2/index.html#/?id=nesSN20250122190500abb46be1&s=b,☆☆☆☆☆,"[{'full_name': '启明星辰信息技术集团股份有限公司', 'subject_importance': None, 'subject_risk': None, 'orgid': 'T000027264', 'subject_code': None, 'subject_name': None, 'emotion': 'NEU', 'subject_risk_list': [], 'org_types': ['216001', '001001', '212100', '002', '020006'], 'subject_importance_list': None}]",启明星辰信息技术集团股份有限公司,R1 (2025-01-15~2025-01-25),2025-01-22,2025-01-22 12:03:59
513baf8c7fd1ce11,注意！彩讯股份将于2月11日召开股东大会,每日经济新闻,1737548404,0,https://www.nbd.com.cn/articles/2025-01-22/3733186.html,☆☆☆☆☆,"[{'full_name': '彩讯科技股份有限公司', 'subject_importance': None, 'subject_risk': None, 'orgid': 'T000811758', 'subject_code': None, 'subject_name': None, 'emotion': 'NEU', 'subject_risk_list': [], 'org_types': ['212100', '216003', '020006', '001001'], 'subject_importance_list': None}]",彩讯科技股份有限公司,R1 (2025-01-15~2025-01-25),2025-01-22,2025-01-22 12:20:04
e6af70e860d63e30,受益于光模块等业务发展 剑桥科技预计去年净利润同比增长59.97%至78.91%,证券时报网,1737551325,0,http://egs.stcn.com/news/detail/1964164.html,☆☆☆☆☆,"[{'full_name': '苏州天孚光通信股份有限公司', 'subject_importance': None, 'subject_risk': None, 'orgid': 'T000060141', 'subject_code': None, 'subject_name': None, 'emotion': 'NEU', 'subject_risk_list': [], 'org_types': ['216003', '212100', '001001', '020006', '020011'], 'subject_importance_list': None}]",苏州天孚光通信股份有限公司,R1 (2025-01-15~2025-01-25),2025-01-22,2025-01-22 13:08:45
d8e30d88fc513d45,四维图新部分董监高拟减持合计不超177.14万股,智通财经,1737552869,0,http://stock.10jqka.com.cn/20250122/c665670758.shtml,★★☆☆☆,"[{'full_name': '北京四维图新科技股份有限公司', 'subject_importance': 2, 'subject_risk': '市场预警--减持套现', 'orgid': 'T000026674', 'subject_code': None, 'subject_name': None, 'emotion': 'NEG', 'subject_risk_list': ['R00003', 'R00003036'], 'org_types': ['002', '020001', '212100', '001001', '216001', '020006'], 'subject_importance_list': ['bond@2', 'stock@2']}]",北京四维图新科技股份有限公司,R1 (2025-01-15~2025-01-25),2025-01-22,2025-01-22 13:34:29
78703d43f2c78cb6,启明星辰2股东增持12.60万股 占公司总股本的0.01%,同花顺金融研究中心,1737554346,1,,☆☆☆☆☆,"[{'full_name': '启明星辰信息技术集团股份有限公司', 'subject_importance': None, 'subject_risk': None, 'orgid': 'T000027264', 'subject_code': None, 'subject_name': None, 'emotion': 'NEU', 'subject_risk_list': [], 'org_types': ['216001', '001001', '212100', '002', '020006'], 'subject_importance_list': None}]",启明星辰信息技术集团股份有限公司,R1 (2025-01-15~2025-01-25),2025-01-22,2025-01-22 13:59:06
198f76431676130c,海康威视公开新型采购订单生成技术,donews,1737554776,0,https://www.donews.com/news/detail/4/4718757.html,☆☆☆☆☆,"[{'full_name': '杭州海康威视数字技术股份有限公司', 'subject_importance': None, 'subject_risk': None, 'orgid': 'T000026753', 'subject_code': None, 'subject_name': None, 'emotion': 'NEU', 'subject_risk_list': [], 'org_types': ['002', '020001', '212100', '216001', '001001', '020001002002'], 'subject_importance_list': None}]",杭州海康威视数字技术股份有限公司,R1 (2025-01-15~2025-01-25),2025-01-22,2025-01-22 14:06:16
438875c3965aedb9,中微半导体取得喷淋头组件及等离子体处理设备专利，提高清洁效率,百家号,1737555317,0,https://baijiahao.baidu.com/s?id=1821924835020064312&wfr=spider&for=pc,☆☆☆☆☆,"[{'full_name': '中微半导体设备(上海)股份有限公司', 'subject_importance': None, 'subject_risk': None, 'orgid': 'Q01B38D3B0', 'subject_code': None, 'subject_name': None, 'emotion': 'NEU', 'subject_risk_list': [], 'org_types': ['216011', '001001', '020001', '212001', '020011'], 'subject_importance_list': None}]",中微半导体设备（上海）股份有限公司,R1 (2025-01-15~2025-01-25),2025-01-22,2025-01-22 14:15:17
ce4669cbf7ea87ad,中微半导体设备取得一种加热灯和化学气相沉积设备专利，提高晶圆表面加热后各处温度的均匀性,百家号,1737555320,0,https://baijiahao.baidu.com/s?id=1821924641597420087&wfr=spider&for=pc,☆☆☆☆☆,"[{'full_name': '中微半导体设备(上海)股份有限公司', 'subject_importance': None, 'subject_risk': None, 'orgid': 'Q01B38D3B0', 'subject_code': None, 'subject_name': None, 'emotion': 'NEU', 'subject_risk_list': [], 'org_types': ['216011', '001001', '020001', '212001', '020011'], 'subject_importance_list': None}]",中微半导体设备（上海）股份有限公司,R1 (2025-01-15~2025-01-25),2025-01-22,2025-01-22 14:15:20
d6cd5fbe4274542b,[快讯]四维图新:关于部分董监高拟减持股份的预披露,股权激励计划授予股份,1737560675,0,https://stock.cfi.cn/p20250122005199.html,★★☆☆☆,"[{'full_name': '北京四维图新科技股份有限公司', 'subject_importance': 2, 'subject_risk': '市场预警--减持套现', 'orgid': 'T000026674', 'subject_code': None, 'subject_name': None, 'emotion': 'NEG', 'subject_risk_list': ['R00003', 'R00003036'], 'org_types': ['002', '020001', '212100', '001001', '216001', '020006'], 'subject_importance_list': ['bond@2', 'stock@2']}]",北京四维图新科技股份有限公司,R1 (2025-01-15~2025-01-25),2025-01-22,2025-01-22 15:44:35
c478bb7f335fe812,四维图新高管姜晓明拟减持47万股套现411.25万元，此前已累计减持9万股套现159.23万元,搜狐-北京市,1737560915,0,https://www.sohu.com/a/852149347_122014422,★★☆☆☆,"[{'full_name': '北京四维图新科技股份有限公司', 'subject_importance': 2, 'subject_risk': '市场预警--减持套现', 'orgid': 'T000026674', 'subject_code': None, 'subject_name': None, 'emotion': 'NEG', 'subject_risk_list': ['R00003', 'R00003036'], 'org_types': ['002', '020001', '212100', '001001', '216001', '020006'], 'subject_importance_list': ['bond@2', 'stock@2']}]",北京四维图新科技股份有限公司,R1 (2025-01-15~2025-01-25),2025-01-22,2025-01-22 15:48:35
422463cf1cee23f5,四维图新高管孟庆昕拟减持42万股套现367.5万元，此前已累计减持36.19万股套现635.02万元,搜狐-北京市,1737560916,0,https://www.sohu.com/a/852149437_122014422,★★☆☆☆,"[{'full_name': '北京四维图新科技股份有限公司', 'subject_importance': 2, 'subject_risk': '市场预警--减持套现', 'orgid': 'T000026674', 'subject_code': None, 'subject_name': None, 'emotion': 'NEG', 'subject_risk_list': ['R00003', 'R00003036'], 'org_types': ['002', '020001', '212100', '001001', '216001', '020006'], 'subject_importance_list': ['bond@2', 'stock@2']}]",北京四维图新科技股份有限公司,R1 (2025-01-15~2025-01-25),2025-01-22,2025-01-22 15:48:36
be9540d498aec579,四维图新高管张栩娜拟减持3938股套现3.45万元，为首次减持,搜狐-北京市,1737560916,0,https://www.sohu.com/a/852148282_122014422,★★☆☆☆,"[{'full_name': '北京四维图新科技股份有限公司', 'subject_importance': 2, 'subject_risk': '市场预警--股份减持', 'orgid': 'T000026674', 'subject_code': None, 'subject_name': None, 'emotion': 'NEG', 'subject_risk_list': ['R00003', 'R00003006'], 'org_types': ['002', '020001', '212100', '001001', '216001', '020006'], 'subject_importance_list': ['bond@1', 'stock@2']}]",北京四维图新科技股份有限公司,R1 (2025-01-15~2025-01-25),2025-01-22,2025-01-22 15:48:36
73d65158676465a2,四维图新高管梁永杰拟减持40万股套现350万元，此前已累计减持36.74万股套现654.12万元,搜狐-北京市,1737560935,2,https://www.sohu.com/a/852149053_122014422,★★☆☆☆,"[{'full_name': '北京四维图新科技股份有限公司', 'subject_importance': 2, 'subject_risk': '市场预警--减持套现', 'orgid': 'T000026674', 'subject_code': None, 'subject_name': None, 'emotion': 'NEG', 'subject_risk_list': ['R00003', 'R00003036'], 'org_types': ['002', '020001', '212100', '001001', '216001', '020006'], 'subject_importance_list': ['bond@2', 'stock@2']}]",北京四维图新科技股份有限公司,R1 (2025-01-15~2025-01-25),2025-01-22,2025-01-22 15:48:55
dc30b3fbc3269e38,四维图新高管毕垒拟减持47.75万股套现417.8万元，此前已累计减持59.3万股套现1119.97万元,搜狐-北京市,1737560947,0,https://www.sohu.com/a/852148280_122014422,★★☆☆☆,"[{'full_name': '北京四维图新科技股份有限公司', 'subject_importance': 2, 'subject_risk': '市场预警--减持套现', 'orgid': 'T000026674', 'subject_code': None, 'subject_name': None, 'emotion': 'NEG', 'subject_risk_list': ['R00003', 'R00003036'], 'org_types': ['002', '020001', '212100', '001001', '216001', '020006'], 'subject_importance_list': ['bond@2', 'stock@2']}]",北京四维图新科技股份有限公司,R1 (2025-01-15~2025-01-25),2025-01-22,2025-01-22 15:49:07
c722e610cb3e5143,太极股份两项科技成果顺利通过鉴定,太极股份,1737561600,0,https://www.taiji.com.cn/TaijiCMS/html/gsxw/20250123/3604.html,☆☆☆☆☆,"[{'full_name': '太极计算机股份有限公司', 'subject_importance': None, 'subject_risk': None, 'orgid': 'T000026778', 'subject_code': None, 'subject_name': None, 'emotion': 'NEU', 'subject_risk_list': [], 'org_types': ['216001', '001001', '020001', '020001002002', '002', '212100'], 'subject_importance_list': None}]",太极计算机股份有限公司,R1 (2025-01-15~2025-01-25),2025-01-22,2025-01-22 16:00:00
8c7728cc0419d562,云从科技：连年亏损，前景仍存挑战与机遇,lack,1737562332,0,https://www.qinbaol.com/kjzx/202501/63147.html,★★★☆☆,"[{'full_name': '云从科技集团股份有限公司', 'subject_importance': 3, 'subject_risk': '财务预警--盈利能力下降或亏损', 'orgid': 'T000225831', 'subject_code': None, 'subject_name': None, 'emotion': 'NEG', 'subject_risk_list': ['R00008', 'R00008015'], 'org_types': ['212001', '020006', '216011', '001001'], 'subject_importance_list': ['stock@3']}]",云从科技集团股份有限公司,R1 (2025-01-15~2025-01-25),2025-01-22,2025-01-22 16:12:12
85e88bf3576045e6,大华股份新注册《大华塑胶件滑牙扭矩计算软件V1.0》等2个项目的软件著作权,证券之星,1737565543,0,https://wap.stockstar.com/detail/RB2025012300000399,☆☆☆☆☆,"[{'full_name': '浙江大华技术股份有限公司', 'subject_importance': None, 'subject_risk': None, 'orgid': '03134713', 'subject_code': None, 'subject_name': None, 'emotion': 'NEU', 'subject_risk_list': [], 'org_types': ['216001', '001001', '020006', '212100'], 'subject_importance_list': None}]",浙江大华技术股份有限公司,R1 (2025-01-15~2025-01-25),2025-01-22,2025-01-22 17:05:43
ee6ebb7502693716,业绩 公募业绩有起有落 重仓科技者“尝到甜头”,上海证券报,1737569744,0,https://paper.cnstock.com/html/2025-01/23/content_2022298.htm,☆☆☆☆☆,"[{'full_name': '海光信息技术股份有限公司', 'subject_importance': None, 'subject_risk': None, 'orgid': 'T000233634', 'subject_code': None, 'subject_name': None, 'emotion': 'NEU', 'subject_risk_list': [], 'org_types': ['212001', '001001', '216011', '020001', '020006'], 'subject_importance_list': None}]",海光信息技术股份有限公司,R1 (2025-01-15~2025-01-25),2025-01-22,2025-01-22 18:15:44
2356d4d5f49020d8,券商争相入驻小红书，教外国人如何炒A股,微信-金融界股灵通,1737586125,0,https://mp.weixin.qq.com/s?__biz=MjM5MzgzNzQyMw==&idx=3&mid=2652393854&sn=cae2331c7e1941cbb9df2adfcdf10128,☆☆☆☆☆,"[{'full_name': '浙江核新同花顺网络信息股份有限公司', 'subject_importance': None, 'subject_risk': None, 'orgid': 'T000025753', 'subject_code': None, 'subject_name': None, 'emotion': 'NEU', 'subject_risk_list': [], 'org_types': ['020006', '001001', '216003', '212100'], 'subject_importance_list': None}]",浙江核新同花顺网络信息股份有限公司,R1 (2025-01-15~2025-01-25),2025-01-22,2025-01-22 22:48:45
41ec198b451ca707,四维图新：股东拟减持不超过0.08%的股份,同花顺iNews,1737587433,0,http://stock.10jqka.com.cn/20250123/c665673550.shtml,★★☆☆☆,"[{'full_name': '北京四维图新科技股份有限公司', 'subject_importance': 2, 'subject_risk': '市场预警--减持套现', 'orgid': 'T000026674', 'subject_code': None, 'subject_name': None, 'emotion': 'NEG', 'subject_risk_list': ['R00003', 'R00003036'], 'org_types': ['002', '020001', '212100', '001001', '216001', '020006'], 'subject_importance_list': ['bond@2', 'stock@2']}]",北京四维图新科技股份有限公司,R1 (2025-01-15~2025-01-25),2025-01-22,2025-01-22 23:10:33
2a2ae7c4d02584c8,“主动不及被动”！基金经理正面回应：不再以行业大偏离求超额收益,微信-券商中国,1737588185,2,https://mp.weixin.qq.com/s/lMoS5FuUopd7D4w4fFgw6Q,☆☆☆☆☆,"[{'full_name': '北方华创科技集团股份有限公司', 'subject_importance': None, 'subject_risk': None, 'orgid': 'T000007615', 'subject_code': None, 'subject_name': None, 'emotion': 'NEU', 'subject_risk_list': [], 'org_types': ['212100', '020001002002', '002', '001001', '216001', '020001'], 'subject_importance_list': None}]",北方华创科技集团股份有限公司,R1 (2025-01-15~2025-01-25),2025-01-22,2025-01-22 23:23:05
7debf676a97de950,券商APP大跃进：9家去年月均日活用户超200万，投顾业务成竞争关键,新浪财经,1737590608,0,https://finance.sina.com.cn/jjxw/2025-01-23/doc-inefxhxf6258035.shtml,☆☆☆☆☆,"[{'full_name': '浙江核新同花顺网络信息股份有限公司', 'subject_importance': None, 'subject_risk': None, 'orgid': 'T000025753', 'subject_code': None, 'subject_name': None, 'emotion': 'NEU', 'subject_risk_list': [], 'org_types': ['020006', '212100', '001001', '216003'], 'subject_importance_list': None}]",浙江核新同花顺网络信息股份有限公司,R1 (2025-01-15~2025-01-25),2025-01-23,2025-01-23 00:03:28
538586c1284d7072,云从科技业绩预亏6亿，AI四小龙风采不再，仅余龙皮？,同花顺整理,1737591468,0,https://www.tlmhxx.com/keji/202501/8129.html,★★★☆☆,"[{'full_name': '云从科技集团股份有限公司', 'subject_importance': 3, 'subject_risk': '财务预警--盈利能力下降或亏损', 'orgid': 'T000225831', 'subject_code': None, 'subject_name': None, 'emotion': 'NEG', 'subject_risk_list': ['R00008', 'R00008015'], 'org_types': ['212001', '020006', '216011', '001001'], 'subject_importance_list': ['stock@3']}]",云从科技集团股份有限公司,R1 (2025-01-15~2025-01-25),2025-01-23,2025-01-23 00:17:48
45fe013544243a0f,46家上市公司发布退市风险警示，留给这些公司的时间不多了,览富财经网,1737594447,2,https://www.lanfucaijing.com/read/129511,★★★★★,"[{'full_name': '四川川大智胜软件股份有限公司', 'subject_importance': 5, 'subject_risk': '市场预警--退市风险警示', 'orgid': '00071668', 'subject_code': None, 'subject_name': None, 'emotion': 'NEG', 'subject_risk_list': ['R00003', 'R00003009'], 'org_types': ['216001', '020006', '001001', '212100'], 'subject_importance_list': ['stock@5']}]",四川川大智胜软件股份有限公司,R1 (2025-01-15~2025-01-25),2025-01-23,2025-01-23 01:07:27
388f4dc522fbeffc,2025年1月23日川大智胜(002253)盘中跌停,同花顺金融研究中心,1737596103,2,,★★☆☆☆,"[{'full_name': '四川川大智胜软件股份有限公司', 'subject_importance': 2, 'subject_risk': '市场预警--交易异常波动', 'orgid': '00071668', 'subject_code': None, 'subject_name': None, 'emotion': 'NEG', 'subject_risk_list': ['R00003', 'R00003007'], 'org_types': ['212100', '216001', '020006', '001001'], 'subject_importance_list': ['stock@2']}]",四川川大智胜软件股份有限公司,R1 (2025-01-15~2025-01-25),2025-01-23,2025-01-23 01:35:03
9cc1dcc5a6333c05,2025年1月23日，彩讯股份日内振幅超过7%,同花顺金融研究中心,1737596343,2,,★★☆☆☆,"[{'full_name': '彩讯科技股份有限公司', 'subject_importance': 2, 'subject_risk': '市场预警--交易异常波动', 'orgid': 'T000811758', 'subject_code': None, 'subject_name': None, 'emotion': 'NEG', 'subject_risk_list': ['R00003', 'R00003007'], 'org_types': ['001001', '020006', '212100', '216003'], 'subject_importance_list': ['stock@2']}]",彩讯科技股份有限公司,R1 (2025-01-15~2025-01-25),2025-01-23,2025-01-23 01:39:03
6d549b06ea68bedc,2025年1月23日，川大智胜日内振幅超过7%,同花顺金融研究中心,1737596405,2,,★★☆☆☆,"[{'full_name': '四川川大智胜软件股份有限公司', 'subject_importance': 2, 'subject_risk': '市场预警--交易异常波动', 'orgid': '00071668', 'subject_code': None, 'subject_name': None, 'emotion': 'NEG', 'subject_risk_list': ['R00003', 'R00003007'], 'org_types': ['212100', '216001', '020006', '001001'], 'subject_importance_list': ['stock@2']}]",四川川大智胜软件股份有限公司,R1 (2025-01-15~2025-01-25),2025-01-23,2025-01-23 01:40:05
b101e55b48367250,2025年1月23日，同花顺日内振幅超过7%,同花顺金融研究中心,1737596463,2,,★★☆☆☆,"[{'full_name': '浙江核新同花顺网络信息股份有限公司', 'subject_importance': 2, 'subject_risk': '市场预警--交易异常波动', 'orgid': 'T000025753', 'subject_code': None, 'subject_name': None, 'emotion': 'NEG', 'subject_risk_list': ['R00003', 'R00003007'], 'org_types': ['216003', '001001', '212100', '020006'], 'subject_importance_list': ['stock@2']}]",浙江核新同花顺网络信息股份有限公司,R1 (2025-01-15~2025-01-25),2025-01-23,2025-01-23 01:41:03
80a5d39b3fd64a08,连续四年！安恒信息二人荣膺“浙江工匠”,微信-安恒信息,1737597355,0,https://mp.weixin.qq.com/s?__biz=MjM5NTE0MjQyMg==&idx=1&mid=2650624385&sn=3114dbfe23de9fc980d854f1e42fde82,☆☆☆☆☆,"[{'full_name': '杭州安恒信息技术股份有限公司', 'subject_importance': None, 'subject_risk': None, 'orgid': 'T001301651', 'subject_code': None, 'subject_name': None, 'emotion': 'NEU', 'subject_risk_list': [], 'org_types': ['212001', '001001', '020006', '216011'], 'subject_importance_list': None}]",杭州安恒信息技术股份有限公司,R1 (2025-01-15~2025-01-25),2025-01-23,2025-01-23 01:55:55
eff6fb284f8f06d,官方认可！安恒信息收获新年的第一份荣誉,微信-安恒信息,1737597365,0,https://mp.weixin.qq.com/s?__biz=MjM5NTE0MjQyMg==&idx=2&mid=2650624385&sn=2cfd4a9669f058b8db2a5f0f878fafd0,☆☆☆☆☆,"[{'full_name': '杭州安恒信息技术股份有限公司', 'subject_importance': None, 'subject_risk': None, 'orgid': 'T001301651', 'subject_code': None, 'subject_name': None, 'emotion': 'NEU', 'subject_risk_list': [], 'org_types': ['212001', '001001', '020006', '216011'], 'subject_importance_list': None}]",杭州安恒信息技术股份有限公司,R1 (2025-01-15~2025-01-25),2025-01-23,2025-01-23 01:56:05
fc2f9862ea14c558,2025年1月23日，虹软科技日内振幅超过7%,同花顺金融研究中心,1737597545,2,,★★☆☆☆,"[{'full_name': '虹软科技股份有限公司', 'subject_importance': 2, 'subject_risk': '市场预警--交易异常波动', 'orgid': 'T003041965', 'subject_code': None, 'subject_name': None, 'emotion': 'NEG', 'subject_risk_list': ['R00003', 'R00003007'], 'org_types': ['020003', '020011', '001001', '212001', '216011'], 'subject_importance_list': ['stock@2']}]",虹软科技股份有限公司,R1 (2025-01-15~2025-01-25),2025-01-23,2025-01-23 01:59:05
ca27f588bed76c18,创业慧康：1月22日接受机构调研，中泰证券、中信建投等多家机构参与,证券之星股票,1737599653,0,http://stock.stockstar.com/RB2025012300016751.shtml,☆☆☆☆☆,"[{'full_name': '创业慧康科技股份有限公司', 'subject_importance': None, 'subject_risk': None, 'orgid': '00087886', 'subject_code': None, 'subject_name': None, 'emotion': 'NEU', 'subject_risk_list': [], 'org_types': ['001001', '216003', '212100', '020006'], 'subject_importance_list': None}]",创业慧康科技股份有限公司,R1 (2025-01-15~2025-01-25),2025-01-23,2025-01-23 02:34:13
f5ad2ebb08caf3,创业慧康：新产品全面推广尚在攀升期 2024年业绩预亏,搜狐-北京市,1737601786,2,https://www.sohu.com/a/852360194_114988,★★★☆☆,"[{'full_name': '创业慧康科技股份有限公司', 'subject_importance': 3, 'subject_risk': '财务预警--盈利能力下降或亏损', 'orgid': '00087886', 'subject_code': None, 'subject_name': None, 'emotion': 'NEG', 'subject_risk_list': ['R00008', 'R00008015'], 'org_types': ['020006', '001001', '212100', '216003'], 'subject_importance_list': ['stock@3']}]",创业慧康科技股份有限公司,R1 (2025-01-15~2025-01-25),2025-01-23,2025-01-23 03:09:46
df757bc9c0e052b0,川大智胜连吃两个跌停板，“川普行情”不灵了？,百家号,1737603359,2,https://baijiahao.baidu.com/s?id=1821936269784792971&wfr=spider&for=pc,★★☆☆☆,"[{'full_name': '四川川大智胜软件股份有限公司', 'subject_importance': 2, 'subject_risk': '市场预警--交易异常波动', 'orgid': '00071668', 'subject_code': None, 'subject_name': None, 'emotion': 'NEG', 'subject_risk_list': ['R00003', 'R00003007'], 'org_types': ['212100', '216001', '020006', '001001'], 'subject_importance_list': ['stock@2']}]",四川川大智胜软件股份有限公司,R1 (2025-01-15~2025-01-25),2025-01-23,2025-01-23 03:35:59
6e8f146e5da81f36,【捉妖记】刹不住车！特朗普概念股4天暴跌超27%,财华智库网,1737603931,2,https://www.finet.com.cn/news/6791bb102308299a68021180.html,★★☆☆☆,"[{'full_name': '四川川大智胜软件股份有限公司', 'subject_importance': 2, 'subject_risk': '市场预警--交易异常波动', 'orgid': '00071668', 'subject_code': None, 'subject_name': None, 'emotion': 'NEG', 'subject_risk_list': ['R00003', 'R00003007'], 'org_types': ['212100', '216001', '020006', '001001'], 'subject_importance_list': ['stock@2']}]",四川川大智胜软件股份有限公司,R1 (2025-01-15~2025-01-25),2025-01-23,2025-01-23 03:45:31
534f155b7b8e9663,拓尔思斩获1300万大单，助力国家管网集团数据转型！,搜狐,1737608268,0,https://www.sohu.com/a/852397162_122004016,☆☆☆☆☆,"[{'full_name': '拓尔思信息技术股份有限公司', 'subject_importance': None, 'subject_risk': None, 'orgid': 'T000034655', 'subject_code': None, 'subject_name': None, 'emotion': 'NEU', 'subject_risk_list': [], 'org_types': ['020006', '212100', '216003', '001001', '002'], 'subject_importance_list': None}]",拓尔思信息技术股份有限公司,R1 (2025-01-15~2025-01-25),2025-01-23,2025-01-23 04:57:48
9c562fe79473af96,拓尔思助力国家管网集团构建智能数据管理新生态，项目金额超1300万！,搜狐,1737608321,0,https://www.sohu.com/a/852397236_121798711,☆☆☆☆☆,"[{'full_name': '拓尔思信息技术股份有限公司', 'subject_importance': None, 'subject_risk': None, 'orgid': 'T000034655', 'subject_code': None, 'subject_name': None, 'emotion': 'NEU', 'subject_risk_list': [], 'org_types': ['020006', '212100', '216003', '001001', '002'], 'subject_importance_list': None}]",拓尔思信息技术股份有限公司,R1 (2025-01-15~2025-01-25),2025-01-23,2025-01-23 04:58:41
af318940c95236c1,用 5 万换价值 73 亿的股份？因离职让寒武纪市值蒸发 60 亿的 CTO，与老东家“开撕”了！,微信-AI前线,1737609195,2,https://mp.weixin.qq.com/s/DHnsHMA8hHDUb98eZSQ0hg,★★★☆☆,"[{'full_name': '中科寒武纪科技股份有限公司', 'subject_importance': 3, 'subject_risk': '经营预警--法律诉讼', 'orgid': 'T004646002', 'subject_code': None, 'subject_name': None, 'emotion': 'NEG', 'subject_risk_list': ['R00007', 'R00007018'], 'org_types': ['216011', '020006', '212001', '001001'], 'subject_importance_list': ['stock@3']}]",中科寒武纪科技股份有限公司,R1 (2025-01-15~2025-01-25),2025-01-23,2025-01-23 05:13:15
991579628e9e406e,2025年1月23日，兆易创新日内振幅超过7%,同花顺金融研究中心,1737610983,2,,★★☆☆☆,"[{'full_name': '兆易创新科技集团股份有限公司', 'subject_importance': 2, 'subject_risk': '市场预警--交易异常波动', 'orgid': 'T000125448', 'subject_code': None, 'subject_name': None, 'emotion': 'NEG', 'subject_risk_list': ['R00003', 'R00003007'], 'org_types': ['216001', '020010', '001001', '020006', '212001'], 'subject_importance_list': ['stock@2']}]",兆易创新科技集团股份有限公司,R1 (2025-01-15~2025-01-25),2025-01-23,2025-01-23 05:43:03
d5a49ec112a9d43d,2025年1月23日，华胜天成日内振幅超过7%,同花顺金融研究中心,1737611046,2,,★★★☆☆,"[{'full_name': '北京华胜天成科技股份有限公司', 'subject_importance': 3, 'subject_risk': '市场预警--交易异常波动', 'orgid': '03130700', 'subject_code': None, 'subject_name': None, 'emotion': 'NEG', 'subject_risk_list': ['R00003', 'R00003007'], 'org_types': ['212001', '002', '216001', '020006', '001001'], 'subject_importance_list': ['bond@3', 'stock@2']}]",北京华胜天成科技股份有限公司,R1 (2025-01-15~2025-01-25),2025-01-23,2025-01-23 05:44:06
ce76282eeff9313b,2025年1月23日，天孚通信日内振幅超过7%,同花顺金融研究中心,1737611944,2,,★★☆☆☆,"[{'full_name': '苏州天孚光通信股份有限公司', 'subject_importance': 2, 'subject_risk': '市场预警--交易异常波动', 'orgid': 'T000060141', 'subject_code': None, 'subject_name': None, 'emotion': 'NEG', 'subject_risk_list': ['R00003', 'R00003007'], 'org_types': ['212100', '020011', '001001', '216003', '020006'], 'subject_importance_list': ['stock@2']}]",苏州天孚光通信股份有限公司,R1 (2025-01-15~2025-01-25),2025-01-23,2025-01-23 05:59:04
6997b6ccc4a88bff,拓尔思两款产品通过某权威机构“软件自主可控”测评,微信-拓尔思,1737612999,0,https://mp.weixin.qq.com/s?__biz=MzI5ODAxNDUzMw==&idx=1&mid=2649257320&sn=60bcf36ef7a8d94696185a49644e7c01,☆☆☆☆☆,"[{'full_name': '拓尔思信息技术股份有限公司', 'subject_importance': None, 'subject_risk': None, 'orgid': 'T000034655', 'subject_code': None, 'subject_name': None, 'emotion': 'NEU', 'subject_risk_list': [], 'org_types': ['020006', '212100', '216003', '001001', '002'], 'subject_importance_list': None}]",拓尔思信息技术股份有限公司,R1 (2025-01-15~2025-01-25),2025-01-23,2025-01-23 06:16:39
24519c6667e0a820,A股异动丨拓尔思跌超7%，业绩预亏计提商誉减值,格隆汇资讯-公司信息,1737613134,0,https://www.gelonghui.com/news/4931945,★★★☆☆,"[{'full_name': '拓尔思信息技术股份有限公司', 'subject_importance': 3, 'subject_risk': '财务预警--盈利能力下降或亏损', 'orgid': 'T000034655', 'subject_code': None, 'subject_name': None, 'emotion': 'NEG', 'subject_risk_list': ['R00008', 'R00008015'], 'org_types': ['001001', '002', '020006', '212100', '216003'], 'subject_importance_list': ['stock@3', 'bond@3']}]",拓尔思信息技术股份有限公司,R1 (2025-01-15~2025-01-25),2025-01-23,2025-01-23 06:18:54
c96f622edbfc0bd2,拓尔思跌超7%，业绩预亏计提商誉减值,新浪财经,1737613274,2,https://finance.sina.cn/7x24/2025-01-23/detail-inefxtpa8057940.d.html,★★★☆☆,"[{'full_name': '拓尔思信息技术股份有限公司', 'subject_importance': 3, 'subject_risk': '财务预警--盈利能力下降或亏损', 'orgid': 'T000034655', 'subject_code': None, 'subject_name': None, 'emotion': 'NEG', 'subject_risk_list': ['R00008', 'R00008015'], 'org_types': ['001001', '002', '020006', '212100', '216003'], 'subject_importance_list': ['stock@3', 'bond@3']}]",拓尔思信息技术股份有限公司,R1 (2025-01-15~2025-01-25),2025-01-23,2025-01-23 06:21:14
9b86e41432b9f140,万达信息：子公司大部分诉讼案件已取得阶段性成果，一些案件已经开始陆续收到回款,同花顺整理,1737613347,0,https://web.caixuntong.pro/news/DfRjz426C1M%3D,☆☆☆☆☆,"[{'full_name': '万达信息股份有限公司', 'subject_importance': None, 'subject_risk': None, 'orgid': 'T000029069', 'subject_code': None, 'subject_name': None, 'emotion': 'NEU', 'subject_risk_list': [], 'org_types': ['212100', '216003', '002', '020006', '001001'], 'subject_importance_list': None}]",万达信息股份有限公司,R1 (2025-01-15~2025-01-25),2025-01-23,2025-01-23 06:22:27
68fe5a06509c19bd,拓尔思AI产品通过权威机构测评，展现自主可控能力,搜狐,1737613693,0,https://www.sohu.com/a/852423422_121798711,☆☆☆☆☆,"[{'full_name': '拓尔思信息技术股份有限公司', 'subject_importance': None, 'subject_risk': None, 'orgid': 'T000034655', 'subject_code': None, 'subject_name': None, 'emotion': 'NEU', 'subject_risk_list': [], 'org_types': ['020006', '212100', '216003', '001001', '002'], 'subject_importance_list': None}]",拓尔思信息技术股份有限公司,R1 (2025-01-15~2025-01-25),2025-01-23,2025-01-23 06:28:13
3ed0d204d198d16e,拓尔思海贝搜索与海文引擎获自主可控B+级认证，揭示AI技术新趋势,搜狐,1737613693,0,https://www.sohu.com/a/852423231_121798711,☆☆☆☆☆,"[{'full_name': '拓尔思信息技术股份有限公司', 'subject_importance': None, 'subject_risk': None, 'orgid': 'T000034655', 'subject_code': None, 'subject_name': None, 'emotion': 'NEU', 'subject_risk_list': [], 'org_types': ['020006', '212100', '216003', '001001', '002'], 'subject_importance_list': None}]",拓尔思信息技术股份有限公司,R1 (2025-01-15~2025-01-25),2025-01-23,2025-01-23 06:28:13
5358f69d383f91a9,拓尔思TRS海贝搜索数据库与自然语言处理引擎通过软件自主可控测评,搜狐,1737613703,0,https://www.sohu.com/a/852423510_121924584,☆☆☆☆☆,"[{'full_name': '拓尔思信息技术股份有限公司', 'subject_importance': None, 'subject_risk': None, 'orgid': 'T000034655', 'subject_code': None, 'subject_name': None, 'emotion': 'NEU', 'subject_risk_list': [], 'org_types': ['020006', '212100', '216003', '001001', '002'], 'subject_importance_list': None}]",拓尔思信息技术股份有限公司,R1 (2025-01-15~2025-01-25),2025-01-23,2025-01-23 06:28:23
10e9728ea1c7911e,四维图新多位高管计划合计减持不超过177万股,财中社,1737614463,0,https://www.caizhongshe.cn/news-7288079751150499632.html,★★☆☆☆,"[{'full_name': '北京四维图新科技股份有限公司', 'subject_importance': 2, 'subject_risk': '市场预警--减持套现', 'orgid': 'T000026674', 'subject_code': None, 'subject_name': None, 'emotion': 'NEG', 'subject_risk_list': ['R00003', 'R00003036'], 'org_types': ['002', '020001', '212100', '001001', '216001', '020006'], 'subject_importance_list': ['bond@2', 'stock@2']}]",北京四维图新科技股份有限公司,R1 (2025-01-15~2025-01-25),2025-01-23,2025-01-23 06:41:03
a33a3e7dfcbd9e4b,2025年1月23日川大智胜价格已连续下跌4日，近三个交易日累计跌幅达-21.96%,同花顺金融研究中心,1737615903,2,,★★☆☆☆,"[{'full_name': '四川川大智胜软件股份有限公司', 'subject_importance': 2, 'subject_risk': '市场预警--交易异常波动', 'orgid': '00071668', 'subject_code': None, 'subject_name': None, 'emotion': 'NEG', 'subject_risk_list': ['R00003', 'R00003007'], 'org_types': ['212100', '216001', '020006', '001001'], 'subject_importance_list': ['stock@2']}]",四川川大智胜软件股份有限公司,R1 (2025-01-15~2025-01-25),2025-01-23,2025-01-23 07:05:03
83c89b054a8ccb81,产品销量大幅上扬 兆易创新2024年净利润预增576.43%,中国证券网,1737616138,0,https://www.cnstock.com/commonDetail/352147,☆☆☆☆☆,"[{'full_name': '兆易创新科技集团股份有限公司', 'subject_importance': None, 'subject_risk': None, 'orgid': 'T000125448', 'subject_code': None, 'subject_name': None, 'emotion': 'NEU', 'subject_risk_list': [], 'org_types': ['212001', '020010', '020006', '216001', '001001'], 'subject_importance_list': None}]",兆易创新科技集团股份有限公司,R1 (2025-01-15~2025-01-25),2025-01-23,2025-01-23 07:08:58
3e7f1dc14e964651,恒华科技：公司已与其在数字能源领域建立合作伙伴关系,腾讯证券,1737617431,0,http://gu.qq.com/resources/shy/news/detail-v2/index.html#/?id=nesSN20250123114516a22c64f5&s=b,☆☆☆☆☆,"[{'full_name': '北京恒华伟业科技股份有限公司', 'subject_importance': None, 'subject_risk': None, 'orgid': 'T000058552', 'subject_code': None, 'subject_name': None, 'emotion': 'NEU', 'subject_risk_list': [], 'org_types': ['216003', '001001', '020006', '212100'], 'subject_importance_list': None}]",北京恒华伟业科技股份有限公司,R1 (2025-01-15~2025-01-25),2025-01-23,2025-01-23 07:30:31
fb079f9bb04ad043,中微公司增收不增利,微信-信风公闻,1737617828,0,https://mp.weixin.qq.com/s?__biz=MzAwNjg0MDIzMw==&idx=1&mid=2664369119&sn=ca8eeb59969df6051f6151b9e3a3eb82,★★★☆☆,"[{'full_name': '中微半导体设备(上海)股份有限公司', 'subject_importance': 3, 'subject_risk': '财务预警--盈利能力下降或亏损', 'orgid': 'Q01B38D3B0', 'subject_code': None, 'subject_name': None, 'emotion': 'NEG', 'subject_risk_list': ['R00008', 'R00008015'], 'org_types': ['216011', '212001', '020011', '020001', '001001'], 'subject_importance_list': ['stock@3']}]",中微半导体设备（上海）股份有限公司,R1 (2025-01-15~2025-01-25),2025-01-23,2025-01-23 07:37:08
7d7f941193e2d215,东方证券：维持兆易创新“买入”评级，目标价145.18元,新浪财经,1737618648,0,https://finance.sina.cn/7x24/2025-01-23/detail-inefxxuy7965512.d.html,☆☆☆☆☆,"[{'full_name': '兆易创新科技集团股份有限公司', 'subject_importance': None, 'subject_risk': None, 'orgid': 'T000125448', 'subject_code': None, 'subject_name': None, 'emotion': 'NEU', 'subject_risk_list': [], 'org_types': ['212001', '020010', '020006', '216001', '001001'], 'subject_importance_list': None}]",兆易创新科技集团股份有限公司,R1 (2025-01-15~2025-01-25),2025-01-23,2025-01-23 07:50:48
345fc8ffbe71f54e,杭州海康威视推出新型恶意样本攻击行为分析方法,donews,1737619462,0,https://www.donews.com/news/detail/4/4718755.html,☆☆☆☆☆,"[{'full_name': '杭州海康威视数字技术股份有限公司', 'subject_importance': None, 'subject_risk': None, 'orgid': 'T000026753', 'subject_code': None, 'subject_name': None, 'emotion': 'NEU', 'subject_risk_list': [], 'org_types': ['002', '020001', '212100', '216001', '001001', '020001002002'], 'subject_importance_list': None}]",杭州海康威视数字技术股份有限公司,R1 (2025-01-15~2025-01-25),2025-01-23,2025-01-23 08:04:22
7d182dc75226204a,彩讯股份：2月11日将召开2025年第一次临时股东大会,证券日报,1737619881,0,http://www.zqrb.cn/gscy/ggkx/2025-01-23/A1737613610954.html,☆☆☆☆☆,"[{'full_name': '彩讯科技股份有限公司', 'subject_importance': None, 'subject_risk': None, 'orgid': 'T000811758', 'subject_code': None, 'subject_name': None, 'emotion': 'NEU', 'subject_risk_list': [], 'org_types': ['212100', '216003', '020006', '001001'], 'subject_importance_list': None}]",彩讯科技股份有限公司,R1 (2025-01-15~2025-01-25),2025-01-23,2025-01-23 08:11:21
6586b0587235d2de,恒华科技：2024年度业绩预告,深交所股票,1737621605,3,http://static.cninfo.com.cn/finalpage/2025-01-24/1222416931.PDF,★★★☆☆,"[{'full_name': '北京恒华伟业科技股份有限公司', 'subject_importance': 3, 'subject_risk': '财务预警--盈利能力下降或亏损', 'orgid': 'T000058552', 'subject_code': None, 'subject_name': None, 'emotion': 'NEG', 'subject_risk_list': ['R00008', 'R00008015'], 'org_types': ['001001', '020006', '212100', '216003'], 'subject_importance_list': ['stock@3']}]",北京恒华伟业科技股份有限公司,R1 (2025-01-15~2025-01-25),2025-01-23,2025-01-23 08:40:05
62808f9c97e06a82,恒华科技(300365.SZ)发预亏，预计年度净亏损1.1亿元至1.6亿元,智通财经,1737621608,0,https://www.zhitongcaijing.com/content/detail/1242522.html,★★★☆☆,"[{'full_name': '北京恒华伟业科技股份有限公司', 'subject_importance': 3, 'subject_risk': '财务预警--盈利能力下降或亏损', 'orgid': 'T000058552', 'subject_code': None, 'subject_name': None, 'emotion': 'NEG', 'subject_risk_list': ['R00008', 'R00008015'], 'org_types': ['001001', '020006', '212100', '216003'], 'subject_importance_list': ['stock@3']}]",北京恒华伟业科技股份有限公司,R1 (2025-01-15~2025-01-25),2025-01-23,2025-01-23 08:40:08
8504afc0ba51e770,恒华科技：预计2024年度净利润亏损1.1亿元~1.6亿元,和讯股票,1737621611,0,https://stock.hexun.com/2025-01-23/217002674.html,★★★☆☆,"[{'full_name': '北京恒华伟业科技股份有限公司', 'subject_importance': 3, 'subject_risk': '财务预警--盈利能力下降或亏损', 'orgid': 'T000058552', 'subject_code': None, 'subject_name': None, 'emotion': 'NEG', 'subject_risk_list': ['R00008', 'R00008015'], 'org_types': ['001001', '020006', '212100', '216003'], 'subject_importance_list': ['stock@3']}]",北京恒华伟业科技股份有限公司,R1 (2025-01-15~2025-01-25),2025-01-23,2025-01-23 08:40:11
4ea9b494232f64bf,恒华科技：预计2024年全年亏损1.60亿至1.10亿 净利润同比下降995.78%至715.85%,同花顺iNews,1737621673,0,http://yuanchuang.10jqka.com.cn/20250123/c665686906.shtml,★★★☆☆,"[{'full_name': '北京恒华伟业科技股份有限公司', 'subject_importance': 3, 'subject_risk': '财务预警--盈利能力下降或亏损', 'orgid': 'T000058552', 'subject_code': None, 'subject_name': None, 'emotion': 'NEG', 'subject_risk_list': ['R00008', 'R00008015'], 'org_types': ['001001', '020006', '212100', '216003'], 'subject_importance_list': ['stock@3']}]",北京恒华伟业科技股份有限公司,R1 (2025-01-15~2025-01-25),2025-01-23,2025-01-23 08:41:13
2ded084e0503d205,恒华科技(300365.SZ)：2024年度预亏1.1亿元-1.6亿元,格隆汇资讯-公司信息,1737621778,0,https://www.gelonghui.com/news/4932141,★★★☆☆,"[{'full_name': '北京恒华伟业科技股份有限公司', 'subject_importance': 3, 'subject_risk': '财务预警--盈利能力下降或亏损', 'orgid': 'T000058552', 'subject_code': None, 'subject_name': None, 'emotion': 'NEG', 'subject_risk_list': ['R00008', 'R00008015'], 'org_types': ['001001', '020006', '212100', '216003'], 'subject_importance_list': ['stock@3']}]",北京恒华伟业科技股份有限公司,R1 (2025-01-15~2025-01-25),2025-01-23,2025-01-23 08:42:58
51bbdfd4bb4ced72,恒华科技预计2024年度归母净利润约亏损1.1亿元至1.6亿元,财中社,1737622442,0,https://www.caizhongshe.cn/news-7288115136744322600.html,★★★☆☆,"[{'full_name': '北京恒华伟业科技股份有限公司', 'subject_importance': 3, 'subject_risk': '财务预警--盈利能力下降或亏损', 'orgid': 'T000058552', 'subject_code': None, 'subject_name': None, 'emotion': 'NEG', 'subject_risk_list': ['R00008', 'R00008015'], 'org_types': ['001001', '020006', '212100', '216003'], 'subject_importance_list': ['stock@3']}]",北京恒华伟业科技股份有限公司,R1 (2025-01-15~2025-01-25),2025-01-23,2025-01-23 08:54:02
cb09e006593772b8,2024年，云从科技预计亏损5.9亿至6.8亿元。值得注意的是，自2017年到2024年期间，累计亏......,微博,1737622638,0,http://weibo.com/1958969411/PaUvoeJbz,★★★☆☆,"[{'full_name': '云从科技集团股份有限公司', 'subject_importance': 3, 'subject_risk': '财务预警--盈利能力下降或亏损', 'orgid': 'T000225831', 'subject_code': None, 'subject_name': None, 'emotion': 'NEG', 'subject_risk_list': ['R00008', 'R00008015'], 'org_types': ['212001', '020006', '216011', '001001'], 'subject_importance_list': ['stock@3']}]",云从科技集团股份有限公司,R1 (2025-01-15~2025-01-25),2025-01-23,2025-01-23 08:57:18
7568a3551536694f,营收低迷、持续亏损，云从科技前景担忧,微信-传感物联网,1737623130,0,https://mp.weixin.qq.com/s?__biz=MjM5MDA5MTY2MA==&idx=1&mid=2650166734&sn=30244a805cadfe7ad09558fc64d6e60a,★★★☆☆,"[{'full_name': '云从科技集团股份有限公司', 'subject_importance': 3, 'subject_risk': '财务预警--盈利能力下降或亏损', 'orgid': 'T000225831', 'subject_code': None, 'subject_name': None, 'emotion': 'NEG', 'subject_risk_list': ['R00008', 'R00008015'], 'org_types': ['212001', '020006', '216011', '001001'], 'subject_importance_list': ['stock@3']}]",云从科技集团股份有限公司,R1 (2025-01-15~2025-01-25),2025-01-23,2025-01-23 09:05:30
57ebcd65b4b2b8fc,工银瑞信基金旗下工银瑞信恒兴6个月持有混合A规模5.93亿元，环比增加0.65%,金融界财经,1737623584,0,https://finance.jrj.com.cn/2025/01/23170947744010.shtml,☆☆☆☆☆,"[{'full_name': '北方华创科技集团股份有限公司', 'subject_importance': None, 'subject_risk': None, 'orgid': 'T000007615', 'subject_code': None, 'subject_name': None, 'emotion': 'NEU', 'subject_risk_list': [], 'org_types': ['212100', '020001002002', '001001', '002', '216001', '020001'], 'subject_importance_list': None}]",北方华创科技集团股份有限公司,R1 (2025-01-15~2025-01-25),2025-01-23,2025-01-23 09:13:04
7606d1f6601e67a,卫宁健康：预计2024年全年盈利8000.00万至1.20亿 净利润同比下降77.65%至66.48%,同花顺iNews,1737624129,0,http://yuanchuang.10jqka.com.cn/20250123/c665688053.shtml,★★★☆☆,"[{'full_name': '卫宁健康科技集团股份有限公司', 'subject_importance': 3, 'subject_risk': '财务预警--盈利能力下降或亏损', 'orgid': 'T000027606', 'subject_code': None, 'subject_name': None, 'emotion': 'NEG', 'subject_risk_list': ['R00008', 'R00008015'], 'org_types': ['002', '001001', '020006', '212100', '216003'], 'subject_importance_list': ['bond@3', 'stock@3']}]",卫宁健康科技集团股份有限公司,R1 (2025-01-15~2025-01-25),2025-01-23,2025-01-23 09:22:09
24ec9fdccb2a5d43,生益科技：2024年净利润17亿元-18亿元，同比预增46%-55%-36氪,36氪,1737624157,0,https://36kr.com/newsflashes/3135113668073988,☆☆☆☆☆,"[{'full_name': '广东生益科技股份有限公司', 'subject_importance': None, 'subject_risk': None, 'orgid': '02600183', 'subject_code': None, 'subject_name': None, 'emotion': 'NEU', 'subject_risk_list': [], 'org_types': ['020001', '002', '212001', '216001', '001001', '020010'], 'subject_importance_list': None}]",广东生益科技股份有限公司,R1 (2025-01-15~2025-01-25),2025-01-23,2025-01-23 09:22:37
38441fd17a49a14d,生益科技(600183.SH)：2024年净利预增46%到55%,格隆汇资讯-公司信息,1737624278,0,https://www.gelonghui.com/news/4932261,☆☆☆☆☆,"[{'full_name': '广东生益科技股份有限公司', 'subject_importance': None, 'subject_risk': None, 'orgid': '02600183', 'subject_code': None, 'subject_name': None, 'emotion': 'NEU', 'subject_risk_list': [], 'org_types': ['020001', '002', '212001', '216001', '001001', '020010'], 'subject_importance_list': None}]",广东生益科技股份有限公司,R1 (2025-01-15~2025-01-25),2025-01-23,2025-01-23 09:24:38
7ca63e44e4ed651b,彩讯科技推出基于压缩算法的通讯录智能检索新专利,donews,1737624351,0,https://www.donews.com/news/detail/4/4719252.html,☆☆☆☆☆,"[{'full_name': '彩讯科技股份有限公司', 'subject_importance': None, 'subject_risk': None, 'orgid': 'T000811758', 'subject_code': None, 'subject_name': None, 'emotion': 'NEU', 'subject_risk_list': [], 'org_types': ['212100', '216003', '020006', '001001'], 'subject_importance_list': None}]",彩讯科技股份有限公司,R1 (2025-01-15~2025-01-25),2025-01-23,2025-01-23 09:25:51
a53caa77cd551129,卫宁健康：2024年度业绩预告,深交所股票,1737624604,3,http://static.cninfo.com.cn/finalpage/2025-01-23/1222417547.PDF,★★★☆☆,"[{'full_name': '卫宁健康科技集团股份有限公司', 'subject_importance': 3, 'subject_risk': '财务预警--盈利能力下降或亏损', 'orgid': 'T000027606', 'subject_code': None, 'subject_name': None, 'emotion': 'NEG', 'subject_risk_list': ['R00008', 'R00008015'], 'org_types': ['002', '001001', '020006', '212100', '216003'], 'subject_importance_list': ['bond@3', 'stock@3']}]",卫宁健康科技集团股份有限公司,R1 (2025-01-15~2025-01-25),2025-01-23,2025-01-23 09:30:04
1678440ba9897aff,卫宁健康预计2024年度归母净利润8000万元至1.2亿元,东方财富网,1737624643,0,https://finance.eastmoney.com/a/202501233306322276.html,☆☆☆☆☆,"[{'full_name': '卫宁健康科技集团股份有限公司', 'subject_importance': None, 'subject_risk': None, 'orgid': 'T000027606', 'subject_code': None, 'subject_name': None, 'emotion': 'NEU', 'subject_risk_list': [], 'org_types': ['020006', '212100', '216003', '002', '001001'], 'subject_importance_list': None}]",卫宁健康科技集团股份有限公司,R1 (2025-01-15~2025-01-25),2025-01-23,2025-01-23 09:30:43
98d43f732746b61b,生益科技预计2024年归母净利润17亿元到18亿元,腾讯证券,1737624670,0,http://gu.qq.com/resources/shy/news/detail-v2/index.html#/?id=nesSN20250123173021a22cba20&s=b,☆☆☆☆☆,"[{'full_name': '广东生益科技股份有限公司', 'subject_importance': None, 'subject_risk': None, 'orgid': '02600183', 'subject_code': None, 'subject_name': None, 'emotion': 'NEU', 'subject_risk_list': [], 'org_types': ['020001', '002', '212001', '216001', '001001', '020010'], 'subject_importance_list': None}]",广东生益科技股份有限公司,R1 (2025-01-15~2025-01-25),2025-01-23,2025-01-23 09:31:10
eea6c78c7adfc0ab,久远银海：预计2024年全年盈利6600.00万至7800.00万 净利润同比下降60.69%至53.55%,同花顺iNews,1737624700,0,http://yuanchuang.10jqka.com.cn/20250123/c665688352.shtml,★★★☆☆,"[{'full_name': '四川久远银海软件股份有限公司', 'subject_importance': 3, 'subject_risk': '财务预警--盈利能力下降或亏损', 'orgid': 'T000062804', 'subject_code': None, 'subject_name': None, 'emotion': 'NEG', 'subject_risk_list': ['R00008', 'R00008015'], 'org_types': ['216001', '001001', '212100', '020001', '020006'], 'subject_importance_list': ['stock@3']}]",四川久远银海软件股份有限公司,R1 (2025-01-15~2025-01-25),2025-01-23,2025-01-23 09:31:40
41a878dd521e1efd,生益科技：预计2024年年度净利润为17亿元~18亿元，同比增加46%~55%,搜狐-四川省,1737624811,0,https://www.sohu.com/a/852508739_115362,☆☆☆☆☆,"[{'full_name': '广东生益科技股份有限公司', 'subject_importance': None, 'subject_risk': None, 'orgid': '02600183', 'subject_code': None, 'subject_name': None, 'emotion': 'NEU', 'subject_risk_list': [], 'org_types': ['020001', '002', '212001', '216001', '001001', '020010'], 'subject_importance_list': None}]",广东生益科技股份有限公司,R1 (2025-01-15~2025-01-25),2025-01-23,2025-01-23 09:33:31
da59413c53a9200c,久远银海：预计2024年度净利润为6600万元~7800万元，同比下降53.55%~60.69%,搜狐-四川省,1737624820,0,https://www.sohu.com/a/852509152_115362,★★★☆☆,"[{'full_name': '四川久远银海软件股份有限公司', 'subject_importance': 3, 'subject_risk': '财务预警--盈利能力下降或亏损', 'orgid': 'T000062804', 'subject_code': None, 'subject_name': None, 'emotion': 'NEG', 'subject_risk_list': ['R00008', 'R00008015'], 'org_types': ['216001', '001001', '212100', '020001', '020006'], 'subject_importance_list': ['stock@3']}]",四川久远银海软件股份有限公司,R1 (2025-01-15~2025-01-25),2025-01-23,2025-01-23 09:33:40
272f55308f93368,久远银海(002777.SZ)：2024年度净利润预降53.55%-60.69%,格隆汇资讯-公司信息,1737624861,0,https://www.gelonghui.com/news/4932286,★★★☆☆,"[{'full_name': '四川久远银海软件股份有限公司', 'subject_importance': 3, 'subject_risk': '财务预警--盈利能力下降或亏损', 'orgid': 'T000062804', 'subject_code': None, 'subject_name': None, 'emotion': 'NEG', 'subject_risk_list': ['R00008', 'R00008015'], 'org_types': ['216001', '001001', '212100', '020001', '020006'], 'subject_importance_list': ['stock@3']}]",四川久远银海软件股份有限公司,R1 (2025-01-15~2025-01-25),2025-01-23,2025-01-23 09:34:21
28dbd1f9344945b3,卫宁健康(300253.SZ)发预减，预计2024年度净利润8000万元-1.2亿元，同比下降77.65%-66.48%,智通财经,1737625028,0,https://www.zhitongcaijing.com/content/detail/1242629.html,★★★☆☆,"[{'full_name': '卫宁健康科技集团股份有限公司', 'subject_importance': 3, 'subject_risk': '财务预警--盈利能力下降或亏损', 'orgid': 'T000027606', 'subject_code': None, 'subject_name': None, 'emotion': 'NEG', 'subject_risk_list': ['R00008', 'R00008015'], 'org_types': ['002', '001001', '020006', '212100', '216003'], 'subject_importance_list': ['bond@3', 'stock@3']}]",卫宁健康科技集团股份有限公司,R1 (2025-01-15~2025-01-25),2025-01-23,2025-01-23 09:37:08
54254468024aac2b,生益科技：预计2024年全年盈利17.00亿至18.00亿 净利润同比增长46.00%至55.00%,证券之星股票,1737625043,0,https://stock.stockstar.com/IG2025012300034442.shtml,☆☆☆☆☆,"[{'full_name': '广东生益科技股份有限公司', 'subject_importance': None, 'subject_risk': None, 'orgid': '02600183', 'subject_code': None, 'subject_name': None, 'emotion': 'NEU', 'subject_risk_list': [], 'org_types': ['020001', '002', '212001', '216001', '001001', '020010'], 'subject_importance_list': None}]",广东生益科技股份有限公司,R1 (2025-01-15~2025-01-25),2025-01-23,2025-01-23 09:37:23
2d981ea4785d046,卫宁健康：预计2024年度净利润为8000万元~1.2亿元，同比下降66.48%~77.65%,每日经济新闻,1737625142,0,https://www.nbd.com.cn/articles/2025-01-23/3734745.html,★★★☆☆,"[{'full_name': '卫宁健康科技集团股份有限公司', 'subject_importance': 3, 'subject_risk': '财务预警--盈利能力下降或亏损', 'orgid': 'T000027606', 'subject_code': None, 'subject_name': None, 'emotion': 'NEG', 'subject_risk_list': ['R00008', 'R00008015'], 'org_types': ['002', '001001', '020006', '212100', '216003'], 'subject_importance_list': ['bond@3', 'stock@3']}]",卫宁健康科技集团股份有限公司,R1 (2025-01-15~2025-01-25),2025-01-23,2025-01-23 09:39:02
99a97d54b2adfd7c,生益科技(600183.SH)发预增，预计2024年度净利润17亿元到18亿元，同比增加46%到55%,智通财经,1737625327,0,https://www.zhitongcaijing.com/content/detail/1242637.html,☆☆☆☆☆,"[{'full_name': '广东生益科技股份有限公司', 'subject_importance': None, 'subject_risk': None, 'orgid': '02600183', 'subject_code': None, 'subject_name': None, 'emotion': 'NEU', 'subject_risk_list': [], 'org_types': ['020001', '002', '212001', '216001', '001001', '020010'], 'subject_importance_list': None}]",广东生益科技股份有限公司,R1 (2025-01-15~2025-01-25),2025-01-23,2025-01-23 09:42:07
56e71aabf0a4d30b,"卫宁健康预计2024年1-12月净利润盈利8,000万元至12,000万元,同比上年下降66.48%至77.65%",金融界财经,1737625742,0,https://finance.jrj.com.cn/2025/01/23173147746052.shtml,★★★☆☆,"[{'full_name': '卫宁健康科技集团股份有限公司', 'subject_importance': 3, 'subject_risk': '财务预警--盈利能力下降或亏损', 'orgid': 'T000027606', 'subject_code': None, 'subject_name': None, 'emotion': 'NEG', 'subject_risk_list': ['R00008', 'R00008015'], 'org_types': ['002', '001001', '020006', '212100', '216003'], 'subject_importance_list': ['bond@3', 'stock@3']}]",卫宁健康科技集团股份有限公司,R1 (2025-01-15~2025-01-25),2025-01-23,2025-01-23 09:49:02
4a2ed6770cb1a67,"久远银海预计2024年1-12月净利润盈利6,600万元至7,800万元,同比上年下降53.55%至60.69%",金融界财经,1737625742,0,https://finance.jrj.com.cn/2025/01/23173047746065.shtml,★★★☆☆,"[{'full_name': '四川久远银海软件股份有限公司', 'subject_importance': 3, 'subject_risk': '财务预警--盈利能力下降或亏损', 'orgid': 'T000062804', 'subject_code': None, 'subject_name': None, 'emotion': 'NEG', 'subject_risk_list': ['R00008', 'R00008015'], 'org_types': ['216001', '001001', '212100', '020001', '020006'], 'subject_importance_list': ['stock@3']}]",四川久远银海软件股份有限公司,R1 (2025-01-15~2025-01-25),2025-01-23,2025-01-23 09:49:02
310e93d4f6f60acd,东华软件：关于变更部分募投项目实施主体后签订《募集资金四方监管协议》的公告,深交所股票,1737625919,2,http://static.cninfo.com.cn/finalpage/2025-01-24/1222418184.PDF,★★★★☆,"[{'full_name': '东华软件股份公司', 'subject_importance': 4, 'subject_risk': '信用预警--募集资金用途变更', 'orgid': '03131973', 'subject_code': None, 'subject_name': None, 'emotion': 'NEG', 'subject_risk_list': ['R00002', 'R00002042'], 'org_types': ['212100', '216001', '001001', '020006', '002'], 'subject_importance_list': ['bond@4', 'stock@4']}]",东华软件股份公司,R1 (2025-01-15~2025-01-25),2025-01-23,2025-01-23 09:51:59
38dc03079e631c88,汇顶科技：预计2024年营收43.7亿元，净利超5.5亿,新浪财经,1737626038,0,https://finance.sina.com.cn/tech/roll/2025-01-23/doc-inefxxuv6614081.shtml,☆☆☆☆☆,"[{'full_name': '深圳市汇顶科技股份有限公司', 'subject_importance': None, 'subject_risk': None, 'orgid': 'T000148045', 'subject_code': None, 'subject_name': None, 'emotion': 'NEU', 'subject_risk_list': [], 'org_types': ['020006', '216001', '001001', '212001', '020011'], 'subject_importance_list': None}]",深圳市汇顶科技股份有限公司,R1 (2025-01-15~2025-01-25),2025-01-23,2025-01-23 09:53:58
477d75b6c09ecf7a,涉嫌违反限制性规定转让股票 新易盛实控人被罚没3149万元,新京报,1737626069,0,https://www.bjnews.com.cn/detail/1737620976129787.html,★★★★★,"[{'full_name': '成都新易盛通信技术股份有限公司', 'subject_importance': 5, 'subject_risk': '管理预警--实控人被查或被处罚', 'orgid': 'T000124532', 'subject_code': None, 'subject_name': None, 'emotion': 'NEG', 'subject_risk_list': ['R00006', 'R00006006'], 'org_types': ['212100', '020011', '020006', '001001', '216003'], 'subject_importance_list': ['stock@5']}]",成都新易盛通信技术股份有限公司,R1 (2025-01-15~2025-01-25),2025-01-23,2025-01-23 09:54:29
639819b20ff16cde,四维图新：预计2024年营收34.5亿元，同增超10.51%,新浪财经,1737626083,0,https://finance.sina.com.cn/tech/roll/2025-01-23/doc-inefyeay4643059.shtml,☆☆☆☆☆,"[{'full_name': '北京四维图新科技股份有限公司', 'subject_importance': None, 'subject_risk': None, 'orgid': 'T000026674', 'subject_code': None, 'subject_name': None, 'emotion': 'NEU', 'subject_risk_list': [], 'org_types': ['020006', '001001', '216001', '002', '212100', '020001'], 'subject_importance_list': None}]",北京四维图新科技股份有限公司,R1 (2025-01-15~2025-01-25),2025-01-23,2025-01-23 09:54:43
e2fcd9a76149bfd3,人才再次流失 云从科技何时扭亏为盈,微信-投资者网,1737626497,0,https://mp.weixin.qq.com/s/0U_gZMpvw0zcHCSxOsl5OA,☆☆☆☆☆,"[{'full_name': '云从科技集团股份有限公司', 'subject_importance': None, 'subject_risk': None, 'orgid': 'T000225831', 'subject_code': None, 'subject_name': None, 'emotion': 'NEU', 'subject_risk_list': [], 'org_types': ['212001', '001001', '216011', '020006'], 'subject_importance_list': None}]",云从科技集团股份有限公司,R1 (2025-01-15~2025-01-25),2025-01-23,2025-01-23 10:01:37
c637b3456412f545,久远银海(002777.SZ)发预减，2024年度净利润6600万元–7800万元 下降53.55%至60.69%,智通财经,1737626510,0,https://www.zhitongcaijing.com/content/detail/1242672.html,★★★☆☆,"[{'full_name': '四川久远银海软件股份有限公司', 'subject_importance': 3, 'subject_risk': '财务预警--盈利能力下降或亏损', 'orgid': 'T000062804', 'subject_code': None, 'subject_name': None, 'emotion': 'NEG', 'subject_risk_list': ['R00008', 'R00008015'], 'org_types': ['216001', '001001', '212100', '020001', '020006'], 'subject_importance_list': ['stock@3']}]",四川久远银海软件股份有限公司,R1 (2025-01-15~2025-01-25),2025-01-23,2025-01-23 10:01:50
a15b6d9384c3f026,市值超70亿的股权究竟归谁？寒武纪与前CTO对簿公堂,微信-国际金融报,1737626512,0,https://mp.weixin.qq.com/s/kKXaQyqFRBP90zdFjr4NmA,★★★☆☆,"[{'full_name': '中科寒武纪科技股份有限公司', 'subject_importance': 3, 'subject_risk': '管理预警--董监高变更预警', 'orgid': 'T004646002', 'subject_code': None, 'subject_name': None, 'emotion': 'NEG', 'subject_risk_list': ['R00006', 'R00006003'], 'org_types': ['216011', '020006', '212001', '001001'], 'subject_importance_list': ['stock@3']}]",中科寒武纪科技股份有限公司,R1 (2025-01-15~2025-01-25),2025-01-23,2025-01-23 10:01:52
6c5f2305ad963837,银行等纷纷出手！,微信-中国商报,1737626520,0,https://mp.weixin.qq.com/s?__biz=Mzg2NDA4NjczNw==&idx=1&mid=2247564757&sn=aaaf2c2e6ddbc277b9f5ab44dd255ab6,☆☆☆☆☆,"[{'full_name': '浙江核新同花顺网络信息股份有限公司', 'subject_importance': None, 'subject_risk': None, 'orgid': 'T000025753', 'subject_code': None, 'subject_name': None, 'emotion': 'NEU', 'subject_risk_list': [], 'org_types': ['020006', '001001', '216003', '212100'], 'subject_importance_list': None}]",浙江核新同花顺网络信息股份有限公司,R1 (2025-01-15~2025-01-25),2025-01-23,2025-01-23 10:02:00
64b3cef2cae45ca5,卫宁健康：预计2024年全年扣非后净利润盈利1.09亿元至1.5亿元,证券之星,1737626925,0,https://wap.stockstar.com/detail/RB2025012300037726,☆☆☆☆☆,"[{'full_name': '卫宁健康科技集团股份有限公司', 'subject_importance': None, 'subject_risk': None, 'orgid': 'T000027606', 'subject_code': None, 'subject_name': None, 'emotion': 'NEU', 'subject_risk_list': [], 'org_types': ['020006', '212100', '216003', '002', '001001'], 'subject_importance_list': None}]",卫宁健康科技集团股份有限公司,R1 (2025-01-15~2025-01-25),2025-01-23,2025-01-23 10:08:45
9b530890f7bc9793,卫宁健康：预计2024年全年归属净利润盈利8000万元至1.2亿元,证券之星,1737626926,0,https://wap.stockstar.com/detail/RB2025012300037727,☆☆☆☆☆,"[{'full_name': '卫宁健康科技集团股份有限公司', 'subject_importance': None, 'subject_risk': None, 'orgid': 'T000027606', 'subject_code': None, 'subject_name': None, 'emotion': 'NEU', 'subject_risk_list': [], 'org_types': ['020006', '212100', '216003', '002', '001001'], 'subject_importance_list': None}]",卫宁健康科技集团股份有限公司,R1 (2025-01-15~2025-01-25),2025-01-23,2025-01-23 10:08:46
8c6a9e267e612570,生益科技：预计2024年全年归属净利润盈利17亿元至18亿元,网易-证券之星上海,1737627334,0,https://www.163.com/dy/article/JMJUP9UN051984TV.html,☆☆☆☆☆,"[{'full_name': '广东生益科技股份有限公司', 'subject_importance': None, 'subject_risk': None, 'orgid': '02600183', 'subject_code': None, 'subject_name': None, 'emotion': 'NEU', 'subject_risk_list': [], 'org_types': ['020001', '002', '212001', '216001', '001001', '020010'], 'subject_importance_list': None}]",广东生益科技股份有限公司,R1 (2025-01-15~2025-01-25),2025-01-23,2025-01-23 10:15:34
7a685c05fb613145,紫光展锐2024年成绩单：营收创新高，抗衡市场压力能否扭亏？,搜狐,1737627522,0,https://www.sohu.com/a/852528953_122004016,☆☆☆☆☆,"[{'full_name': '兆易创新科技集团股份有限公司', 'subject_importance': None, 'subject_risk': None, 'orgid': 'T000125448', 'subject_code': None, 'subject_name': None, 'emotion': 'NEU', 'subject_risk_list': [], 'org_types': ['216001', '212001', '020006', '020010', '001001'], 'subject_importance_list': None}]",兆易创新科技集团股份有限公司,R1 (2025-01-15~2025-01-25),2025-01-23,2025-01-23 10:18:42
7a685c05fb613145,紫光展锐2024年成绩单：营收创新高，抗衡市场压力能否扭亏？,搜狐,1737627522,0,https://www.sohu.com/a/852528953_122004016,☆☆☆☆☆,"[{'full_name': '深圳市汇顶科技股份有限公司', 'subject_importance': None, 'subject_risk': None, 'orgid': 'T000148045', 'subject_code': None, 'subject_name': None, 'emotion': 'NEU', 'subject_risk_list': [], 'org_types': ['020006', '212001', '020011', '001001', '216001'], 'subject_importance_list': None}]",深圳市汇顶科技股份有限公司,R1 (2025-01-15~2025-01-25),2025-01-23,2025-01-23 10:18:42
841aff37f23c9de7,浪潮信息：关于监事辞职暨补选非职工代表监事的公告,深交所股票,1737627791,1,http://static.cninfo.com.cn/finalpage/2025-01-24/1222417998.PDF,★★★☆☆,"[{'full_name': '浪潮电子信息产业股份有限公司', 'subject_importance': 3, 'subject_risk': '管理预警--核心人员离职', 'orgid': '01000977', 'subject_code': None, 'subject_name': None, 'emotion': 'NEG', 'subject_risk_list': ['R00006', 'R00006003', 'R00006004'], 'org_types': ['212100', '020001', '216001', '001001', '020001002002', '002'], 'subject_importance_list': ['stock@3', 'bond@3']}]",浪潮电子信息产业股份有限公司,R1 (2025-01-15~2025-01-25),2025-01-23,2025-01-23 10:23:11
dfc7a5cbc65fa605,[快讯]东华软件:变更部分募投项目实施主体后签订《募集资金四方监管协议》,中国财经信息网,1737628843,0,https://www.cfi.net.cn/p20250123002235.html,☆☆☆☆☆,"[{'full_name': '东华软件股份公司', 'subject_importance': None, 'subject_risk': None, 'orgid': '03131973', 'subject_code': None, 'subject_name': None, 'emotion': 'NEU', 'subject_risk_list': [], 'org_types': ['212100', '020006', '216001', '002', '001001'], 'subject_importance_list': None}]",东华软件股份公司,R1 (2025-01-15~2025-01-25),2025-01-23,2025-01-23 10:40:43
d3a5cc8407a9015b,久远银海预计2024年归母净利润6600万元至7800万元,新浪财经,1737629420,0,https://finance.sina.com.cn/stock/relnews/cn/2025-01-23/doc-inefyeav5962141.shtml,☆☆☆☆☆,"[{'full_name': '四川久远银海软件股份有限公司', 'subject_importance': None, 'subject_risk': None, 'orgid': 'T000062804', 'subject_code': None, 'subject_name': None, 'emotion': 'NEU', 'subject_risk_list': [], 'org_types': ['001001', '212100', '216001', '020006', '020001'], 'subject_importance_list': None}]",四川久远银海软件股份有限公司,R1 (2025-01-15~2025-01-25),2025-01-23,2025-01-23 10:50:20
24609def9c58db1d,浪潮信息存储SATA SSD：以技术创新，开启数据存储新篇章,新浪财经,1737629438,0,https://finance.sina.com.cn/roll/2025-01-23/doc-inefyeca3629825.shtml,☆☆☆☆☆,"[{'full_name': '浪潮电子信息产业股份有限公司', 'subject_importance': None, 'subject_risk': None, 'orgid': '01000977', 'subject_code': None, 'subject_name': None, 'emotion': 'NEU', 'subject_risk_list': [], 'org_types': ['020001002002', '212100', '020001', '001001', '002', '216001'], 'subject_importance_list': None}]",浪潮电子信息产业股份有限公司,R1 (2025-01-15~2025-01-25),2025-01-23,2025-01-23 10:50:38
e4d3987182fb3f0c,覆铜板销量同比上升，生益科技2024年预盈17亿元-18亿元,集微网,1737629580,0,https://laoyaoba.com/n/931528,☆☆☆☆☆,"[{'full_name': '广东生益科技股份有限公司', 'subject_importance': None, 'subject_risk': None, 'orgid': '02600183', 'subject_code': None, 'subject_name': None, 'emotion': 'NEU', 'subject_risk_list': [], 'org_types': ['020001', '002', '212001', '216001', '001001', '020010'], 'subject_importance_list': None}]",广东生益科技股份有限公司,R1 (2025-01-15~2025-01-25),2025-01-23,2025-01-23 10:53:00
329dbfc79540b5d5,寒武纪前CTO离职近三年后与公司互诉公堂，1152万股寒武纪股票到底值5万还是4亿？,搜狐-湖北省,1737629705,0,https://www.sohu.com/a/852540777_122045489,★★★☆☆,"[{'full_name': '中科寒武纪科技股份有限公司', 'subject_importance': 3, 'subject_risk': '经营预警--法律诉讼', 'orgid': 'T004646002', 'subject_code': None, 'subject_name': None, 'emotion': 'NEG', 'subject_risk_list': ['R00007', 'R00007018'], 'org_types': ['216011', '020006', '212001', '001001'], 'subject_importance_list': ['stock@3']}]",中科寒武纪科技股份有限公司,R1 (2025-01-15~2025-01-25),2025-01-23,2025-01-23 10:55:05
11e43df1a57022b1,浪潮信息推出高性能自研SATA SSD新品TS6000G1,donews,1737630096,0,https://www.donews.com/news/detail/4/4721150.html,☆☆☆☆☆,"[{'full_name': '浪潮电子信息产业股份有限公司', 'subject_importance': None, 'subject_risk': None, 'orgid': '01000977', 'subject_code': None, 'subject_name': None, 'emotion': 'NEU', 'subject_risk_list': [], 'org_types': ['020001002002', '212100', '020001', '001001', '002', '216001'], 'subject_importance_list': None}]",浪潮电子信息产业股份有限公司,R1 (2025-01-15~2025-01-25),2025-01-23,2025-01-23 11:01:36
e47f96513863f121,沪电股份(002463.SZ)2024年度净利润25.87亿元 同比增长71.05%,智通财经,1737630247,0,https://www.zhitongcaijing.com/content/detail/1242776.html,☆☆☆☆☆,"[{'full_name': '沪士电子股份有限公司', 'subject_importance': None, 'subject_risk': None, 'orgid': 'T000026708', 'subject_code': None, 'subject_name': None, 'emotion': 'NEU', 'subject_risk_list': [], 'org_types': ['216001', '212100', '020011', '001001', '020003'], 'subject_importance_list': None}]",沪士电子股份有限公司,R1 (2025-01-15~2025-01-25),2025-01-23,2025-01-23 11:04:07
573897de41402579,《中国金融科技发展报告（2024）》正式发布，浪潮信息参与数字基础设施章节编写,donews,1737630366,0,https://www.donews.com/news/detail/4/4721161.html,☆☆☆☆☆,"[{'full_name': '浪潮电子信息产业股份有限公司', 'subject_importance': None, 'subject_risk': None, 'orgid': '01000977', 'subject_code': None, 'subject_name': None, 'emotion': 'NEU', 'subject_risk_list': [], 'org_types': ['020001002002', '212100', '020001', '001001', '002', '216001'], 'subject_importance_list': None}]",浪潮电子信息产业股份有限公司,R1 (2025-01-15~2025-01-25),2025-01-23,2025-01-23 11:06:06
2dc8b8d62b3df96b,浪潮信息：关于改选公司独立董事及调整董事会专门委员会成员的公告,深交所股票,1737630688,1,http://static.cninfo.com.cn/finalpage/2025-01-24/1222418002.PDF,★★★☆☆,"[{'full_name': '浪潮电子信息产业股份有限公司', 'subject_importance': 3, 'subject_risk': '管理预警--董监高变更预警', 'orgid': '01000977', 'subject_code': None, 'subject_name': None, 'emotion': 'NEG', 'subject_risk_list': ['R00006', 'R00006003'], 'org_types': ['212100', '020001', '216001', '001001', '020001002002', '002'], 'subject_importance_list': ['stock@3', 'bond@3']}]",浪潮电子信息产业股份有限公司,R1 (2025-01-15~2025-01-25),2025-01-23,2025-01-23 11:11:28
b09a083ce1a18e12,恒华科技：预计2024年亏损1.1亿元-1.6亿元,搜狐,1737630689,0,https://www.sohu.com/a/852546161_120988533,★★★☆☆,"[{'full_name': '北京恒华伟业科技股份有限公司', 'subject_importance': 3, 'subject_risk': '财务预警--盈利能力下降或亏损', 'orgid': 'T000058552', 'subject_code': None, 'subject_name': None, 'emotion': 'NEG', 'subject_risk_list': ['R00008', 'R00008015'], 'org_types': ['001001', '020006', '212100', '216003'], 'subject_importance_list': ['stock@3']}]",北京恒华伟业科技股份有限公司,R1 (2025-01-15~2025-01-25),2025-01-23,2025-01-23 11:11:29
4ea06cb2fe224a68,寒武纪股价大涨背后：前CTO与公司股权争夺战，1152万股值几何？,ITBEAR,1737630878,0,http://www.itbear.com.cn/html/2025-01/691506.html,★★★☆☆,"[{'full_name': '中科寒武纪科技股份有限公司', 'subject_importance': 3, 'subject_risk': '市场预警--舆论预警', 'orgid': 'T004646002', 'subject_code': None, 'subject_name': None, 'emotion': 'NEG', 'subject_risk_list': ['R00003', 'R00003034'], 'org_types': ['216011', '020006', '212001', '001001'], 'subject_importance_list': ['stock@3']}]",中科寒武纪科技股份有限公司,R1 (2025-01-15~2025-01-25),2025-01-23,2025-01-23 11:14:38
5d513eb98c5478,涉嫌违规转让股票 新易盛实控人高光荣被罚没超3000万元,经济参考网,1737631925,0,http://www.jjckb.cn/20250123/615eaa41fdb440f88c1750c3452480cb/c.html,★★★★★,"[{'full_name': '成都新易盛通信技术股份有限公司', 'subject_importance': 5, 'subject_risk': '管理预警--实控人被查或被处罚', 'orgid': 'T000124532', 'subject_code': None, 'subject_name': None, 'emotion': 'NEG', 'subject_risk_list': ['R00006', 'R00006006'], 'org_types': ['212100', '020011', '020006', '001001', '216003'], 'subject_importance_list': ['stock@5']}]",成都新易盛通信技术股份有限公司,R1 (2025-01-15~2025-01-25),2025-01-23,2025-01-23 11:32:05
5bee4be40394b123,新品批量出货提振业绩 汇顶科技2024年净利润预增超200%,经济参考网,1737631925,0,http://www.jjckb.cn/20250123/abee2638669f4a409b1f2afb075f1fa7/c.html,☆☆☆☆☆,"[{'full_name': '深圳市汇顶科技股份有限公司', 'subject_importance': None, 'subject_risk': None, 'orgid': 'T000148045', 'subject_code': None, 'subject_name': None, 'emotion': 'NEU', 'subject_risk_list': [], 'org_types': ['020006', '216001', '001001', '212001', '020011'], 'subject_importance_list': None}]",深圳市汇顶科技股份有限公司,R1 (2025-01-15~2025-01-25),2025-01-23,2025-01-23 11:32:05
6aa954c265110196,违规转让股票和信披违法 新易盛实控人被罚没超3000万元!,证券日报,1737632409,0,http://www.zqrb.cn/gscy/gongsi/2025-01-23/A1737630841393.html,★★★★★,"[{'full_name': '成都新易盛通信技术股份有限公司', 'subject_importance': 5, 'subject_risk': '管理预警--实控人被查或被处罚', 'orgid': 'T000124532', 'subject_code': None, 'subject_name': None, 'emotion': 'NEG', 'subject_risk_list': ['R00006', 'R00006006'], 'org_types': ['212100', '020011', '020006', '001001', '216003'], 'subject_importance_list': ['stock@5']}]",成都新易盛通信技术股份有限公司,R1 (2025-01-15~2025-01-25),2025-01-23,2025-01-23 11:40:09
200aeb77e303de62,生益科技：预计2024年净利17亿元-18亿元 同比增长46%-55%,搜狐,1737632911,0,https://www.sohu.com/a/852561470_120988533,☆☆☆☆☆,"[{'full_name': '广东生益科技股份有限公司', 'subject_importance': None, 'subject_risk': None, 'orgid': '02600183', 'subject_code': None, 'subject_name': None, 'emotion': 'NEU', 'subject_risk_list': [], 'org_types': ['020001', '002', '212001', '216001', '001001', '020010'], 'subject_importance_list': None}]",广东生益科技股份有限公司,R1 (2025-01-15~2025-01-25),2025-01-23,2025-01-23 11:48:31
90bad49efbf73c5b,浪潮智慧投标某项目报价高结果还中标了 东华合创也中标了,新浪财经,1737633496,0,https://finance.sina.com.cn/tech/roll/2025-01-23/doc-inefyeav5969298.shtml,☆☆☆☆☆,"[{'full_name': '东华软件股份公司', 'subject_importance': None, 'subject_risk': None, 'orgid': '03131973', 'subject_code': None, 'subject_name': None, 'emotion': 'NEU', 'subject_risk_list': [], 'org_types': ['002', '216001', '212100', '020006', '001001'], 'subject_importance_list': None}]",东华软件股份公司,R1 (2025-01-15~2025-01-25),2025-01-23,2025-01-23 11:58:16
c66963ecdf1d7421,久远银海：2024年净利同比预降53.55%-60.69%,搜狐,1737633690,0,https://www.sohu.com/a/852564497_120988533,★★★☆☆,"[{'full_name': '四川久远银海软件股份有限公司', 'subject_importance': 3, 'subject_risk': '财务预警--盈利能力下降或亏损', 'orgid': 'T000062804', 'subject_code': None, 'subject_name': None, 'emotion': 'NEG', 'subject_risk_list': ['R00008', 'R00008015'], 'org_types': ['216001', '001001', '212100', '020001', '020006'], 'subject_importance_list': ['stock@3']}]",四川久远银海软件股份有限公司,R1 (2025-01-15~2025-01-25),2025-01-23,2025-01-23 12:01:30
22de89c75a36fae,景顺长城基金旗下景顺长城融景一年持有混合C规模0.07亿元，环比减少12.01%,金融界财经,1737633708,0,https://finance.jrj.com.cn/2025/01/23195847757429.shtml,☆☆☆☆☆,"[{'full_name': '北方华创科技集团股份有限公司', 'subject_importance': None, 'subject_risk': None, 'orgid': 'T000007615', 'subject_code': None, 'subject_name': None, 'emotion': 'NEU', 'subject_risk_list': [], 'org_types': ['212100', '002', '216001', '020001002002', '020001', '001001'], 'subject_importance_list': None}]",北方华创科技集团股份有限公司,R1 (2025-01-15~2025-01-25),2025-01-23,2025-01-23 12:01:48
190d55ff538a9b54,久远银海2024年净利大幅下降，如何破解困境？,搜狐,1737634235,0,https://www.sohu.com/a/852570178_122066678,★★★☆☆,"[{'full_name': '四川久远银海软件股份有限公司', 'subject_importance': 3, 'subject_risk': '财务预警--盈利能力下降或亏损', 'orgid': 'T000062804', 'subject_code': None, 'subject_name': None, 'emotion': 'NEG', 'subject_risk_list': ['R00008', 'R00008015'], 'org_types': ['216001', '001001', '212100', '020001', '020006'], 'subject_importance_list': ['stock@3']}]",四川久远银海软件股份有限公司,R1 (2025-01-15~2025-01-25),2025-01-23,2025-01-23 12:10:35
fc96b54782ac3c3e,汇顶科技：预计2024年实现归属于母公司所有者的净利润同比增加233.22%至287.75%,证券日报,1737636039,0,http://www.zqrb.cn/gscy/ggkx/2025-01-23/A1737630841426.html,☆☆☆☆☆,"[{'full_name': '深圳市汇顶科技股份有限公司', 'subject_importance': None, 'subject_risk': None, 'orgid': 'T000148045', 'subject_code': None, 'subject_name': None, 'emotion': 'NEU', 'subject_risk_list': [], 'org_types': ['020006', '216001', '001001', '212001', '020011'], 'subject_importance_list': None}]",深圳市汇顶科技股份有限公司,R1 (2025-01-15~2025-01-25),2025-01-23,2025-01-23 12:40:39
fe8f30cdd26a8bfe,开普云以AI和XR技术双重优势，加速AI眼镜产业发展,微信-开普云,1737636109,0,https://mp.weixin.qq.com/s?__biz=MzI0NTE0NDg4Ng==&idx=1&mid=2651711951&sn=f9943cb7afd4e4d69eda7813abca92ed,☆☆☆☆☆,"[{'full_name': '开普云信息科技股份有限公司', 'subject_importance': None, 'subject_risk': None, 'orgid': 'T000829067', 'subject_code': None, 'subject_name': None, 'emotion': 'NEU', 'subject_risk_list': [], 'org_types': ['001004', '216011', '212001', '020006', '674001', '212005', '001001'], 'subject_importance_list': None}]",开普云信息科技股份有限公司,R1 (2025-01-15~2025-01-25),2025-01-23,2025-01-23 12:41:49
6cbcb9ec51843d5d,（官方问答平台）万达信息：公司始终围绕公司主营业务及发展战略考虑投资机会……,同花顺金融研究中心,1737636604,0,,☆☆☆☆☆,"[{'full_name': '万达信息股份有限公司', 'subject_importance': None, 'subject_risk': None, 'orgid': 'T000029069', 'subject_code': None, 'subject_name': None, 'emotion': 'NEU', 'subject_risk_list': [], 'org_types': ['212100', '216003', '002', '020006', '001001'], 'subject_importance_list': None}]",万达信息股份有限公司,R1 (2025-01-15~2025-01-25),2025-01-23,2025-01-23 12:50:04
baf105b31ceff463,（官方问答平台）万达信息：公司控股子公司蛮牛健康坚定健康管理发展战略，不断强化核心能力和品牌认知，拓展健康管理场景布局，围绕客户实际需求优化健康管理产品和服务，已形成赋能包括中国人寿在内的金融机构和大中型企业的平台化业务形态，健康管理服务业务稳定发展……,同花顺金融研究中心,1737636604,0,,☆☆☆☆☆,"[{'full_name': '万达信息股份有限公司', 'subject_importance': None, 'subject_risk': None, 'orgid': 'T000029069', 'subject_code': None, 'subject_name': None, 'emotion': 'NEU', 'subject_risk_list': [], 'org_types': ['212100', '216003', '002', '020006', '001001'], 'subject_importance_list': None}]",万达信息股份有限公司,R1 (2025-01-15~2025-01-25),2025-01-23,2025-01-23 12:50:04
9110fd2a131c81fa,新易盛：公司实控人、董事长高光荣被处以罚款2200万元,搜狐-北京市,1737636695,0,https://www.sohu.com/a/852590561_122014422,★★★★★,"[{'full_name': '成都新易盛通信技术股份有限公司', 'subject_importance': 5, 'subject_risk': '管理预警--实控人被查或被处罚', 'orgid': 'T000124532', 'subject_code': None, 'subject_name': None, 'emotion': 'NEG', 'subject_risk_list': ['R00006', 'R00006006'], 'org_types': ['212100', '020011', '020006', '001001', '216003'], 'subject_importance_list': ['stock@5']}]",成都新易盛通信技术股份有限公司,R1 (2025-01-15~2025-01-25),2025-01-23,2025-01-23 12:51:35
ad2aed828c9e222a,万达信息：大股东减持时间过半无需披露减持情况,同花顺iNews,1737636733,0,http://yuanchuang.10jqka.com.cn/20250123/c665700965.shtml,☆☆☆☆☆,"[{'full_name': '万达信息股份有限公司', 'subject_importance': None, 'subject_risk': None, 'orgid': 'T000029069', 'subject_code': None, 'subject_name': None, 'emotion': 'NEU', 'subject_risk_list': [], 'org_types': ['212100', '216003', '002', '020006', '001001'], 'subject_importance_list': None}]",万达信息股份有限公司,R1 (2025-01-15~2025-01-25),2025-01-23,2025-01-23 12:52:13
f9f914986e3a695d,政策助推电动自行车产业发展 智能化成行业发展新趋势,证券日报,1737637137,0,http://www.zqrb.cn/finance/hangyedongtai/2025-01-23/A1737630841536.html,☆☆☆☆☆,"[{'full_name': '浙江大华技术股份有限公司', 'subject_importance': None, 'subject_risk': None, 'orgid': '03134713', 'subject_code': None, 'subject_name': None, 'emotion': 'NEU', 'subject_risk_list': [], 'org_types': ['216001', '212100', '020006', '001001'], 'subject_importance_list': None}]",浙江大华技术股份有限公司,R1 (2025-01-15~2025-01-25),2025-01-23,2025-01-23 12:58:57
8cdb9992da9e95f5,万达信息：蛮牛健康优化健康管理服务，赋能金融机构与大中型企业拓展业务,金融界财经,1737639317,0,https://finance.jrj.com.cn/2025/01/23210047765862.shtml,☆☆☆☆☆,"[{'full_name': '万达信息股份有限公司', 'subject_importance': None, 'subject_risk': None, 'orgid': 'T000029069', 'subject_code': None, 'subject_name': None, 'emotion': 'NEU', 'subject_risk_list': [], 'org_types': ['212100', '216003', '002', '020006', '001001'], 'subject_importance_list': None}]",万达信息股份有限公司,R1 (2025-01-15~2025-01-25),2025-01-23,2025-01-23 13:35:17
99974251ba50c457,浪潮信息：2月13日将召开2025年第一次临时股东大会,证券日报,1737639678,0,http://www.zqrb.cn/gscy/ggkx/2025-01-23/A1737630841767.html,☆☆☆☆☆,"[{'full_name': '浪潮电子信息产业股份有限公司', 'subject_importance': None, 'subject_risk': None, 'orgid': '01000977', 'subject_code': None, 'subject_name': None, 'emotion': 'NEU', 'subject_risk_list': [], 'org_types': ['020001002002', '212100', '020001', '001001', '002', '216001'], 'subject_importance_list': None}]",浪潮电子信息产业股份有限公司,R1 (2025-01-15~2025-01-25),2025-01-23,2025-01-23 13:41:18
ef92035a876ce7de,浪潮信息2月13日股东大会即将召开，董事会独立董事选举成焦点！,搜狐,1737639934,0,https://www.sohu.com/a/852610709_122066678,☆☆☆☆☆,"[{'full_name': '浪潮电子信息产业股份有限公司', 'subject_importance': None, 'subject_risk': None, 'orgid': '01000977', 'subject_code': None, 'subject_name': None, 'emotion': 'NEU', 'subject_risk_list': [], 'org_types': ['020001002002', '212100', '020001', '001001', '002', '216001'], 'subject_importance_list': None}]",浪潮电子信息产业股份有限公司,R1 (2025-01-15~2025-01-25),2025-01-23,2025-01-23 13:45:34
db7bd9165d0468ff,注意！浪潮信息将于2月13日召开股东大会,每日经济新闻,1737640203,0,https://www.nbd.com.cn/articles/2025-01-23/3735294.html,☆☆☆☆☆,"[{'full_name': '浪潮电子信息产业股份有限公司', 'subject_importance': None, 'subject_risk': None, 'orgid': '01000977', 'subject_code': None, 'subject_name': None, 'emotion': 'NEU', 'subject_risk_list': [], 'org_types': ['020001002002', '212100', '020001', '001001', '002', '216001'], 'subject_importance_list': None}]",浪潮电子信息产业股份有限公司,R1 (2025-01-15~2025-01-25),2025-01-23,2025-01-23 13:50:03
f55b24333b1b6bf3,消费电子回暖叠加AI驱动 科创板集成电路公司2024年业绩频传“芯”喜讯,搜狐-上海市,1737640580,0,https://www.sohu.com/a/852611566_120988576,☆☆☆☆☆,"[{'full_name': '中微半导体设备(上海)股份有限公司', 'subject_importance': None, 'subject_risk': None, 'orgid': 'Q01B38D3B0', 'subject_code': None, 'subject_name': None, 'emotion': 'NEU', 'subject_risk_list': [], 'org_types': ['216011', '212001', '001001', '020001', '020011'], 'subject_importance_list': None}]",中微半导体设备（上海）股份有限公司,R1 (2025-01-15~2025-01-25),2025-01-23,2025-01-23 13:56:20
f55b24333b1b6bf3,消费电子回暖叠加AI驱动 科创板集成电路公司2024年业绩频传“芯”喜讯,搜狐-上海市,1737640580,0,https://www.sohu.com/a/852611566_120988576,☆☆☆☆☆,"[{'full_name': '海光信息技术股份有限公司', 'subject_importance': None, 'subject_risk': None, 'orgid': 'T000233634', 'subject_code': None, 'subject_name': None, 'emotion': 'NEU', 'subject_risk_list': [], 'org_types': ['001001', '212001', '216011', '020006', '020001'], 'subject_importance_list': None}]",海光信息技术股份有限公司,R1 (2025-01-15~2025-01-25),2025-01-23,2025-01-23 13:56:20
d806aa061ee1e74d,违规多减持0.42% 新易盛实控人被罚没3149.9万元,ZAKER,1737640859,0,http://app.myzaker.com/news/article.php?pk=67924c3c8e9f096df10a9bef,★★★★★,"[{'full_name': '成都新易盛通信技术股份有限公司', 'subject_importance': 5, 'subject_risk': '管理预警--实控人被查或被处罚', 'orgid': 'T000124532', 'subject_code': None, 'subject_name': None, 'emotion': 'NEG', 'subject_risk_list': ['R00006', 'R00006006'], 'org_types': ['212100', '020011', '020006', '001001', '216003'], 'subject_importance_list': ['stock@5']}]",成都新易盛通信技术股份有限公司,R1 (2025-01-15~2025-01-25),2025-01-23,2025-01-23 14:00:59
302d97f2d2d09d79,浪潮信息：1月23日召开董事会会议,搜狐-四川省,1737641755,0,https://www.sohu.com/a/852620260_115362,☆☆☆☆☆,"[{'full_name': '浪潮电子信息产业股份有限公司', 'subject_importance': None, 'subject_risk': None, 'orgid': '01000977', 'subject_code': None, 'subject_name': None, 'emotion': 'NEU', 'subject_risk_list': [], 'org_types': ['020001002002', '212100', '020001', '001001', '002', '216001'], 'subject_importance_list': None}]",浪潮电子信息产业股份有限公司,R1 (2025-01-15~2025-01-25),2025-01-23,2025-01-23 14:15:55
364e7966fd18abff,数据中心、AI领域快速发展 PCB行业2024年业绩普遍预喜,证券时报网,1737642972,0,http://egs.stcn.com/news/detail/1965123.html,☆☆☆☆☆,"[{'full_name': '沪士电子股份有限公司', 'subject_importance': None, 'subject_risk': None, 'orgid': 'T000026708', 'subject_code': None, 'subject_name': None, 'emotion': 'NEU', 'subject_risk_list': [], 'org_types': ['216001', '212100', '020011', '001001', '020003'], 'subject_importance_list': None}]",沪士电子股份有限公司,R1 (2025-01-15~2025-01-25),2025-01-23,2025-01-23 14:36:12
9b530bcf23b0b432,2024年PCB行业迎AI与数据中心的机遇,搜狐,1737643714,0,https://www.sohu.com/a/852626789_122118477,☆☆☆☆☆,"[{'full_name': '沪士电子股份有限公司', 'subject_importance': None, 'subject_risk': None, 'orgid': 'T000026708', 'subject_code': None, 'subject_name': None, 'emotion': 'NEU', 'subject_risk_list': [], 'org_types': ['216001', '212100', '020011', '001001', '020003'], 'subject_importance_list': None}]",沪士电子股份有限公司,R1 (2025-01-15~2025-01-25),2025-01-23,2025-01-23 14:48:34
da833587403bccf3,“兆易创新”业绩大增，能否持续？,网易,1737645734,0,https://www.163.com/dy/article/JMKG8R1L0552RVU3.html?clickfrom=w_money,☆☆☆☆☆,"[{'full_name': '兆易创新科技集团股份有限公司', 'subject_importance': None, 'subject_risk': None, 'orgid': 'T000125448', 'subject_code': None, 'subject_name': None, 'emotion': 'NEU', 'subject_risk_list': [], 'org_types': ['212001', '020010', '020006', '216001', '001001'], 'subject_importance_list': None}]",兆易创新科技集团股份有限公司,R1 (2025-01-15~2025-01-25),2025-01-23,2025-01-23 15:22:14
b7f89fa9f018128f,五家A股公司预警：2024年报后或戴帽*ST,证券时报e公司,1737646473,2,http://finance.itbear.com.cn/html/2025-01/137143.html,★★★★★,"[{'full_name': '四川川大智胜软件股份有限公司', 'subject_importance': 5, 'subject_risk': '市场预警--退市风险警示', 'orgid': '00071668', 'subject_code': None, 'subject_name': None, 'emotion': 'NEG', 'subject_risk_list': ['R00003', 'R00003009'], 'org_types': ['001001', '020006', '212100', '216001'], 'subject_importance_list': ['stock@5']}]",四川川大智胜软件股份有限公司,R1 (2025-01-15~2025-01-25),2025-01-23,2025-01-23 15:34:33
4856fc99b080bed7,万达信息：蛮牛健康持续聚焦核心业务领域，通过差异化的产品定位积累核心能力,腾讯证券,1737646590,0,http://gu.qq.com/resources/shy/news/detail-v2/index.html#/?id=nesSN20250123205527a22cf449&s=b,☆☆☆☆☆,"[{'full_name': '万达信息股份有限公司', 'subject_importance': None, 'subject_risk': None, 'orgid': 'T000029069', 'subject_code': None, 'subject_name': None, 'emotion': 'NEU', 'subject_risk_list': [], 'org_types': ['212100', '216003', '002', '020006', '001001'], 'subject_importance_list': None}]",万达信息股份有限公司,R1 (2025-01-15~2025-01-25),2025-01-23,2025-01-23 15:36:30
a8f3218624f4ba29,新易盛实控人高光荣被罚没3150万元，此前连续5年减持超2000万股,证券之星财经,1737647148,2,https://finance.stockstar.com/IG2025012300046646.shtml,★★★★★,"[{'full_name': '成都新易盛通信技术股份有限公司', 'subject_importance': 5, 'subject_risk': '管理预警--实控人被查或被处罚', 'orgid': 'T000124532', 'subject_code': None, 'subject_name': None, 'emotion': 'NEG', 'subject_risk_list': ['R00006', 'R00006006'], 'org_types': ['212100', '020011', '020006', '001001', '216003'], 'subject_importance_list': ['stock@5']}]",成都新易盛通信技术股份有限公司,R1 (2025-01-15~2025-01-25),2025-01-23,2025-01-23 15:45:48
4f7a4447d0fec3f2,大华股份2024年预计归母净利润28亿元至30.8亿元,东方财富网,1737648000,0,https://wap.eastmoney.com/a/202501243307628796.html,☆☆☆☆☆,"[{'full_name': '浙江大华技术股份有限公司', 'subject_importance': None, 'subject_risk': None, 'orgid': '03134713', 'subject_code': None, 'subject_name': None, 'emotion': 'NEU', 'subject_risk_list': [], 'org_types': ['216001', '001001', '020006', '212100'], 'subject_importance_list': None}]",浙江大华技术股份有限公司,R1 (2025-01-15~2025-01-25),2025-01-23,2025-01-23 16:00:00
a5aa14fbdbcba3b2,首家，5年万亿，人工智能投资再添活水，涟漪正在荡起,零壹财经,1737648000,0,https://www.01caijing.com/article/343228.htm,☆☆☆☆☆,"[{'full_name': '科大讯飞股份有限公司', 'subject_importance': None, 'subject_risk': None, 'orgid': '03134688', 'subject_code': None, 'subject_name': None, 'emotion': 'NEU', 'subject_risk_list': [], 'org_types': ['212100', '216001', '002', '001001', '020006'], 'subject_importance_list': None}]",科大讯飞股份有限公司,R1 (2025-01-15~2025-01-25),2025-01-23,2025-01-23 16:00:00
34b9f01bcecf365a,汇顶科技：超声波指纹识别传感器批量出货，2024年净利润超5.5亿元,微信-MEMS,1737648305,0,https://mp.weixin.qq.com/s?__biz=MjM5NTQzNjk2MA==&idx=6&mid=2657382591&sn=219c92e40d9ed818a2e3412ddf5433dd,☆☆☆☆☆,"[{'full_name': '深圳市汇顶科技股份有限公司', 'subject_importance': None, 'subject_risk': None, 'orgid': 'T000148045', 'subject_code': None, 'subject_name': None, 'emotion': 'NEU', 'subject_risk_list': [], 'org_types': ['020006', '216001', '001001', '212001', '020011'], 'subject_importance_list': None}]",深圳市汇顶科技股份有限公司,R1 (2025-01-15~2025-01-25),2025-01-23,2025-01-23 16:05:05
f077798aca3956ef,汇顶科技全年净利预增超2倍 收购独角兽云英谷事项仍在推进中,长江商报,1737651809,0,http://www.changjiangtimes.com/2025/01/644134.html,☆☆☆☆☆,"[{'full_name': '深圳市汇顶科技股份有限公司', 'subject_importance': None, 'subject_risk': None, 'orgid': 'T000148045', 'subject_code': None, 'subject_name': None, 'emotion': 'NEU', 'subject_risk_list': [], 'org_types': ['020006', '216001', '001001', '212001', '020011'], 'subject_importance_list': None}]",深圳市汇顶科技股份有限公司,R1 (2025-01-15~2025-01-25),2025-01-23,2025-01-23 17:03:29
5703dea4d9cdd628,开普云新注册《开普云智能商情系统V2.0》等7个项目的软件著作权,证券之星,1737652342,0,https://wap.stockstar.com/detail/RB2025012400000435,☆☆☆☆☆,"[{'full_name': '开普云信息科技股份有限公司', 'subject_importance': None, 'subject_risk': None, 'orgid': 'T000829067', 'subject_code': None, 'subject_name': None, 'emotion': 'NEU', 'subject_risk_list': [], 'org_types': ['001004', '216011', '212001', '020006', '674001', '212005', '001001'], 'subject_importance_list': None}]",开普云信息科技股份有限公司,R1 (2025-01-15~2025-01-25),2025-01-23,2025-01-23 17:12:22
6b6d1d9e4135db1c,恒生电子新注册《恒生HUNDSUN财富产品生命周期管理系统软件V3.0》项目的软件著作权,证券之星,1737652343,0,https://wap.stockstar.com/detail/RB2025012400000422,☆☆☆☆☆,"[{'full_name': '恒生电子股份有限公司', 'subject_importance': None, 'subject_risk': None, 'orgid': '03130389', 'subject_code': None, 'subject_name': None, 'emotion': 'NEU', 'subject_risk_list': [], 'org_types': ['212001', '216001', '001001', '020006'], 'subject_importance_list': None}]",恒生电子股份有限公司,R1 (2025-01-15~2025-01-25),2025-01-23,2025-01-23 17:12:23
3dc0e8bd7610f032,大华股份新注册《大华智能低代码开发平台V1.0》项目的软件著作权,证券之星,1737652346,0,https://wap.stockstar.com/detail/RB2025012400000402,☆☆☆☆☆,"[{'full_name': '浙江大华技术股份有限公司', 'subject_importance': None, 'subject_risk': None, 'orgid': '03134713', 'subject_code': None, 'subject_name': None, 'emotion': 'NEU', 'subject_risk_list': [], 'org_types': ['216001', '001001', '020006', '212100'], 'subject_importance_list': None}]",浙江大华技术股份有限公司,R1 (2025-01-15~2025-01-25),2025-01-23,2025-01-23 17:12:26
20658a6846ffcc27,超图软件新注册《超图时空数据治理平台V2.0》项目的软件著作权,证券之星,1737652373,0,https://wap.stockstar.com/detail/RB2025012400000413,☆☆☆☆☆,"[{'full_name': '北京超图软件股份有限公司', 'subject_importance': None, 'subject_risk': None, 'orgid': 'T000026114', 'subject_code': None, 'subject_name': None, 'emotion': 'NEU', 'subject_risk_list': [], 'org_types': ['216003', '001001', '020006', '212100'], 'subject_importance_list': None}]",北京超图软件股份有限公司,R1 (2025-01-15~2025-01-25),2025-01-23,2025-01-23 17:12:53
64ad3e67e762fdc8,多家光模块上市公司2024年业绩预喜,证券日报,1737654037,0,http://www.zqrb.cn/gscy/gongsi/2025-01-24/A1737647508029.html,☆☆☆☆☆,"[{'full_name': '成都新易盛通信技术股份有限公司', 'subject_importance': None, 'subject_risk': None, 'orgid': 'T000124532', 'subject_code': None, 'subject_name': None, 'emotion': 'NEU', 'subject_risk_list': [], 'org_types': ['216003', '212100', '020011', '020006', '001001'], 'subject_importance_list': None}]",成都新易盛通信技术股份有限公司,R1 (2025-01-15~2025-01-25),2025-01-23,2025-01-23 17:40:37
64ad3e67e762fdc8,多家光模块上市公司2024年业绩预喜,证券日报,1737654037,0,http://www.zqrb.cn/gscy/gongsi/2025-01-24/A1737647508029.html,☆☆☆☆☆,"[{'full_name': '苏州天孚光通信股份有限公司', 'subject_importance': None, 'subject_risk': None, 'orgid': 'T000060141', 'subject_code': None, 'subject_name': None, 'emotion': 'NEU', 'subject_risk_list': [], 'org_types': ['216003', '212100', '001001', '020006', '020011'], 'subject_importance_list': None}]",苏州天孚光通信股份有限公司,R1 (2025-01-15~2025-01-25),2025-01-23,2025-01-23 17:40:37
263d1df6115446a6,公募基金2024年四季报收官 重仓八大行业超千亿元,东方财富网,1737657610,0,https://finance.eastmoney.com/a/202501243306651333.html,☆☆☆☆☆,"[{'full_name': '中科寒武纪科技股份有限公司', 'subject_importance': None, 'subject_risk': None, 'orgid': 'T004646002', 'subject_code': None, 'subject_name': None, 'emotion': 'NEU', 'subject_risk_list': [], 'org_types': ['020006', '216011', '001001', '212001'], 'subject_importance_list': None}]",中科寒武纪科技股份有限公司,R1 (2025-01-15~2025-01-25),2025-01-23,2025-01-23 18:40:10
86d995d8a65c8084,大模型“独角兽”亟须差异化应对价格冲击,东方财富网,1737665149,0,https://finance.eastmoney.com/a/202501243306658643.html,☆☆☆☆☆,"[{'full_name': '科大讯飞股份有限公司', 'subject_importance': None, 'subject_risk': None, 'orgid': '03134688', 'subject_code': None, 'subject_name': None, 'emotion': 'NEU', 'subject_risk_list': [], 'org_types': ['212100', '216001', '001001', '002', '020006'], 'subject_importance_list': None}]",科大讯飞股份有限公司,R1 (2025-01-15~2025-01-25),2025-01-23,2025-01-23 20:45:49
7d6bdb5c0f66aa71,【企业动态】海康威视新增1件法院诉讼，案由为买卖合同纠纷,证券之星,1737672287,2,https://wap.stockstar.com/detail/RB2025012400008005,★★★☆☆,"[{'full_name': '杭州海康威视数字技术股份有限公司', 'subject_importance': 3, 'subject_risk': '经营预警--法律诉讼', 'orgid': 'T000026753', 'subject_code': None, 'subject_name': None, 'emotion': 'NEG', 'subject_risk_list': ['R00007', 'R00007018'], 'org_types': ['020001002002', '020001', '001001', '216001', '212100', '002'], 'subject_importance_list': ['bond@2', 'stock@3']}]",杭州海康威视数字技术股份有限公司,R1 (2025-01-15~2025-01-25),2025-01-23,2025-01-23 22:44:47
ca1c0d0557c52f5b,【企业动态】*ST银江新增1件法院诉讼，案由为建设工程合同纠纷案件执行,证券之星,1737672287,2,https://wap.stockstar.com/detail/RB2025012400007991,★★★☆☆,"[{'full_name': '银江技术股份有限公司', 'subject_importance': 3, 'subject_risk': '经营预警--法律诉讼', 'orgid': 'T000025749', 'subject_code': None, 'subject_name': None, 'emotion': 'NEG', 'subject_risk_list': ['R00007', 'R00007018'], 'org_types': ['001001', '216003', '002', '212100', '020006'], 'subject_importance_list': ['stock@3', 'bond@2']}]",银江技术股份有限公司,R1 (2025-01-15~2025-01-25),2025-01-23,2025-01-23 22:44:47
81a9e04a36a67228,中芯国际、长鑫现身这家公司最新股东榜,微信-科创板日报,1737673277,0,https://mp.weixin.qq.com/s?__biz=Mzg4MTEyNzc4Mg==&idx=1&mid=2247593167&sn=8e6075b2a99e8e6e445e9a80ba04a1d2,☆☆☆☆☆,"[{'full_name': '兆易创新科技集团股份有限公司', 'subject_importance': None, 'subject_risk': None, 'orgid': 'T000125448', 'subject_code': None, 'subject_name': None, 'emotion': 'NEU', 'subject_risk_list': [], 'org_types': ['216001', '001001', '212001', '020010', '020006'], 'subject_importance_list': None}]",兆易创新科技集团股份有限公司,R1 (2025-01-15~2025-01-25),2025-01-23,2025-01-23 23:01:17
7e4c5d5acce542cc,天孚通信下游需求拉动全年预盈13亿 上市以来分红15亿派息融资比116%,长江商报,1737679690,0,http://www.changjiangtimes.com/2025/01/644140.html,☆☆☆☆☆,"[{'full_name': '苏州天孚光通信股份有限公司', 'subject_importance': None, 'subject_risk': None, 'orgid': 'T000060141', 'subject_code': None, 'subject_name': None, 'emotion': 'NEU', 'subject_risk_list': [], 'org_types': ['212100', '020006', '216003', '001001', '020011'], 'subject_importance_list': None}]",苏州天孚光通信股份有限公司,R1 (2025-01-15~2025-01-25),2025-01-24,2025-01-24 00:48:10
b441f2d59244c78c,（官方问答平台）创业慧康：感谢您的关注，公司没有应披未披信息，公司会严格按照信息披露要求予以披露，谢谢……,同花顺金融研究中心,1737680043,0,,☆☆☆☆☆,"[{'full_name': '创业慧康科技股份有限公司', 'subject_importance': None, 'subject_risk': None, 'orgid': '00087886', 'subject_code': None, 'subject_name': None, 'emotion': 'NEU', 'subject_risk_list': [], 'org_types': ['001001', '216003', '212100', '020006'], 'subject_importance_list': None}]",创业慧康科技股份有限公司,R1 (2025-01-15~2025-01-25),2025-01-24,2025-01-24 00:54:03
958fa324d93b014f,创业慧康:投资者关注ETF清仓情况，董秘回应公司未应披未披信息,新浪财经,1737680253,0,https://finance.sina.com.cn/stock/relnews/dongmiqa/2025-01-24/doc-inefzsec5253832.shtml,☆☆☆☆☆,"[{'full_name': '创业慧康科技股份有限公司', 'subject_importance': None, 'subject_risk': None, 'orgid': '00087886', 'subject_code': None, 'subject_name': None, 'emotion': 'NEU', 'subject_risk_list': [], 'org_types': ['001001', '216003', '212100', '020006'], 'subject_importance_list': None}]",创业慧康科技股份有限公司,R1 (2025-01-15~2025-01-25),2025-01-24,2025-01-24 00:57:33
3f5d820cf067ddda,寒武纪为何在涨幅上超过英伟达？背后真相揭晓！,搜狐,1737680485,2,https://www.sohu.com/a/852726492_122118476,★★☆☆☆,"[{'full_name': '中科寒武纪科技股份有限公司', 'subject_importance': 2, 'subject_risk': '市场预警--交易异常波动', 'orgid': 'T004646002', 'subject_code': None, 'subject_name': None, 'emotion': 'NEG', 'subject_risk_list': ['R00003', 'R00003007'], 'org_types': ['216011', '020006', '212001', '001001'], 'subject_importance_list': ['stock@2']}]",中科寒武纪科技股份有限公司,R1 (2025-01-15~2025-01-25),2025-01-24,2025-01-24 01:01:25
651e35a91ae9bff2,AI四小龙云从科技预计2024年亏损6.88亿元至5.90亿元,电鳗快报,1737680823,0,http://finance.dmkb.net/html/2025/01/166478.html,★★★☆☆,"[{'full_name': '云从科技集团股份有限公司', 'subject_importance': 3, 'subject_risk': '财务预警--盈利能力下降或亏损', 'orgid': 'T000225831', 'subject_code': None, 'subject_name': None, 'emotion': 'NEG', 'subject_risk_list': ['R00008', 'R00008015'], 'org_types': ['212001', '020006', '216011', '001001'], 'subject_importance_list': ['stock@3']}]",云从科技集团股份有限公司,R1 (2025-01-15~2025-01-25),2025-01-24,2025-01-24 01:07:03
56fee03a9aed4a71,创业慧康：公司没有应披未披信息，公司会严格按照信息披露要求予以披露,证券之星股票,1737681111,0,https://stock.stockstar.com/IG2025012400012184.shtml,☆☆☆☆☆,"[{'full_name': '创业慧康科技股份有限公司', 'subject_importance': None, 'subject_risk': None, 'orgid': '00087886', 'subject_code': None, 'subject_name': None, 'emotion': 'NEU', 'subject_risk_list': [], 'org_types': ['001001', '216003', '212100', '020006'], 'subject_importance_list': None}]",创业慧康科技股份有限公司,R1 (2025-01-15~2025-01-25),2025-01-24,2025-01-24 01:11:51
d4fd9cfac37b9f0,汇顶科技2024年净利或同比暴涨287.75%,微信-芯智讯,1737681361,0,https://mp.weixin.qq.com/s?__biz=MzA4MTE5OTQxOQ==&idx=6&mid=2650107332&sn=3136d9cc5af8b05f5ea8d2da696e8ce2,☆☆☆☆☆,"[{'full_name': '深圳市汇顶科技股份有限公司', 'subject_importance': None, 'subject_risk': None, 'orgid': 'T000148045', 'subject_code': None, 'subject_name': None, 'emotion': 'NEU', 'subject_risk_list': [], 'org_types': ['020006', '216001', '001001', '212001', '020011'], 'subject_importance_list': None}]",深圳市汇顶科技股份有限公司,R1 (2025-01-15~2025-01-25),2025-01-24,2025-01-24 01:16:01
21d7fb99634cb514,前CTO向寒武纪“讨薪”超42亿元，股权激励算劳动报酬吗？,银柿财经,1737681671,2,https://www.yinsfinance.com/article/1365620.shtml,★★★☆☆,"[{'full_name': '中科寒武纪科技股份有限公司', 'subject_importance': 3, 'subject_risk': '经营预警--法律诉讼', 'orgid': 'T004646002', 'subject_code': None, 'subject_name': None, 'emotion': 'NEG', 'subject_risk_list': ['R00007', 'R00007018'], 'org_types': ['216011', '020006', '212001', '001001'], 'subject_importance_list': ['stock@3']}]",中科寒武纪科技股份有限公司,R1 (2025-01-15~2025-01-25),2025-01-24,2025-01-24 01:21:11
de40364b9a6d6fce,兆易创新净利润增5倍！AI催化端侧SoC芯片爆发，六家IoT芯片公司2024年业绩预喜,电子发烧友网,1737682602,0,https://www.elecfans.com/d/6443902.html,☆☆☆☆☆,"[{'full_name': '兆易创新科技集团股份有限公司', 'subject_importance': None, 'subject_risk': None, 'orgid': 'T000125448', 'subject_code': None, 'subject_name': None, 'emotion': 'NEU', 'subject_risk_list': [], 'org_types': ['020006', '001001', '020010', '212001', '216001'], 'subject_importance_list': None}]",兆易创新科技集团股份有限公司,R1 (2025-01-15~2025-01-25),2025-01-24,2025-01-24 01:36:42
de40364b9a6d6fce,兆易创新净利润增5倍！AI催化端侧SoC芯片爆发，六家IoT芯片公司2024年业绩预喜,电子发烧友网,1737682602,0,https://www.elecfans.com/d/6443902.html,☆☆☆☆☆,"[{'full_name': '北京君正集成电路股份有限公司', 'subject_importance': None, 'subject_risk': None, 'orgid': 'T000032799', 'subject_code': None, 'subject_name': None, 'emotion': 'NEU', 'subject_risk_list': [], 'org_types': ['212100', '001001', '216003', '020006'], 'subject_importance_list': None}]",北京君正集成电路股份有限公司,R1 (2025-01-15~2025-01-25),2025-01-24,2025-01-24 01:36:42
de40364b9a6d6fce,兆易创新净利润增5倍！AI催化端侧SoC芯片爆发，六家IoT芯片公司2024年业绩预喜,电子发烧友网,1737682602,0,https://www.elecfans.com/d/6443902.html,☆☆☆☆☆,"[{'full_name': '深圳市汇顶科技股份有限公司', 'subject_importance': None, 'subject_risk': None, 'orgid': 'T000148045', 'subject_code': None, 'subject_name': None, 'emotion': 'NEU', 'subject_risk_list': [], 'org_types': ['001001', '020006', '212001', '020011', '216001'], 'subject_importance_list': None}]",深圳市汇顶科技股份有限公司,R1 (2025-01-15~2025-01-25),2025-01-24,2025-01-24 01:36:42
e13291919b6c3fa7,2025年1月24日，万兴科技日内振幅超过7%,同花顺金融研究中心,1737683042,2,,★★★☆☆,"[{'full_name': '万兴科技集团股份有限公司', 'subject_importance': 3, 'subject_risk': '市场预警--交易异常波动', 'orgid': 'T000159214', 'subject_code': None, 'subject_name': None, 'emotion': 'NEG', 'subject_risk_list': ['R00003', 'R00003007'], 'org_types': ['001001', '002', '212100', '216003', '020006'], 'subject_importance_list': ['bond@3', 'stock@2']}]",万兴科技集团股份有限公司,R1 (2025-01-15~2025-01-25),2025-01-24,2025-01-24 01:44:02
f4eb4f42ff2cda88,2025年1月24日川大智胜(002253)盘中跌停,同花顺金融研究中心,1737683702,2,,★★☆☆☆,"[{'full_name': '四川川大智胜软件股份有限公司', 'subject_importance': 2, 'subject_risk': '市场预警--交易异常波动', 'orgid': '00071668', 'subject_code': None, 'subject_name': None, 'emotion': 'NEG', 'subject_risk_list': ['R00003', 'R00003007'], 'org_types': ['212100', '216001', '020006', '001001'], 'subject_importance_list': ['stock@2']}]",四川川大智胜软件股份有限公司,R1 (2025-01-15~2025-01-25),2025-01-24,2025-01-24 01:55:02
b509a375d4ae00e4,基金2024年4季度报发布，张坤、刘格菘、谢治宇等提到了什么？,环球网,1737683942,0,https://art.huanqiu.com/article/4LCPagkR7WY,☆☆☆☆☆,"[{'full_name': '深圳市汇顶科技股份有限公司', 'subject_importance': None, 'subject_risk': None, 'orgid': 'T000148045', 'subject_code': None, 'subject_name': None, 'emotion': 'NEU', 'subject_risk_list': [], 'org_types': ['212001', '020011', '020006', '216001', '001001'], 'subject_importance_list': None}]",深圳市汇顶科技股份有限公司,R1 (2025-01-15~2025-01-25),2025-01-24,2025-01-24 01:59:02
b509a375d4ae00e4,基金2024年4季度报发布，张坤、刘格菘、谢治宇等提到了什么？,环球网,1737683942,0,https://art.huanqiu.com/article/4LCPagkR7WY,☆☆☆☆☆,"[{'full_name': '中微半导体设备(上海)股份有限公司', 'subject_importance': None, 'subject_risk': None, 'orgid': 'Q01B38D3B0', 'subject_code': None, 'subject_name': None, 'emotion': 'NEU', 'subject_risk_list': [], 'org_types': ['216011', '001001', '020011', '212001', '020001'], 'subject_importance_list': None}]",中微半导体设备（上海）股份有限公司,R1 (2025-01-15~2025-01-25),2025-01-24,2025-01-24 01:59:02
b509a375d4ae00e4,基金2024年4季度报发布，张坤、刘格菘、谢治宇等提到了什么？,环球网,1737683942,0,https://art.huanqiu.com/article/4LCPagkR7WY,☆☆☆☆☆,"[{'full_name': '兆易创新科技集团股份有限公司', 'subject_importance': None, 'subject_risk': None, 'orgid': 'T000125448', 'subject_code': None, 'subject_name': None, 'emotion': 'NEU', 'subject_risk_list': [], 'org_types': ['216001', '020006', '212001', '020010', '001001'], 'subject_importance_list': None}]",兆易创新科技集团股份有限公司,R1 (2025-01-15~2025-01-25),2025-01-24,2025-01-24 01:59:02
b509a375d4ae00e4,基金2024年4季度报发布，张坤、刘格菘、谢治宇等提到了什么？,环球网,1737683942,0,https://art.huanqiu.com/article/4LCPagkR7WY,☆☆☆☆☆,"[{'full_name': '北方华创科技集团股份有限公司', 'subject_importance': None, 'subject_risk': None, 'orgid': 'T000007615', 'subject_code': None, 'subject_name': None, 'emotion': 'NEU', 'subject_risk_list': [], 'org_types': ['212100', '020001002002', '002', '001001', '216001', '020001'], 'subject_importance_list': None}]",北方华创科技集团股份有限公司,R1 (2025-01-15~2025-01-25),2025-01-24,2025-01-24 01:59:02
b509a375d4ae00e4,基金2024年4季度报发布，张坤、刘格菘、谢治宇等提到了什么？,环球网,1737683942,0,https://art.huanqiu.com/article/4LCPagkR7WY,☆☆☆☆☆,"[{'full_name': '浙江核新同花顺网络信息股份有限公司', 'subject_importance': None, 'subject_risk': None, 'orgid': 'T000025753', 'subject_code': None, 'subject_name': None, 'emotion': 'NEU', 'subject_risk_list': [], 'org_types': ['020006', '001001', '216003', '212100'], 'subject_importance_list': None}]",浙江核新同花顺网络信息股份有限公司,R1 (2025-01-15~2025-01-25),2025-01-24,2025-01-24 01:59:02
95800e6f1a3aeb3d,2025年1月24日，拓尔思日内振幅超过7%,同花顺金融研究中心,1737684003,2,,★★★☆☆,"[{'full_name': '拓尔思信息技术股份有限公司', 'subject_importance': 3, 'subject_risk': '市场预警--交易异常波动', 'orgid': 'T000034655', 'subject_code': None, 'subject_name': None, 'emotion': 'NEG', 'subject_risk_list': ['R00003', 'R00003007'], 'org_types': ['212100', '002', '001001', '216003', '020006'], 'subject_importance_list': ['stock@2', 'bond@3']}]",拓尔思信息技术股份有限公司,R1 (2025-01-15~2025-01-25),2025-01-24,2025-01-24 02:00:03
d9e521f412488ba2,2025年1月24日，开普云日内振幅超过7%,同花顺金融研究中心,1737684542,2,,★★☆☆☆,"[{'full_name': '开普云信息科技股份有限公司', 'subject_importance': 2, 'subject_risk': '市场预警--交易异常波动', 'orgid': 'T000829067', 'subject_code': None, 'subject_name': None, 'emotion': 'NEG', 'subject_risk_list': ['R00003', 'R00003007'], 'org_types': ['001001', '212005', '674001', '212001', '216011', '020006', '001004'], 'subject_importance_list': ['stock@2']}]",开普云信息科技股份有限公司,R1 (2025-01-15~2025-01-25),2025-01-24,2025-01-24 02:09:02
b5363abdb2fcc977,“开门红”15亿！聚焦新兴产业，武汉基金新年首只基金正式落地,今日湖北网,1737684777,0,http://www.hubeitoday.com.cn/post/5/205254,☆☆☆☆☆,"[{'full_name': '华工科技产业股份有限公司', 'subject_importance': None, 'subject_risk': None, 'orgid': '01000988', 'subject_code': None, 'subject_name': None, 'emotion': 'NEU', 'subject_risk_list': [], 'org_types': ['002', '020001002002', '020001', '212100', '216001', '001001'], 'subject_importance_list': None}]",华工科技产业股份有限公司,R1 (2025-01-15~2025-01-25),2025-01-24,2025-01-24 02:12:57
38ab5c43c0f1b06e,2025年1月24日，云从科技日内振幅超过7%,同花顺金融研究中心,1737685807,2,,★★☆☆☆,"[{'full_name': '云从科技集团股份有限公司', 'subject_importance': 2, 'subject_risk': '市场预警--交易异常波动', 'orgid': 'T000225831', 'subject_code': None, 'subject_name': None, 'emotion': 'NEG', 'subject_risk_list': ['R00003', 'R00003007'], 'org_types': ['212001', '020006', '216011', '001001'], 'subject_importance_list': ['stock@2']}]",云从科技集团股份有限公司,R1 (2025-01-15~2025-01-25),2025-01-24,2025-01-24 02:30:07
5b8438b48f182822,2025年1月24日，彩讯股份日内振幅超过7%,同花顺金融研究中心,1737687784,2,,★★☆☆☆,"[{'full_name': '彩讯科技股份有限公司', 'subject_importance': 2, 'subject_risk': '市场预警--交易异常波动', 'orgid': 'T000811758', 'subject_code': None, 'subject_name': None, 'emotion': 'NEG', 'subject_risk_list': ['R00003', 'R00003007'], 'org_types': ['001001', '020006', '212100', '216003'], 'subject_importance_list': ['stock@2']}]",彩讯科技股份有限公司,R1 (2025-01-15~2025-01-25),2025-01-24,2025-01-24 03:03:04
626072665499179a,太极股份助力全国首笔中新跨境数字人民币贸易结算业务成功落地,太极股份,1737688681,0,https://www.taiji.com.cn/TaijiCMS/html/gsxw/20250124/3605.html,☆☆☆☆☆,"[{'full_name': '太极计算机股份有限公司', 'subject_importance': None, 'subject_risk': None, 'orgid': 'T000026778', 'subject_code': None, 'subject_name': None, 'emotion': 'NEU', 'subject_risk_list': [], 'org_types': ['020001', '020001002002', '002', '216001', '001001', '212100'], 'subject_importance_list': None}]",太极计算机股份有限公司,R1 (2025-01-15~2025-01-25),2025-01-24,2025-01-24 03:18:01
101a001890822317,2025年1月24日，虹软科技日内振幅超过7%,同花顺金融研究中心,1737688744,2,,★★☆☆☆,"[{'full_name': '虹软科技股份有限公司', 'subject_importance': 2, 'subject_risk': '市场预警--交易异常波动', 'orgid': 'T003041965', 'subject_code': None, 'subject_name': None, 'emotion': 'NEG', 'subject_risk_list': ['R00003', 'R00003007'], 'org_types': ['020003', '020011', '001001', '212001', '216011'], 'subject_importance_list': ['stock@2']}]",虹软科技股份有限公司,R1 (2025-01-15~2025-01-25),2025-01-24,2025-01-24 03:19:04
d72de8cf433e39d5,2025年1月24日，金山办公日内振幅超过7%,同花顺金融研究中心,1737688924,2,,★★☆☆☆,"[{'full_name': '北京金山办公软件股份有限公司', 'subject_importance': 2, 'subject_risk': '市场预警--交易异常波动', 'orgid': 'T001323122', 'subject_code': None, 'subject_name': None, 'emotion': 'NEG', 'subject_risk_list': ['R00003', 'R00003007'], 'org_types': ['001001', '216011', '020006', '212001', '020011'], 'subject_importance_list': ['stock@2']}]",北京金山办公软件股份有限公司,R1 (2025-01-15~2025-01-25),2025-01-24,2025-01-24 03:22:04
8322541b515c81ee,2025年1月24日，因赛集团日内振幅超过7%,同花顺金融研究中心,1737689045,2,,★★☆☆☆,"[{'full_name': '广东因赛品牌营销集团股份有限公司', 'subject_importance': 2, 'subject_risk': '市场预警--交易异常波动', 'orgid': 'T004054988', 'subject_code': None, 'subject_name': None, 'emotion': 'NEG', 'subject_risk_list': ['R00003', 'R00003007'], 'org_types': ['020006', '212100', '216003', '001001'], 'subject_importance_list': ['stock@2']}]",广东因赛品牌营销集团股份有限公司,R1 (2025-01-15~2025-01-25),2025-01-24,2025-01-24 03:24:05
31646b6c79937791,文化和旅游部发布新一批智慧旅游解决方案！海康威视这个方案入选,微信-海康威视,1737689601,0,https://mp.weixin.qq.com/s?__biz=MjM5OTA0NTM1Nw==&idx=1&mid=2651736668&sn=560b0fbea4edeae519361555030cd444,☆☆☆☆☆,"[{'full_name': '杭州海康威视数字技术股份有限公司', 'subject_importance': None, 'subject_risk': None, 'orgid': 'T000026753', 'subject_code': None, 'subject_name': None, 'emotion': 'NEU', 'subject_risk_list': [], 'org_types': ['002', '020001', '212100', '216001', '001001', '020001002002'], 'subject_importance_list': None}]",杭州海康威视数字技术股份有限公司,R1 (2025-01-15~2025-01-25),2025-01-24,2025-01-24 03:33:21
d710324af03452f6,（官方问答平台）创业慧康：在“慧康云 3.0”战略的推动下，公司 Hi-HIS 陆续在浙江台州恩泽医疗中心、苏州市立医院（集团）、南京市第一医院以及江西省基层等大型项目中中标并实施……,同花顺金融研究中心,1737689649,0,,☆☆☆☆☆,"[{'full_name': '创业慧康科技股份有限公司', 'subject_importance': None, 'subject_risk': None, 'orgid': '00087886', 'subject_code': None, 'subject_name': None, 'emotion': 'NEU', 'subject_risk_list': [], 'org_types': ['001001', '216003', '212100', '020006'], 'subject_importance_list': None}]",创业慧康科技股份有限公司,R1 (2025-01-15~2025-01-25),2025-01-24,2025-01-24 03:34:09
215540eb491c9ca2,医疗大模型算法标准再进阶 八年深耕铸就讯飞医疗(02506)大模型“国家队”底色,智通财经,1737689730,0,https://www.zhitongcaijing.com/content/detail/1243169.html,☆☆☆☆☆,"[{'full_name': '科大讯飞股份有限公司', 'subject_importance': None, 'subject_risk': None, 'orgid': '03134688', 'subject_code': None, 'subject_name': None, 'emotion': 'NEU', 'subject_risk_list': [], 'org_types': ['020006', '002', '212100', '216001', '001001'], 'subject_importance_list': None}]",科大讯飞股份有限公司,R1 (2025-01-15~2025-01-25),2025-01-24,2025-01-24 03:35:30
28ebcab741e06682,创业慧康:应对盈利偏差与退市风险，公司提出降本增效、推进云战略、加强应收账款管理三大举措,新浪财经,1737689812,0,https://finance.sina.com.cn/stock/relnews/dongmiqa/2025-01-24/doc-inefzwnh2862852.shtml,☆☆☆☆☆,"[{'full_name': '创业慧康科技股份有限公司', 'subject_importance': None, 'subject_risk': None, 'orgid': '00087886', 'subject_code': None, 'subject_name': None, 'emotion': 'NEU', 'subject_risk_list': [], 'org_types': ['001001', '216003', '212100', '020006'], 'subject_importance_list': None}]",创业慧康科技股份有限公司,R1 (2025-01-15~2025-01-25),2025-01-24,2025-01-24 03:36:52
b8345c47a8ffe4bd,从高通手里抢客户，这家深圳芯片龙头去年狂揽43亿,微信-全球物联网观察,1737690171,0,https://mp.weixin.qq.com/s?__biz=MzU2MzU5NzMyMw==&idx=1&mid=2247551294&sn=4900a7fff4093cbc350293e8edeaca5f,☆☆☆☆☆,"[{'full_name': '深圳市汇顶科技股份有限公司', 'subject_importance': None, 'subject_risk': None, 'orgid': 'T000148045', 'subject_code': None, 'subject_name': None, 'emotion': 'NEU', 'subject_risk_list': [], 'org_types': ['020006', '216001', '001001', '212001', '020011'], 'subject_importance_list': None}]",深圳市汇顶科技股份有限公司,R1 (2025-01-15~2025-01-25),2025-01-24,2025-01-24 03:42:51
c08d690435c1936f,海康威视多项数字化产品及实践入选工信部2024实数融合典型案例,雷锋网,1737690377,0,https://www.leiphone.com/category/industrynews/Vymc41hsTKtpzpbR.html,☆☆☆☆☆,"[{'full_name': '杭州海康威视数字技术股份有限公司', 'subject_importance': None, 'subject_risk': None, 'orgid': 'T000026753', 'subject_code': None, 'subject_name': None, 'emotion': 'NEU', 'subject_risk_list': [], 'org_types': ['002', '020001', '212100', '216001', '001001', '020001002002'], 'subject_importance_list': None}]",杭州海康威视数字技术股份有限公司,R1 (2025-01-15~2025-01-25),2025-01-24,2025-01-24 03:46:17
14a582716dd97c65,创业慧康:减值暴雷引发疑虑，董秘回应业绩变脸疑问,新浪财经,1737690620,2,https://finance.sina.com.cn/stock/relnews/dongmiqa/2025-01-24/doc-inefzwna7271902.shtml,★★★★☆,"[{'full_name': '创业慧康科技股份有限公司', 'subject_importance': 4, 'subject_risk': '财务预警--业绩变脸', 'orgid': '00087886', 'subject_code': None, 'subject_name': None, 'emotion': 'NEG', 'subject_risk_list': ['R00008', 'R00008047'], 'org_types': ['020006', '001001', '212100', '216003'], 'subject_importance_list': ['stock@4']}]",创业慧康科技股份有限公司,R1 (2025-01-15~2025-01-25),2025-01-24,2025-01-24 03:50:20
b7c08c7ce4b22599,兆易创新：存储龙头稳健前行 聚焦利基市场多元成长,新浪财经,1737690724,0,https://finance.sina.com.cn/stock/relnews/cn/2025-01-24/doc-inefzwnh2867200.shtml,☆☆☆☆☆,"[{'full_name': '兆易创新科技集团股份有限公司', 'subject_importance': None, 'subject_risk': None, 'orgid': 'T000125448', 'subject_code': None, 'subject_name': None, 'emotion': 'NEU', 'subject_risk_list': [], 'org_types': ['212001', '020010', '020006', '216001', '001001'], 'subject_importance_list': None}]",兆易创新科技集团股份有限公司,R1 (2025-01-15~2025-01-25),2025-01-24,2025-01-24 03:52:04
e2ff9cd7f5ee0d54,创业慧康：公司将持续实施精细化管理并推进“慧康云 3.0”战略,网易-金融界北京,1737691297,0,https://www.163.com/dy/article/JMLRMHON0519QIKK.html,☆☆☆☆☆,"[{'full_name': '创业慧康科技股份有限公司', 'subject_importance': None, 'subject_risk': None, 'orgid': '00087886', 'subject_code': None, 'subject_name': None, 'emotion': 'NEU', 'subject_risk_list': [], 'org_types': ['001001', '216003', '212100', '020006'], 'subject_importance_list': None}]",创业慧康科技股份有限公司,R1 (2025-01-15~2025-01-25),2025-01-24,2025-01-24 04:01:37
678772fa0db9cda4,招商中证全指软件ETF走强，华为HMS主题股票表现突出,搜狐,1737693239,0,https://www.sohu.com/a/852816387_121798711,☆☆☆☆☆,"[{'full_name': '彩讯科技股份有限公司', 'subject_importance': None, 'subject_risk': None, 'orgid': 'T000811758', 'subject_code': None, 'subject_name': None, 'emotion': 'NEU', 'subject_risk_list': [], 'org_types': ['020006', '001001', '216003', '212100'], 'subject_importance_list': None}]",彩讯科技股份有限公司,R1 (2025-01-15~2025-01-25),2025-01-24,2025-01-24 04:33:59
3b6bd977b06358ba,关键信号！中国银行1万亿支持人工智能，谁将受益？,东方财富网,1737694300,0,https://finance.eastmoney.com/a/202501243307315382.html,☆☆☆☆☆,"[{'full_name': '科大讯飞股份有限公司', 'subject_importance': None, 'subject_risk': None, 'orgid': '03134688', 'subject_code': None, 'subject_name': None, 'emotion': 'NEU', 'subject_risk_list': [], 'org_types': ['212100', '216001', '001001', '002', '020006'], 'subject_importance_list': None}]",科大讯飞股份有限公司,R1 (2025-01-15~2025-01-25),2025-01-24,2025-01-24 04:51:40
ad78d85ee80fd8b1,沪电股份2024年营收133亿元 PCB业务毛利率提升至36%,环球网,1737694562,0,https://art.huanqiu.com/article/4LCW4Nib9Lo,☆☆☆☆☆,"[{'full_name': '沪士电子股份有限公司', 'subject_importance': None, 'subject_risk': None, 'orgid': 'T000026708', 'subject_code': None, 'subject_name': None, 'emotion': 'NEU', 'subject_risk_list': [], 'org_types': ['216001', '212100', '020011', '001001', '020003'], 'subject_importance_list': None}]",沪士电子股份有限公司,R1 (2025-01-15~2025-01-25),2025-01-24,2025-01-24 04:56:02
57e35baeb5cb5251,2025年1月24日，华胜天成日内振幅超过7%,同花顺金融研究中心,1737694928,2,,★★★☆☆,"[{'full_name': '北京华胜天成科技股份有限公司', 'subject_importance': 3, 'subject_risk': '市场预警--交易异常波动', 'orgid': '03130700', 'subject_code': None, 'subject_name': None, 'emotion': 'NEG', 'subject_risk_list': ['R00003', 'R00003007'], 'org_types': ['212001', '002', '216001', '020006', '001001'], 'subject_importance_list': ['bond@3', 'stock@2']}]",北京华胜天成科技股份有限公司,R1 (2025-01-15~2025-01-25),2025-01-24,2025-01-24 05:02:08
6d88cb1f740b8fba,牛股实控人被罚,微信-上海证券报,1737696236,2,https://mp.weixin.qq.com/s/YEsRXvObv-LAmJ4g-yBLYA,★★★★★,"[{'full_name': '成都新易盛通信技术股份有限公司', 'subject_importance': 5, 'subject_risk': '管理预警--实控人被查或被处罚', 'orgid': 'T000124532', 'subject_code': None, 'subject_name': None, 'emotion': 'NEG', 'subject_risk_list': ['R00006', 'R00006006'], 'org_types': ['212100', '020011', '020006', '001001', '216003'], 'subject_importance_list': ['stock@5']}]",成都新易盛通信技术股份有限公司,R1 (2025-01-15~2025-01-25),2025-01-24,2025-01-24 05:23:56
12cd9074aea0a2f5,沪电股份2024年实现营收133.42亿元，净利润同比增长71.05%,集微网,1737696811,0,https://laoyaoba.com/n/931579,☆☆☆☆☆,"[{'full_name': '沪士电子股份有限公司', 'subject_importance': None, 'subject_risk': None, 'orgid': 'T000026708', 'subject_code': None, 'subject_name': None, 'emotion': 'NEU', 'subject_risk_list': [], 'org_types': ['216001', '212100', '020011', '001001', '020003'], 'subject_importance_list': None}]",沪士电子股份有限公司,R1 (2025-01-15~2025-01-25),2025-01-24,2025-01-24 05:33:31
b0865429fb2878fa,科大讯飞取得汽车座舱监控相关专利,金融界财经,1737696869,0,https://finance.jrj.com.cn/2025/01/24132147780391.shtml,☆☆☆☆☆,"[{'full_name': '科大讯飞股份有限公司', 'subject_importance': None, 'subject_risk': None, 'orgid': '03134688', 'subject_code': None, 'subject_name': None, 'emotion': 'NEU', 'subject_risk_list': [], 'org_types': ['216001', '001001', '002', '212100', '020006'], 'subject_importance_list': None}]",科大讯飞股份有限公司,R1 (2025-01-15~2025-01-25),2025-01-24,2025-01-24 05:34:29
a63a7fc322c5d258,2025年1月24日，启明星辰日内振幅超过7%,同花顺金融研究中心,1737696904,2,,★★★☆☆,"[{'full_name': '启明星辰信息技术集团股份有限公司', 'subject_importance': 3, 'subject_risk': '市场预警--交易异常波动', 'orgid': 'T000027264', 'subject_code': None, 'subject_name': None, 'emotion': 'NEG', 'subject_risk_list': ['R00003', 'R00003007'], 'org_types': ['216001', '020006', '001001', '212100', '002'], 'subject_importance_list': ['bond@3', 'stock@2']}]",启明星辰信息技术集团股份有限公司,R1 (2025-01-15~2025-01-25),2025-01-24,2025-01-24 05:35:04
d8cb0448eceb718b,生益科技(600183)：Q4新品研发大幅投入 25年高速板材放量驱动新一轮高成长,新浪财经,1737697155,0,http://stock.finance.sina.com.cn/stock/go.php/vReport_Show/kind/lastest/rptid/791037854177/index.phtml,☆☆☆☆☆,"[{'full_name': '广东生益科技股份有限公司', 'subject_importance': None, 'subject_risk': None, 'orgid': '02600183', 'subject_code': None, 'subject_name': None, 'emotion': 'NEU', 'subject_risk_list': [], 'org_types': ['020001', '002', '212001', '216001', '001001', '020010'], 'subject_importance_list': None}]",广东生益科技股份有限公司,R1 (2025-01-15~2025-01-25),2025-01-24,2025-01-24 05:39:15
8067e3ec5421b9f6,2025年1月24日华胜天成(600410)盘中涨停,同花顺金融研究中心,1737698883,1,,☆☆☆☆☆,"[{'full_name': '北京华胜天成科技股份有限公司', 'subject_importance': None, 'subject_risk': None, 'orgid': '03130700', 'subject_code': None, 'subject_name': None, 'emotion': 'NEU', 'subject_risk_list': [], 'org_types': ['002', '216001', '001001', '020006', '212001'], 'subject_importance_list': None}]",北京华胜天成科技股份有限公司,R1 (2025-01-15~2025-01-25),2025-01-24,2025-01-24 06:08:03
49131366f4698693,2025年1月24日，利欧股份日内振幅超过7%,同花顺金融研究中心,1737699126,2,,★★★☆☆,"[{'full_name': '利欧集团股份有限公司', 'subject_importance': 3, 'subject_risk': '市场预警--交易异常波动', 'orgid': '03133589', 'subject_code': None, 'subject_name': None, 'emotion': 'NEG', 'subject_risk_list': ['R00003', 'R00003007'], 'org_types': ['216001', '002', '001001', '020006', '212100'], 'subject_importance_list': ['bond@3', 'stock@2']}]",利欧集团股份有限公司,R1 (2025-01-15~2025-01-25),2025-01-24,2025-01-24 06:12:06
722803106a2f88f2,卫宁健康申请微服务单需求发布组件专利，减少工作量保证稳定,百家号,1737699660,0,https://baijiahao.baidu.com/s?id=1822110868686251819&wfr=spider&for=pc,☆☆☆☆☆,"[{'full_name': '卫宁健康科技集团股份有限公司', 'subject_importance': None, 'subject_risk': None, 'orgid': 'T000027606', 'subject_code': None, 'subject_name': None, 'emotion': 'NEU', 'subject_risk_list': [], 'org_types': ['020006', '212100', '216003', '002', '001001'], 'subject_importance_list': None}]",卫宁健康科技集团股份有限公司,R1 (2025-01-15~2025-01-25),2025-01-24,2025-01-24 06:21:00
20b15ddbcf4ae00b,四川中行AI智能翻译屏落地成都铁像寺水街,金融投资网,1737699860,0,https://www.jrtzb.com.cn/349yx/202501/82888992.html,☆☆☆☆☆,"[{'full_name': '科大讯飞股份有限公司', 'subject_importance': None, 'subject_risk': None, 'orgid': '03134688', 'subject_code': None, 'subject_name': None, 'emotion': 'NEU', 'subject_risk_list': [], 'org_types': ['212100', '216001', '001001', '002', '020006'], 'subject_importance_list': None}]",科大讯飞股份有限公司,R1 (2025-01-15~2025-01-25),2025-01-24,2025-01-24 06:24:20
5a787962bdb9c517,2025年1月24日，恒华科技日内振幅超过7%,同花顺金融研究中心,1737700984,2,,★★☆☆☆,"[{'full_name': '北京恒华伟业科技股份有限公司', 'subject_importance': 2, 'subject_risk': '市场预警--交易异常波动', 'orgid': 'T000058552', 'subject_code': None, 'subject_name': None, 'emotion': 'NEG', 'subject_risk_list': ['R00003', 'R00003007'], 'org_types': ['001001', '020006', '212100', '216003'], 'subject_importance_list': ['stock@2']}]",北京恒华伟业科技股份有限公司,R1 (2025-01-15~2025-01-25),2025-01-24,2025-01-24 06:43:04
5e3b9755be6c504f,2025年1月24日开普云(688228)盘中涨停,同花顺金融研究中心,1737701043,1,,☆☆☆☆☆,"[{'full_name': '开普云信息科技股份有限公司', 'subject_importance': None, 'subject_risk': None, 'orgid': 'T000829067', 'subject_code': None, 'subject_name': None, 'emotion': 'NEU', 'subject_risk_list': [], 'org_types': ['001004', '216011', '212001', '020006', '674001', '212005', '001001'], 'subject_importance_list': None}]",开普云信息科技股份有限公司,R1 (2025-01-15~2025-01-25),2025-01-24,2025-01-24 06:44:03
97ff0c35eaabb862,2025年1月24日启明星辰(002439)盘中涨停,同花顺金融研究中心,1737701163,1,,☆☆☆☆☆,"[{'full_name': '启明星辰信息技术集团股份有限公司', 'subject_importance': None, 'subject_risk': None, 'orgid': 'T000027264', 'subject_code': None, 'subject_name': None, 'emotion': 'NEU', 'subject_risk_list': [], 'org_types': ['216001', '001001', '212100', '002', '020006'], 'subject_importance_list': None}]",启明星辰信息技术集团股份有限公司,R1 (2025-01-15~2025-01-25),2025-01-24,2025-01-24 06:46:03
516b2906115f14cc,杭州安恒申请一种数据推送方法等专利，提升数据推送可靠性,百家号,1737701460,0,https://baijiahao.baidu.com/s?id=1822112881635666654&wfr=spider&for=pc,☆☆☆☆☆,"[{'full_name': '杭州安恒信息技术股份有限公司', 'subject_importance': None, 'subject_risk': None, 'orgid': 'T001301651', 'subject_code': None, 'subject_name': None, 'emotion': 'NEU', 'subject_risk_list': [], 'org_types': ['212001', '001001', '020006', '216011'], 'subject_importance_list': None}]",杭州安恒信息技术股份有限公司,R1 (2025-01-15~2025-01-25),2025-01-24,2025-01-24 06:51:00
82eeb911383efbf3,2025年1月24日川大智胜价格已连续下跌5日，近三个交易日累计跌幅达-21.22%,同花顺金融研究中心,1737702306,2,,★★☆☆☆,"[{'full_name': '四川川大智胜软件股份有限公司', 'subject_importance': 2, 'subject_risk': '市场预警--交易异常波动', 'orgid': '00071668', 'subject_code': None, 'subject_name': None, 'emotion': 'NEG', 'subject_risk_list': ['R00003', 'R00003007'], 'org_types': ['212100', '216001', '020006', '001001'], 'subject_importance_list': ['stock@2']}]",四川川大智胜软件股份有限公司,R1 (2025-01-15~2025-01-25),2025-01-24,2025-01-24 07:05:06
d93f607f5de6ae2e,（官方问答平台）北京君正：请关注相关公司产品介绍……,同花顺金融研究中心,1737702362,0,,☆☆☆☆☆,"[{'full_name': '北京君正集成电路股份有限公司', 'subject_importance': None, 'subject_risk': None, 'orgid': 'T000032799', 'subject_code': None, 'subject_name': None, 'emotion': 'NEU', 'subject_risk_list': [], 'org_types': ['001001', '020006', '212100', '216003'], 'subject_importance_list': None}]",北京君正集成电路股份有限公司,R1 (2025-01-15~2025-01-25),2025-01-24,2025-01-24 07:06:02
dafdcc4c4209d485,（官方问答平台）沪电股份：企业通讯市场板和汽车板的市场需求、产品特性、竞争格局等方面均存在差异，近年来公司企业通讯市场板的平均毛利率均高于汽车板……,同花顺金融研究中心,1737703082,0,,☆☆☆☆☆,"[{'full_name': '沪士电子股份有限公司', 'subject_importance': None, 'subject_risk': None, 'orgid': 'T000026708', 'subject_code': None, 'subject_name': None, 'emotion': 'NEU', 'subject_risk_list': [], 'org_types': ['216001', '212100', '020011', '001001', '020003'], 'subject_importance_list': None}]",沪士电子股份有限公司,R1 (2025-01-15~2025-01-25),2025-01-24,2025-01-24 07:18:02
3b972a804b3ff97e,沪电股份：企业通讯市场板毛利率高于汽车板，提升产品竞争力为公司经营目标,金融界财经,1737703376,0,https://finance.jrj.com.cn/2025/01/24151547783207.shtml,☆☆☆☆☆,"[{'full_name': '沪士电子股份有限公司', 'subject_importance': None, 'subject_risk': None, 'orgid': 'T000026708', 'subject_code': None, 'subject_name': None, 'emotion': 'NEU', 'subject_risk_list': [], 'org_types': ['216001', '212100', '020011', '001001', '020003'], 'subject_importance_list': None}]",沪士电子股份有限公司,R1 (2025-01-15~2025-01-25),2025-01-24,2025-01-24 07:22:56
10bc964915216533,价值70亿股权归谁？“中国版英伟达”寒武纪和前CTO互诉始末,搜狐-北京市,1737703496,0,https://www.sohu.com/a/852867402_115565,★★★☆☆,"[{'full_name': '中科寒武纪科技股份有限公司', 'subject_importance': 3, 'subject_risk': '经营预警--法律诉讼', 'orgid': 'T004646002', 'subject_code': None, 'subject_name': None, 'emotion': 'NEG', 'subject_risk_list': ['R00007', 'R00007018'], 'org_types': ['216011', '020006', '212001', '001001'], 'subject_importance_list': ['stock@3']}]",中科寒武纪科技股份有限公司,R1 (2025-01-15~2025-01-25),2025-01-24,2025-01-24 07:24:56
e1b29b57ec070b43,沪电股份：近年来公司企业通讯市场板的平均毛利率均高于汽车板,证券之星股票,1737703944,0,https://stock.stockstar.com/IG2025012400026931.shtml,☆☆☆☆☆,"[{'full_name': '沪士电子股份有限公司', 'subject_importance': None, 'subject_risk': None, 'orgid': 'T000026708', 'subject_code': None, 'subject_name': None, 'emotion': 'NEU', 'subject_risk_list': [], 'org_types': ['216001', '212100', '020011', '001001', '020003'], 'subject_importance_list': None}]",沪士电子股份有限公司,R1 (2025-01-15~2025-01-25),2025-01-24,2025-01-24 07:32:24
dd6eb1b829c5f7f1,民生证券：维持兆易创新“推荐”评级，看好公司在利基型存储行业领先地位,新浪财经,1737703960,0,https://finance.sina.cn/7x24/2025-01-24/detail-inehahzw7118719.d.html,☆☆☆☆☆,"[{'full_name': '兆易创新科技集团股份有限公司', 'subject_importance': None, 'subject_risk': None, 'orgid': 'T000125448', 'subject_code': None, 'subject_name': None, 'emotion': 'NEU', 'subject_risk_list': [], 'org_types': ['212001', '020010', '020006', '216001', '001001'], 'subject_importance_list': None}]",兆易创新科技集团股份有限公司,R1 (2025-01-15~2025-01-25),2025-01-24,2025-01-24 07:32:40
115cb15d97d409c4,海康威视再获文旅部优秀解决方案殊荣,电子发烧友网,1737704214,0,https://www.elecfans.com/d/6444674.html,☆☆☆☆☆,"[{'full_name': '杭州海康威视数字技术股份有限公司', 'subject_importance': None, 'subject_risk': None, 'orgid': 'T000026753', 'subject_code': None, 'subject_name': None, 'emotion': 'NEU', 'subject_risk_list': [], 'org_types': ['002', '020001', '212100', '216001', '001001', '020001002002'], 'subject_importance_list': None}]",杭州海康威视数字技术股份有限公司,R1 (2025-01-15~2025-01-25),2025-01-24,2025-01-24 07:36:54
737bbc3be5269060,沪电股份:企业通讯市场板高于汽车板的毛利率，产品竞争力和盈利能力持续提升,新浪财经,1737705039,0,https://finance.sina.com.cn/stock/relnews/dongmiqa/2025-01-24/doc-inehaaue2800812.shtml,☆☆☆☆☆,"[{'full_name': '沪士电子股份有限公司', 'subject_importance': None, 'subject_risk': None, 'orgid': 'T000026708', 'subject_code': None, 'subject_name': None, 'emotion': 'NEU', 'subject_risk_list': [], 'org_types': ['216001', '212100', '020011', '001001', '020003'], 'subject_importance_list': None}]",沪士电子股份有限公司,R1 (2025-01-15~2025-01-25),2025-01-24,2025-01-24 07:50:39
cc1eb32328fc5e9f,（官方问答平台）天孚通信：截至2025年01月20日收盘，公司股东人数为78214（合并信用账户）……,同花顺金融研究中心,1737705963,0,,☆☆☆☆☆,"[{'full_name': '苏州天孚光通信股份有限公司', 'subject_importance': None, 'subject_risk': None, 'orgid': 'T000060141', 'subject_code': None, 'subject_name': None, 'emotion': 'NEU', 'subject_risk_list': [], 'org_types': ['212100', '020006', '216003', '001001', '020011'], 'subject_importance_list': None}]",苏州天孚光通信股份有限公司,R1 (2025-01-15~2025-01-25),2025-01-24,2025-01-24 08:06:03
5bcfa044fcadde05,万达信息：1月24日召开董事会会议,每日经济新闻,1737706088,0,https://www.nbd.com.cn/articles/2025-01-24/3736050.html,☆☆☆☆☆,"[{'full_name': '万达信息股份有限公司', 'subject_importance': None, 'subject_risk': None, 'orgid': 'T000029069', 'subject_code': None, 'subject_name': None, 'emotion': 'NEU', 'subject_risk_list': [], 'org_types': ['212100', '216003', '002', '020006', '001001'], 'subject_importance_list': None}]",万达信息股份有限公司,R1 (2025-01-15~2025-01-25),2025-01-24,2025-01-24 08:08:08
372673f4ac05456b,天孚通信：截至2025年01月20日股东人数为78214人,金融界财经,1737706562,0,https://finance.jrj.com.cn/2025/01/24160547786308.shtml,☆☆☆☆☆,"[{'full_name': '苏州天孚光通信股份有限公司', 'subject_importance': None, 'subject_risk': None, 'orgid': 'T000060141', 'subject_code': None, 'subject_name': None, 'emotion': 'NEU', 'subject_risk_list': [], 'org_types': ['212100', '020006', '216003', '001001', '020011'], 'subject_importance_list': None}]",苏州天孚光通信股份有限公司,R1 (2025-01-15~2025-01-25),2025-01-24,2025-01-24 08:16:02
79111e392be17d9f,万达信息与中国人寿广西分公司签订789万元关联交易合同,财中社,1737706622,0,https://www.caizhongshe.cn/news-7288468317944870886.html,☆☆☆☆☆,"[{'full_name': '万达信息股份有限公司', 'subject_importance': None, 'subject_risk': None, 'orgid': 'T000029069', 'subject_code': None, 'subject_name': None, 'emotion': 'NEU', 'subject_risk_list': [], 'org_types': ['212100', '216003', '020006', '001001', '002'], 'subject_importance_list': None}]",万达信息股份有限公司,R1 (2025-01-15~2025-01-25),2025-01-24,2025-01-24 08:17:02
35c8f85538a38646,久远银海与九州通集团达成战略合作 共筑医疗健康新未来,微信-久远银海,1737706800,0,https://mp.weixin.qq.com/s?__biz=MzkxMTI1MDUwMQ==&idx=1&mid=2247567187&sn=6ad7dabd100cf9d3807f82aa2b7244d4,☆☆☆☆☆,"[{'full_name': '四川久远银海软件股份有限公司', 'subject_importance': None, 'subject_risk': None, 'orgid': 'T000062804', 'subject_code': None, 'subject_name': None, 'emotion': 'NEU', 'subject_risk_list': [], 'org_types': ['020006', '020001', '001001', '212100', '216001'], 'subject_importance_list': None}]",四川久远银海软件股份有限公司,R1 (2025-01-15~2025-01-25),2025-01-24,2025-01-24 08:20:00
6797178dd471fca1,喜讯！久远银海荣登“2024年四川省新经济企业100强榜单”,微信-久远银海,1737706810,0,https://mp.weixin.qq.com/s?__biz=MzkxMTI1MDUwMQ==&idx=2&mid=2247567187&sn=376155b9cfd8334d4f12eb6d3b0e2f44,☆☆☆☆☆,"[{'full_name': '四川久远银海软件股份有限公司', 'subject_importance': None, 'subject_risk': None, 'orgid': 'T000062804', 'subject_code': None, 'subject_name': None, 'emotion': 'NEU', 'subject_risk_list': [], 'org_types': ['001001', '212100', '216001', '020006', '020001'], 'subject_importance_list': None}]",四川久远银海软件股份有限公司,R1 (2025-01-15~2025-01-25),2025-01-24,2025-01-24 08:20:10
8db1b75441dde763,中科曙光：中科曙光关于董事长辞任的公告,上交所股票,1737707102,2,http://www.sse.com.cn/disclosure/listedinfo/announcement/c/new/2025-01-25/603019_20250125_IBH0.pdf,★★★☆☆,"[{'full_name': '曙光信息产业股份有限公司', 'subject_importance': 3, 'subject_risk': '管理预警--核心人员离职', 'orgid': '00057892', 'subject_code': None, 'subject_name': None, 'emotion': 'NEG', 'subject_risk_list': ['R00006', 'R00006003', 'R00006004'], 'org_types': ['212001', '020001', '002', '020006', '216001', '001001'], 'subject_importance_list': ['bond@3', 'stock@3']}]",曙光信息产业股份有限公司,R1 (2025-01-15~2025-01-25),2025-01-24,2025-01-24 08:25:02
816c29b11680a728,中科曙光：董事长李国杰因个人年龄原因辞任,同花顺7x24快讯,1737707109,0,http://stock.10jqka.com.cn/20250124/c665717484.shtml,★★★★☆,"[{'full_name': '曙光信息产业股份有限公司', 'subject_importance': 4, 'subject_risk': '管理预警--董事长变更预警', 'orgid': '00057892', 'subject_code': None, 'subject_name': None, 'emotion': 'NEG', 'subject_risk_list': ['R00006', 'R00006031'], 'org_types': ['212001', '020001', '002', '020006', '216001', '001001'], 'subject_importance_list': ['stock@4', 'bond@4']}]",曙光信息产业股份有限公司,R1 (2025-01-15~2025-01-25),2025-01-24,2025-01-24 08:25:09
327f1238132a7253,中科曙光：因个人年龄原因，李国杰先生决定辞去公司董事长、董事及董事会战略委员会主任等一切职务,上交所,1737707127,0,https://xuangutong.com.cn/article/1183717,★★★★☆,"[{'full_name': '曙光信息产业股份有限公司', 'subject_importance': 4, 'subject_risk': '管理预警--董事长变更预警', 'orgid': '00057892', 'subject_code': None, 'subject_name': None, 'emotion': 'NEG', 'subject_risk_list': ['R00006', 'R00006031'], 'org_types': ['001001', '212001', '002', '020001', '216001', '020006'], 'subject_importance_list': ['stock@4', 'bond@4']}]",曙光信息产业股份有限公司,R1 (2025-01-15~2025-01-25),2025-01-24,2025-01-24 08:25:27
d2ad9e40e79b32f6,中科曙光(603019.SH)：董事长李国杰辞任,格隆汇资讯-公司信息,1737707203,0,https://www.gelonghui.com/news/4932964,★★★★☆,"[{'full_name': '曙光信息产业股份有限公司', 'subject_importance': 4, 'subject_risk': '管理预警--董事长变更预警', 'orgid': '00057892', 'subject_code': None, 'subject_name': None, 'emotion': 'NEG', 'subject_risk_list': ['R00006', 'R00006031'], 'org_types': ['212001', '020001', '002', '020006', '216001', '001001'], 'subject_importance_list': ['stock@4', 'bond@4']}]",曙光信息产业股份有限公司,R1 (2025-01-15~2025-01-25),2025-01-24,2025-01-24 08:26:43
1b6aac672886c317,[快讯]万达信息:与中国人寿保险股份有限公司广西壮族自治区分公司签订项目合同暨关联交易,中财网,1737707277,0,https://stock.cfi.cn/p20250124000933.html,★★★☆☆,"[{'full_name': '万达信息股份有限公司', 'subject_importance': 3, 'subject_risk': '经营预警--关联企业出现问题', 'orgid': 'T000029069', 'subject_code': None, 'subject_name': None, 'emotion': 'NEG', 'subject_risk_list': ['R00007', 'R00007017'], 'org_types': ['020006', '001001', '212100', '216003', '002'], 'subject_importance_list': ['stock@2', 'bond@3']}]",万达信息股份有限公司,R1 (2025-01-15~2025-01-25),2025-01-24,2025-01-24 08:27:57
588d950c193cb8ee,中科曙光：董事长李国杰辞任,同花顺整理,1737707378,0,https://www.cls.cn/detail/1929231,★★★★☆,"[{'full_name': '曙光信息产业股份有限公司', 'subject_importance': 4, 'subject_risk': '管理预警--董事长变更预警', 'orgid': '00057892', 'subject_code': None, 'subject_name': None, 'emotion': 'NEG', 'subject_risk_list': ['R00006', 'R00006031'], 'org_types': ['212001', '020001', '002', '020006', '216001', '001001'], 'subject_importance_list': ['stock@4', 'bond@4']}]",曙光信息产业股份有限公司,R1 (2025-01-15~2025-01-25),2025-01-24,2025-01-24 08:29:38
33ae7e6fb1fc68d9,中科曙光董事长李国杰因年龄辞职，未来公司战略何去何从？,搜狐,1737708146,0,https://www.sohu.com/a/852912579_122066678,★★★★☆,"[{'full_name': '曙光信息产业股份有限公司', 'subject_importance': 4, 'subject_risk': '管理预警--董事长变更预警', 'orgid': '00057892', 'subject_code': None, 'subject_name': None, 'emotion': 'NEG', 'subject_risk_list': ['R00006', 'R00006031'], 'org_types': ['212001', '020001', '002', '020006', '216001', '001001'], 'subject_importance_list': ['stock@4', 'bond@4']}]",曙光信息产业股份有限公司,R1 (2025-01-15~2025-01-25),2025-01-24,2025-01-24 08:42:26
ed4b96c9f486b340,华胜天成：股票交易异常波动公告,上交所股票,1737708219,2,http://www.sse.com.cn/disclosure/listedinfo/announcement/c/new/2025-01-25/600410_20250125_RRF1.pdf,★★★☆☆,"[{'full_name': '北京华胜天成科技股份有限公司', 'subject_importance': 3, 'subject_risk': '市场预警--交易异常波动', 'orgid': '03130700', 'subject_code': None, 'subject_name': None, 'emotion': 'NEG', 'subject_risk_list': ['R00003', 'R00003007'], 'org_types': ['212001', '002', '216001', '020006', '001001'], 'subject_importance_list': ['bond@3', 'stock@2']}]",北京华胜天成科技股份有限公司,R1 (2025-01-15~2025-01-25),2025-01-24,2025-01-24 08:43:39
8ad2f1e3af4e8869,华胜天成：关于北京华胜天成科技股份有限公司股票交易异常波动问询函的回函,上交所股票,1737708219,3,http://www.sse.com.cn/disclosure/listedinfo/announcement/c/new/2025-01-25/600410_20250125_0TUS.pdf,★★★☆☆,"[{'full_name': '北京华胜天成科技股份有限公司', 'subject_importance': 3, 'subject_risk': '监管预警--被关注或问询', 'orgid': '03130700', 'subject_code': None, 'subject_name': None, 'emotion': 'NEG', 'subject_risk_list': ['R00005', 'R00005001'], 'org_types': ['212001', '002', '216001', '020006', '001001'], 'subject_importance_list': ['bond@3', 'stock@3']}]",北京华胜天成科技股份有限公司,R1 (2025-01-15~2025-01-25),2025-01-24,2025-01-24 08:43:39
db01af17a806b68,华胜天成：主营业务未发生重大变化,新浪财经,1737708322,0,https://finance.sina.cn/7x24/2025-01-24/detail-inehahzv5046073.d.html,☆☆☆☆☆,"[{'full_name': '北京华胜天成科技股份有限公司', 'subject_importance': None, 'subject_risk': None, 'orgid': '03130700', 'subject_code': None, 'subject_name': None, 'emotion': 'NEU', 'subject_risk_list': [], 'org_types': ['002', '216001', '001001', '020006', '212001'], 'subject_importance_list': None}]",北京华胜天成科技股份有限公司,R1 (2025-01-15~2025-01-25),2025-01-24,2025-01-24 08:45:22
accaadd74674ee0,中科曙光：董事长因个人年龄原因辞职,证券时报网,1737708372,0,http://www.stcn.com/article/detail/1509301.html,★★★★☆,"[{'full_name': '曙光信息产业股份有限公司', 'subject_importance': 4, 'subject_risk': '管理预警--董事长变更预警', 'orgid': '00057892', 'subject_code': None, 'subject_name': None, 'emotion': 'NEG', 'subject_risk_list': ['R00006', 'R00006031'], 'org_types': ['212001', '020001', '002', '020006', '216001', '001001'], 'subject_importance_list': ['stock@4', 'bond@4']}]",曙光信息产业股份有限公司,R1 (2025-01-15~2025-01-25),2025-01-24,2025-01-24 08:46:12
f413cb61a4bf0b2e,天孚通信：2025年01月20日股东人数78214，董秘回答,新浪财经,1737708641,0,https://finance.sina.com.cn/stock/relnews/dongmiqa/2025-01-24/doc-inehaiaa2697597.shtml,☆☆☆☆☆,"[{'full_name': '苏州天孚光通信股份有限公司', 'subject_importance': None, 'subject_risk': None, 'orgid': 'T000060141', 'subject_code': None, 'subject_name': None, 'emotion': 'NEU', 'subject_risk_list': [], 'org_types': ['212100', '020006', '216003', '001001', '020011'], 'subject_importance_list': None}]",苏州天孚光通信股份有限公司,R1 (2025-01-15~2025-01-25),2025-01-24,2025-01-24 08:50:41
bbf4a9edcef6ffd6,沪电股份：企业通讯市场板的平均毛利率均高于汽车板,中金在线,1737708733,0,http://sc.stock.cnfol.com/gushiyaowen/20250124/31128457.shtml,☆☆☆☆☆,"[{'full_name': '沪士电子股份有限公司', 'subject_importance': None, 'subject_risk': None, 'orgid': 'T000026708', 'subject_code': None, 'subject_name': None, 'emotion': 'NEU', 'subject_risk_list': [], 'org_types': ['216001', '212100', '020011', '001001', '020003'], 'subject_importance_list': None}]",沪士电子股份有限公司,R1 (2025-01-15~2025-01-25),2025-01-24,2025-01-24 08:52:13
fab766e38405c873,中科曙光变动风云：李国杰董事长辞职风波如何影响未来发展？,搜狐,1737709057,0,https://www.sohu.com/a/852921005_122066676,★★★★☆,"[{'full_name': '曙光信息产业股份有限公司', 'subject_importance': 4, 'subject_risk': '管理预警--董事长变更预警', 'orgid': '00057892', 'subject_code': None, 'subject_name': None, 'emotion': 'NEG', 'subject_risk_list': ['R00006', 'R00006031'], 'org_types': ['212001', '020001', '002', '020006', '216001', '001001'], 'subject_importance_list': ['stock@4', 'bond@4']}]",曙光信息产业股份有限公司,R1 (2025-01-15~2025-01-25),2025-01-24,2025-01-24 08:57:37
95a3296dc5370d9e,致远互联董事会会议：明日一探未来发展蓝图,搜狐,1737709958,0,https://www.sohu.com/a/852929179_122066676,☆☆☆☆☆,"[{'full_name': '北京致远互联软件股份有限公司', 'subject_importance': None, 'subject_risk': None, 'orgid': 'T001908980', 'subject_code': None, 'subject_name': None, 'emotion': 'NEU', 'subject_risk_list': [], 'org_types': ['001001', '216011', '020006', '212001'], 'subject_importance_list': None}]",北京致远互联软件股份有限公司,R1 (2025-01-15~2025-01-25),2025-01-24,2025-01-24 09:12:38
94cfced97ec0a31a,致远互联：预计2024年年度净利润亏损1.3亿元到1.8亿元,搜狐-四川省,1737709993,0,https://www.sohu.com/a/852929397_115362,★★★☆☆,"[{'full_name': '北京致远互联软件股份有限公司', 'subject_importance': 3, 'subject_risk': '财务预警--盈利能力下降或亏损', 'orgid': 'T001908980', 'subject_code': None, 'subject_name': None, 'emotion': 'NEG', 'subject_risk_list': ['R00008', 'R00008015'], 'org_types': ['212001', '020006', '216011', '001001'], 'subject_importance_list': ['stock@3']}]",北京致远互联软件股份有限公司,R1 (2025-01-15~2025-01-25),2025-01-24,2025-01-24 09:13:13
b17e5388d520c1de,致远互联：1月24日召开董事会会议,搜狐-四川省,1737710001,0,https://www.sohu.com/a/852929551_115362,☆☆☆☆☆,"[{'full_name': '北京致远互联软件股份有限公司', 'subject_importance': None, 'subject_risk': None, 'orgid': 'T001908980', 'subject_code': None, 'subject_name': None, 'emotion': 'NEU', 'subject_risk_list': [], 'org_types': ['001001', '216011', '020006', '212001'], 'subject_importance_list': None}]",北京致远互联软件股份有限公司,R1 (2025-01-15~2025-01-25),2025-01-24,2025-01-24 09:13:21
eb18bb378c3cffec,万兴科技旗下万兴喵影推出全新品牌套件 高质量创意素材加码赋能品牌宣传,金融界财经,1737710188,0,https://finance.jrj.com.cn/2025/01/24170547791301.shtml,☆☆☆☆☆,"[{'full_name': '万兴科技集团股份有限公司', 'subject_importance': None, 'subject_risk': None, 'orgid': 'T000159214', 'subject_code': None, 'subject_name': None, 'emotion': 'NEU', 'subject_risk_list': [], 'org_types': ['001001', '020006', '212100', '216003', '002'], 'subject_importance_list': None}]",万兴科技集团股份有限公司,R1 (2025-01-15~2025-01-25),2025-01-24,2025-01-24 09:16:28
c41f60068fb6edd6,超图软件：预计2024年净利润亏损1亿元–2亿元,同花顺7x24快讯,1737710275,0,http://stock.10jqka.com.cn/20250124/c665719135.shtml,★★★☆☆,"[{'full_name': '北京超图软件股份有限公司', 'subject_importance': 3, 'subject_risk': '财务预警--盈利能力下降或亏损', 'orgid': 'T000026114', 'subject_code': None, 'subject_name': None, 'emotion': 'NEG', 'subject_risk_list': ['R00008', 'R00008015'], 'org_types': ['001001', '216003', '212100', '020006'], 'subject_importance_list': ['stock@3']}]",北京超图软件股份有限公司,R1 (2025-01-15~2025-01-25),2025-01-24,2025-01-24 09:17:55
1557fb5e3944a5a3,致远互联：2024净利预计亏损1.3亿元到1.8亿元，上年同期亏损5001.81万元。,金十数据,1737710402,0,https://flash.jin10.com/detail/20250124171950727800,★★★☆☆,"[{'full_name': '北京致远互联软件股份有限公司', 'subject_importance': 3, 'subject_risk': '财务预警--盈利能力下降或亏损', 'orgid': 'T001908980', 'subject_code': None, 'subject_name': None, 'emotion': 'NEG', 'subject_risk_list': ['R00008', 'R00008015'], 'org_types': ['212001', '020006', '216011', '001001'], 'subject_importance_list': ['stock@3']}]",北京致远互联软件股份有限公司,R1 (2025-01-15~2025-01-25),2025-01-24,2025-01-24 09:20:02
4d9f4518338ca912,超图软件：2024年度业绩预告,深交所股票,1737710405,3,http://static.cninfo.com.cn/finalpage/2025-01-24/1222429260.PDF,★★★☆☆,"[{'full_name': '北京超图软件股份有限公司', 'subject_importance': 3, 'subject_risk': '财务预警--盈利能力下降或亏损', 'orgid': 'T000026114', 'subject_code': None, 'subject_name': None, 'emotion': 'NEG', 'subject_risk_list': ['R00008', 'R00008015'], 'org_types': ['001001', '216003', '212100', '020006'], 'subject_importance_list': ['stock@3']}]",北京超图软件股份有限公司,R1 (2025-01-15~2025-01-25),2025-01-24,2025-01-24 09:20:05
8cebdee5539c7c2c,超图软件：预计2024年全年亏损2.00亿至1.00亿 净利润同比下降231.48%至165.74%,同花顺iNews,1737710484,0,http://yuanchuang.10jqka.com.cn/20250124/c665719271.shtml,★★★☆☆,"[{'full_name': '北京超图软件股份有限公司', 'subject_importance': 3, 'subject_risk': '财务预警--盈利能力下降或亏损', 'orgid': 'T000026114', 'subject_code': None, 'subject_name': None, 'emotion': 'NEG', 'subject_risk_list': ['R00008', 'R00008015'], 'org_types': ['001001', '216003', '212100', '020006'], 'subject_importance_list': ['stock@3']}]",北京超图软件股份有限公司,R1 (2025-01-15~2025-01-25),2025-01-24,2025-01-24 09:21:24
9e91ae5ae0b98ad,致远互联预计2024年度归母净利润亏损1.3亿元至1.8亿元,财中社,1737710522,0,https://www.caizhongshe.cn/news-7288484676661605376.html,★★★☆☆,"[{'full_name': '北京致远互联软件股份有限公司', 'subject_importance': 3, 'subject_risk': '财务预警--盈利能力下降或亏损', 'orgid': 'T001908980', 'subject_code': None, 'subject_name': None, 'emotion': 'NEG', 'subject_risk_list': ['R00008', 'R00008015'], 'org_types': ['212001', '020006', '216011', '001001'], 'subject_importance_list': ['stock@3']}]",北京致远互联软件股份有限公司,R1 (2025-01-15~2025-01-25),2025-01-24,2025-01-24 09:22:02
129af4c5117d8fc9,致远互联预计2024年度计提资产减值准备合计3308万元,财中社,1737710532,0,https://www.caizhongshe.cn/news-7288484874049746615.html,★★☆☆☆,"[{'full_name': '北京致远互联软件股份有限公司', 'subject_importance': 2, 'subject_risk': '财务预警--资产减值', 'orgid': 'T001908980', 'subject_code': None, 'subject_name': None, 'emotion': 'NEG', 'subject_risk_list': ['R00008', 'R00008020'], 'org_types': ['212001', '020006', '216011', '001001'], 'subject_importance_list': ['stock@2']}]",北京致远互联软件股份有限公司,R1 (2025-01-15~2025-01-25),2025-01-24,2025-01-24 09:22:12
fb6a7a694266362f,浦发银行南京分行启幕新年“科技会客厅”，探讨AI管理变革,搜狐,1737710714,0,https://www.sohu.com/a/852935254_121798711,☆☆☆☆☆,"[{'full_name': '拓尔思信息技术股份有限公司', 'subject_importance': None, 'subject_risk': None, 'orgid': 'T000034655', 'subject_code': None, 'subject_name': None, 'emotion': 'NEU', 'subject_risk_list': [], 'org_types': ['216003', '212100', '020006', '002', '001001'], 'subject_importance_list': None}]",拓尔思信息技术股份有限公司,R1 (2025-01-15~2025-01-25),2025-01-24,2025-01-24 09:25:14
d1bba88bd19f5d83,（官方问答平台）澜起科技：关于2025年经营情况，请关注公司后续公告……,同花顺金融研究中心,1737710765,0,,☆☆☆☆☆,"[{'full_name': '澜起科技股份有限公司', 'subject_importance': None, 'subject_risk': None, 'orgid': 'Q0044AA455', 'subject_code': None, 'subject_name': None, 'emotion': 'NEU', 'subject_risk_list': [], 'org_types': ['216011', '001001', '212001', '020011'], 'subject_importance_list': None}]",澜起科技股份有限公司,R1 (2025-01-15~2025-01-25),2025-01-24,2025-01-24 09:26:05
ff5d3a9e03181acf,（官方问答平台）澜起科技：据行业分析，AEC领域既有以太网Retimer，也有PCIe Retimer，目前是以太网Retimer为主……,同花顺金融研究中心,1737710765,0,,☆☆☆☆☆,"[{'full_name': '澜起科技股份有限公司', 'subject_importance': None, 'subject_risk': None, 'orgid': 'Q0044AA455', 'subject_code': None, 'subject_name': None, 'emotion': 'NEU', 'subject_risk_list': [], 'org_types': ['216011', '001001', '212001', '020011'], 'subject_importance_list': None}]",澜起科技股份有限公司,R1 (2025-01-15~2025-01-25),2025-01-24,2025-01-24 09:26:05
c211b0366b8e108d,澜起科技：公司已推出首批可编程时钟发生器芯片，主要针对存储、算力芯片、交换机等应用场景,证券之星股票,1737711064,0,http://stock.stockstar.com/RB2025012400036639.shtml,☆☆☆☆☆,"[{'full_name': '澜起科技股份有限公司', 'subject_importance': None, 'subject_risk': None, 'orgid': 'Q0044AA455', 'subject_code': None, 'subject_name': None, 'emotion': 'NEU', 'subject_risk_list': [], 'org_types': ['216011', '001001', '212001', '020011'], 'subject_importance_list': None}]",澜起科技股份有限公司,R1 (2025-01-15~2025-01-25),2025-01-24,2025-01-24 09:31:04
fb789340c39a662a,致远互联(688369.SH)：2024年预亏1.3亿元至1.8亿元,格隆汇资讯-公司信息,1737711181,0,https://www.gelonghui.com/news/4933108,★★★☆☆,"[{'full_name': '北京致远互联软件股份有限公司', 'subject_importance': 3, 'subject_risk': '财务预警--盈利能力下降或亏损', 'orgid': 'T001908980', 'subject_code': None, 'subject_name': None, 'emotion': 'NEG', 'subject_risk_list': ['R00008', 'R00008015'], 'org_types': ['212001', '020006', '216011', '001001'], 'subject_importance_list': ['stock@3']}]",北京致远互联软件股份有限公司,R1 (2025-01-15~2025-01-25),2025-01-24,2025-01-24 09:33:01
f6042002c4ee4d,"超图软件预计2024年1-12月净利润亏损10,000万元至20,000万元",金融界财经,1737711602,0,https://finance.jrj.com.cn/2025/01/24173347793313.shtml,★★★☆☆,"[{'full_name': '北京超图软件股份有限公司', 'subject_importance': 3, 'subject_risk': '财务预警--盈利能力下降或亏损', 'orgid': 'T000026114', 'subject_code': None, 'subject_name': None, 'emotion': 'NEG', 'subject_risk_list': ['R00008', 'R00008015'], 'org_types': ['001001', '216003', '212100', '020006'], 'subject_importance_list': ['stock@3']}]",北京超图软件股份有限公司,R1 (2025-01-15~2025-01-25),2025-01-24,2025-01-24 09:40:02
5992ac227b10ac1d,万达信息：与中国人寿广西分公司签订789万元项目合同,搜狐-四川省,1737711720,0,https://www.sohu.com/a/852943286_115362,☆☆☆☆☆,"[{'full_name': '万达信息股份有限公司', 'subject_importance': None, 'subject_risk': None, 'orgid': 'T000029069', 'subject_code': None, 'subject_name': None, 'emotion': 'NEU', 'subject_risk_list': [], 'org_types': ['212100', '216003', '020006', '001001', '002'], 'subject_importance_list': None}]",万达信息股份有限公司,R1 (2025-01-15~2025-01-25),2025-01-24,2025-01-24 09:42:00
8574c9568e9eea7f,大华股份：2024年度业绩预告,深交所股票,1737712204,3,http://static.cninfo.com.cn/finalpage/2025-01-25/1222429923.PDF,★★★☆☆,"[{'full_name': '浙江大华技术股份有限公司', 'subject_importance': 3, 'subject_risk': '财务预警--盈利能力下降或亏损', 'orgid': '03134713', 'subject_code': None, 'subject_name': None, 'emotion': 'NEG', 'subject_risk_list': ['R00008', 'R00008015'], 'org_types': ['216001', '001001', '020006', '212100'], 'subject_importance_list': ['stock@3']}]",浙江大华技术股份有限公司,R1 (2025-01-15~2025-01-25),2025-01-24,2025-01-24 09:50:04
a99c7848236a9a24,万兴科技：2024年度业绩预告,深交所股票,1737712205,3,http://static.cninfo.com.cn/finalpage/2025-01-24/1222429888.PDF,★★★☆☆,"[{'full_name': '万兴科技集团股份有限公司', 'subject_importance': 3, 'subject_risk': '财务预警--盈利能力下降或亏损', 'orgid': 'T000159214', 'subject_code': None, 'subject_name': None, 'emotion': 'NEG', 'subject_risk_list': ['R00008', 'R00008015'], 'org_types': ['001001', '002', '212100', '216003', '020006'], 'subject_importance_list': ['bond@3', 'stock@3']}]",万兴科技集团股份有限公司,R1 (2025-01-15~2025-01-25),2025-01-24,2025-01-24 09:50:05
a60bb95557b48f60,景嘉微(SZ300474): JM11系列图形处理芯片非定制产品，公司最新迭代GPU产品,新浪财经,1737712231,0,https://finance.sina.com.cn/stock/relnews/dongmiqa/2025-01-24/doc-inehahzv5054250.shtml,☆☆☆☆☆,"[{'full_name': '长沙景嘉微电子股份有限公司', 'subject_importance': None, 'subject_risk': None, 'orgid': 'T000125853', 'subject_code': None, 'subject_name': None, 'emotion': 'NEU', 'subject_risk_list': [], 'org_types': ['001001', '216003', '212100', '020006'], 'subject_importance_list': None}]",长沙景嘉微电子股份有限公司,R1 (2025-01-15~2025-01-25),2025-01-24,2025-01-24 09:50:31
afa64039ef4db485,景嘉微:国产GPU行业生态合作持续推进,新浪财经,1737712231,0,https://finance.sina.com.cn/stock/relnews/dongmiqa/2025-01-24/doc-inehahzw7174476.shtml,☆☆☆☆☆,"[{'full_name': '长沙景嘉微电子股份有限公司', 'subject_importance': None, 'subject_risk': None, 'orgid': 'T000125853', 'subject_code': None, 'subject_name': None, 'emotion': 'NEU', 'subject_risk_list': [], 'org_types': ['001001', '216003', '212100', '020006'], 'subject_importance_list': None}]",长沙景嘉微电子股份有限公司,R1 (2025-01-15~2025-01-25),2025-01-24,2025-01-24 09:50:31
d8a876b10ea53815,景嘉微:公司最新迭代的GPU产品是JM11系列图形处理芯片,新浪财经,1737712232,0,https://finance.sina.com.cn/stock/relnews/dongmiqa/2025-01-24/doc-inehaiaa2722962.shtml,☆☆☆☆☆,"[{'full_name': '长沙景嘉微电子股份有限公司', 'subject_importance': None, 'subject_risk': None, 'orgid': 'T000125853', 'subject_code': None, 'subject_name': None, 'emotion': 'NEU', 'subject_risk_list': [], 'org_types': ['001001', '216003', '212100', '020006'], 'subject_importance_list': None}]",长沙景嘉微电子股份有限公司,R1 (2025-01-15~2025-01-25),2025-01-24,2025-01-24 09:50:32
1ecc03481369e551,景嘉微(SZ300474)：JM11系列图形处理芯片功能测试完成，市场前景存在不确定性,新浪财经,1737712232,0,https://finance.sina.com.cn/stock/relnews/dongmiqa/2025-01-24/doc-inehahzw7174501.shtml,★★☆☆☆,"[{'full_name': '长沙景嘉微电子股份有限公司', 'subject_importance': 2, 'subject_risk': '市场预警--风险澄清', 'orgid': 'T000125853', 'subject_code': None, 'subject_name': None, 'emotion': 'NEG', 'subject_risk_list': ['R00003', 'R00003025'], 'org_types': ['020006', '001001', '212100', '216003'], 'subject_importance_list': ['stock@2']}]",长沙景嘉微电子股份有限公司,R1 (2025-01-15~2025-01-25),2025-01-24,2025-01-24 09:50:32
948f4ce6230c3959,景嘉微(SZ300474)：董秘回答关注者，理性投资为上,新浪财经,1737712233,0,https://finance.sina.com.cn/stock/relnews/dongmiqa/2025-01-24/doc-inehaiaa2725868.shtml,☆☆☆☆☆,"[{'full_name': '长沙景嘉微电子股份有限公司', 'subject_importance': None, 'subject_risk': None, 'orgid': 'T000125853', 'subject_code': None, 'subject_name': None, 'emotion': 'NEU', 'subject_risk_list': [], 'org_types': ['001001', '216003', '212100', '020006'], 'subject_importance_list': None}]",长沙景嘉微电子股份有限公司,R1 (2025-01-15~2025-01-25),2025-01-24,2025-01-24 09:50:33
78abb813ed1c626c,景嘉微:公司支持Windows系统，驱动更新根据客户需求不定期进行,新浪财经,1737712241,0,https://finance.sina.com.cn/stock/relnews/dongmiqa/2025-01-24/doc-inehahzv5050844.shtml,☆☆☆☆☆,"[{'full_name': '长沙景嘉微电子股份有限公司', 'subject_importance': None, 'subject_risk': None, 'orgid': 'T000125853', 'subject_code': None, 'subject_name': None, 'emotion': 'NEU', 'subject_risk_list': [], 'org_types': ['001001', '216003', '212100', '020006'], 'subject_importance_list': None}]",长沙景嘉微电子股份有限公司,R1 (2025-01-15~2025-01-25),2025-01-24,2025-01-24 09:50:41
21b08e46834f71a5,景嘉微:公司持续深度合作共建国产GPU应用生态,新浪财经,1737712242,0,https://finance.sina.com.cn/stock/relnews/dongmiqa/2025-01-24/doc-inehahzw7174460.shtml,☆☆☆☆☆,"[{'full_name': '长沙景嘉微电子股份有限公司', 'subject_importance': None, 'subject_risk': None, 'orgid': 'T000125853', 'subject_code': None, 'subject_name': None, 'emotion': 'NEU', 'subject_risk_list': [], 'org_types': ['001001', '216003', '212100', '020006'], 'subject_importance_list': None}]",长沙景嘉微电子股份有限公司,R1 (2025-01-15~2025-01-25),2025-01-24,2025-01-24 09:50:42
4d76171a2ddd71f7,景嘉微:算力提升版本或在调整中，景宏产品下一个迭代进行中,新浪财经,1737712243,0,https://finance.sina.com.cn/stock/relnews/dongmiqa/2025-01-24/doc-inehahzv5049406.shtml,☆☆☆☆☆,"[{'full_name': '长沙景嘉微电子股份有限公司', 'subject_importance': None, 'subject_risk': None, 'orgid': 'T000125853', 'subject_code': None, 'subject_name': None, 'emotion': 'NEU', 'subject_risk_list': [], 'org_types': ['001001', '216003', '212100', '020006'], 'subject_importance_list': None}]",长沙景嘉微电子股份有限公司,R1 (2025-01-15~2025-01-25),2025-01-24,2025-01-24 09:50:43
6efb6f74fd6494b2,大华股份：预计2024年全年盈利28.00亿至30.80亿 净利润同比下降61.97%至58.16%,同花顺iNews,1737712311,0,http://yuanchuang.10jqka.com.cn/20250124/c665720110.shtml,★★★☆☆,"[{'full_name': '浙江大华技术股份有限公司', 'subject_importance': 3, 'subject_risk': '财务预警--盈利能力下降或亏损', 'orgid': '03134713', 'subject_code': None, 'subject_name': None, 'emotion': 'NEG', 'subject_risk_list': ['R00008', 'R00008015'], 'org_types': ['216001', '001001', '020006', '212100'], 'subject_importance_list': ['stock@3']}]",浙江大华技术股份有限公司,R1 (2025-01-15~2025-01-25),2025-01-24,2025-01-24 09:51:51
edbeb0fb9d249775,万兴科技：预计2024年全年亏损1.80亿至1.40亿 净利润同比下降308.80%至262.40%,同花顺iNews,1737712399,0,http://yuanchuang.10jqka.com.cn/20250124/c665720118.shtml,★★★☆☆,"[{'full_name': '万兴科技集团股份有限公司', 'subject_importance': 3, 'subject_risk': '财务预警--盈利能力下降或亏损', 'orgid': 'T000159214', 'subject_code': None, 'subject_name': None, 'emotion': 'NEG', 'subject_risk_list': ['R00008', 'R00008015'], 'org_types': ['001001', '002', '212100', '216003', '020006'], 'subject_importance_list': ['bond@3', 'stock@3']}]",万兴科技集团股份有限公司,R1 (2025-01-15~2025-01-25),2025-01-24,2025-01-24 09:53:19
30d9891e09a060be,万兴科技：预计2024年度净利润亏损1.4亿元~1.8亿元,搜狐-四川省,1737712498,0,https://www.sohu.com/a/852947788_115362,★★★☆☆,"[{'full_name': '万兴科技集团股份有限公司', 'subject_importance': 3, 'subject_risk': '财务预警--盈利能力下降或亏损', 'orgid': 'T000159214', 'subject_code': None, 'subject_name': None, 'emotion': 'NEG', 'subject_risk_list': ['R00008', 'R00008015'], 'org_types': ['001001', '002', '212100', '216003', '020006'], 'subject_importance_list': ['bond@3', 'stock@3']}]",万兴科技集团股份有限公司,R1 (2025-01-15~2025-01-25),2025-01-24,2025-01-24 09:54:58
f4cccb3c5855e530,中科曙光董事长李国杰因年龄原因辞任，新任人选待定,证券之星,1737712511,0,http://finance.itbear.com.cn/html/2025-01/137637.html,★★★★☆,"[{'full_name': '曙光信息产业股份有限公司', 'subject_importance': 4, 'subject_risk': '管理预警--董事长变更预警', 'orgid': '00057892', 'subject_code': None, 'subject_name': None, 'emotion': 'NEG', 'subject_risk_list': ['R00006', 'R00006031'], 'org_types': ['212001', '020001', '002', '020006', '216001', '001001'], 'subject_importance_list': ['stock@4', 'bond@4']}]",曙光信息产业股份有限公司,R1 (2025-01-15~2025-01-25),2025-01-24,2025-01-24 09:55:11
1be4d0ab425a8eda,大华股份：预计2024年度净利润为28亿元~30.8亿元，同比下降58.16%~61.97%,每日经济新闻,1737712562,0,https://www.nbd.com.cn/articles/2025-01-24/3736417.html,★★★☆☆,"[{'full_name': '浙江大华技术股份有限公司', 'subject_importance': 3, 'subject_risk': '财务预警--盈利能力下降或亏损', 'orgid': '03134713', 'subject_code': None, 'subject_name': None, 'emotion': 'NEG', 'subject_risk_list': ['R00008', 'R00008015'], 'org_types': ['216001', '001001', '020006', '212100'], 'subject_importance_list': ['stock@3']}]",浙江大华技术股份有限公司,R1 (2025-01-15~2025-01-25),2025-01-24,2025-01-24 09:56:02
d0fbc25977ed199f,V观财报｜中科曙光：董事长李国杰因个人年龄原因辞职,中新经纬,1737712934,0,http://www.jwview.com/jingwei/kb/pc/01-24/215946.shtml,★★★★☆,"[{'full_name': '曙光信息产业股份有限公司', 'subject_importance': 4, 'subject_risk': '管理预警--董事长变更预警', 'orgid': '00057892', 'subject_code': None, 'subject_name': None, 'emotion': 'NEG', 'subject_risk_list': ['R00006', 'R00006031'], 'org_types': ['212001', '020001', '002', '020006', '216001', '001001'], 'subject_importance_list': ['stock@4', 'bond@4']}]",曙光信息产业股份有限公司,R1 (2025-01-15~2025-01-25),2025-01-24,2025-01-24 10:02:14
3c9ae9f1c066cdda,超图软件：预计2024年全年营业收入14亿元至15亿元,证券之星,1737713304,0,https://wap.stockstar.com/detail/RB2025012400041162,☆☆☆☆☆,"[{'full_name': '北京超图软件股份有限公司', 'subject_importance': None, 'subject_risk': None, 'orgid': 'T000026114', 'subject_code': None, 'subject_name': None, 'emotion': 'NEU', 'subject_risk_list': [], 'org_types': ['216003', '001001', '020006', '212100'], 'subject_importance_list': None}]",北京超图软件股份有限公司,R1 (2025-01-15~2025-01-25),2025-01-24,2025-01-24 10:08:24
46479e8e8ecfaa0,致远互联(688369.SH)发预亏，预计2024年净亏损1.3亿元到1.8亿元,智通财经,1737713922,0,https://www.zhitongcaijing.com/content/detail/1243571.html,★★★☆☆,"[{'full_name': '北京致远互联软件股份有限公司', 'subject_importance': 3, 'subject_risk': '财务预警--盈利能力下降或亏损', 'orgid': 'T001908980', 'subject_code': None, 'subject_name': None, 'emotion': 'NEG', 'subject_risk_list': ['R00008', 'R00008015'], 'org_types': ['212001', '020006', '216011', '001001'], 'subject_importance_list': ['stock@3']}]",北京致远互联软件股份有限公司,R1 (2025-01-15~2025-01-25),2025-01-24,2025-01-24 10:18:42
e8e98515d16db077,超图软件(300036.SZ)发预亏，预计2024年度净亏损1亿元至2亿元,智通财经,1737714011,0,https://www.zhitongcaijing.com/content/detail/1243569.html,★★★☆☆,"[{'full_name': '北京超图软件股份有限公司', 'subject_importance': 3, 'subject_risk': '财务预警--盈利能力下降或亏损', 'orgid': 'T000026114', 'subject_code': None, 'subject_name': None, 'emotion': 'NEG', 'subject_risk_list': ['R00008', 'R00008015'], 'org_types': ['001001', '216003', '212100', '020006'], 'subject_importance_list': ['stock@3']}]",北京超图软件股份有限公司,R1 (2025-01-15~2025-01-25),2025-01-24,2025-01-24 10:20:11
12da846d77ae5dc4,恒华科技大跌8.94% 预亏1.1亿,腾讯证券,1737714519,0,http://gu.qq.com/resources/shy/news/detail-v2/index.html#/?id=nesSN20250124093030abb67f23&s=b,★★★☆☆,"[{'full_name': '北京恒华伟业科技股份有限公司', 'subject_importance': 3, 'subject_risk': '财务预警--盈利能力下降或亏损', 'orgid': 'T000058552', 'subject_code': None, 'subject_name': None, 'emotion': 'NEG', 'subject_risk_list': ['R00008', 'R00008015'], 'org_types': ['001001', '020006', '212100', '216003'], 'subject_importance_list': ['stock@3']}]",北京恒华伟业科技股份有限公司,R1 (2025-01-15~2025-01-25),2025-01-24,2025-01-24 10:28:39
4f9bb7e00b0353f5,景嘉微：公司将持续开拓在国内通用芯片领域的市场,腾讯证券,1737715112,0,http://gu.qq.com/resources/shy/news/detail-v2/index.html#/?id=nesSN20250124170154abb6edd6&s=b,☆☆☆☆☆,"[{'full_name': '长沙景嘉微电子股份有限公司', 'subject_importance': None, 'subject_risk': None, 'orgid': 'T000125853', 'subject_code': None, 'subject_name': None, 'emotion': 'NEU', 'subject_risk_list': [], 'org_types': ['001001', '216003', '212100', '020006'], 'subject_importance_list': None}]",长沙景嘉微电子股份有限公司,R1 (2025-01-15~2025-01-25),2025-01-24,2025-01-24 10:38:32
2a1d30fda28f70b1,景嘉微：公司聚焦主业发展，坚持技术创新，全力提升产品研发能力,腾讯证券,1737715112,0,http://gu.qq.com/resources/shy/news/detail-v2/index.html#/?id=nesSN20250124170613abb6efec&s=b,☆☆☆☆☆,"[{'full_name': '长沙景嘉微电子股份有限公司', 'subject_importance': None, 'subject_risk': None, 'orgid': 'T000125853', 'subject_code': None, 'subject_name': None, 'emotion': 'NEU', 'subject_risk_list': [], 'org_types': ['001001', '216003', '212100', '020006'], 'subject_importance_list': None}]",长沙景嘉微电子股份有限公司,R1 (2025-01-15~2025-01-25),2025-01-24,2025-01-24 10:38:32
b8703d86e6c72e84,寒武纪：公司尚未实施股份回购,和讯股票,1737715185,0,https://stock.hexun.com/2025-01-24/217031771.html,☆☆☆☆☆,"[{'full_name': '中科寒武纪科技股份有限公司', 'subject_importance': None, 'subject_risk': None, 'orgid': 'T004646002', 'subject_code': None, 'subject_name': None, 'emotion': 'NEU', 'subject_risk_list': [], 'org_types': ['216011', '001001', '020006', '212001'], 'subject_importance_list': None}]",中科寒武纪科技股份有限公司,R1 (2025-01-15~2025-01-25),2025-01-24,2025-01-24 10:39:45
aed778a74fe11fd6,澜起科技:机器人应用中的时钟芯片研发进展,新浪财经,1737715830,0,https://finance.sina.com.cn/stock/relnews/dongmiqa/2025-01-24/doc-inehaiaa2740898.shtml,☆☆☆☆☆,"[{'full_name': '澜起科技股份有限公司', 'subject_importance': None, 'subject_risk': None, 'orgid': 'Q0044AA455', 'subject_code': None, 'subject_name': None, 'emotion': 'NEU', 'subject_risk_list': [], 'org_types': ['216011', '001001', '212001', '020011'], 'subject_importance_list': None}]",澜起科技股份有限公司,R1 (2025-01-15~2025-01-25),2025-01-24,2025-01-24 10:50:30
fde3552be1c855ee,澜起科技：AEC领域的Retimer芯片应用及技术储备分析,新浪财经,1737715830,0,https://finance.sina.com.cn/stock/relnews/dongmiqa/2025-01-24/doc-inehahzy3966163.shtml,☆☆☆☆☆,"[{'full_name': '澜起科技股份有限公司', 'subject_importance': None, 'subject_risk': None, 'orgid': 'Q0044AA455', 'subject_code': None, 'subject_name': None, 'emotion': 'NEU', 'subject_risk_list': [], 'org_types': ['216011', '001001', '212001', '020011'], 'subject_importance_list': None}]",澜起科技股份有限公司,R1 (2025-01-15~2025-01-25),2025-01-24,2025-01-24 10:50:30
672e39bbe1daed2,科大讯飞分拆项目财务顾问主办人变更 谢瑾接替刘岩狄,观点地产网,1737716387,0,https://www.guandian.cn:443/article/20250124/465467.html,☆☆☆☆☆,"[{'full_name': '科大讯飞股份有限公司', 'subject_importance': None, 'subject_risk': None, 'orgid': '03134688', 'subject_code': None, 'subject_name': None, 'emotion': 'NEU', 'subject_risk_list': [], 'org_types': ['216001', '001001', '002', '212100', '020006'], 'subject_importance_list': None}]",科大讯飞股份有限公司,R1 (2025-01-15~2025-01-25),2025-01-24,2025-01-24 10:59:47
9b79f758c378b8c6,万兴科技旗下万兴喵影推出全新品牌套件,中国证券报·中证网,1737716440,0,https://cs.com.cn/ssgs/gsxw/202501/t20250124_6471263.html,☆☆☆☆☆,"[{'full_name': '万兴科技集团股份有限公司', 'subject_importance': None, 'subject_risk': None, 'orgid': 'T000159214', 'subject_code': None, 'subject_name': None, 'emotion': 'NEU', 'subject_risk_list': [], 'org_types': ['001001', '020006', '212100', '216003', '002'], 'subject_importance_list': None}]",万兴科技集团股份有限公司,R1 (2025-01-15~2025-01-25),2025-01-24,2025-01-24 11:00:40
f3eeb13251262719,新冠后医疗信息化公司还在艰难爬坑,东方财富Choice数据,1737717282,0,https://news.qq.com/rain/a/20250124A087JJ00,★★★☆☆,"[{'full_name': '卫宁健康科技集团股份有限公司', 'subject_importance': 3, 'subject_risk': '财务预警--盈利能力下降或亏损', 'orgid': 'T000027606', 'subject_code': None, 'subject_name': None, 'emotion': 'NEG', 'subject_risk_list': ['R00008', 'R00008015'], 'org_types': ['002', '001001', '020006', '212100', '216003'], 'subject_importance_list': ['bond@3', 'stock@3']}]",卫宁健康科技集团股份有限公司,R1 (2025-01-15~2025-01-25),2025-01-24,2025-01-24 11:14:42
69089a3aa506a24,中际旭创：预计2024年全年盈利46.00亿至58.00亿 净利润同比增长111.64%至166.85%,证券之星股票,1737718314,0,https://stock.stockstar.com/IG2025012400046851.shtml,☆☆☆☆☆,"[{'full_name': '中际旭创股份有限公司', 'subject_importance': None, 'subject_risk': None, 'orgid': 'T000056654', 'subject_code': None, 'subject_name': None, 'emotion': 'NEU', 'subject_risk_list': [], 'org_types': ['216003', '001001', '020010', '212100', '020006'], 'subject_importance_list': None}]",中际旭创股份有限公司,R1 (2025-01-15~2025-01-25),2025-01-24,2025-01-24 11:31:54
3022f088bef9768f,中际旭创：2024年净利同比预增111.64%—166.85%,证券时报e公司,1737718369,0,https://www.egsea.com/news/detail/1966055.html,☆☆☆☆☆,"[{'full_name': '中际旭创股份有限公司', 'subject_importance': None, 'subject_risk': None, 'orgid': 'T000056654', 'subject_code': None, 'subject_name': None, 'emotion': 'NEU', 'subject_risk_list': [], 'org_types': ['216003', '001001', '020010', '212100', '020006'], 'subject_importance_list': None}]",中际旭创股份有限公司,R1 (2025-01-15~2025-01-25),2025-01-24,2025-01-24 11:32:49
dd879548a69dea55,光谷上协第一届二次理事会圆满召开 华工科技马新强当选为名誉会长,证券时报网,1737718740,0,https://www.stcn.com/article/detail/1509771.html,☆☆☆☆☆,"[{'full_name': '华工科技产业股份有限公司', 'subject_importance': None, 'subject_risk': None, 'orgid': '01000988', 'subject_code': None, 'subject_name': None, 'emotion': 'NEU', 'subject_risk_list': [], 'org_types': ['001001', '216001', '020001002002', '002', '212100', '020001'], 'subject_importance_list': None}]",华工科技产业股份有限公司,R1 (2025-01-15~2025-01-25),2025-01-24,2025-01-24 11:39:00
4f00418ebb6fba92,南京玄武区新“数枢”观察｜让数据“动起来”，建成全省最具代表性的数据和大模型产业园区,新浪财经,1737719160,0,https://finance.sina.com.cn/jjxw/2025-01-24/doc-inehatrw2528200.shtml,☆☆☆☆☆,"[{'full_name': '科大讯飞股份有限公司', 'subject_importance': None, 'subject_risk': None, 'orgid': '03134688', 'subject_code': None, 'subject_name': None, 'emotion': 'NEU', 'subject_risk_list': [], 'org_types': ['216001', '001001', '002', '212100', '020006'], 'subject_importance_list': None}]",科大讯飞股份有限公司,R1 (2025-01-15~2025-01-25),2025-01-24,2025-01-24 11:46:00
d9c31aa1f700f5d8,中公教育：预计2024年净利1.85亿元—2.35亿元 同比扭亏,证券时报e公司,1737719439,0,https://www.egsea.com/news/detail/1966084.html,☆☆☆☆☆,"[{'full_name': '中公教育科技股份有限公司', 'subject_importance': None, 'subject_risk': None, 'orgid': 'T000045443', 'subject_code': None, 'subject_name': None, 'emotion': 'NEU', 'subject_risk_list': [], 'org_types': ['212100', '002', '020006', '216001', '001001'], 'subject_importance_list': None}]",中公教育科技股份有限公司,R1 (2025-01-15~2025-01-25),2025-01-24,2025-01-24 11:50:39
34f8a305fa179ba2,万兴科技(300624.SZ)发预亏，预计年度净亏损1.4亿元至1.8亿元,智通财经,1737720142,0,https://www.zhitongcaijing.com/content/detail/1243761.html,★★★☆☆,"[{'full_name': '万兴科技集团股份有限公司', 'subject_importance': 3, 'subject_risk': '财务预警--盈利能力下降或亏损', 'orgid': 'T000159214', 'subject_code': None, 'subject_name': None, 'emotion': 'NEG', 'subject_risk_list': ['R00008', 'R00008015'], 'org_types': ['001001', '002', '212100', '216003', '020006'], 'subject_importance_list': ['bond@3', 'stock@3']}]",万兴科技集团股份有限公司,R1 (2025-01-15~2025-01-25),2025-01-24,2025-01-24 12:02:22
55756727c66a4604,中公教育：重大诉讼、仲裁进展及新增累计诉讼、仲裁情况,金融界财经,1737720305,0,https://finance.jrj.com.cn/2025/01/24194447801432.shtml,★★★☆☆,"[{'full_name': '中公教育科技股份有限公司', 'subject_importance': 3, 'subject_risk': '经营预警--法律诉讼', 'orgid': 'T000045443', 'subject_code': None, 'subject_name': None, 'emotion': 'NEG', 'subject_risk_list': ['R00007', 'R00007018'], 'org_types': ['212100', '020006', '216001', '002', '001001'], 'subject_importance_list': ['bond@2', 'stock@3']}]",中公教育科技股份有限公司,R1 (2025-01-15~2025-01-25),2025-01-24,2025-01-24 12:05:05
f29d76f41463cc25,中际旭创：预计2024年全年净利润盈利47亿元至60亿元,证券之星,1737720411,0,https://wap.stockstar.com/detail/RB2025012400048357,☆☆☆☆☆,"[{'full_name': '中际旭创股份有限公司', 'subject_importance': None, 'subject_risk': None, 'orgid': 'T000056654', 'subject_code': None, 'subject_name': None, 'emotion': 'NEU', 'subject_risk_list': [], 'org_types': ['216003', '001001', '020010', '212100', '020006'], 'subject_importance_list': None}]",中际旭创股份有限公司,R1 (2025-01-15~2025-01-25),2025-01-24,2025-01-24 12:06:51
e94585c909f3e551,中公教育：预计2024年净利润为1.85亿至2.35亿,界面新闻,1737720419,0,https://www.jiemian.com/article/12293218.html,☆☆☆☆☆,"[{'full_name': '中公教育科技股份有限公司', 'subject_importance': None, 'subject_risk': None, 'orgid': 'T000045443', 'subject_code': None, 'subject_name': None, 'emotion': 'NEU', 'subject_risk_list': [], 'org_types': ['212100', '002', '020006', '216001', '001001'], 'subject_importance_list': None}]",中公教育科技股份有限公司,R1 (2025-01-15~2025-01-25),2025-01-24,2025-01-24 12:06:59
c04927202368330f,中公教育：预计2024年全年盈利1.85亿至2.35亿,证券之星股票,1737720492,0,https://stock.stockstar.com/IG2025012400047905.shtml,☆☆☆☆☆,"[{'full_name': '中公教育科技股份有限公司', 'subject_importance': None, 'subject_risk': None, 'orgid': 'T000045443', 'subject_code': None, 'subject_name': None, 'emotion': 'NEU', 'subject_risk_list': [], 'org_types': ['212100', '002', '020006', '216001', '001001'], 'subject_importance_list': None}]",中公教育科技股份有限公司,R1 (2025-01-15~2025-01-25),2025-01-24,2025-01-24 12:08:12
f1e0b2c63a5d2a95,寒武纪被前CTO起诉，索赔43亿！市值90亿股权归谁？股权律师分配,网易-股权律师卢庆华广东,1737720686,0,https://www.163.com/dy/article/JMMMTPJR0525B1G3.html,★★★☆☆,"[{'full_name': '中科寒武纪科技股份有限公司', 'subject_importance': 3, 'subject_risk': '经营预警--法律诉讼', 'orgid': 'T004646002', 'subject_code': None, 'subject_name': None, 'emotion': 'NEG', 'subject_risk_list': ['R00007', 'R00007018'], 'org_types': ['216011', '020006', '212001', '001001'], 'subject_importance_list': ['stock@3']}]",中科寒武纪科技股份有限公司,R1 (2025-01-15~2025-01-25),2025-01-24,2025-01-24 12:11:26
aba7c946fd1f4406,这才是新常态？四川国资公司、多家民营企业相继被监管......,微信-科创四川,1737720715,0,https://mp.weixin.qq.com/s?__biz=MzA3NTU0MDM4OQ==&idx=1&mid=2247543351&sn=9050de49cae24690150f04e0880e50f4,★★★☆☆,"[{'full_name': '成都新易盛通信技术股份有限公司', 'subject_importance': 3, 'subject_risk': '管理预警--董监高被查或处罚', 'orgid': 'T000124532', 'subject_code': None, 'subject_name': None, 'emotion': 'NEG', 'subject_risk_list': ['R00006', 'R00006035'], 'org_types': ['212100', '020011', '020006', '001001', '216003'], 'subject_importance_list': ['stock@3']}]",成都新易盛通信技术股份有限公司,R1 (2025-01-15~2025-01-25),2025-01-24,2025-01-24 12:11:55
598c8f3ebbaa870b,"#穿越,公司# 【大华股份：2024年净利同比预降58.16%—61.97%】 大华股份(00223......",微博,1737720823,0,http://weibo.com/1723860137/Pb5wsa1Gk,★★★☆☆,"[{'full_name': '浙江大华技术股份有限公司', 'subject_importance': 3, 'subject_risk': '财务预警--盈利能力下降或亏损', 'orgid': '03134713', 'subject_code': None, 'subject_name': None, 'emotion': 'NEG', 'subject_risk_list': ['R00008', 'R00008015'], 'org_types': ['216001', '001001', '020006', '212100'], 'subject_importance_list': ['stock@3']}]",浙江大华技术股份有限公司,R1 (2025-01-15~2025-01-25),2025-01-24,2025-01-24 12:13:43
69ca25f8f229ca70,800G和400G高端光模块销售大增 中际旭创2024年净利润增长111.64%—166.85%,C114中国通信网,1737720995,0,https://www.c114.com.cn/4app/3542/a1282599.html,☆☆☆☆☆,"[{'full_name': '中际旭创股份有限公司', 'subject_importance': None, 'subject_risk': None, 'orgid': 'T000056654', 'subject_code': None, 'subject_name': None, 'emotion': 'NEU', 'subject_risk_list': [], 'org_types': ['216003', '001001', '020010', '212100', '020006'], 'subject_importance_list': None}]",中际旭创股份有限公司,R1 (2025-01-15~2025-01-25),2025-01-24,2025-01-24 12:16:35
dd785bad167bdb54,万兴科技公布业绩报：加大投入研发,网易-每日经济新闻,1737721004,0,https://www.163.com/dy/article/JMMG4MD40512B07B.html,☆☆☆☆☆,"[{'full_name': '万兴科技集团股份有限公司', 'subject_importance': None, 'subject_risk': None, 'orgid': 'T000159214', 'subject_code': None, 'subject_name': None, 'emotion': 'NEU', 'subject_risk_list': [], 'org_types': ['001001', '020006', '212100', '216003', '002'], 'subject_importance_list': None}]",万兴科技集团股份有限公司,R1 (2025-01-15~2025-01-25),2025-01-24,2025-01-24 12:16:44
e6b88d7a7d260c91,中公教育预计2024年扭亏为盈 归母净利润1.85亿元至2.35亿元,财中社,1737722402,0,https://www.caizhongshe.cn/news-7288528794049770598.html,★★★☆☆,"[{'full_name': '中公教育科技股份有限公司', 'subject_importance': 3, 'subject_risk': '财务预警--盈利能力下降或亏损', 'orgid': 'T000045443', 'subject_code': None, 'subject_name': None, 'emotion': 'NEG', 'subject_risk_list': ['R00008', 'R00008015'], 'org_types': ['212100', '020006', '216001', '002', '001001'], 'subject_importance_list': ['stock@3', 'bond@3']}]",中公教育科技股份有限公司,R1 (2025-01-15~2025-01-25),2025-01-24,2025-01-24 12:40:02
89af65eb59ffb17a,中公教育及子公司面临诉讼仲裁案件,财中社,1737722583,0,https://www.caizhongshe.cn/news-7288531629336360727.html,★★★☆☆,"[{'full_name': '中公教育科技股份有限公司', 'subject_importance': 3, 'subject_risk': '经营预警--法律诉讼', 'orgid': 'T000045443', 'subject_code': None, 'subject_name': None, 'emotion': 'NEG', 'subject_risk_list': ['R00007', 'R00007018'], 'org_types': ['216001', '001001', '212100', '020006', '002'], 'subject_importance_list': ['bond@2', 'stock@3']}]",中公教育科技股份有限公司,R1 (2025-01-15~2025-01-25),2025-01-24,2025-01-24 12:43:03
766e4f5ee91327fd,中公教育：预计2024年盈利约1.85亿—2.35亿元，实现扭亏为盈,东方财富网,1737722731,0,https://finance.eastmoney.com/a/202501243307767487.html,☆☆☆☆☆,"[{'full_name': '中公教育科技股份有限公司', 'subject_importance': None, 'subject_risk': None, 'orgid': 'T000045443', 'subject_code': None, 'subject_name': None, 'emotion': 'NEU', 'subject_risk_list': [], 'org_types': ['212100', '002', '020006', '216001', '001001'], 'subject_importance_list': None}]",中公教育科技股份有限公司,R1 (2025-01-15~2025-01-25),2025-01-24,2025-01-24 12:45:31
3d740f74e06ae248,2024年12月AI产品榜单出炉 万兴科技旗下多款产品强势霸榜,金融界财经,1737722836,0,https://finance.jrj.com.cn/2025/01/24203047806809.shtml,☆☆☆☆☆,"[{'full_name': '万兴科技集团股份有限公司', 'subject_importance': None, 'subject_risk': None, 'orgid': 'T000159214', 'subject_code': None, 'subject_name': None, 'emotion': 'NEU', 'subject_risk_list': [], 'org_types': ['001001', '020006', '212100', '216003', '002'], 'subject_importance_list': None}]",万兴科技集团股份有限公司,R1 (2025-01-15~2025-01-25),2025-01-24,2025-01-24 12:47:16
9764c67262543753,（官方问答平台）太极股份：如有投资并购的相关信息，公司将按规定予以披露……,同花顺金融研究中心,1737723004,0,,☆☆☆☆☆,"[{'full_name': '太极计算机股份有限公司', 'subject_importance': None, 'subject_risk': None, 'orgid': 'T000026778', 'subject_code': None, 'subject_name': None, 'emotion': 'NEU', 'subject_risk_list': [], 'org_types': ['216001', '001001', '020001', '020001002002', '002', '212100'], 'subject_importance_list': None}]",太极计算机股份有限公司,R1 (2025-01-15~2025-01-25),2025-01-24,2025-01-24 12:50:04
a52c526adf11d124,（官方问答平台）彩讯股份：彩讯股份具备面向B端用户落地AI Agent服务的能力，并推出了AI邮箱、AI云盘、数字员工、智能客服、智能导购等多款产品……,同花顺金融研究中心,1737723006,0,,☆☆☆☆☆,"[{'full_name': '彩讯科技股份有限公司', 'subject_importance': None, 'subject_risk': None, 'orgid': 'T000811758', 'subject_code': None, 'subject_name': None, 'emotion': 'NEU', 'subject_risk_list': [], 'org_types': ['212100', '216003', '020006', '001001'], 'subject_importance_list': None}]",彩讯科技股份有限公司,R1 (2025-01-15~2025-01-25),2025-01-24,2025-01-24 12:50:06
aad1bd8e76d6efeb,高端光模块销量强劲增长！中际旭创：预计2024年净利润同比增长111.64%-166.85% | 财报见闻,新浪财经,1737723022,0,https://finance.sina.com.cn/roll/2025-01-24/doc-inehatrw2538042.shtml,☆☆☆☆☆,"[{'full_name': '中际旭创股份有限公司', 'subject_importance': None, 'subject_risk': None, 'orgid': 'T000056654', 'subject_code': None, 'subject_name': None, 'emotion': 'NEU', 'subject_risk_list': [], 'org_types': ['216003', '001001', '020010', '212100', '020006'], 'subject_importance_list': None}]",中际旭创股份有限公司,R1 (2025-01-15~2025-01-25),2025-01-24,2025-01-24 12:50:22
f4fd1464b6bc1355,中际旭创预计2024年度归母净利润46亿元至58亿元,新浪财经,1737723024,0,https://finance.sina.com.cn/stock/relnews/cn/2025-01-24/doc-inehatrw2532897.shtml,☆☆☆☆☆,"[{'full_name': '中际旭创股份有限公司', 'subject_importance': None, 'subject_risk': None, 'orgid': 'T000056654', 'subject_code': None, 'subject_name': None, 'emotion': 'NEU', 'subject_risk_list': [], 'org_types': ['216003', '001001', '020010', '212100', '020006'], 'subject_importance_list': None}]",中际旭创股份有限公司,R1 (2025-01-15~2025-01-25),2025-01-24,2025-01-24 12:50:24
501c80c4fea3538c,致远互联：预计2024年亏损1.3亿元-1.8亿元,新浪财经,1737723043,0,https://finance.sina.com.cn/stock/relnews/cn/2025-01-24/doc-inehatrw2543776.shtml,★★★☆☆,"[{'full_name': '北京致远互联软件股份有限公司', 'subject_importance': 3, 'subject_risk': '财务预警--盈利能力下降或亏损', 'orgid': 'T001908980', 'subject_code': None, 'subject_name': None, 'emotion': 'NEG', 'subject_risk_list': ['R00008', 'R00008015'], 'org_types': ['212001', '020006', '216011', '001001'], 'subject_importance_list': ['stock@3']}]",北京致远互联软件股份有限公司,R1 (2025-01-15~2025-01-25),2025-01-24,2025-01-24 12:50:43
6f1bd9b837dd0bb3,科大讯飞申请韩语文本发音预测等专利，提高韩语发音预测准确性,百家号,1737723060,0,https://baijiahao.baidu.com/s?id=1822137073129727550&wfr=spider&for=pc,☆☆☆☆☆,"[{'full_name': '科大讯飞股份有限公司', 'subject_importance': None, 'subject_risk': None, 'orgid': '03134688', 'subject_code': None, 'subject_name': None, 'emotion': 'NEU', 'subject_risk_list': [], 'org_types': ['216001', '001001', '002', '212100', '020006'], 'subject_importance_list': None}]",科大讯飞股份有限公司,R1 (2025-01-15~2025-01-25),2025-01-24,2025-01-24 12:51:00
93732f981677e81b,超图软件(300036.SZ)：预计2024年亏损1亿元–2亿元,格隆汇资讯-公司信息,1737723399,0,https://www.gelonghui.com/news/4933504,★★★☆☆,"[{'full_name': '北京超图软件股份有限公司', 'subject_importance': 3, 'subject_risk': '财务预警--盈利能力下降或亏损', 'orgid': 'T000026114', 'subject_code': None, 'subject_name': None, 'emotion': 'NEG', 'subject_risk_list': ['R00008', 'R00008015'], 'org_types': ['001001', '216003', '212100', '020006'], 'subject_importance_list': ['stock@3']}]",北京超图软件股份有限公司,R1 (2025-01-15~2025-01-25),2025-01-24,2025-01-24 12:56:39
a87c671aa2705ba2,彩讯股份：具备面向B端用户的AI Agent服务能力并推出多款相关产品,金融界财经,1737723902,0,https://finance.jrj.com.cn/2025/01/24205247809114.shtml,☆☆☆☆☆,"[{'full_name': '彩讯科技股份有限公司', 'subject_importance': None, 'subject_risk': None, 'orgid': 'T000811758', 'subject_code': None, 'subject_name': None, 'emotion': 'NEU', 'subject_risk_list': [], 'org_types': ['212100', '216003', '020006', '001001'], 'subject_importance_list': None}]",彩讯科技股份有限公司,R1 (2025-01-15~2025-01-25),2025-01-24,2025-01-24 13:05:02
235a07e1c6988424,数字政通：2024年预计净亏损3.12亿元-3.98亿元,同花顺整理,1737724191,0,https://www.cls.cn/detail/1929728,★★★☆☆,"[{'full_name': '北京数字政通科技股份有限公司', 'subject_importance': 3, 'subject_risk': '财务预警--盈利能力下降或亏损', 'orgid': 'T000027204', 'subject_code': None, 'subject_name': None, 'emotion': 'NEG', 'subject_risk_list': ['R00008', 'R00008015'], 'org_types': ['001001', '216003', '212100', '020006'], 'subject_importance_list': ['stock@3']}]",北京数字政通科技股份有限公司,R1 (2025-01-15~2025-01-25),2025-01-24,2025-01-24 13:09:51
64b1f47060176ae8,数字政通：2024年度业绩预告,深交所股票,1737724803,3,http://static.cninfo.com.cn/finalpage/2025-01-24/1222432484.PDF,★★★☆☆,"[{'full_name': '北京数字政通科技股份有限公司', 'subject_importance': 3, 'subject_risk': '财务预警--盈利能力下降或亏损', 'orgid': 'T000027204', 'subject_code': None, 'subject_name': None, 'emotion': 'NEG', 'subject_risk_list': ['R00008', 'R00008015'], 'org_types': ['001001', '216003', '212100', '020006'], 'subject_importance_list': ['stock@3']}]",北京数字政通科技股份有限公司,R1 (2025-01-15~2025-01-25),2025-01-24,2025-01-24 13:20:03
8100979170ce3c8,数字政通：预计2024年全年亏损3.98亿至3.12亿 净利润同比下降396.17%至332.17%,同花顺iNews,1737724913,0,http://yuanchuang.10jqka.com.cn/20250124/c665732913.shtml,★★★☆☆,"[{'full_name': '北京数字政通科技股份有限公司', 'subject_importance': 3, 'subject_risk': '财务预警--盈利能力下降或亏损', 'orgid': 'T000027204', 'subject_code': None, 'subject_name': None, 'emotion': 'NEG', 'subject_risk_list': ['R00008', 'R00008015'], 'org_types': ['001001', '216003', '212100', '020006'], 'subject_importance_list': ['stock@3']}]",北京数字政通科技股份有限公司,R1 (2025-01-15~2025-01-25),2025-01-24,2025-01-24 13:21:53
5a3d21da52c5fc21,数字政通：预计2024年度净利润亏损3.12亿元~3.98亿元,搜狐-四川省,1737725806,0,https://www.sohu.com/a/853033544_115362,★★★☆☆,"[{'full_name': '北京数字政通科技股份有限公司', 'subject_importance': 3, 'subject_risk': '财务预警--盈利能力下降或亏损', 'orgid': 'T000027204', 'subject_code': None, 'subject_name': None, 'emotion': 'NEG', 'subject_risk_list': ['R00008', 'R00008015'], 'org_types': ['001001', '216003', '212100', '020006'], 'subject_importance_list': ['stock@3']}]",北京数字政通科技股份有限公司,R1 (2025-01-15~2025-01-25),2025-01-24,2025-01-24 13:36:46
ba0e3a9ec9169d18,太极股份:是否有收购操作系统公司计划？董秘回应,新浪财经,1737726640,0,https://finance.sina.com.cn/stock/relnews/dongmiqa/2025-01-24/doc-inehatrw2545609.shtml,☆☆☆☆☆,"[{'full_name': '太极计算机股份有限公司', 'subject_importance': None, 'subject_risk': None, 'orgid': 'T000026778', 'subject_code': None, 'subject_name': None, 'emotion': 'NEU', 'subject_risk_list': [], 'org_types': ['216001', '001001', '020001', '020001002002', '002', '212100'], 'subject_importance_list': None}]",太极计算机股份有限公司,R1 (2025-01-15~2025-01-25),2025-01-24,2025-01-24 13:50:40
c9b02e93e33e97d1,深市2024年业绩高增长公司数量占比提升 237家公司预计净利润同比增长超100%,证券日报,1737726780,0,http://www.zqrb.cn/gscy/gongsi/2025-01-24/A1737725909882.html,☆☆☆☆☆,"[{'full_name': '成都新易盛通信技术股份有限公司', 'subject_importance': None, 'subject_risk': None, 'orgid': 'T000124532', 'subject_code': None, 'subject_name': None, 'emotion': 'NEU', 'subject_risk_list': [], 'org_types': ['020006', '001001', '212100', '020011', '216003'], 'subject_importance_list': None}]",成都新易盛通信技术股份有限公司,R1 (2025-01-15~2025-01-25),2025-01-24,2025-01-24 13:53:00
93dbf6e32a69abfd,中际旭创(300308.SZ)发预增，预计年度净利润46亿元至58亿元，同比增长111.64%至166.85%,智通财经,1737726987,0,https://www.zhitongcaijing.com/content/detail/1243972.html,☆☆☆☆☆,"[{'full_name': '中际旭创股份有限公司', 'subject_importance': None, 'subject_risk': None, 'orgid': 'T000056654', 'subject_code': None, 'subject_name': None, 'emotion': 'NEU', 'subject_risk_list': [], 'org_types': ['216003', '001001', '020010', '212100', '020006'], 'subject_importance_list': None}]",中际旭创股份有限公司,R1 (2025-01-15~2025-01-25),2025-01-24,2025-01-24 13:56:27
5ac0e1ab48de92c3,*ST银江：2024年度预计净亏损7.1亿元—9.6亿元,同花顺整理,1737727186,0,https://www.cls.cn/detail/1929798,★★★☆☆,"[{'full_name': '银江技术股份有限公司', 'subject_importance': 3, 'subject_risk': '财务预警--盈利能力下降或亏损', 'orgid': 'T000025749', 'subject_code': None, 'subject_name': None, 'emotion': 'NEG', 'subject_risk_list': ['R00008', 'R00008015'], 'org_types': ['002', '216003', '001001', '212100', '020006'], 'subject_importance_list': ['stock@3', 'bond@3']}]",银江技术股份有限公司,R1 (2025-01-15~2025-01-25),2025-01-24,2025-01-24 13:59:46
3d17902ea8d8c534,*ST银江：2024年度业绩预告,深交所股票,1737727204,3,http://static.cninfo.com.cn/finalpage/2025-01-24/1222432639.PDF,★★★☆☆,"[{'full_name': '银江技术股份有限公司', 'subject_importance': 3, 'subject_risk': '财务预警--盈利能力下降或亏损', 'orgid': 'T000025749', 'subject_code': None, 'subject_name': None, 'emotion': 'NEG', 'subject_risk_list': ['R00008', 'R00008015'], 'org_types': ['001001', '216003', '002', '212100', '020006'], 'subject_importance_list': ['stock@3', 'bond@3']}]",银江技术股份有限公司,R1 (2025-01-15~2025-01-25),2025-01-24,2025-01-24 14:00:04
16820ded4246f996,*ST银江：预计2024年全年亏损9.60亿至7.10亿 ,同花顺iNews,1737727316,0,http://yuanchuang.10jqka.com.cn/20250124/c665733315.shtml,★★★☆☆,"[{'full_name': '银江技术股份有限公司', 'subject_importance': 3, 'subject_risk': '财务预警--盈利能力下降或亏损', 'orgid': 'T000025749', 'subject_code': None, 'subject_name': None, 'emotion': 'NEG', 'subject_risk_list': ['R00008', 'R00008015'], 'org_types': ['001001', '216003', '002', '212100', '020006'], 'subject_importance_list': ['stock@3', 'bond@3']}]",银江技术股份有限公司,R1 (2025-01-15~2025-01-25),2025-01-24,2025-01-24 14:01:56
706e6d9190e8e5c9,*ST银江：关于公司股票被实施其他风险警示相关事项的进展公告,深交所股票,1737727383,3,http://static.cninfo.com.cn/finalpage/2025-01-24/1222432638.PDF,★★★★☆,"[{'full_name': '银江技术股份有限公司', 'subject_importance': 4, 'subject_risk': '市场预警--其他风险警示', 'orgid': 'T000025749', 'subject_code': None, 'subject_name': None, 'emotion': 'NEG', 'subject_risk_list': ['R00003', 'R00003035'], 'org_types': ['001001', '216003', '002', '212100', '020006'], 'subject_importance_list': ['bond@4', 'stock@4']}]",银江技术股份有限公司,R1 (2025-01-15~2025-01-25),2025-01-24,2025-01-24 14:03:03
f17341edff00736,800G高端光模块需求大增 中际旭创预计2024年净利润至高增长166.85%,东方财富网,1737727440,0,https://finance.eastmoney.com/a/202501243307863735.html,☆☆☆☆☆,"[{'full_name': '中际旭创股份有限公司', 'subject_importance': None, 'subject_risk': None, 'orgid': 'T000056654', 'subject_code': None, 'subject_name': None, 'emotion': 'NEU', 'subject_risk_list': [], 'org_types': ['216003', '001001', '020010', '212100', '020006'], 'subject_importance_list': None}]",中际旭创股份有限公司,R1 (2025-01-15~2025-01-25),2025-01-24,2025-01-24 14:04:00
28b9511fc55d6a11,*ST银江：控股股东偿还占用资金但警示情形尚未消除,搜狐-北京市,1737727475,0,https://www.sohu.com/a/853039613_114984,★☆☆☆☆,"[{'full_name': '银江技术股份有限公司', 'subject_importance': 1, 'subject_risk': '市场预警', 'orgid': 'T000025749', 'subject_code': None, 'subject_name': None, 'emotion': 'NEG', 'subject_risk_list': ['R00003'], 'org_types': ['002', '216003', '001001', '212100', '020006'], 'subject_importance_list': ['stock@1', 'bond@1']}]",银江技术股份有限公司,R1 (2025-01-15~2025-01-25),2025-01-24,2025-01-24 14:04:35
b3bc4a49f1f6d972,*ST银江：预计2024年全年扣非后净利润亏损7.14亿元至9.64亿元,证券之星,1737727816,0,https://wap.stockstar.com/detail/RB2025012400053866,★★★☆☆,"[{'full_name': '银江技术股份有限公司', 'subject_importance': 3, 'subject_risk': '财务预警--盈利能力下降或亏损', 'orgid': 'T000025749', 'subject_code': None, 'subject_name': None, 'emotion': 'NEG', 'subject_risk_list': ['R00008', 'R00008015'], 'org_types': ['002', '216003', '001001', '212100', '020006'], 'subject_importance_list': ['stock@3', 'bond@3']}]",银江技术股份有限公司,R1 (2025-01-15~2025-01-25),2025-01-24,2025-01-24 14:10:16
a81b8c10b9610827,数字政通：预计2024年全年扣非后净利润亏损3.38亿元至4.24亿元,证券之星,1737727826,0,https://wap.stockstar.com/detail/RB2025012400053859,★★★☆☆,"[{'full_name': '北京数字政通科技股份有限公司', 'subject_importance': 3, 'subject_risk': '财务预警--盈利能力下降或亏损', 'orgid': 'T000027204', 'subject_code': None, 'subject_name': None, 'emotion': 'NEG', 'subject_risk_list': ['R00008', 'R00008015'], 'org_types': ['001001', '216003', '212100', '020006'], 'subject_importance_list': ['stock@3']}]",北京数字政通科技股份有限公司,R1 (2025-01-15~2025-01-25),2025-01-24,2025-01-24 14:10:26
c95fb429fa369290,万兴科技旗下万兴喵影推出全新品牌套件 加码赋能用户品牌宣传,证券日报,1737727843,0,http://www.zqrb.cn/gscy/gongsi/2025-01-24/A1737725909880.html,☆☆☆☆☆,"[{'full_name': '万兴科技集团股份有限公司', 'subject_importance': None, 'subject_risk': None, 'orgid': 'T000159214', 'subject_code': None, 'subject_name': None, 'emotion': 'NEU', 'subject_risk_list': [], 'org_types': ['001001', '020006', '212100', '216003', '002'], 'subject_importance_list': None}]",万兴科技集团股份有限公司,R1 (2025-01-15~2025-01-25),2025-01-24,2025-01-24 14:10:43
d90247a7e7ed731b,澜起科技交付高端互连芯片，去年利润预计增长超200%,一财网,1737729244,0,https://www.yicai.com/news/102456282.html,☆☆☆☆☆,"[{'full_name': '澜起科技股份有限公司', 'subject_importance': None, 'subject_risk': None, 'orgid': 'Q0044AA455', 'subject_code': None, 'subject_name': None, 'emotion': 'NEU', 'subject_risk_list': [], 'org_types': ['216011', '001001', '212001', '020011'], 'subject_importance_list': None}]",澜起科技股份有限公司,R1 (2025-01-15~2025-01-25),2025-01-24,2025-01-24 14:34:04
7a828717fb0efc54,澜起科技高端互连芯片交付，利润增长超200%，AI时代的技术先锋,搜狐,1737729540,0,https://www.sohu.com/a/853046729_121798711,☆☆☆☆☆,"[{'full_name': '澜起科技股份有限公司', 'subject_importance': None, 'subject_risk': None, 'orgid': 'Q0044AA455', 'subject_code': None, 'subject_name': None, 'emotion': 'NEU', 'subject_risk_list': [], 'org_types': ['216011', '001001', '212001', '020011'], 'subject_importance_list': None}]",澜起科技股份有限公司,R1 (2025-01-15~2025-01-25),2025-01-24,2025-01-24 14:39:00
7d76ed24e6d76fc3,澜起科技交付高端互连芯片，助力AI计算市场蓬勃发展,搜狐,1737729540,0,https://www.sohu.com/a/853046697_121798711,☆☆☆☆☆,"[{'full_name': '澜起科技股份有限公司', 'subject_importance': None, 'subject_risk': None, 'orgid': 'Q0044AA455', 'subject_code': None, 'subject_name': None, 'emotion': 'NEU', 'subject_risk_list': [], 'org_types': ['216011', '001001', '212001', '020011'], 'subject_importance_list': None}]",澜起科技股份有限公司,R1 (2025-01-15~2025-01-25),2025-01-24,2025-01-24 14:39:00
84d04b4a9dbbb7af,澜起科技最新互连芯片交付，利润暴涨超200%!,搜狐,1737729540,0,https://www.sohu.com/a/853046671_122004016,☆☆☆☆☆,"[{'full_name': '澜起科技股份有限公司', 'subject_importance': None, 'subject_risk': None, 'orgid': 'Q0044AA455', 'subject_code': None, 'subject_name': None, 'emotion': 'NEU', 'subject_risk_list': [], 'org_types': ['216011', '001001', '212001', '020011'], 'subject_importance_list': None}]",澜起科技股份有限公司,R1 (2025-01-15~2025-01-25),2025-01-24,2025-01-24 14:39:00
25c232d2ee29166c,澜起科技推出超高速互连芯片，2024年利润预计增长超200%,搜狐,1737729540,0,https://www.sohu.com/a/853046689_121924584,☆☆☆☆☆,"[{'full_name': '澜起科技股份有限公司', 'subject_importance': None, 'subject_risk': None, 'orgid': 'Q0044AA455', 'subject_code': None, 'subject_name': None, 'emotion': 'NEU', 'subject_risk_list': [], 'org_types': ['216011', '001001', '212001', '020011'], 'subject_importance_list': None}]",澜起科技股份有限公司,R1 (2025-01-15~2025-01-25),2025-01-24,2025-01-24 14:39:00
ca878a8341bca46c,今夜，A股首家！,微信-中国证券报,1737729598,0,https://mp.weixin.qq.com/s/zqcKPjUBXc_mKpvx9kNiMQ,☆☆☆☆☆,"[{'full_name': '浙江核新同花顺网络信息股份有限公司', 'subject_importance': None, 'subject_risk': None, 'orgid': 'T000025753', 'subject_code': None, 'subject_name': None, 'emotion': 'NEU', 'subject_risk_list': [], 'org_types': ['020006', '001001', '216003', '212100'], 'subject_importance_list': None}]",浙江核新同花顺网络信息股份有限公司,R1 (2025-01-15~2025-01-25),2025-01-24,2025-01-24 14:39:58
67c5538866219519,中公教育扭亏：预计去年归母净利润至少1.85亿元,澎湃新闻网,1737729709,0,https://www.thepaper.cn/newsDetail_forward_30019938,☆☆☆☆☆,"[{'full_name': '中公教育科技股份有限公司', 'subject_importance': None, 'subject_risk': None, 'orgid': 'T000045443', 'subject_code': None, 'subject_name': None, 'emotion': 'NEU', 'subject_risk_list': [], 'org_types': ['212100', '002', '020006', '216001', '001001'], 'subject_importance_list': None}]",中公教育科技股份有限公司,R1 (2025-01-15~2025-01-25),2025-01-24,2025-01-24 14:41:49
9591099347b3579e,公募开年忙调研！机构关注这些赛道,微信-国际金融报,1737729843,0,https://mp.weixin.qq.com/s/Kexcopc0Vf3-cNLiNn4v5g,☆☆☆☆☆,"[{'full_name': '华工科技产业股份有限公司', 'subject_importance': None, 'subject_risk': None, 'orgid': '01000988', 'subject_code': None, 'subject_name': None, 'emotion': 'NEU', 'subject_risk_list': [], 'org_types': ['020001002002', '216001', '002', '020001', '001001', '212100'], 'subject_importance_list': None}]",华工科技产业股份有限公司,R1 (2025-01-15~2025-01-25),2025-01-24,2025-01-24 14:44:03
9591099347b3579e,公募开年忙调研！机构关注这些赛道,微信-国际金融报,1737729843,0,https://mp.weixin.qq.com/s/Kexcopc0Vf3-cNLiNn4v5g,☆☆☆☆☆,"[{'full_name': '中际旭创股份有限公司', 'subject_importance': None, 'subject_risk': None, 'orgid': 'T000056654', 'subject_code': None, 'subject_name': None, 'emotion': 'NEU', 'subject_risk_list': [], 'org_types': ['216003', '020010', '020006', '212100', '001001'], 'subject_importance_list': None}]",中际旭创股份有限公司,R1 (2025-01-15~2025-01-25),2025-01-24,2025-01-24 14:44:03
50dc11172c7403f2,数字政通(300075.SZ)发预亏，预计2024年度净亏损3.12亿元–3.98亿元，由盈转亏,智通财经,1737730030,0,https://www.zhitongcaijing.com/content/detail/1244052.html,★★★☆☆,"[{'full_name': '北京数字政通科技股份有限公司', 'subject_importance': 3, 'subject_risk': '财务预警--盈利能力下降或亏损', 'orgid': 'T000027204', 'subject_code': None, 'subject_name': None, 'emotion': 'NEG', 'subject_risk_list': ['R00008', 'R00008015'], 'org_types': ['001001', '216003', '212100', '020006'], 'subject_importance_list': ['stock@3']}]",北京数字政通科技股份有限公司,R1 (2025-01-15~2025-01-25),2025-01-24,2025-01-24 14:47:10
2ec1a03279641aa0,武汉东湖新技术开发区上市公司协会召开理事会 积极融入区域发展大局,中证网,1737730920,0,https://www.cs.com.cn/ssgs/gsxw/202501/t20250124_6471362.html,☆☆☆☆☆,"[{'full_name': '华工科技产业股份有限公司', 'subject_importance': None, 'subject_risk': None, 'orgid': '01000988', 'subject_code': None, 'subject_name': None, 'emotion': 'NEU', 'subject_risk_list': [], 'org_types': ['020001002002', '002', '216001', '001001', '212100', '020001'], 'subject_importance_list': None}]",华工科技产业股份有限公司,R1 (2025-01-15~2025-01-25),2025-01-24,2025-01-24 15:02:00
b087ee6714f3bc30,中际旭创预计2024年净利润46亿元-58亿元,北京商报,1737731926,0,https://www.bbtnews.com.cn/2025/0124/545486.shtml,☆☆☆☆☆,"[{'full_name': '中际旭创股份有限公司', 'subject_importance': None, 'subject_risk': None, 'orgid': 'T000056654', 'subject_code': None, 'subject_name': None, 'emotion': 'NEU', 'subject_risk_list': [], 'org_types': ['216003', '001001', '020010', '212100', '020006'], 'subject_importance_list': None}]",中际旭创股份有限公司,R1 (2025-01-15~2025-01-25),2025-01-24,2025-01-24 15:18:46
e63549bb5dbb7a48,中公教育(002607.SZ)发预盈，预计2024年度净利润1.85亿元至2.35亿元，扭亏为盈,智通财经,1737732263,0,https://www.zhitongcaijing.com/content/detail/1244106.html,☆☆☆☆☆,"[{'full_name': '中公教育科技股份有限公司', 'subject_importance': None, 'subject_risk': None, 'orgid': 'T000045443', 'subject_code': None, 'subject_name': None, 'emotion': 'NEU', 'subject_risk_list': [], 'org_types': ['212100', '002', '020006', '216001', '001001'], 'subject_importance_list': None}]",中公教育科技股份有限公司,R1 (2025-01-15~2025-01-25),2025-01-24,2025-01-24 15:24:23
91a7ac08dc5085fd,致远互联：预计2024年全年扣非后净利润亏损1.34亿元至1.86亿元,百家号,1737734097,2,https://baijiahao.baidu.com/s?id=1822124079370120519&wfr=spider&for=pc,★★★☆☆,"[{'full_name': '北京致远互联软件股份有限公司', 'subject_importance': 3, 'subject_risk': '财务预警--盈利能力下降或亏损', 'orgid': 'T001908980', 'subject_code': None, 'subject_name': None, 'emotion': 'NEG', 'subject_risk_list': ['R00008', 'R00008015'], 'org_types': ['212001', '020006', '216011', '001001'], 'subject_importance_list': ['stock@3']}]",北京致远互联软件股份有限公司,R1 (2025-01-15~2025-01-25),2025-01-24,2025-01-24 15:54:57
7af7dec0408edf47,A股年报行情纵深推进 13家上市公司净利最高同比预增超10倍,东方财富网,1737734400,0,https://wap.eastmoney.com/a/202501253308228297.html,☆☆☆☆☆,"[{'full_name': '北京华胜天成科技股份有限公司', 'subject_importance': None, 'subject_risk': None, 'orgid': '03130700', 'subject_code': None, 'subject_name': None, 'emotion': 'NEU', 'subject_risk_list': [], 'org_types': ['020006', '216001', '001001', '212001', '002'], 'subject_importance_list': None}]",北京华胜天成科技股份有限公司,R1 (2025-01-15~2025-01-25),2025-01-24,2025-01-24 16:00:00
474d276a6679f6b5,创业慧康2024预亏，转型战略迎接挑战,金芒财讯,1737734400,0,http://www.insightstock.cn/2025/01/25/ugeh24rerubdbbmkgfdsfn/,★★★☆☆,"[{'full_name': '创业慧康科技股份有限公司', 'subject_importance': 3, 'subject_risk': '财务预警--盈利能力下降或亏损', 'orgid': '00087886', 'subject_code': None, 'subject_name': None, 'emotion': 'NEG', 'subject_risk_list': ['R00008', 'R00008015'], 'org_types': ['020006', '001001', '212100', '216003'], 'subject_importance_list': ['stock@3']}]",创业慧康科技股份有限公司,R1 (2025-01-15~2025-01-25),2025-01-24,2025-01-24 16:00:00
8927146c2e91137b,教育数字化获政策力挺 相关上市公司积极布局,上海证券报,1737734400,0,https://paper.cnstock.com/html/2025-01/25/content_2023201.htm,☆☆☆☆☆,"[{'full_name': '科大讯飞股份有限公司', 'subject_importance': None, 'subject_risk': None, 'orgid': '03134688', 'subject_code': None, 'subject_name': None, 'emotion': 'NEU', 'subject_risk_list': [], 'org_types': ['212100', '216001', '002', '001001', '020006'], 'subject_importance_list': None}]",科大讯飞股份有限公司,R1 (2025-01-15~2025-01-25),2025-01-24,2025-01-24 16:00:00
8927146c2e91137b,教育数字化获政策力挺 相关上市公司积极布局,上海证券报,1737734400,0,https://paper.cnstock.com/html/2025-01/25/content_2023201.htm,☆☆☆☆☆,"[{'full_name': '中公教育科技股份有限公司', 'subject_importance': None, 'subject_risk': None, 'orgid': 'T000045443', 'subject_code': None, 'subject_name': None, 'emotion': 'NEU', 'subject_risk_list': [], 'org_types': ['002', '001001', '020006', '212100', '216001'], 'subject_importance_list': None}]",中公教育科技股份有限公司,R1 (2025-01-15~2025-01-25),2025-01-24,2025-01-24 16:00:00
