thscode,report_date,资产总计,资产负债率,净利润,营业收入,负债合计,所有者权益合计,Layer
688256.SH,20190331,,,-22706450.06,14246659.36,,,上游
688041.SH,20190331,,,,,,,上游
603019.SH,20190331,15332706296.34,73.333,52016636.5,2242091006.26,11243936907.71,4088769388.63,上游
002049.SZ,20190331,5728043247.21,32.3334,66834226.15,669142960.93,1852070808.46,3875972438.75,上游
688008.SH,20190331,4378212800.0,,225740428.46,404717097.14,,4055229800.0,上游
300474.SZ,20190331,2425301969.83,7.8736,20580323.86,88424038.07,190959375.09,2234342594.74,上游
300308.SZ,20190331,9484712741.76,32.4163,99499938.81,875646836.85,3074596949.79,6410115791.97,上游
300502.SZ,20190331,1414616559.24,17.2922,32411344.91,223886415.14,244617883.68,1169998675.56,上游
300394.SZ,20190331,1235763371.58,10.3748,33747351.46,111909251.16,128207903.93,1107555467.65,上游
002281.SZ,20190331,6040404064.23,41.8955,57487761.43,1219084111.81,2530658646.64,3509745417.59,上游
000988.SZ,20190331,8565453929.03,31.557,99043003.98,1151036902.03,2703001468.77,5862452460.26,上游
000977.SZ,20190331,24754503955.54,62.2803,86256333.86,9693720176.05,15417173214.89,9337330740.65,上游
002463.SZ,20190331,7052318798.0,40.6252,162451125.0,1363278032.0,2865016987.0,4187301811.0,上游
300476.SZ,20190331,5543907748.12,44.5664,96913508.5,776432144.24,2470719039.32,3073188708.8,上游
600183.SH,20190331,13459633932.73,47.2414,266356540.52,2735295771.57,6358516783.21,7101117149.52,上游
688981.SH,20190331,15100865000.0,40.7473,298508148.22,4624563624.06,6153190000.0,8947675000.0,上游
002371.SZ,20190331,10154249447.15,62.8676,28072894.99,707938610.32,6383734688.32,3770514758.83,上游
688012.SH,20190331,3443113321.07,38.1061,13828602.13,376288946.91,1312034640.35,2131078680.72,上游
300223.SZ,20190331,1217098341.32,4.462,2452600.53,48999811.12,54306389.69,1162791951.63,上游
603986.SH,20190331,2766910426.9,27.6636,39567218.6,456337509.24,765427026.98,2001483399.92,上游
002230.SZ,20190331,15260258733.32,44.7598,124835335.32,1958367539.17,6830467856.6,8429790876.72,中游
688111.SH,20190331,1644965758.81,24.6054,47781217.87,284398777.85,404750417.36,1240215341.45,中游
300229.SZ,20190331,2619265068.66,27.0724,8056262.47,206007708.27,709098023.72,1910167044.94,中游
688327.SH,20190331,,,,,,,中游
002415.SZ,20190331,60547762104.6,34.6206,1517925039.43,9942448619.42,20961980552.49,39585781552.11,中游
603160.SH,20190331,5786484896.7,20.6564,414214424.07,1224785064.56,1195277884.6,4591207012.1,中游
300033.SZ,20190331,4120159135.08,22.9742,100390208.29,286637038.31,946571770.19,3173587364.89,中游
002405.SZ,20190331,9024567634.42,17.6612,38699107.84,521929835.43,1593849071.86,7430718562.56,中游
300624.SZ,20190331,720248397.19,13.8056,24044465.93,171861502.92,99434915.93,620813481.26,中游
300634.SZ,20190331,1639055022.02,19.979,28488223.41,151791879.22,327466301.27,1311588720.75,中游
002777.SZ,20190331,1918538157.7,41.1749,14164963.64,126257210.73,789956362.15,1128581795.55,中游
300365.SZ,20190331,2489729293.69,26.1423,8848069.04,106890910.2,650872116.58,1838857177.11,中游
688088.SH,20190331,1247027056.95,15.428,30421221.62,126048068.98,192391376.03,1054635680.92,中游
300496.SZ,20190331,2497771260.93,35.03,49564362.94,334885053.5,874968097.83,1622803163.1,中游
002253.SZ,20190331,1616916770.44,13.103,3183665.19,43470115.95,211865071.98,1405051698.46,中游
300078.SZ,20190331,3345296622.51,32.0573,26202306.51,303023959.84,1072412413.21,2272884209.3,中游
002236.SZ,20190331,25249751298.42,47.3873,305420296.81,4347918104.26,11965178903.75,13284572394.67,中游
688023.SH,20190331,,,-37334691.58,81111735.0,,,中游
300451.SZ,20190331,3033565452.67,20.0672,64025564.66,320103330.07,608752304.15,2424813148.52,中游
000997.SZ,20190331,11459440082.67,49.5179,250092963.03,1214534746.01,5674472258.49,5784967824.18,中游
688228.SH,20190331,,,2041064.83,27436970.39,,,下游
300785.SZ,20190331,487645405.12,29.0537,18142468.29,103352392.2,141678839.58,345966565.54,下游
300058.SZ,20190331,17602319175.3,55.4124,226308455.94,5595050504.42,9753858903.47,7848460271.83,下游
002131.SZ,20190331,13830649806.3,42.6894,137635260.52,3300515008.62,5904218537.55,7926431268.75,下游
600556.SH,20190331,101332620.85,68.1672,-6899561.76,5462056.01,69075649.66,32256971.19,下游
300781.SZ,20190331,382588328.56,16.9675,10133058.15,94266849.39,64915548.53,317672780.03,下游
600570.SH,20190331,6379861764.17,40.1102,388920899.7,592186314.03,2558973455.4,3820888308.77,下游
002607.SZ,20190331,9960589685.08,69.14,106193482.28,1311632662.04,6886747127.41,3073842557.67,下游
300253.SZ,20190331,4226795053.85,18.1918,51279762.58,246968378.88,768928744.79,3457866309.06,下游
688369.SH,20190331,,,-8103382.32,83513854.22,,,下游
300188.SZ,20190331,3285900762.97,19.115,-24243196.04,246643816.26,628101491.23,2657799271.74,下游
002439.SZ,20190331,4690636560.12,23.7293,-44009247.3,347101346.28,1113053610.56,3577582949.56,下游
300036.SZ,20190331,2615051353.86,25.7769,6249991.95,216401394.7,674079457.15,1940971896.71,下游
300020.SZ,20190331,6124286806.83,45.1316,59615231.58,558652448.46,2763986854.42,3360299952.41,下游
300075.SZ,20190331,3032463789.03,27.0965,22036798.31,206127243.89,821692085.61,2210771703.42,下游
300168.SZ,20190331,8956384848.27,56.0545,15160894.57,380394842.03,5020452832.67,3935932015.6,下游
002065.SZ,20190331,16345843481.83,42.3719,148944292.4,1638024012.88,6926041206.05,9419802275.78,下游
600410.SH,20190331,10001444875.26,45.2231,193924983.65,1151478641.98,4522959058.75,5478485816.51,下游
300170.SZ,20190331,3838695799.3,21.5302,62818397.49,701838700.44,826478600.86,3012217198.44,下游
002368.SZ,20190331,7512690223.24,59.361,15629135.91,1559319100.54,4459607043.65,3053083179.59,下游
688256.SH,20190630,,,-30800381.83,97990508.48,,,上游
688041.SH,20190630,,,,,,,上游
603019.SH,20190630,17144269555.77,75.5059,222414659.15,4606541533.97,12944931958.75,4199337597.02,上游
002049.SZ,20190630,5992717533.27,33.5785,191875431.96,1559085488.21,2012263379.77,3980454153.5,上游
688008.SH,20190630,4484824169.9,9.0964,450827200.56,879178620.77,407956412.26,4076867757.64,上游
300474.SZ,20190630,2476019988.46,9.4527,76806503.17,257079747.51,234050188.88,2241969799.58,上游
300308.SZ,20190630,9719779547.18,33.4866,207314057.36,2035202680.96,3254826088.55,6464953458.63,上游
300502.SZ,20190630,1454577332.49,18.1294,80662999.36,480339755.1,263705945.94,1190871386.55,上游
300394.SZ,20190630,1240386568.38,12.8055,77605991.89,248944224.46,158837446.39,1081549121.99,上游
002281.SZ,20190630,6861782185.06,37.2099,132711239.77,2478716733.6,2553259928.37,4308522256.69,上游
000988.SZ,20190630,8925198213.84,32.0504,332305743.14,2554416241.8,2860561316.09,6064636897.75,上游
000977.SZ,20190630,23274246261.94,58.7575,271922482.89,21540772269.69,13675354620.57,9598891641.37,上游
002463.SZ,20190630,7467768231.0,41.2393,478398629.0,3121917456.0,3079659014.0,4388109217.0,上游
300476.SZ,20190630,5691565382.95,46.1494,220051445.37,1592820388.63,2626621622.34,3064943760.61,上游
600183.SH,20190630,13614103452.13,46.1001,676787097.68,5972960053.46,6276121369.47,7337982082.66,上游
688981.SH,20190630,16105745000.0,40.4089,101942000.0,10172399000.0,6508157000.0,9597588000.0,上游
002371.SZ,20190630,10864705804.39,64.3899,156123664.91,1654642957.58,6995774530.01,3868931274.38,上游
688012.SH,20190630,3341133557.75,35.7142,30323893.38,801062332.68,1193259033.33,2147874524.42,上游
300223.SZ,20190630,1247107523.6,4.2403,36961780.94,143979612.92,52881341.6,1194226182.0,上游
603986.SH,20190630,4690852434.64,23.0473,187036115.06,1202057595.09,1081115993.7,3609736440.94,上游
002230.SZ,20190630,15962880593.06,44.2013,249866510.66,4228169340.71,7055794220.73,8907086372.33,中游
688111.SH,20190630,1840464239.52,26.8097,146895686.54,685261975.49,493422051.82,1347042187.7,中游
300229.SZ,20190630,2644605685.99,25.9868,30684574.48,419624703.36,687248129.48,1957357556.51,中游
688327.SH,20190630,,,,,,,中游
002415.SZ,20190630,64344901612.62,42.6025,4223761290.19,23923273424.5,27412534764.08,36932366848.54,中游
603160.SH,20190630,6919446252.07,27.8782,1016840592.76,2886715291.61,1929017842.78,4990428409.29,中游
300033.SZ,20190630,4331817386.81,22.7024,264566180.0,702417683.27,983428198.98,3348389187.83,中游
002405.SZ,20190630,9086581109.2,17.7798,61235718.39,1083711968.68,1615580090.82,7471001018.38,中游
300624.SZ,20190630,834991833.8,22.1243,52952693.18,339117861.05,184736305.86,650255527.94,中游
300634.SZ,20190630,1631117545.65,19.8929,59170784.75,320610896.75,324475992.33,1306641553.32,中游
002777.SZ,20190630,1875005049.62,39.4321,64369211.62,340771740.51,739354154.09,1135650895.53,中游
300365.SZ,20190630,2587140356.99,26.5765,90651015.36,443779074.7,687571701.08,1899568655.91,中游
688088.SH,20190630,1360231057.84,17.7038,95740580.99,276134614.34,240812280.4,1119418777.44,中游
300496.SZ,20190630,2387747399.85,29.0721,90674749.85,735081350.07,694169120.47,1693578279.38,中游
002253.SZ,20190630,1601063898.63,13.3854,9917930.55,107740599.05,214309607.58,1386754291.05,中游
300078.SZ,20190630,3483102781.79,33.3496,85712790.08,723768105.91,1161600237.86,2321502543.93,中游
002236.SZ,20190630,27427525950.44,49.4905,1204662193.99,10806566370.89,13574023594.24,13853502356.2,中游
688023.SH,20190630,796596228.3,43.711,-58225524.62,264979050.94,348200362.4,448395865.9,中游
300451.SZ,20190630,3089377317.44,19.9859,129635026.84,613845851.35,617439575.07,2471937742.37,中游
000997.SZ,20190630,12087535622.28,49.7532,446488560.59,2568064635.54,6013939286.39,6073596335.89,中游
688228.SH,20190630,260583970.35,37.4545,7278954.58,67351557.23,97600446.21,162983524.14,下游
300785.SZ,20190630,533850275.16,34.6947,46808420.31,273476368.34,185217757.6,348632517.56,下游
300058.SZ,20190630,17661428133.73,51.3152,469372132.78,11746571613.07,9063005503.13,8598422630.6,下游
002131.SZ,20190630,13947859719.1,41.8677,234038721.44,6978594253.9,5839645443.29,8108214275.81,下游
600556.SH,20190630,80290324.49,107.8161,-45432100.07,13200443.12,86565891.61,-6275567.12,下游
300781.SZ,20190630,714854520.26,10.8476,24567932.66,186677059.07,77544775.09,637309745.17,下游
600570.SH,20190630,6515683753.02,39.3744,675922983.35,1523962060.03,2565510735.17,3950173017.85,下游
002607.SZ,20190630,10490117450.9,80.4042,493025465.15,3637419515.48,8434494769.94,2055622680.96,下游
300253.SZ,20190630,4414494940.95,19.9874,146286047.82,669541606.52,882340841.78,3532154099.17,下游
688369.SH,20190630,669705883.15,48.9764,22387101.45,250716879.8,327997984.6,341707898.55,下游
300188.SZ,20190630,3154041730.79,18.2765,-10464296.05,583375862.89,576448638.54,2577593092.25,下游
002439.SZ,20190630,5581774084.64,32.7546,7990699.92,882092643.61,1828286845.03,3753487239.61,下游
300036.SZ,20190630,2563032675.86,24.3029,38673665.23,639753262.97,622890833.41,1940141842.45,下游
300020.SZ,20190630,6294035449.88,46.5924,123827582.31,1088529765.53,2932541203.69,3361494246.19,下游
300075.SZ,20190630,3044200233.19,23.807,93995418.69,521528996.29,724733353.79,2319466879.4,下游
300168.SZ,20190630,8917746128.18,56.0984,33383288.35,1143323570.43,5002712607.13,3915033521.05,下游
002065.SZ,20190630,16079305912.78,40.1274,378403446.79,3593070927.63,6452207146.26,9627098766.52,下游
600410.SH,20190630,10048004529.53,44.8386,163008277.41,2400213407.78,4505382867.8,5542621661.73,下游
300170.SZ,20190630,4190071976.61,25.3364,165014671.16,1603315088.52,1061612151.64,3128459824.97,下游
002368.SZ,20190630,8212612026.9,64.0106,13414959.11,3012768880.67,5256943329.44,2955668697.46,下游
688256.SH,20190930,,,-585820404.02,110185776.26,,,上游
688041.SH,20190930,,,,,,,上游
603019.SH,20190930,16393404887.57,74.029,272924105.84,6780717165.5,12135868905.08,4257535982.49,上游
002049.SZ,20190930,6401122422.64,35.043,363506581.5,2489007395.37,2243144802.23,4157977620.41,上游
688008.SH,20190930,7589090863.85,5.6171,743509898.07,1384346338.27,426289813.94,7162801049.91,上游
300474.SZ,20190930,2540133080.41,9.0799,123062344.81,385437998.6,230641789.27,2309491291.14,上游
300308.SZ,20190930,9809079378.52,31.3161,357884535.76,3283913790.73,3071817925.13,6737261453.39,上游
300502.SZ,20190930,1541263316.87,19.203,132981191.39,771245348.76,295968968.65,1245294348.22,上游
300394.SZ,20190930,1289088346.28,12.1729,126561463.15,383504414.49,156920055.13,1132168291.15,上游
002281.SZ,20190930,7123141110.84,37.8059,238020505.25,3895878504.66,2692964644.06,4430176466.78,上游
000988.SZ,20190930,9206418538.0,32.6512,460180154.11,3878199712.19,3006002281.85,6200416256.15,上游
000977.SZ,20190930,24926083979.34,60.2747,514841352.24,38230327497.41,15024118873.74,9901965105.6,上游
002463.SZ,20190930,7856780376.0,39.2652,851214072.0,5010337013.0,3084976967.0,4771803409.0,上游
300476.SZ,20190930,6009160687.63,46.6997,358654512.11,2676787758.78,2806261480.8,3202899206.83,上游
600183.SH,20190930,14487819748.26,39.2429,1122118094.57,9470041407.82,5685442518.98,8802377229.28,上游
688981.SH,20190930,16154375000.0,40.3015,713213000.0,15971502000.0,6510452000.0,9643923000.0,上游
002371.SZ,20190930,10952605450.31,63.7561,263160288.67,2736629592.39,6982959480.2,3969645970.11,上游
688012.SH,20190930,4852624472.06,23.924,134828978.02,1217521611.84,1160942112.88,3691682359.18,上游
300223.SZ,20190930,1285668412.92,3.4725,64918102.14,240904055.7,44644926.66,1241023486.26,上游
603986.SH,20190930,5799057723.48,14.5213,448749462.39,2203665485.37,842098778.18,4956958945.3,上游
002230.SZ,20190930,19204891874.38,39.8559,477074257.01,6573103454.93,7654284268.54,11550607605.84,中游
688111.SH,20190930,1965650974.2,28.2407,204411343.18,1042079122.13,555113375.03,1410537599.17,中游
300229.SZ,20190930,2692757478.19,25.9133,68086459.35,640379330.46,697781222.18,1994976256.01,中游
688327.SH,20190930,,,,,,,中游
002415.SZ,20190930,68288828836.24,39.9392,8094091870.41,39838916228.85,27273995295.03,41014833541.21,中游
603160.SH,20190930,7619880879.61,24.9309,1712310161.99,4678220795.52,1899701592.61,5720179287.0,中游
300033.SZ,20190930,4686298877.19,24.1781,458359356.94,1156062650.08,1133057802.45,3553241074.74,中游
002405.SZ,20190930,8575483079.37,11.9995,-10833006.74,1535044127.53,1029019350.39,7546463728.98,中游
300624.SZ,20190930,857670663.96,19.4925,86941320.84,515099157.03,167181869.96,690488794.0,中游
300634.SZ,20190930,1645640625.61,18.7755,93172143.99,496519357.44,308977750.21,1336662875.4,中游
002777.SZ,20190930,1943591242.63,40.3732,90919309.76,495492091.39,784690248.96,1158900993.67,中游
300365.SZ,20190930,2663732483.46,27.0606,129435642.11,659553276.32,720822932.67,1942909550.79,中游
688088.SH,20190930,2680217980.75,9.2719,141715466.55,412881774.18,248506506.32,2431711474.43,中游
300496.SZ,20190930,2809175119.49,37.161,158482110.39,1274152796.53,1043917787.61,1765257331.88,中游
002253.SZ,20190930,1631371142.8,14.0069,23991067.05,180040573.49,228505182.7,1402865960.1,中游
300078.SZ,20190930,3567232933.03,34.4616,117449209.49,1067869881.06,1229326092.8,2337906840.23,中游
002236.SZ,20190930,27920148513.49,48.3759,1830482376.44,16428235097.23,13506629135.22,14413519378.27,中游
688023.SH,20190930,887733660.91,47.6116,-41551980.54,471198504.81,422664250.93,465069409.98,中游
300451.SZ,20190930,3175869664.38,20.1986,189839103.06,942600398.25,641481870.85,2534387793.53,中游
000997.SZ,20190930,10902930766.3,44.8072,646328882.46,3875271832.02,4885300288.22,6017630478.08,中游
688228.SH,20190930,252630100.0,30.0727,20952942.58,141657620.95,75972600.0,,下游
300785.SZ,20190930,875980111.85,20.8269,61716343.99,404566093.31,182439769.6,693540342.25,下游
300058.SZ,20190930,18617738296.7,52.575,640641229.87,19687602992.67,9788280725.13,8829457571.57,下游
002131.SZ,20190930,14124562033.44,42.0217,319860050.11,10705885364.52,5935374356.98,8189187676.46,下游
600556.SH,20190930,75823577.93,161.6883,-85930814.28,19898613.53,122597859.26,-46774281.33,下游
300781.SZ,20190930,729345364.7,17.06,34955411.64,282255973.74,124426099.07,604919265.63,下游
600570.SH,20190930,6721213483.07,39.4824,799244371.27,2297144694.28,2653696967.78,4067516515.29,下游
002607.SZ,20190930,9315121579.83,72.7872,958862302.01,6159107933.49,6780212062.01,2534909517.82,下游
300253.SZ,20190930,4657523143.25,21.7786,252517836.58,1197832903.2,1014341766.43,3643181376.82,下游
688369.SH,20190930,686589528.92,48.2947,35682352.21,381885906.35,331586379.61,355003149.31,下游
300188.SZ,20190930,3462231015.61,26.3007,-47582034.13,862994160.18,910591171.83,2551639843.78,下游
002439.SZ,20190930,5787511927.72,34.8238,88135720.04,1582941789.86,2015431762.73,3772080164.99,下游
300036.SZ,20190930,2657021803.35,23.5383,125014547.5,1053305505.41,625417856.52,2031603946.83,下游
300020.SZ,20190930,6262625103.44,46.3151,133756664.64,1452912914.06,2900539848.59,3362085254.85,下游
300075.SZ,20190930,2980010887.77,21.755,94625240.72,755206141.49,648300182.92,2331710704.85,下游
300168.SZ,20190930,9050829696.91,56.6044,35939624.2,1658567886.8,5123168114.27,3927661582.64,下游
002065.SZ,20190930,17002356214.02,43.0888,738274521.07,5733443986.9,7326106179.12,9676250034.9,下游
600410.SH,20190930,10161941162.07,44.1574,267046095.66,3341431769.69,4487243973.94,5674697188.13,下游
300170.SZ,20190930,4285277600.81,27.3349,82553347.92,2236177079.91,1171376394.72,3113901206.09,下游
002368.SZ,20190930,8774385287.64,65.515,68603036.61,4584043268.23,5748542432.23,3025842855.41,下游
688256.SH,20191231,4668472281.56,6.683,-1179125331.43,443938465.82,311992772.79,4356479508.77,上游
688041.SH,20191231,5694925479.85,49.9416,-137359291.25,379165118.93,2844134661.15,2850790818.7,上游
603019.SH,20191231,16769281027.02,72.442,638394802.42,9526470351.47,12148004027.78,4621276999.24,上游
002049.SZ,20191231,6786465319.76,38.2188,400546989.29,3430409964.8,2593708995.01,4192756324.75,上游
688008.SH,20191231,7780753456.61,5.7967,932858391.73,1737734714.98,451029105.94,7329724350.67,上游
300474.SZ,20191231,2597740933.18,9.2148,175966098.05,530787249.45,239377197.09,2358363736.09,上游
300308.SZ,20191231,10491166090.97,33.9805,513487200.53,4757677023.35,3564949613.86,6926216477.11,上游
300502.SZ,20191231,1665182568.13,20.2494,212856556.51,1164873682.36,337188739.71,1327993828.42,上游
300394.SZ,20191231,1344719334.53,12.8818,167278396.82,522930856.11,173223754.73,1171495579.8,上游
002281.SZ,20191231,7232506900.35,37.3282,327735769.25,5337915720.69,2699761147.47,4532745752.88,上游
000988.SZ,20191231,9611537305.35,34.973,495482661.91,5460245491.93,3361441158.1,6250096147.25,上游
000977.SZ,20191231,29409085017.16,64.9489,955389613.89,51653280173.6,19100867376.04,10308217641.12,上游
002463.SZ,20191231,8236218053.0,37.6648,1205980495.0,7128544582.0,3102157357.0,5134060696.0,上游
300476.SZ,20191231,6992319500.2,52.437,462745831.24,3884618905.81,3666562043.57,3325757456.63,上游
600183.SH,20191231,15534907870.03,39.7897,1563393933.92,13241085241.08,6181290811.2,9353617058.83,上游
688981.SH,20191231,114817063254.66,37.9369,1268528679.49,22017882940.2,43558038614.43,71259024640.23,上游
002371.SZ,20191231,13734762794.66,55.5856,369653491.9,4058312881.7,7634555817.19,6100206977.47,上游
688012.SH,20191231,4774054304.04,21.425,188582806.72,1946949250.75,1022841198.51,3751213105.53,上游
300223.SZ,20191231,1309468574.98,5.6591,58659727.2,339351160.33,74104765.67,1235363809.31,上游
603986.SH,20191231,6173524466.5,15.3475,605274383.25,3202917103.2,947479167.64,5226045298.86,上游
002230.SZ,20191231,20100836085.61,41.6202,943070469.56,10078688919.69,8366000082.72,11734836002.89,中游
688111.SH,20191231,6843993486.59,11.3298,400579204.93,1579520610.25,775413228.15,6068580258.44,中游
300229.SZ,20191231,2889279680.67,26.6144,161565602.97,967305988.93,768965042.72,2120314637.95,中游
688327.SH,20191231,2364310482.77,34.2693,-692099470.27,807347204.5,810233364.75,1554077118.02,中游
002415.SZ,20191231,75358000240.29,39.6576,12465184302.65,57658110065.22,29885141355.15,45472858885.14,中游
603160.SH,20191231,7848782537.7,17.9564,2317357060.66,6473254534.5,1409358144.96,6439424392.74,中游
300033.SZ,20191231,5235969278.51,23.7954,897675406.14,1742093893.2,1245917501.47,3990051777.04,中游
002405.SZ,20191231,9055622455.51,11.7525,306475244.64,2309742643.97,1064257822.8,7991364632.71,中游
300624.SZ,20191231,902960094.43,22.4371,80175081.33,703474142.6,202597940.87,700362153.56,中游
300634.SZ,20191231,1716278369.24,18.0621,139471142.4,732082880.63,309996503.21,1406281866.03,中游
002777.SZ,20191231,2045383667.36,38.9337,181333250.19,1016378796.96,796342662.38,1249041004.98,中游
300365.SZ,20191231,2818795281.48,23.9024,295317677.51,1123172356.51,673759121.72,2145036159.76,中游
688088.SH,20191231,2748582105.32,9.0709,210366613.34,564477015.8,249320645.0,2499261460.32,中游
300496.SZ,20191231,2829599500.38,30.4067,237048864.33,1826858644.65,860388830.96,1969210669.42,中游
002253.SZ,20191231,1711135104.86,15.3886,56910722.75,342509091.74,263320169.17,1447814935.69,中游
300078.SZ,20191231,4192899452.06,30.5825,112719850.22,1539064250.5,1282294666.17,2910604785.89,中游
002236.SZ,20191231,29564650212.93,45.9619,3160858484.54,26149430652.42,13588482501.27,15976167711.66,中游
688023.SH,20191231,2172172735.8,28.626,92173153.96,944032874.31,621806223.22,1550366512.58,中游
300451.SZ,20191231,3589661923.11,26.8629,318711981.33,1479824747.66,964285779.32,2625376143.79,中游
000997.SZ,20191231,12249773080.69,48.451,722831920.89,5631027316.1,5935135657.42,6314637423.27,中游
688228.SH,20191231,381164562.96,38.6121,78284300.38,298067695.13,147175693.02,233988869.94,下游
300785.SZ,20191231,1039495100.59,27.7667,119029332.17,662029241.06,288633816.21,750861284.38,下游
300058.SZ,20191231,19051336299.42,53.6674,723307149.8,28105717717.39,10224366037.27,8826970262.15,下游
002131.SZ,20191231,13322567347.52,38.9359,308894237.44,14032624158.53,5187256338.74,8135311008.78,下游
600556.SH,20191231,1953573052.17,50.6121,257999919.72,1977308254.83,988744011.65,964829040.52,下游
300781.SZ,20191231,708626392.59,12.124,52645922.88,392668484.97,85913606.84,622712785.75,下游
600570.SH,20191231,8359497109.35,41.4633,1415412472.29,3871840010.31,3466120129.75,4893376979.6,下游
002607.SZ,20191231,9960705427.94,65.5492,1804542668.51,9176129995.89,6529165543.62,3431539884.32,下游
300253.SZ,20191231,5118903138.98,23.6537,395571761.23,1908007949.0,1210808408.78,3908094730.2,下游
688369.SH,20191231,1683373683.32,26.9773,101945573.37,699836009.29,454128389.75,1229245293.57,下游
300188.SZ,20191231,4200148312.04,28.9441,288709197.14,2067410376.33,1215695621.18,2984452690.86,下游
002439.SZ,20191231,6896155020.04,36.6637,681870066.43,3089495530.2,2528386898.2,4367768121.84,下游
300036.SZ,20191231,3061994412.98,30.628,214027033.3,1735021983.34,937827746.5,2124166666.48,下游
300020.SZ,20191231,6472516865.34,48.5493,146130232.83,2079504434.71,3142360300.26,3330156565.08,下游
300075.SZ,20191231,3109817326.14,23.9331,129867877.55,1257538949.54,744275497.59,2365541828.55,下游
300168.SZ,20191231,7614024078.87,61.7534,-1402398937.08,2124500987.29,4701919026.0,2912105052.87,下游
002065.SZ,20191231,16835002423.2,42.9821,577742462.67,8849012664.06,7236031266.27,9598971156.93,下游
600410.SH,20191231,10001655801.47,44.774,182214703.59,4575030442.22,4478138537.06,5523517264.41,下游
300170.SZ,20191231,4192989403.08,26.9461,86466712.43,2723440576.81,1129845531.27,3063143871.81,下游
002368.SZ,20191231,10656021786.93,67.8774,339841472.06,7062735038.19,7233032732.54,3422989054.39,下游
688256.SH,20200331,4493545555.5,5.4288,-108357584.64,11552641.24,243947597.21,4249597958.29,上游
688041.SH,20200331,,,,,,,上游
603019.SH,20200331,17041225230.01,66.919,58443502.96,2053244579.66,11403810280.68,5637414949.33,上游
002049.SZ,20200331,6806193838.99,35.6305,189204464.07,645956365.3,2425082216.63,4381111622.36,上游
688008.SH,20200331,8174845258.21,6.0329,262988317.7,495752476.11,493176661.95,7681668596.26,上游
300474.SZ,20200331,2658961011.33,10.3347,25470853.44,118035370.4,274796295.35,2384164715.98,上游
300308.SZ,20200331,11016083474.36,35.5862,153661866.9,1326090400.82,3920201448.01,7095882026.35,上游
300502.SZ,20200331,1765623145.88,21.289,56216207.26,270030885.97,375883537.14,1389739608.74,上游
300394.SZ,20200331,1428073505.34,14.6042,46742020.9,156570234.99,208558931.01,1219514574.33,上游
002281.SZ,20200331,7004657945.09,35.3004,-13297385.18,733738740.69,2472669745.59,4531988199.5,上游
000988.SZ,20200331,9326476242.72,33.1232,-15276943.25,759193651.51,3089227930.25,6237248312.47,上游
000977.SZ,20200331,30368939359.03,59.0718,115894394.97,11235140166.65,17939487766.84,12429451592.19,上游
002463.SZ,20200331,8468196859.0,36.7526,213923414.0,1581485424.0,3112278558.0,5355918301.0,上游
300476.SZ,20200331,7026020285.83,51.1868,104491667.47,953820795.91,3596393782.87,3429626502.96,上游
600183.SH,20200331,16147589161.95,40.0212,366498456.94,3071837888.45,6462460626.95,9685128535.0,上游
688981.SH,20200331,125655718675.8,42.3938,347968243.06,6401135983.16,53270284848.63,72385433827.17,上游
002371.SZ,20200331,14148797396.59,56.7301,35818904.3,937940633.62,8026633238.54,6122164158.05,上游
688012.SH,20200331,5220302537.2,27.6384,26181187.38,412585985.95,1442809679.14,3777492858.06,上游
300223.SZ,20200331,1283310357.13,3.0583,12483190.85,56990519.32,39247818.63,1244062538.5,上游
603986.SH,20200331,6274160777.51,13.2839,167709021.77,805476025.47,833452252.44,5440708525.07,上游
002230.SZ,20200331,19502448035.58,40.2592,-124879982.33,1408820489.46,7851532425.91,11650915609.67,中游
688111.SH,20200331,6957055079.72,11.1282,110314478.53,372265142.61,774198197.15,6182856882.57,中游
300229.SZ,20200331,2861804518.27,32.8353,8544161.66,138988155.31,939682287.33,1922122230.94,中游
688327.SH,20200331,,,,,,,中游
002415.SZ,20200331,73083912948.3,35.7055,1553400547.01,9428902974.38,26094986234.52,46988926713.78,中游
603160.SH,20200331,8017163625.71,16.4058,204712839.58,1350516369.18,1315280207.18,6701883418.53,中游
300033.SZ,20200331,5349758151.85,31.423,126844273.46,384438136.56,1681057098.78,3668701053.07,中游
002405.SZ,20200331,8825815206.15,10.3693,-86888007.96,394590435.47,915174544.12,7910640662.03,中游
300624.SZ,20200331,921362219.18,19.9482,34812447.0,197236731.88,183795235.92,737566983.26,中游
300634.SZ,20200331,1776986293.81,21.03,18435701.77,147933492.46,373699620.52,1403286673.29,中游
002777.SZ,20200331,1968725733.44,35.9609,9096610.86,107836726.26,707971320.51,1260754412.93,中游
300365.SZ,20200331,2775862903.06,22.5307,6512858.05,70215925.77,625421359.53,2150441543.53,中游
688088.SH,20200331,2850535600.11,10.28,49295831.45,165119799.86,293036472.2,2557499127.91,中游
300496.SZ,20200331,3350112211.78,41.2633,67701730.32,442121146.16,1382366383.16,1967745828.62,中游
002253.SZ,20200331,1693988295.61,14.3734,4077440.59,37010326.04,243483454.5,1450504841.11,中游
300078.SZ,20200331,4597650004.26,34.1752,22025430.47,333323551.29,1571254503.05,3026395501.21,中游
002236.SZ,20200331,28388447811.63,42.5202,309131986.37,3501562275.8,12070823367.5,16317624444.13,中游
688023.SH,20200331,1943054999.83,22.4412,-44132509.35,116556998.48,436044374.6,1507010625.23,中游
300451.SZ,20200331,3584228557.48,25.5512,59235559.15,327652582.46,915812653.59,2668415903.89,中游
000997.SZ,20200331,11388059503.85,43.1768,105280951.95,1103471582.78,4916998844.3,6471060659.55,中游
688228.SH,20200331,1278785162.06,11.4552,1005099.11,28924003.62,146487533.74,1132297628.32,下游
300785.SZ,20200331,993259444.35,22.4928,18985822.91,126520422.79,223412337.06,769847107.29,下游
300058.SZ,20200331,18688418895.08,51.9243,208163575.46,8116934388.78,9703839152.38,8984579742.7,下游
002131.SZ,20200331,13625655829.29,38.8815,87929719.32,3818419143.38,5297859922.2,8327795907.09,下游
600556.SH,20200331,1714311381.74,40.4639,55805004.64,536317376.54,693677336.58,1020634045.16,下游
300781.SZ,20200331,704661179.59,10.41,8542425.56,78913430.56,73355006.25,631306173.34,下游
600570.SH,20200331,7678606713.76,36.844,-46744738.38,513573750.75,2829106226.77,4849500486.99,下游
002607.SZ,20200331,13358747832.48,84.4213,116301251.23,1230102270.48,11277632550.29,2081115282.19,下游
300253.SZ,20200331,5004678144.66,20.9076,5198701.52,277973283.64,1046355588.2,3958322556.46,下游
688369.SH,20200331,1565154084.25,21.4944,-512144.01,70746523.64,336420934.69,1228733149.56,下游
300188.SZ,20200331,3757365910.03,20.3238,-53915149.44,229931323.35,763638173.29,2993727736.74,下游
002439.SZ,20200331,6670134960.89,22.8049,-80784359.3,229730569.24,1521118292.38,5149016668.51,下游
300036.SZ,20200331,3126810544.98,39.9594,7536219.91,221600410.71,1249454240.62,1877356304.36,下游
300020.SZ,20200331,6474958636.22,47.7366,56409437.14,525606485.22,3090925795.18,3384032841.04,下游
300075.SZ,20200331,3094707781.26,20.4694,24348374.29,183085877.01,633466749.25,2461241032.01,下游
300168.SZ,20200331,8281250164.06,66.5497,-137413626.13,293534666.67,5511144877.81,2770105286.25,下游
002065.SZ,20200331,16869423176.93,42.208,150594706.06,1727038577.62,7120241747.12,9749181429.81,下游
600410.SH,20200331,10564238953.85,42.3139,535710538.6,926988418.87,4470143025.94,6094095927.91,下游
300170.SZ,20200331,4259542423.36,27.7282,12625992.87,589325380.28,1181092862.7,3078449560.66,下游
002368.SZ,20200331,10089857579.18,65.9439,13219647.37,1365389807.96,6653648877.42,3436208701.76,下游
688256.SH,20200630,4494370833.36,7.5266,-201859556.62,87203426.05,338274847.05,4156095986.31,上游
688041.SH,20200630,,,,,,,上游
603019.SH,20200630,16064853806.74,60.7659,261193323.52,3988603992.73,9761950641.6,6302903165.14,上游
002049.SZ,20200630,6879845430.1,33.7306,402219741.5,1464365307.19,2320615125.34,4559230304.76,上游
688008.SH,20200630,8540919787.47,9.4205,601524666.96,1089576668.42,804595144.01,7736324643.46,上游
300474.SZ,20200630,2663083154.77,9.4256,89161261.05,309493570.91,251012238.06,2412070916.71,上游
300308.SZ,20200630,12560466057.84,41.4465,366147144.94,3244675971.03,5205872823.4,7354593234.44,上游
300502.SZ,20200630,2031111466.34,26.5927,191216914.96,836551632.99,540127275.82,1490984190.52,上游
300394.SZ,20200630,1435658126.6,14.4529,127682999.22,392708314.78,207494422.43,1228163704.17,上游
002281.SZ,20200630,7909412367.8,40.5672,194198767.62,2558456609.96,3208626366.37,4700786001.43,上游
000988.SZ,20200630,10139134015.11,36.0946,337519464.51,2744215853.95,3659678663.66,6479455351.45,上游
000977.SZ,20200630,39828588327.13,68.2691,383518429.03,30286292200.43,27190606973.03,12637981354.1,上游
002463.SZ,20200630,8686914364.0,37.4533,583547744.0,3533588670.0,3253536048.0,5433378316.0,上游
300476.SZ,20200630,7982059959.89,55.0771,260956224.37,2327426044.85,4396291075.4,3585768884.49,上游
600183.SH,20200630,16792026177.4,43.5673,901282240.17,6878731450.28,7315825075.3,9476201102.1,上游
688981.SH,20200630,144363574000.0,35.3663,1210273000.0,13161499000.0,51056121000.0,93307453000.0,上游
002371.SZ,20200630,14802271398.1,57.625,217012865.31,2176996774.42,8529808701.44,6272462696.66,上游
688012.SH,20200630,5108915771.09,24.0197,119049764.44,978404284.64,1227148118.83,3881767652.26,上游
300223.SZ,20200630,9076016580.93,24.4786,11440419.69,354736452.01,2221682850.15,6854333730.78,上游
603986.SH,20200630,10948543999.27,7.7471,363010923.64,1657803903.71,848190605.92,10100353393.35,上游
002230.SZ,20200630,20936200358.45,42.3345,285713456.64,4349201290.01,8863235473.14,12072964885.31,中游
688111.SH,20200630,7239383401.83,13.0629,357402303.87,915768796.76,945676855.24,6293706546.59,中游
300229.SZ,20200630,2851257881.63,32.2145,43075453.16,343871138.44,918517112.57,1932740769.06,中游
688327.SH,20200630,2431228981.55,23.6664,-298317661.55,220961911.7,575385324.01,1855843657.54,中游
002415.SZ,20200630,71938322381.28,38.494,4666871541.0,24271159243.76,27691967125.13,44246355256.15,中游
603160.SH,20200630,8443663691.86,18.8139,597325017.92,3056096472.31,1588582729.74,6855080962.12,中游
300033.SZ,20200630,5839629907.03,31.831,439165195.92,991516166.7,1858814943.79,3980814963.24,中游
002405.SZ,20200630,8924595555.03,10.5851,-184153155.99,961480595.79,944675194.01,7979920361.02,中游
300624.SZ,20200630,940880515.4,18.2553,95432682.76,474618179.53,171760754.68,769119760.72,中游
300634.SZ,20200630,1763890624.64,19.2534,64168537.85,322857155.28,339608326.02,1424282298.62,中游
002777.SZ,20200630,2027976263.92,39.054,59303186.6,310721129.44,792005888.77,1235970375.15,中游
300365.SZ,20200630,2772729648.11,22.919,35166743.4,244260182.98,635482808.24,2137246839.87,中游
688088.SH,20200630,2897327616.96,10.6365,118448118.28,316071405.26,308175418.54,2589152198.42,中游
300496.SZ,20200630,3512763280.75,40.0822,177460736.13,1049562096.67,1407993043.03,2104770237.72,中游
002253.SZ,20200630,1725680112.77,16.9397,12806869.66,115246159.64,292324273.99,1433355838.78,中游
300078.SZ,20200630,4558837546.25,32.9549,47969360.82,718499781.76,1502358948.36,3056478597.89,中游
002236.SZ,20200630,29550280033.16,41.1594,1370732897.65,9838328853.62,12162703563.13,17387576470.03,中游
688023.SH,20200630,1939882072.22,24.5464,-61008904.91,320052744.85,476170259.81,1463711812.41,中游
300451.SZ,20200630,3610394566.31,25.7966,95793991.8,709200622.36,931358301.13,2679036265.18,中游
000997.SZ,20200630,12040189711.45,45.0265,251337054.45,2742072727.76,5421274131.16,6618915580.29,中游
688228.SH,20200630,1262090392.37,11.5925,7986871.71,81800492.66,146307695.45,1115782696.92,下游
300785.SZ,20200630,1116447774.94,25.1541,68548214.66,362602532.87,280832342.39,835615432.55,下游
300058.SZ,20200630,19704073359.09,53.655,336338652.94,17374579908.16,10572229542.33,9131843816.76,下游
002131.SZ,20200630,12722993116.65,33.4426,262509313.11,7356292309.29,4254894443.49,8468098673.16,下游
600556.SH,20200630,1909406980.06,43.7554,135495256.29,1320207038.18,835469166.0,1073937814.06,下游
300781.SZ,20200630,691845214.69,7.446,17367311.75,140629188.05,51515081.26,640330133.43,下游
600570.SH,20200630,7736739669.08,35.4188,342801211.3,1619473831.97,2740258563.89,4996481105.19,下游
002607.SZ,20200630,13263976215.43,86.8423,-233032328.6,2807980480.6,11518744513.07,1745231702.36,下游
300253.SZ,20200630,5174860446.5,22.1557,61887319.72,793308890.48,1146528329.57,4028332116.93,下游
688369.SH,20200630,1572101966.58,21.2271,39941325.41,251630409.43,333711180.8,1238390785.78,下游
300188.SZ,20200630,3917879723.64,22.4427,-926509.44,611628594.14,879276528.83,3038603194.81,下游
002439.SZ,20200630,6521686579.92,20.531,-23888789.82,754588255.05,1338964359.98,5182722219.94,下游
300036.SZ,20200630,2941617926.58,34.9098,40367476.44,523211274.4,1026911941.72,1914705984.86,下游
300020.SZ,20200630,6558801216.63,46.5885,113671533.16,1089444158.29,3055646519.41,3503154697.22,下游
300075.SZ,20200630,3197578540.29,23.7266,71093362.38,486531972.52,758677642.27,2438900898.02,下游
300168.SZ,20200630,8192651359.12,64.9139,-210174129.89,794772351.19,5318167271.88,2874484087.24,下游
002065.SZ,20200630,17574264220.62,42.9733,390655527.44,3639858350.26,7552242693.84,10022021526.78,下游
600410.SH,20200630,10543538233.32,42.8616,578085599.22,1801222026.32,4519130139.19,6024408094.13,下游
300170.SZ,20200630,4201092403.7,24.7607,26341164.16,1189116775.7,1040220629.5,3160871774.2,下游
002368.SZ,20200630,10040829425.32,65.14,21388936.54,2996886183.91,6540598550.19,3500230875.13,下游
688256.SH,20200930,6955822478.64,5.8901,-309512213.85,157529957.92,409706233.37,6546116245.27,上游
688041.SH,20200930,,,,,,,上游
603019.SH,20200930,17609366933.64,63.2731,330461585.51,5957112919.64,11141985308.31,6467381625.33,上游
002049.SZ,20200930,7147409347.35,32.3593,687322410.25,2320269570.65,2312852678.79,4834556668.56,上游
688008.SH,20200930,8378511833.01,5.1948,877768411.96,1468451314.55,435244909.71,7943266923.3,上游
300474.SZ,20200930,2725243249.36,9.3788,146737122.24,466172094.02,255596471.46,2469646777.9,上游
300308.SZ,20200930,13214262583.56,41.8253,604286707.34,5204785596.23,5526910628.7,7687351954.86,上游
300502.SZ,20200930,2451427730.55,32.9067,341847921.61,1437455100.28,806684517.2,1644743213.35,上游
300394.SZ,20200930,1589298191.89,17.4938,217042461.49,656720602.13,278028483.1,1311269708.79,上游
002281.SZ,20200930,8930499864.93,45.2312,366330004.23,4251946970.34,4039376427.77,4891123437.16,上游
000988.SZ,20200930,10628625987.75,37.6953,480568407.89,4510296294.04,4006494941.42,6622131046.33,上游
000977.SZ,20200930,38849645568.41,63.8479,634932380.57,45503069072.24,24804667771.11,14044977797.3,上游
002463.SZ,20200930,9071163995.0,35.7166,954593694.0,5556751929.0,3239909090.0,5831254905.0,上游
300476.SZ,20200930,8642949596.87,58.3203,424127202.5,3784490478.67,5040598029.06,3602351567.81,上游
600183.SH,20200930,18042367367.33,43.3411,1405785031.94,10690001192.32,7819754951.86,10222612415.47,上游
688981.SH,20200930,197602228000.0,27.4223,2956082000.0,20799659000.0,54187118000.0,143415110000.0,上游
002371.SZ,20200930,15880520931.35,58.5697,388135407.4,3835578894.53,9301176738.48,6579344192.87,上游
688012.SH,20200930,5367560969.6,23.6016,277000076.35,1476308787.77,1266830210.74,4100730758.86,上游
300223.SZ,20200930,8929616485.86,8.5296,22305526.76,1228174726.8,761656365.29,8167960120.57,上游
603986.SH,20200930,11505918827.09,8.9373,672730143.34,3173713874.54,1028319182.7,10477599644.39,上游
002230.SZ,20200930,22493555730.76,44.7652,620252583.46,7284075113.64,10069274550.66,12424281180.1,中游
688111.SH,20200930,7818156186.55,16.129,596430888.6,1503171985.18,1260986834.46,6557169352.09,中游
300229.SZ,20200930,2911491408.99,32.1083,92069988.86,560914560.4,934830758.32,1976660650.67,中游
688327.SH,20200930,,,,411348700.0,,,中游
002415.SZ,20200930,79216734278.27,38.9594,8577197717.37,42021194889.62,30862399079.08,48354335199.19,中游
603160.SH,20200930,9204220288.99,19.1399,1100084597.36,5128237726.45,1761675572.62,7442544716.37,中游
300033.SZ,20200930,6099574272.14,29.6051,772099972.12,1664288490.18,1805785643.44,4293788628.7,中游
002405.SZ,20200930,8834928065.27,9.4402,-199487124.07,1529516293.09,834036056.34,8000892008.93,中游
300624.SZ,20200930,1000954147.44,18.2663,140658205.52,718629885.44,182837581.28,818116566.16,中游
300634.SZ,20200930,1741901514.19,16.6247,92457699.34,525186325.11,289586285.82,1452315228.37,中游
002777.SZ,20200930,2113570589.52,39.7895,96623650.75,498348115.5,840979750.19,1272590839.33,中游
300365.SZ,20200930,2742359800.9,20.7648,94268409.28,515074709.1,569445216.34,2172914584.56,中游
688088.SH,20200930,2956796459.36,9.7322,209828217.45,500297291.8,287761695.11,2669034764.25,中游
300496.SZ,20200930,4997734850.32,21.2284,296554804.01,1787254541.59,1060941260.59,3936793589.73,中游
002253.SZ,20200930,1745189039.1,16.7373,33041345.65,198257021.02,292097332.38,1453091706.72,中游
300078.SZ,20200930,4713652580.08,34.2845,79305135.46,1027992675.14,1616051784.69,3097600795.39,中游
002236.SZ,20200930,32555003527.46,41.9058,2818686408.8,16166204673.11,13642420683.19,18912582844.27,中游
688023.SH,20200930,2010157191.12,25.8622,-35693971.5,660209206.66,519870445.3,1490286745.82,中游
300451.SZ,20200930,4903858980.95,17.2386,172041412.88,1117806170.8,845355714.23,4058503266.72,中游
000997.SZ,20200930,11936064806.95,45.1485,477664598.11,4393871780.33,5388956193.02,6547108613.93,中游
688228.SH,20200930,1259890668.59,10.2778,22605764.68,164355584.53,129489078.7,1130401589.89,下游
300785.SZ,20200930,1099424238.46,21.676,85071234.17,544589161.34,238311694.51,861112543.95,下游
300058.SZ,20200930,20119777181.58,54.1602,631309085.73,28857814457.81,10896908990.96,9222868190.62,下游
002131.SZ,20200930,16044616593.84,29.6066,3088031979.83,10653939857.42,4750259357.5,11294357236.34,下游
600556.SH,20200930,4089084363.77,20.3407,247014524.72,2224330411.69,831747406.74,3257336957.03,下游
300781.SZ,20200930,680428943.96,8.3429,17607090.58,188907573.39,56767315.7,623661628.26,下游
600570.SH,20200930,8421433988.56,47.908,449892041.4,2338103245.41,4034541102.03,4386892886.53,下游
002607.SZ,20200930,15351254073.24,78.5089,1320886289.98,7438969829.81,12052103752.3,3299150320.94,下游
300253.SZ,20200930,5357243582.24,21.8532,197309532.2,1371372671.06,1170729459.9,4186514122.34,下游
688369.SH,20200930,1581752851.38,20.5838,57718737.33,390954595.71,325584653.68,1256168197.7,下游
300188.SZ,20200930,4157369562.19,27.2637,63769186.27,1078175550.95,1133454194.93,3023915367.26,下游
002439.SZ,20200930,6710621501.92,21.5005,66073891.06,1443102922.89,1442816094.88,5267805407.04,下游
300036.SZ,20200930,3200147887.54,36.1264,143468459.72,957714984.8,1156099419.45,2044048468.09,下游
300020.SZ,20200930,6733044743.81,46.0766,128494402.7,1473162292.26,3102359028.05,3630685715.76,下游
300075.SZ,20200930,3766641773.02,18.7267,73892886.06,754688730.72,705369341.96,3061272431.06,下游
300168.SZ,20200930,8142196495.52,65.071,-240587416.98,1637496055.7,5298208251.06,2843988244.46,下游
002065.SZ,20200930,18040690301.9,44.1417,602039725.82,5566687667.11,7963466939.15,10077223362.75,下游
600410.SH,20200930,9899734014.14,41.4603,415872680.94,2556948347.03,4104456400.97,5795277613.17,下游
300170.SZ,20200930,4124624492.9,22.9032,43162727.74,1861647240.18,944670582.27,3179953910.63,下游
002368.SZ,20200930,10208628099.02,65.6507,77894746.93,4724341004.12,6702036898.86,3506591200.16,下游
688256.SH,20201231,7309528671.66,12.0121,-434509331.16,458927330.67,878027439.09,6431501232.57,上游
688041.SH,20201231,9022075152.28,38.1851,-82975170.53,1021972813.24,3445090903.49,5576984248.79,上游
603019.SH,20201231,20963979137.06,42.9744,887470026.26,10161133761.67,9009134876.27,11954844260.79,上游
002049.SZ,20201231,7627730841.82,34.865,801568998.57,3270255229.79,2659406726.32,4968324115.5,上游
688008.SH,20201231,8419441850.95,4.1474,1103683466.93,1823665555.45,349191164.55,8070250686.4,上游
300474.SZ,20201231,3039205042.99,16.7139,207626601.19,653772093.45,507969163.29,2531235879.7,上游
300308.SZ,20201231,13615732311.29,41.2923,876424247.65,7049590125.44,5622245580.64,7993486730.65,上游
300502.SZ,20201231,4217115642.85,18.3322,491758403.47,1997937746.27,773088241.0,3444027401.85,上游
300394.SZ,20201231,1605717976.68,14.2156,283738698.85,873449245.94,228262193.34,1377455783.34,上游
002281.SZ,20201231,8554641008.78,41.4209,452398906.5,6046017103.97,3543412819.65,5011228189.13,上游
000988.SZ,20201231,11076271352.42,39.5984,540423073.35,6137548872.23,4386025641.33,6690245711.09,上游
000977.SZ,20201231,38322865650.5,61.3086,1508972147.09,63037990367.04,23495215308.79,14827650341.71,上游
002463.SZ,20201231,9555973096.0,34.2514,1342812322.0,7460024310.0,3273057236.0,6282915860.0,上游
300476.SZ,20201231,9688802362.97,61.4895,518892111.34,5599607086.45,5957596191.88,3731206171.09,上游
600183.SH,20201231,18357445724.02,42.0218,1800202825.79,14687341460.15,7714125178.89,10643320545.13,上游
688981.SH,20201231,204601654000.0,30.7748,4021326000.0,27470709000.0,62965701000.0,141635953000.0,上游
002371.SZ,20201231,17518033652.78,59.403,631093131.0,6056043031.2,10406245395.99,7111788256.79,上游
688012.SH,20201231,5800876895.94,24.6785,492306518.5,2273291898.06,1431569911.52,4369306984.42,上游
300223.SZ,20201231,8968292062.09,8.3265,72961564.32,2169801108.34,746748809.27,8221543252.82,上游
603986.SH,20201231,11710727472.95,8.6822,880491186.27,4496894867.81,1016747950.99,10693979521.96,上游
002230.SZ,20201231,24836091818.68,47.7703,1441784003.24,13024657865.85,11864280854.58,12971810964.1,中游
688111.SH,20201231,8511586171.34,19.0418,886573819.74,2260968393.13,1620762893.45,6890823277.89,中游
300229.SZ,20201231,2826922248.09,22.885,323147123.68,1309436441.83,646940880.32,2179981367.77,中游
688327.SH,20201231,2491134467.16,39.7767,-843934337.44,754770956.3,990889865.0,1500244602.16,中游
002415.SZ,20201231,88701682384.2,38.5809,13678319472.17,63503450891.78,34221938983.66,54479743400.54,中游
603160.SH,20201231,9887854603.52,18.7173,1659172916.3,6687275485.14,1850742778.52,8037111825.0,中游
300033.SZ,20201231,7155697274.87,26.9923,1723975028.38,2843697937.51,1931486248.51,5224211026.36,中游
002405.SZ,20201231,9205912179.86,14.3163,-356993757.91,2147655643.19,1317943475.67,7887968704.19,中游
300624.SZ,20201231,1064410782.73,22.1769,134032834.58,976477439.98,236053478.87,828357303.86,中游
300634.SZ,20201231,1793281439.75,15.7154,141744360.44,739120238.96,281821333.97,1511460105.78,中游
002777.SZ,20201231,2222397947.21,38.3416,215170779.52,1153540813.37,852102698.67,1370295248.54,中游
300365.SZ,20201231,2703135677.89,19.3903,82230968.78,965315951.82,524146993.03,2178988684.86,中游
688088.SH,20201231,3007394121.07,10.389,251459074.4,683186583.37,312438047.44,2694956073.63,中游
300496.SZ,20201231,5557614837.17,21.0613,449742042.07,2627883627.26,1170505365.94,4387109471.23,中游
002253.SZ,20201231,1797196383.52,16.9098,73668072.2,357347106.37,303902789.68,1493293593.84,中游
300078.SZ,20201231,4650364987.16,38.1696,17180466.07,1374795956.97,1775023753.45,2875341233.71,中游
002236.SZ,20201231,36595034080.75,44.7913,3935241656.29,26465968181.1,16391391970.65,20203642110.1,中游
688023.SH,20201231,2463122943.3,32.1166,131791984.38,1322972681.79,791071967.6,1672050975.7,中游
300451.SZ,20201231,5249128741.16,20.4293,336240903.2,1632841326.43,1072361689.28,4176767051.88,中游
000997.SZ,20201231,11782922774.96,45.4606,502239156.15,6356950910.91,5356589617.75,6426333157.21,中游
688228.SH,20201231,1312112669.38,10.3247,68844837.62,301232157.16,135472006.55,1176640662.83,下游
300785.SZ,20201231,1967630880.47,15.9916,156786537.01,909566133.16,314654864.33,1652976016.14,下游
300058.SZ,20201231,21518969469.61,58.249,742864570.38,40526890931.49,12534582886.42,8984386583.19,下游
002131.SZ,20201231,19257875021.33,32.4263,4773723012.15,15547867888.36,6244609132.17,13013265889.16,下游
600556.SH,20201231,4232267000.88,21.9807,293461606.43,3060400429.85,930280497.41,3301986503.47,下游
300781.SZ,20201231,832141461.98,19.7349,27018449.2,319913844.04,164222308.06,667919153.92,下游
600570.SH,20201231,9971144688.34,49.4766,1363152354.21,4172645156.56,4933383876.61,5037760811.73,下游
002607.SZ,20201231,14418850027.27,70.3506,2304331765.85,11202494295.04,10143754230.46,4275095796.81,下游
300253.SZ,20201231,6057147858.2,22.1706,505525395.34,2266579783.89,1342908093.38,4714239764.82,下游
688369.SH,20201231,1841894055.31,28.121,115808686.73,763291342.0,517958863.67,1323935191.64,下游
300188.SZ,20201231,4645273172.56,27.9252,400659003.66,2386098335.14,1297203548.49,3348069624.07,下游
002439.SZ,20201231,8366558435.55,28.304,810005639.34,3646745336.77,2368074415.24,5998484020.31,下游
300036.SZ,20201231,3584908028.11,40.1618,234213299.76,1610047437.17,1439764894.87,2145143133.24,下游
300020.SZ,20201231,6713578738.66,47.7841,151368294.85,2138181930.27,3208025672.37,3505553066.29,下游
300075.SZ,20201231,4057269438.91,23.3177,158392010.01,1413997067.6,946062343.96,3111207094.95,下游
300168.SZ,20201231,6978310099.38,78.7028,-1285783427.12,3008271072.45,5492123359.97,1486186739.41,下游
002065.SZ,20201231,18883320717.95,46.9193,545945297.52,9167186699.62,8859916326.53,10023404391.42,下游
600410.SH,20201231,9607559559.49,40.2371,441368254.81,3901169825.5,3865803668.09,5741755891.4,下游
300170.SZ,20201231,5217577254.22,36.6787,61447381.02,2493084967.52,1913741394.18,3303835860.04,下游
002368.SZ,20201231,13516118964.9,72.0895,372507032.77,8532609638.35,9743696791.6,3772422173.3,下游
688256.SH,20210331,7053612664.89,11.2284,-205592433.45,36131025.54,792010330.06,6261602334.83,上游
688041.SH,20210331,,,-154329062.66,153620182.21,,,上游
603019.SH,20210331,22856702020.97,47.3341,83664755.14,1982592947.83,10819005664.09,12037696356.88,上游
002049.SZ,20210331,7996024998.78,33.748,327655913.9,952387181.16,2698502271.27,5297522727.51,上游
688008.SH,20210331,8685978394.23,4.3562,134117550.34,299529716.12,378377995.26,8307600398.97,上游
300474.SZ,20210331,3125894571.19,17.4606,48858239.69,212374054.97,545800451.8,2580094119.39,上游
300308.SZ,20210331,13155274835.12,37.9539,134976128.67,1471758423.02,4992936659.88,8162338175.24,上游
300502.SZ,20210331,4272204171.44,16.7541,112405952.96,624327163.09,715770180.17,3556433991.27,上游
300394.SZ,20210331,2433319178.34,9.1305,70917669.03,243382082.88,222175227.42,2211143950.92,上游
002281.SZ,20210331,9104672669.3,42.7773,122810690.92,1510465003.83,3894737388.15,5209935281.15,上游
000988.SZ,20210331,11394724605.29,40.3046,111835264.62,1788486180.98,4592595275.2,6802129330.09,上游
000977.SZ,20210331,35183387412.78,57.1268,225539667.42,11664590372.5,20099156256.53,15084231156.25,上游
002463.SZ,20210331,10207449924.0,35.7341,220776495.0,1746586750.0,3647539353.0,6559910571.0,上游
300476.SZ,20210331,10598842364.45,63.077,182458582.79,1569809944.28,6685435779.52,3913406584.93,上游
600183.SH,20210331,21929279105.43,39.7946,571599026.74,4505306161.61,8726668390.69,13202610714.74,上游
688981.SH,20210331,202225416000.0,27.9882,753058000.0,7291961000.0,56599237000.0,145626179000.0,上游
002371.SZ,20210331,20260452846.69,64.9489,83051009.92,1423425330.52,13158947610.85,7101505235.84,上游
688012.SH,20210331,5903769115.42,22.7505,137736316.96,603346870.6,1343138009.34,4560631106.08,上游
300223.SZ,20210331,9136968040.32,8.4703,119983625.45,1067900981.58,773929355.04,8363038685.28,上游
603986.SH,20210331,12558583188.08,12.0234,301300239.59,1603963163.57,1509970178.38,11048613009.7,上游
002230.SZ,20210331,23669932341.61,44.3681,159909724.74,2501303217.85,10501901343.8,13168030997.81,中游
688111.SH,20210331,8871988713.88,18.6342,327346392.35,773353031.7,1653222754.2,7218765959.68,中游
300229.SZ,20210331,3594385601.53,35.1153,12336133.42,154013034.89,1262177503.78,2332208097.75,中游
688327.SH,20210331,,,-222205845.66,127594954.46,,,中游
002415.SZ,20210331,86378576574.09,34.1078,2434629422.09,13988385531.58,29461855509.08,56916721065.01,中游
603160.SH,20210331,10349459643.35,20.3381,156577133.32,1418941884.8,2104882175.52,8244577467.83,中游
300033.SZ,20210331,6559531568.5,27.5726,169542697.61,530334416.88,1808636128.33,4750895440.17,中游
002405.SZ,20210331,12976913519.23,9.0294,-52646119.15,519179587.92,1171742282.26,11805171236.97,中游
300624.SZ,20210331,1049384037.49,17.0692,34291138.17,253358043.08,179121751.21,870262286.28,中游
300634.SZ,20210331,1796981749.87,14.6582,22109175.88,152096117.15,263405276.6,1533576473.27,中游
002777.SZ,20210331,2172462232.0,36.3363,12773980.25,139071081.66,789393003.21,1383069228.79,中游
300365.SZ,20210331,2690830693.57,17.8183,10618401.51,125142026.6,479459504.26,2211371189.31,中游
688088.SH,20210331,3124831283.78,11.7746,54934325.12,150591108.16,367935597.52,2756895686.26,中游
300496.SZ,20210331,6062071924.03,25.2639,123330653.52,790521306.85,1531513338.97,4530558585.06,中游
002253.SZ,20210331,1772593761.54,15.4709,5063337.56,50335714.1,274236830.14,1498356931.4,中游
300078.SZ,20210331,5360110615.47,39.79,28885512.16,329145737.18,2132788981.74,3227321633.73,中游
002236.SZ,20210331,37793288583.82,43.9774,359601058.2,5114399101.72,16620491918.91,21172796664.91,中游
688023.SH,20210331,2160368534.67,27.5847,-127593739.39,183970260.23,595930130.8,1564438403.87,中游
300451.SZ,20210331,5070225115.05,15.2541,91657485.18,402209573.15,773416281.83,4296808833.22,中游
000997.SZ,20210331,11361950071.92,44.1473,112101697.41,1538836666.64,5015995983.53,6345954088.39,中游
688228.SH,20210331,1277525702.9,8.0173,-1537550.25,31137148.5,102422590.32,1175103112.58,下游
300785.SZ,20210331,1970300827.21,14.1924,25543861.54,235167349.18,279633504.44,1690667322.77,下游
300058.SZ,20210331,21404302772.75,56.3248,362977166.91,10390661657.56,12055921287.54,9348381485.21,下游
002131.SZ,20210331,19262984660.17,35.1099,-508971474.18,4355598866.13,6763214084.05,12499770576.12,下游
600556.SH,20210331,4190676431.36,19.4292,79927172.29,851280223.3,814215917.29,3376460514.07,下游
300781.SZ,20210331,877445452.06,21.8717,17614300.4,120455225.27,191911997.74,685533454.32,下游
600570.SH,20210331,8874888552.45,48.8234,177253228.27,751184334.01,4333024406.88,4541864145.57,下游
002607.SZ,20210331,15995461567.61,72.3933,140729723.47,2051691383.47,11579636047.33,4415825520.28,下游
300253.SZ,20210331,6802457168.68,28.1386,-687811.74,344702672.33,1914113584.76,4888343583.92,下游
688369.SH,20210331,1716087144.8,22.4008,3630676.65,117598817.25,384416526.51,1331670618.29,下游
300188.SZ,20210331,4204283942.47,21.7477,-36547776.3,273865007.72,914336953.22,3289946989.25,下游
002439.SZ,20210331,8284982767.95,28.2669,-75388431.7,505814255.37,2341906249.83,5943076518.12,下游
300036.SZ,20210331,3408437705.49,36.6362,10825631.71,269540450.2,1248722543.08,2159715162.41,下游
300020.SZ,20210331,6686089650.14,46.456,56759176.03,507725465.84,3106088639.82,3580001010.32,下游
300075.SZ,20210331,3989877128.8,20.7827,26729613.04,223640771.29,829202828.31,3160674300.49,下游
300168.SZ,20210331,6756987136.51,77.8524,2838156.25,832465882.2,5260478546.93,1496508589.58,下游
002065.SZ,20210331,18529622804.38,45.2854,107741480.69,2029336331.4,8391217996.44,10138404807.94,下游
600410.SH,20210331,9366029337.05,41.7086,-57911422.89,848545517.7,3906442483.89,5459586853.16,下游
300170.SZ,20210331,5008964768.18,33.4474,14992741.59,653566450.78,1675367524.7,3333597243.48,下游
002368.SZ,20210331,13137705558.43,71.136,19591255.65,1566970738.72,9345639471.73,3792066086.7,下游
688256.SH,20210630,6772565478.63,9.6876,-391603123.66,137872189.19,656096502.02,6116468976.61,上游
688041.SH,20210630,9351601075.87,40.5544,-96667673.04,571371289.39,3792485080.51,5559115995.36,上游
603019.SH,20210630,22906659289.0,46.9533,396796067.07,4498108970.28,10755423267.06,12151236021.94,上游
002049.SZ,20210630,10069490153.94,38.6249,883645828.39,2292379386.29,3889331484.77,6180158669.17,上游
688008.SH,20210630,8620199775.97,5.7123,307846788.0,724463317.63,492414000.78,8127785775.19,上游
300474.SZ,20210630,3172141572.0,17.4679,125811657.14,475107031.5,554104993.27,2618036578.73,上游
300308.SZ,20210630,14013007801.1,40.6896,345269627.18,3297852391.6,5701842326.4,8311165474.7,上游
300502.SZ,20210630,4385879062.54,16.5637,323005211.0,1441202575.66,726464847.57,3659414214.97,上游
300394.SZ,20210630,2353151206.84,8.5377,139040574.77,489735393.12,200904154.98,2152247051.86,上游
002281.SZ,20210630,8961932866.09,41.1602,277120157.92,3137320263.82,3688745977.09,5273186889.0,上游
000988.SZ,20210630,12501583259.11,44.1884,345264779.34,4638754418.03,5524251061.13,6977332197.98,上游
000977.SZ,20210630,34995802146.15,55.6943,802568595.53,28555094547.7,19490672210.37,15505129935.78,上游
002463.SZ,20210630,10888114378.0,39.7456,480310635.0,3542232906.0,4327549599.0,6560564779.0,上游
300476.SZ,20210630,11186812013.55,64.3313,391539633.2,3383877337.84,7196622405.4,3990189608.15,上游
600183.SH,20210630,22565274763.69,41.2406,1462595444.04,9831633551.94,9306057483.72,13259217279.97,上游
688981.SH,20210630,207729432000.0,29.1895,5093113000.0,16090387000.0,60635276000.0,147094156000.0,上游
002371.SZ,20210630,21825277100.14,66.3463,371978991.55,3608358719.53,14480268253.42,7345008846.72,上游
688012.SH,20210630,14449604643.04,9.8886,396555149.24,1338627684.43,1428857185.0,13020747458.04,上游
300223.SZ,20210630,9333990397.51,8.7551,353632419.65,2335807206.81,817197345.56,8516793051.95,上游
603986.SH,20210630,13010379920.48,12.9257,785707095.74,3640884058.16,1681676542.48,11328703378.0,上游
002230.SZ,20210630,24235612034.57,47.1847,460705350.95,6318650532.62,11435489675.88,12800122358.69,中游
688111.SH,20210630,9158176996.34,21.4289,566777385.27,1565084949.82,1962495935.27,7195681061.07,中游
300229.SZ,20210630,3593350247.84,34.9071,55215125.69,391532969.07,1254333878.73,2339016369.11,中游
688327.SH,20210630,2133642900.0,43.1832,-388156809.03,454607177.32,921374300.0,1212268600.0,中游
002415.SZ,20210630,87118829064.12,38.0364,6854875757.07,33902098368.1,33136885138.1,53981943926.02,中游
603160.SH,20210630,9949464624.23,20.3055,420500218.11,2909876707.49,2020289772.47,7929174851.76,中游
300033.SZ,20210630,8662791888.75,40.5409,577171252.93,1327299207.96,3511973977.48,5150817911.27,中游
002405.SZ,20210630,13089958331.89,10.0603,-76602364.14,1197538296.26,1316883894.05,11773074437.84,中游
300624.SZ,20210630,1465919939.14,41.6486,58765971.47,502820185.45,610535314.79,855384624.35,中游
300634.SZ,20210630,2367995396.72,12.5142,67252152.02,401979558.39,296335475.5,2071659921.22,中游
002777.SZ,20210630,2211853394.83,36.4903,81550813.0,402226485.31,807110914.69,1404742480.14,中游
300365.SZ,20210630,2668651392.85,15.9847,46002980.2,291360413.03,426574665.58,2242076727.27,中游
688088.SH,20210630,2964544968.74,12.6442,84685560.94,300641487.9,374843662.21,2589701306.53,中游
300496.SZ,20210630,6275084882.72,25.2418,273744156.87,1694446841.54,1583947382.08,4691137500.64,中游
002253.SZ,20210630,1788366284.01,16.7628,22527223.1,170002388.07,299779986.77,1488586297.24,中游
300078.SZ,20210630,5263013313.32,43.5698,25734377.82,649918633.92,2293084960.62,2969928352.7,中游
002236.SZ,20210630,39765934297.15,44.5776,1675411526.05,13505005733.89,17726689157.67,22039245139.48,中游
688023.SH,20210630,2235401914.64,31.2103,-177925239.87,461756583.76,697676675.35,1537725239.29,中游
300451.SZ,20210630,5038748580.8,14.9643,143963505.59,778007750.65,754014015.63,4284734565.17,中游
000997.SZ,20210630,10973815192.47,44.506,331053224.7,3262638409.18,4884005134.39,6089810058.08,中游
688228.SH,20210630,1254727231.51,7.142,3900883.68,87587984.39,89612784.52,1165114446.99,下游
300785.SZ,20210630,2108594236.07,18.6831,84032552.47,631861911.92,393951799.33,1714642436.74,下游
300058.SZ,20210630,22270079515.15,57.7986,573410057.23,22112624912.12,12871794653.88,9398284861.27,下游
002131.SZ,20210630,21608811857.87,36.0793,932562861.88,9158609005.82,7796297985.63,13812513872.24,下游
600556.SH,20210630,4336866667.12,19.7079,206228368.8,2150547024.08,854703856.18,3482162810.94,下游
300781.SZ,20210630,943110956.87,24.8609,46019011.82,287757489.11,234466249.33,708644707.54,下游
600570.SH,20210630,10020162423.6,49.2468,731398637.03,2052150685.65,4934611308.34,5085551115.26,下游
002607.SZ,20210630,14170766300.3,70.5173,-97164597.74,4855998263.5,9992835101.23,4177931199.07,下游
300253.SZ,20210630,6608200284.17,27.423,96941138.09,1024383705.4,1812167287.21,4796032996.96,下游
688369.SH,20210630,1739908462.66,22.773,45239667.1,365425953.5,396229830.44,1343678632.22,下游
300188.SZ,20210630,4151195977.66,22.8374,208141.01,790499443.54,948026316.72,3203169660.94,下游
002439.SZ,20210630,7779505669.41,24.34,-104784818.07,1211943058.51,1893532784.36,5885972885.05,下游
300036.SZ,20210630,3549218797.59,38.5735,53602510.38,623946919.9,1369058423.72,2180160373.87,下游
300020.SZ,20210630,6589402056.23,46.4482,92125068.63,1090024803.53,3060657990.41,3528744065.82,下游
300075.SZ,20210630,4071986664.37,19.9788,109962036.41,663851665.77,813535419.23,3258451245.14,下游
300168.SZ,20210630,6875634549.71,78.0719,14146182.71,1752615881.73,5367940096.09,1507694453.62,下游
002065.SZ,20210630,20518249097.79,48.949,437967958.66,4517781566.07,10043473267.13,10474775830.66,下游
600410.SH,20210630,8793034073.94,39.1701,-52635803.61,1812020459.94,3444237011.93,5348797062.01,下游
300170.SZ,20210630,4981219820.42,33.3348,25828166.68,1338710546.19,1660477188.82,3320742631.6,下游
002368.SZ,20210630,14688150198.02,74.2319,30831209.06,3684112989.51,10903294273.98,3784855924.04,下游
688256.SH,20210930,6731869954.04,10.9041,-629475854.02,222418738.96,734052342.36,5997817611.68,上游
688041.SH,20210930,,,148786367.84,1359978738.48,,,上游
603019.SH,20210930,23967869854.23,48.7004,496761264.25,6492402477.04,11672444949.31,12295424904.92,上游
002049.SZ,20210930,10836798684.73,37.4179,1484426650.55,3789596936.81,4054902876.89,6781895807.84,上游
688008.SH,20210930,9009716920.68,6.9913,512449943.3,1592696435.66,629900836.26,8379816084.42,上游
300474.SZ,20210930,3236219359.62,15.2814,249453203.06,813450121.02,494541234.97,2741678124.65,上游
300308.SZ,20210930,14379363594.67,39.8002,565695964.14,5322086825.93,5723020067.73,8656343526.94,上游
300502.SZ,20210930,4577621065.81,16.9594,464867505.87,2019290923.95,776335075.1,3801285990.71,上游
300394.SZ,20210930,2453592694.27,9.0487,214642940.46,765920210.67,222018788.52,2231573905.75,上游
002281.SZ,20210930,9553519136.78,42.991,434149045.53,4729758108.14,4107151867.04,5446367269.74,上游
000988.SZ,20210930,12352470975.61,39.8732,796151867.79,7368275516.61,4925330922.91,7427140052.7,上游
000977.SZ,20210930,48674288740.81,67.0814,1354963019.34,46247086543.39,32651393497.28,16022895243.53,上游
002463.SZ,20210930,11000332841.0,37.422,785635858.0,5411631165.0,4116545655.0,6883787186.0,上游
300476.SZ,20210930,11928917517.17,64.6171,622240219.9,5385898028.36,7708117182.82,4220800334.35,上游
600183.SH,20210930,24206827851.4,40.8425,2418665081.88,15378560307.54,9886666836.97,14320161014.43,上游
688981.SH,20210930,215065069000.0,29.6008,7502315000.0,25370997000.0,63660953000.0,151404116000.0,上游
002371.SZ,20210930,22388658673.94,65.5459,762212989.4,6173374642.87,14674856894.19,7713801779.75,上游
688012.SH,20210930,15358817749.03,12.885,541680654.3,2072777066.62,1978986316.15,13379831432.88,上游
300223.SZ,20210930,9770408347.37,9.8711,632478719.05,3793157983.24,964449931.11,8805958416.26,上游
603986.SH,20210930,14614579612.71,13.885,1648183513.49,6329944963.67,2029234909.6,12585344703.11,上游
002230.SZ,20210930,28340201326.63,44.7261,767578338.97,10867963799.76,12675480029.56,15664721297.07,中游
688111.SH,20210930,9704164000.0,21.7943,869846300.0,2372330500.0,2114952900.0,7589211100.0,中游
300229.SZ,20210930,3608064158.91,32.7456,99091096.09,606864337.3,1181481595.11,2426582563.8,中游
688327.SH,20210930,,,-441715219.5,779721458.59,,,中游
002415.SZ,20210930,96268052568.6,38.6644,11496884943.71,55629267490.88,37221508176.58,59046544392.02,中游
603160.SH,20210930,10420576863.7,19.8675,615438286.22,4140078819.87,2070305302.78,8350271560.92,中游
300033.SZ,20210930,7697050079.5,27.6983,990652348.81,2185008345.42,2131952450.2,5565097629.3,中游
002405.SZ,20210930,13629783889.83,12.742,-62158381.47,1862599918.45,1736712818.79,11893071071.04,中游
300624.SZ,20210930,1462243997.55,41.8716,37845799.8,756777699.0,612264277.23,849979720.32,中游
300634.SZ,20210930,2481332063.58,15.1721,110603043.25,591682482.07,376469855.96,2104862207.62,中游
002777.SZ,20210930,2256175103.06,36.6863,115976400.39,630039668.76,827707035.53,1428468067.53,中游
300365.SZ,20210930,2694765465.7,15.7454,63240921.28,397781303.77,424300661.17,2270464804.53,中游
688088.SH,20210930,2865993222.67,11.7637,120574036.91,446553450.5,337146777.52,2528846445.15,中游
300496.SZ,20210930,6425334045.54,25.2536,438971553.24,2672208594.24,1622631209.01,4802702836.53,中游
002253.SZ,20210930,1807855471.7,16.8454,37255515.76,225697495.96,304540881.8,1503314589.9,中游
300078.SZ,20210930,5382536397.81,44.7207,53961510.94,964574632.37,2407107163.49,2975429234.32,中游
002236.SZ,20210930,41530189083.92,44.1806,2410997739.66,21485105535.26,18348305285.0,23181883798.92,中游
688023.SH,20210930,4054190998.82,32.0746,-272885417.06,865586880.8,1300365310.91,2753825687.91,中游
300451.SZ,20210930,5164533306.56,15.1334,231345933.42,1209502704.67,781571148.95,4382962157.61,中游
000997.SZ,20210930,10815063364.4,42.1987,520928024.02,4964934494.35,4563814370.97,6251248993.43,中游
688228.SH,20210930,1414024598.79,13.0123,13721697.2,171400820.84,183997163.55,1230027435.24,下游
300785.SZ,20210930,2062474882.1,15.8521,102109766.19,923620188.1,326945096.55,1735529785.55,下游
300058.SZ,20210930,18530276032.89,49.4674,542443245.11,31483081991.57,9166448304.46,9363827728.43,下游
002131.SZ,20210930,20035951994.39,36.0142,-91545612.69,14448220648.75,7215796330.38,12820155664.01,下游
600556.SH,20210930,4536965278.3,22.3667,244043172.77,3250780980.49,1014767663.39,3522197614.91,下游
300781.SZ,20210930,891089171.47,17.7445,71384456.14,447018622.92,158119646.73,732969524.74,下游
600570.SH,20210930,10168558068.99,50.6767,704173937.77,3120878201.92,5153094072.78,5015463996.21,下游
002607.SZ,20210930,12213130982.14,72.2905,-890902086.38,6301194119.42,8828937271.71,3384193710.43,下游
300253.SZ,20210930,6894309490.4,27.6749,240347670.86,1762974944.97,1907993918.74,4986315571.66,下游
688369.SH,20210930,1735621498.89,21.2134,68135646.98,552021589.43,368185066.8,1367436432.09,下游
300188.SZ,20210930,4234264452.13,22.795,26546410.0,1241479787.53,965199321.69,3269065130.44,下游
002439.SZ,20210930,7751347088.02,23.9416,-12543977.86,2097252898.58,1855794131.29,5895552956.73,下游
300036.SZ,20210930,4197212626.07,26.801,187986651.92,1162123635.47,1124896005.94,3072316620.13,下游
300020.SZ,20210930,6506760944.41,46.1108,103902551.36,1489652416.08,3000319357.95,3506441586.46,下游
300075.SZ,20210930,4160443948.31,20.0532,114553734.61,988157866.6,834302956.79,3326140991.52,下游
300168.SZ,20210930,6906016795.53,78.1395,16123481.21,2528751234.23,5396326272.59,1509690522.94,下游
002065.SZ,20210930,21148006217.22,47.0568,665698282.6,6778055620.54,9951564645.58,11196441571.64,下游
600410.SH,20210930,8982485401.75,40.3187,-41715036.07,2448957023.42,3621619763.87,5360865637.88,下游
300170.SZ,20210930,4949459472.74,33.4343,-2177529.55,2043985623.59,1654819585.03,3294639887.71,下游
002368.SZ,20210930,15242106048.84,75.3942,94942680.39,7002576151.81,11491659223.15,3750446825.69,下游
688256.SH,20211231,6989146320.88,14.4357,-829814477.43,721045278.97,1008934855.5,5980211465.38,上游
688041.SH,20211231,10457352167.99,40.1236,437606441.27,2310415312.15,4195866163.48,6261486004.51,上游
603019.SH,20211231,26121984762.65,49.9409,1264036456.59,11200362248.89,13045556928.39,13076427834.26,上游
002049.SZ,20211231,11592248343.89,37.0969,1983992310.11,5342115108.65,4300364965.52,7291883378.37,上游
688008.SH,20211231,8958562224.94,6.3388,829137544.38,2562017472.42,567862848.48,8390699376.46,上游
300474.SZ,20211231,3325204147.19,13.8437,292740758.3,1093200462.47,460332259.6,2864871887.59,上游
300308.SZ,20211231,16564680790.78,29.9531,886496645.71,7695404805.69,4961640482.75,11603040308.03,上游
300502.SZ,20211231,4864234763.02,18.6157,661926139.05,2908376063.76,905511091.57,3958723671.45,上游
300394.SZ,20211231,2551079700.12,8.4173,308544325.59,1032392964.65,214733021.41,2336346678.71,上游
002281.SZ,20211231,9477921326.36,41.6637,565756825.33,6486301555.77,3948849323.19,5529072003.17,上游
000988.SZ,20211231,13883855677.61,46.4941,748050403.63,10166747478.73,6455177681.54,7428677996.07,上游
000977.SZ,20211231,46208162562.76,66.3142,2029929728.67,67047551558.14,30642581594.77,15565580967.99,上游
002463.SZ,20211231,11648660084.0,37.8956,1063500828.0,7418710047.0,4414329914.0,7234330170.0,上游
300476.SZ,20211231,13461210038.72,53.4239,670424694.74,7432014584.88,7191502583.43,6269707455.29,上游
600183.SH,20211231,24431164539.25,39.1506,2924600543.54,20274262977.87,9564943800.26,14866220738.99,上游
688981.SH,20211231,229932806000.0,29.5556,11202505000.0,35630634000.0,67957975000.0,161974831000.0,上游
002371.SZ,20211231,31054473364.61,44.6186,1193368439.47,9683478119.38,13856082205.54,17198391159.07,上游
688012.SH,20211231,16732989003.95,16.6903,1011269799.32,3108134730.67,2792788758.18,13940200245.77,上游
300223.SZ,20211231,11335026226.16,8.9301,921370993.12,5274059129.97,1012228515.43,10322797710.73,上游
603986.SH,20211231,15418370840.09,12.5521,2336793535.26,8510223468.73,1935322526.27,13483048313.82,上游
002230.SZ,20211231,31394037754.41,44.7754,1610718319.56,18313605605.92,14056797008.54,17337240745.87,中游
688111.SH,20211231,10425669410.85,25.3745,1068951661.99,3280058758.03,2645460097.95,7780209312.9,中游
300229.SZ,20211231,3725979596.7,30.821,248093357.2,1028712010.67,1148383365.46,2577596231.24,中游
688327.SH,20211231,2312643430.48,56.1405,-664112564.82,1075500138.73,1298329663.03,1014313767.45,中游
002415.SZ,20211231,103864543195.18,37.0385,17510721210.47,81420053539.27,38469900919.3,65394642275.88,中游
603160.SH,20211231,10727208418.61,18.9545,859922993.33,5712871793.38,2033292315.34,8693916103.27,中游
300033.SZ,20211231,8501216297.49,23.8143,1911204641.07,3509864834.4,2024501454.24,6476714843.25,中游
002405.SZ,20211231,14506273467.63,14.2966,125628575.14,3060031659.88,2073901540.37,12432371927.26,中游
300624.SZ,20211231,1540893281.47,42.9255,49006412.16,1029158102.77,661435969.29,879457312.18,中游
300634.SZ,20211231,2540524674.92,15.5861,153782253.8,887366737.59,395968410.37,2144556264.55,中游
002777.SZ,20211231,2434188058.8,36.3118,233023588.93,1305907210.66,883896851.46,1550291207.34,中游
300365.SZ,20211231,2912975951.87,22.3227,64155042.19,872176767.44,650256338.08,2262719613.79,中游
688088.SH,20211231,2911291507.76,12.6782,138131654.75,573024552.59,369098226.15,2542193281.61,中游
300496.SZ,20211231,7238621058.07,27.3135,630176390.68,4126742466.54,1977119728.15,5261501329.92,中游
002253.SZ,20211231,1806091759.59,17.4627,24363715.5,301351645.72,315392411.53,1490699348.06,中游
300078.SZ,20211231,4844984269.55,55.9644,-691777686.22,963142859.95,2711464494.97,2133519774.58,中游
002236.SZ,20211231,44055872021.97,45.1371,3411546572.58,32835479336.85,19885527513.83,24170344508.14,中游
688023.SH,20211231,4851766480.11,35.9058,11189604.16,1820328069.14,1742065727.56,3109700752.55,中游
300451.SZ,20211231,5609578430.23,18.0099,414149449.62,1898976983.54,1010278633.6,4599299796.63,中游
000997.SZ,20211231,11259686312.57,42.6081,750931159.02,7032011198.94,4797541527.52,6462144785.05,中游
688228.SH,20211231,1560473225.89,16.6373,84551714.04,460594848.32,259620614.73,1300852611.16,下游
300785.SZ,20211231,2231802952.24,20.2629,177889948.04,1403140609.28,452228966.45,1779573985.79,下游
300058.SZ,20211231,17933906009.47,47.5678,518086385.98,40077913634.6,8530761604.04,9403144405.43,下游
002131.SZ,20211231,19844949856.13,39.84,-1026347084.77,20280907073.02,7906230033.47,11938719822.66,下游
600556.SH,20211231,5002922235.06,27.6846,335855070.56,4511671894.6,1385038438.26,3617883796.8,下游
300781.SZ,20211231,993703316.5,24.8234,86583322.07,624146372.46,246670947.66,747032368.84,下游
600570.SH,20211231,12079908312.76,48.5483,1490128685.0,5496578624.88,5864587184.3,6215321128.46,下游
002607.SZ,20211231,10305183525.7,81.6715,-2369514716.35,6911723331.79,8416402445.24,1888781080.46,下游
300253.SZ,20211231,7496296725.89,30.9872,353734286.61,2750202059.34,2322891629.9,5173405095.99,下游
688369.SH,20211231,2070020132.6,30.1145,134474379.75,1031229259.91,623375604.43,1446644528.17,下游
300188.SZ,20211231,4895329768.85,27.1936,335878093.64,2535195494.67,1331217727.64,3564112041.21,下游
002439.SZ,20211231,8936371868.56,24.6035,862754996.88,4386030827.05,2198664366.41,6737707502.15,下游
300036.SZ,20211231,4822932163.28,34.2297,285366624.01,1875094134.37,1650873553.18,3172058610.1,下游
300020.SZ,20211231,6572909401.77,47.2628,81904145.73,1983229109.04,3106540419.67,3466368982.1,下游
300075.SZ,20211231,4364664153.56,19.9954,206408693.56,1480608704.87,872733213.11,3491930940.45,下游
300168.SZ,20211231,7144767492.31,78.4656,43356269.94,3513114014.44,5606181965.95,1538585526.36,下游
002065.SZ,20211231,21071032920.17,47.2861,378382987.46,10884288643.09,9963679224.45,11107353695.72,下游
600410.SH,20211231,8883549143.34,39.967,54586432.48,3799009995.4,3550488962.88,5333060180.46,下游
300170.SZ,20211231,5170417481.14,34.0626,189954668.77,2810661529.65,1761177700.49,3409239780.65,下游
002368.SZ,20211231,17106414405.69,76.9761,393894862.7,10504878283.01,13167854042.59,3938560363.1,下游
688256.SH,20220331,6613711313.46,12.5395,-298099949.95,62990732.03,829328001.79,5784383311.67,上游
688041.SH,20220331,10300970531.8,36.6184,200124293.12,967441078.35,3772049074.18,6528921457.62,上游
603019.SH,20220331,26325682534.22,49.7374,114829426.12,2175816323.94,13093700575.73,13231981958.49,上游
002049.SZ,20220331,12018140201.97,34.7567,533430095.57,1341294138.8,4177112543.37,7841027658.6,上游
688008.SH,20220331,9391582317.94,6.6527,306098537.77,900423154.51,624798426.24,8766783891.7,上游
300474.SZ,20220331,3468808736.37,14.7894,77295268.85,361752855.04,513014601.58,2955794134.79,上游
300308.SZ,20220331,16425091373.09,27.9247,215300100.76,2088622649.99,4586649962.72,11838441410.37,上游
300502.SZ,20220331,5006577034.73,18.2845,132422835.12,738513303.86,915426618.88,4091150415.85,上游
300394.SZ,20220331,2644175687.54,8.5468,83599899.7,282751462.83,225993458.19,2418182229.35,上游
002281.SZ,20220331,10021342329.84,42.8242,135688538.55,1711941911.38,4291556613.7,5729785716.14,上游
000988.SZ,20220331,14607073098.91,47.5861,218309759.99,2858113370.5,6950931671.67,7656141427.24,上游
000977.SZ,20220331,52844889638.72,69.9334,323909680.76,17276883283.57,36956253083.47,15888636555.25,上游
002463.SZ,20220331,12068996604.0,38.1897,249569154.0,1917245532.0,4609112730.0,7459883874.0,上游
300476.SZ,20220331,15071000168.96,57.192,202101423.68,2028502935.29,8619401432.36,6451598736.6,上游
600183.SH,20220331,26126982009.47,41.0875,506593492.93,4767684604.18,10734913410.32,15392068599.15,上游
688981.SH,20220331,238105885000.0,29.741,3618723000.0,11854010000.0,70815167000.0,167290718000.0,上游
002371.SZ,20220331,31792256182.09,44.6418,246890999.76,2135734862.37,14192637958.59,17599618223.5,上游
688012.SH,20220331,16957460264.09,16.8917,117031907.54,949143575.28,2864411629.9,14093048634.19,上游
300223.SZ,20220331,11518818051.56,8.8252,230586332.7,1413553942.45,1016564336.56,10502253715.0,上游
603986.SH,20220331,15839585243.91,10.2596,685901730.96,2229810940.28,1625084605.33,14214500638.58,上游
002230.SZ,20220331,29723372351.4,41.4817,100935971.64,3505985011.99,12329750899.24,17393621452.16,中游
688111.SH,20220331,10701665087.77,24.5248,255612913.25,868145318.07,2624566762.13,8077098325.64,中游
300229.SZ,20220331,3708257611.14,29.9516,19960637.9,190364575.18,1110683246.64,2597574364.5,中游
688327.SH,20220331,2240518235.15,57.9334,-118324829.42,213105594.11,1298007666.53,942510568.62,中游
002415.SZ,20220331,104433154852.05,34.8583,2415915220.45,16521549351.36,36403655023.39,68029499828.66,中游
603160.SH,20220331,10012396487.18,18.457,-50513629.13,874217073.7,1847984933.06,8164411554.12,中游
300033.SZ,20220331,7474130708.47,24.8262,111876748.85,514981191.05,1855539167.29,5618591541.18,中游
002405.SZ,20220331,14337006188.0,13.2194,-8779191.98,621848005.86,1895270255.26,12441735932.74,中游
300624.SZ,20220331,1510754236.51,41.5324,1403943.52,262750168.48,627452127.29,883302109.22,中游
300634.SZ,20220331,2560726991.09,14.6641,40675903.85,284436073.75,375508183.59,2185218807.5,中游
002777.SZ,20220331,2323174026.15,32.6829,13602485.72,148984644.06,759280333.09,1563893693.06,中游
300365.SZ,20220331,2813501096.88,20.2852,-19746826.84,75711578.63,570723204.98,2242777891.9,中游
688088.SH,20220331,2916574885.61,11.8322,24203875.85,136446700.41,345094252.61,2571480633.0,中游
300496.SZ,20220331,7420758099.4,26.9861,157889158.62,1152626137.29,2002573628.81,5418184470.59,中游
002253.SZ,20220331,1795666469.37,16.8317,2726280.16,57782417.2,302240841.15,1493425628.22,中游
300078.SZ,20220331,4833304674.06,53.7238,29120333.27,386055693.36,2596636001.92,2236668672.14,中游
002236.SZ,20220331,42223316353.43,42.053,344258099.6,5847968885.65,17756171472.01,24467144881.42,中游
688023.SH,20220331,4477420040.71,34.7309,-189509961.4,233456645.53,1555049209.94,2922370830.77,中游
300451.SZ,20220331,5714284902.87,17.869,91810723.47,462990891.86,1021083904.95,4693200997.92,中游
000997.SZ,20220331,11134575671.18,41.2395,89564629.45,1605123740.85,4591843806.9,6542731864.28,中游
688228.SH,20220331,1643466279.65,21.2804,-7121933.2,50664376.2,349735601.69,1293730677.96,下游
300785.SZ,20220331,2094944414.76,15.9818,-22277536.24,250573423.11,334810155.48,1760134259.28,下游
300058.SZ,20220331,18625409103.69,49.2839,30040559.87,7781637509.68,9179328941.72,9446080161.97,下游
002131.SZ,20220331,17944518543.14,38.1591,-835257318.15,4712902565.97,6847466878.34,11097051664.8,下游
600556.SH,20220331,4895014239.66,24.2873,88267629.0,1159143711.1,1188864955.39,3706149284.27,下游
300781.SZ,20220331,985979145.46,22.6487,15193349.69,120459867.32,223311383.6,762667761.86,下游
600570.SH,20220331,11090904187.4,44.0487,-49070528.64,973430594.24,4885398152.61,6205506034.79,下游
002607.SZ,20220331,9200482823.27,84.5122,-463825908.88,1212740311.93,7775527651.69,1424955171.58,下游
300253.SZ,20220331,7459281143.39,31.6262,13823046.52,445524588.55,2359088558.02,5100192585.37,下游
688369.SH,20220331,1853582731.28,23.2928,-28299289.88,141827617.74,431751862.73,1421830868.55,下游
300188.SZ,20220331,4432203747.15,21.5238,-61962914.25,319802888.47,953976554.11,3478227193.04,下游
002439.SZ,20220331,8535806729.77,22.1244,-98314117.17,564406613.07,1888494369.0,6647312360.77,下游
300036.SZ,20220331,4724048899.14,32.6042,9499859.79,277303336.92,1540240394.25,3183808504.89,下游
300020.SZ,20220331,6480477730.94,45.5441,48893784.29,508969316.12,2951473260.03,3529004470.91,下游
300075.SZ,20220331,4365086329.58,18.486,37975514.47,250497164.07,806931311.9,3558155017.68,下游
300168.SZ,20220331,7064274297.26,78.1836,3079432.79,816698365.88,5523103166.1,1541171131.16,下游
002065.SZ,20220331,21020476008.47,46.4994,107749256.47,2288621406.25,9774397221.73,11246078786.74,下游
600410.SH,20220331,8675405054.65,40.8094,-139364978.69,834691195.97,3540377015.45,5135028039.2,下游
300170.SZ,20220331,5315199123.0,30.3102,340000316.78,712350365.66,1611047213.89,3704151909.11,下游
002368.SZ,20220331,16703135361.81,76.2955,20816409.75,1859210979.5,12743743883.83,3959391477.98,下游
688256.SH,20220630,6224142928.7,10.6032,-642385621.35,171783593.74,659955312.06,5564187616.64,上游
688041.SH,20220630,11092446413.31,36.1895,684104348.03,2529731562.79,4014296240.79,7078150172.52,上游
603019.SH,20220630,26359541066.72,48.2283,507177902.37,5022823726.45,12712770179.21,13646770887.51,上游
002049.SZ,20220630,13142814971.3,36.6361,1203990571.25,2904816817.52,4815019035.45,8327795935.85,上游
688008.SH,20220630,10354430040.39,12.6262,680957071.06,1927334132.29,1307370913.55,9047059126.84,上游
300474.SZ,20220630,3604492366.07,17.8908,124729742.99,543874510.45,644871955.47,2959620410.6,上游
300308.SZ,20220630,16752720771.4,29.524,489645170.64,4231043830.5,4946073722.68,11806647048.72,上游
300502.SZ,20220630,5546502713.83,21.3363,461086895.84,1478847956.12,1183419519.41,4363083194.42,上游
300394.SZ,20220630,2721995113.67,12.6018,174108132.81,577486466.31,343020616.85,2378974496.82,上游
002281.SZ,20220630,10293450854.9,43.7813,295328609.97,3542315645.62,4506607832.13,5786843022.77,上游
000988.SZ,20220630,16139906891.47,50.9389,555245176.91,6217583250.33,8221490262.99,7918416628.48,上游
000977.SZ,20220630,48869937935.97,66.4948,936249473.27,34850185122.36,32495965317.18,16373972618.79,上游
002463.SZ,20220630,12382081125.0,39.9787,533907636.0,3735733687.0,4950190542.0,7431890583.0,上游
300476.SZ,20220630,14148856395.58,53.1761,454209007.59,3993742204.99,7523803084.41,6625053311.17,上游
600183.SH,20220630,25229127844.91,42.0517,992600083.31,9374551620.61,10609280805.27,14619847039.64,上游
688981.SH,20220630,271329009000.0,32.4765,7786518000.0,24592245000.0,88118097000.0,183210912000.0,上游
002371.SZ,20220630,35320071129.93,48.659,874501634.7,5443813858.9,17186390431.75,18133680698.18,上游
688012.SH,20220630,18225471539.36,19.4271,466582426.23,1971794762.86,3540675345.37,14684796193.99,上游
300223.SZ,20220630,11965875175.3,9.1553,508117711.06,2804413134.08,1095510787.54,10870364387.76,上游
603986.SH,20220630,16242720904.24,10.5133,1526959317.66,4781046689.22,1707652062.64,14535068841.6,上游
002230.SZ,20220630,30033055431.91,42.0345,242500933.43,8022667214.65,12624236324.51,17408819107.4,中游
688111.SH,20220630,10925908442.81,25.8616,528984133.04,1791525427.69,2825610430.5,8100298012.31,中游
300229.SZ,20220630,3714016744.96,29.5427,74155685.03,424948556.34,1097220664.78,2616796080.18,中游
688327.SH,20220630,4194682064.88,42.7422,-332975710.86,391108844.11,1792897585.54,2401784479.34,中游
002415.SZ,20220630,104894333859.54,38.6142,6138179989.58,37257516590.62,40504148223.81,64390185635.73,中游
603160.SH,20220630,10386885887.43,18.5982,21088668.39,1828788022.28,1931775041.76,8455110845.67,中游
300033.SZ,20220630,8264797681.64,27.1817,484940831.07,1389497988.98,2246508837.06,6018288844.58,中游
002405.SZ,20220630,14408300054.53,13.2481,-66960284.23,1367845223.98,1908824304.5,12499475750.03,中游
300624.SZ,20220630,1511884226.53,42.9068,24814722.67,540342094.67,648701181.69,863183044.84,中游
300634.SZ,20220630,2669021916.45,15.6843,101462495.03,630183447.02,418617996.64,2250403919.81,中游
002777.SZ,20220630,2327352451.15,32.6254,80557156.17,422680454.62,759308862.84,1568043588.31,中游
300365.SZ,20220630,2617001570.42,13.5612,9153724.18,220524585.26,354896015.15,2262105555.27,中游
688088.SH,20220630,2889754552.69,12.4553,55102163.95,262230466.46,359928321.14,2529826231.55,中游
300496.SZ,20220630,7675869550.96,26.513,367691932.33,2476855313.05,2035104973.62,5640764577.34,中游
002253.SZ,20220630,1821776744.94,17.7682,7380616.29,122956923.12,323696780.59,1498079964.35,中游
300078.SZ,20220630,4847133347.13,54.5958,2825332.67,702635423.17,2646333001.84,2200800345.29,中游
002236.SZ,20220630,42874935033.83,41.9518,1543277888.54,14087085840.97,17986793081.33,24888141952.5,中游
688023.SH,20220630,4386868073.56,37.254,-372326136.54,534624506.96,1634285594.33,2752582479.23,中游
300451.SZ,20220630,5683148254.19,18.0167,101200142.42,780397914.14,1023914626.12,4659233628.07,中游
000997.SZ,20220630,12238873166.38,47.3096,248117257.2,3337266809.38,5790164390.55,6448708775.83,中游
688228.SH,20220630,1618070262.23,21.3438,-9879284.81,119145818.32,345357231.56,1272713030.67,下游
300785.SZ,20220630,2153805243.14,18.5631,21046199.13,606475239.95,399813642.35,1753991600.79,下游
300058.SZ,20220630,19889871237.17,51.9567,4431765.68,16710969533.57,10334116933.77,9555754303.4,下游
002131.SZ,20220630,20679819037.21,37.5964,945589247.01,9821237701.34,7774867568.43,12904951468.78,下游
600556.SH,20220630,5114939676.61,26.8851,155153085.72,2088202071.73,1375158794.73,3739780881.88,下游
300781.SZ,20220630,919781116.18,17.6409,35348725.13,249293508.45,162258050.11,757523066.07,下游
600570.SH,20220630,11310623150.38,45.0428,-90779301.56,2385713055.14,5094623131.7,6216000018.68,下游
002607.SZ,20220630,8961896986.9,88.8657,-890934826.69,2226704962.11,7964050733.13,997846253.77,下游
300253.SZ,20220630,7356334141.48,31.036,33727393.04,1095923090.27,2283109323.38,5073224818.1,下游
688369.SH,20220630,1874337802.8,22.062,35126243.51,423225908.47,413515641.6,1460822161.2,下游
300188.SZ,20220630,4597903604.54,28.0373,-122572697.29,687762623.13,1289127765.91,3308775838.63,下游
002439.SZ,20220630,8422172705.53,22.7327,-252120351.06,1214167123.22,1914591028.12,6507581677.41,下游
300036.SZ,20220630,4578179451.09,32.7054,-52879955.73,446674609.22,1497310195.76,3080869255.33,下游
300020.SZ,20220630,6468141905.85,45.4398,68172345.35,928778365.93,2939111860.97,3529030044.88,下游
300075.SZ,20220630,4512003281.83,19.407,115487995.72,710528126.06,875645076.9,3636358204.93,下游
300168.SZ,20220630,6897593680.51,81.1051,-235049981.19,1132337950.41,5594300576.32,1303293104.19,下游
002065.SZ,20220630,21798272653.13,47.1437,381367666.67,4584508958.01,10276504409.74,11521768243.39,下游
600410.SH,20220630,8346875841.94,37.7862,-148925572.17,1671355466.9,3153967153.06,5192908688.88,下游
300170.SZ,20220630,5427640222.94,29.7306,395035383.82,1460016495.8,1613672311.22,3813967911.72,下游
002368.SZ,20220630,15449463202.66,74.1598,41595963.56,4922273681.67,11457291276.84,3992171925.82,下游
688256.SH,20220930,6008009599.72,12.3472,-983467579.06,264364727.71,741819782.51,5266189817.21,上游
688041.SH,20220930,21879433366.27,17.889,924372201.66,3819873210.38,3914008585.69,17965424780.58,上游
603019.SH,20220930,32083078606.94,48.8437,689863248.47,7386574437.54,15670553559.53,16412525047.41,上游
002049.SZ,20220930,14290973014.93,35.7822,2039430975.51,4936274504.2,5113625070.83,9177347944.1,上游
688008.SH,20220930,10264186078.91,5.9581,998966115.58,2880827029.06,611548428.91,9652637650.0,上游
300474.SZ,20220930,3741266926.44,16.4382,173119817.3,729263123.59,614998362.85,3126268563.59,上游
300308.SZ,20220930,16719727736.62,28.5306,850921210.82,6864988244.16,4770232180.51,11949495556.11,上游
300502.SZ,20220930,5648341449.56,17.4002,762434251.88,2414507112.66,982824298.94,4665517150.62,上游
300394.SZ,20220930,2835388447.3,12.316,278748129.02,889632875.27,349206296.04,2486182151.26,上游
002281.SZ,20220930,10400116286.12,42.5506,469620093.28,5280802162.42,4425311782.58,5974804503.54,上游
000988.SZ,20220930,16244500344.71,50.2585,712009607.81,8850571693.36,8164246317.15,8080254027.56,上游
000977.SZ,20220930,43541530202.77,60.6765,1523854965.72,52766683331.56,26419476909.6,17122053293.17,上游
002463.SZ,20220930,13000836563.0,39.926,921615388.0,5763592393.0,5190717702.0,7810118861.0,上游
300476.SZ,20220930,13721551699.62,51.7873,639777246.18,5966266700.08,7106027651.59,6615524048.03,上游
600183.SH,20220930,24616450178.57,39.2176,1274687008.79,13676196254.67,9653980149.42,14962470029.15,上游
688981.SH,20220930,297002911000.0,33.1621,11624501000.0,37763559000.0,98492363000.0,198510548000.0,上游
002371.SZ,20220930,40895706832.37,53.3127,1867037964.83,10012301492.37,21802611204.86,19093095627.51,上游
688012.SH,20220930,19169940287.56,21.3971,791404165.58,3043057722.11,4101801936.96,15068138350.6,上游
300223.SZ,20220930,12502898650.22,10.0091,725124935.18,4219192099.06,1251432069.39,11251466580.83,上游
603986.SH,20220930,16622794166.12,8.5134,2091913708.26,6769083021.08,1415162712.37,15207631453.75,上游
002230.SZ,20220930,30490402537.01,46.282,369313621.81,12660799886.28,14111566058.47,16378836478.54,中游
688111.SH,20220930,11245109407.75,24.7809,825700876.27,2795348667.69,2786639923.82,8458469483.93,中游
300229.SZ,20220930,3834855890.56,30.9221,101526235.96,636877800.73,1185816810.08,2649039080.48,中游
688327.SH,20220930,3929974808.32,44.7762,-609152998.84,455899143.69,1759693008.15,2170281800.17,中游
002415.SZ,20220930,110264398002.69,38.4369,9373425970.29,59721536891.77,42382236116.3,67882161886.39,中游
603160.SH,20220930,10360003678.31,18.2017,-99500911.5,2520769609.11,1885698218.95,8474305459.36,中游
300033.SZ,20220930,8214298196.86,21.5348,882437333.92,2275663278.79,1768933827.66,6445364369.2,中游
002405.SZ,20220930,14464190871.37,14.438,-91992446.37,2077516236.48,2088345985.19,12375844886.18,中游
300624.SZ,20220930,1478893583.68,41.9409,42974651.1,838418716.52,620261451.12,858632132.56,中游
300634.SZ,20220930,2752337557.73,16.9286,163729798.89,937082695.98,465932715.22,2286404842.51,中游
002777.SZ,20220930,2360160792.02,31.8265,121517540.34,660082294.31,751156819.54,1609003972.48,中游
300365.SZ,20220930,2583153305.66,12.3027,20739335.95,321611474.06,317797160.73,2265356144.93,中游
688088.SH,20220930,2902683426.76,11.8213,52583717.65,390770285.39,343133826.26,2559549600.5,中游
300496.SZ,20220930,10856907020.16,16.635,599158825.4,3854246857.67,1806044633.67,9050862386.49,中游
002253.SZ,20220930,1810926142.98,17.4506,4209253.11,171273907.89,316016691.12,1494909451.86,中游
300078.SZ,20220930,4753752601.1,53.279,2267373.83,1009026708.35,2532753822.27,2220998778.83,中游
002236.SZ,20220930,44215285968.38,42.002,1705346279.36,21171868473.02,18571300619.04,25643985349.34,中游
688023.SH,20220930,4496974103.0,41.2461,-458804419.4,1039606301.4,1854825786.09,2642148316.91,中游
300451.SZ,20220930,5848385891.48,19.118,171035182.36,1138576105.77,1118094751.35,4730291140.13,中游
000997.SZ,20220930,11452552322.53,42.701,391168285.56,5005364934.34,4890359994.36,6562192328.17,中游
688228.SH,20220930,1639655158.98,22.4094,3226617.63,200355277.39,367437247.75,1272217911.23,下游
300785.SZ,20220930,2132012841.0,17.3697,26514003.72,815259538.16,370324222.2,1761688618.8,下游
300058.SZ,20220930,20910891280.8,53.5268,26934986.38,26572205589.27,11192927867.78,9717963413.02,下游
002131.SZ,20220930,19252188150.79,37.7608,-83257409.98,15150607095.73,7269772298.68,11982415852.11,下游
600556.SH,20220930,5111310556.45,26.2608,184144270.96,3106279796.37,1342271049.95,3769039506.5,下游
300781.SZ,20220930,965951009.75,21.527,47919662.83,377677273.17,207940397.86,758010611.89,下游
600570.SH,20220930,11310750282.42,44.922,18393023.92,3737088638.99,5081020253.84,6229730028.58,下游
002607.SZ,20220930,8225666651.05,87.0395,-822695575.3,3893882283.64,7159581145.89,1066085505.16,下游
300253.SZ,20220930,7466826687.62,30.9477,80492142.95,1870965190.1,2310810177.92,5156016509.7,下游
688369.SH,20220930,1807156812.13,22.066,29165961.06,644246939.22,398767045.65,1408389766.48,下游
300188.SZ,20220930,4647476793.88,31.1416,-218032345.65,1103906937.34,1447298435.22,3200178358.66,下游
002439.SZ,20220930,8693088930.09,24.7933,-252040211.57,2168371071.21,2155301493.53,6537787436.56,下游
300036.SZ,20220930,4712238151.16,31.662,57507186.32,1004552981.87,1491988542.75,3220249608.41,下游
300020.SZ,20220930,6471116615.88,45.294,77521091.3,1280533526.9,2931027863.29,3540088752.59,下游
300075.SZ,20220930,4680260919.12,20.4001,178149483.37,1119817895.28,954777780.22,3725483138.9,下游
300168.SZ,20220930,6799477343.42,82.4065,-342227349.06,2229637822.98,5603209248.54,1196268094.88,下游
002065.SZ,20220930,22217252232.72,48.4597,468568045.93,7320357215.14,10766407568.57,11450844664.15,下游
600410.SH,20220930,8502477530.53,38.6466,-273287004.67,2558588326.68,3285921644.76,5216555885.77,下游
300170.SZ,20220930,5504527241.78,29.6364,437109042.18,2230212650.67,1631346359.68,3873180882.1,下游
002368.SZ,20220930,16160131231.3,75.535,118447969.89,7061470216.65,12206548688.07,3953582543.23,下游
688256.SH,20221231,5770419592.59,14.3941,-1325006841.17,729034623.05,830599733.11,4939819859.48,上游
688041.SH,20221231,21934253932.87,16.8879,1124744538.5,5125266686.59,3704239405.42,18230014527.45,上游
603019.SH,20221231,31810174007.19,44.2298,1617192553.0,13007955200.9,14069585752.92,17740588254.27,上游
002049.SZ,20221231,15328754125.82,36.2299,2640412086.12,7119905165.64,5553599463.48,9775154662.34,上游
688008.SH,20221231,10686045951.98,7.1008,1299371688.28,3672258476.69,758790929.42,9927255022.56,上游
300474.SZ,20221231,3948640091.47,16.5705,288963998.35,1153934901.2,654309373.64,3294330717.83,上游
300308.SZ,20221231,16556988219.94,27.1063,1233689242.88,9641794766.08,4487987771.5,12069000448.44,上游
300502.SZ,20221231,5876061496.29,17.8163,903581090.81,3310573790.53,1046893880.44,4829167615.85,上游
300394.SZ,20221231,2900921125.63,9.0973,404935282.38,1196392006.89,263905116.05,2637016009.58,上游
002281.SZ,20221231,9903392743.45,38.2923,613580100.21,6911881248.07,3792238057.46,6111154685.99,上游
000988.SZ,20221231,16792712903.66,50.7929,890566433.79,12011028845.77,8529501537.42,8263211366.24,上游
000977.SZ,20221231,41013425651.96,57.0415,2055668617.48,69525458182.69,23394656779.63,17618768872.33,上游
002463.SZ,20221231,12501322508.0,33.8718,1361574992.0,8336030158.0,4234423965.0,8266898543.0,上游
300476.SZ,20221231,14303773931.6,51.5033,790645750.25,7885154597.8,7366911193.87,6936862737.73,上游
600183.SH,20221231,25195631347.65,39.2904,1631733421.57,18014442222.42,9899466838.62,15296164509.03,上游
688981.SH,20221231,305103691000.0,33.8898,14653530000.0,49516084000.0,103398978000.0,201704713000.0,上游
002371.SZ,20221231,42551398848.42,53.0358,2540992283.39,14688111969.67,22567493566.5,19983905281.92,上游
688012.SH,20221231,20034781468.88,22.7219,1167897318.07,4739830997.55,4552280216.8,15482501252.08,上游
300223.SZ,20221231,12421836630.57,9.3611,778936806.94,5411867514.79,1162816314.7,11259020315.87,上游
603986.SH,20221231,16645065762.33,8.7686,2052568326.42,8129992424.99,1459533222.4,15185532539.93,上游
002230.SZ,20221231,32859139720.02,48.7294,498628077.03,18820234052.91,16012075909.17,16847063810.85,中游
688111.SH,20221231,12057676594.66,27.0308,1130924467.28,3884959481.38,3259285626.6,8798390968.06,中游
300229.SZ,20221231,3883748027.43,30.5438,123450801.98,907268344.1,1186244541.92,2697503485.51,中游
688327.SH,20221231,3418285848.22,44.7284,-916323486.13,526385791.31,1528944937.44,1889340910.78,中游
002415.SZ,20221231,119233282761.47,38.8005,13556969721.93,83166321681.14,46263128793.89,72970153967.58,中游
603160.SH,20221231,9426673348.88,17.4862,-747639872.39,3383952172.0,1648367537.03,7778305811.85,中游
300033.SZ,20221231,9027537722.88,19.7436,1691183951.95,3559137454.21,1782358298.77,7245179424.11,中游
002405.SZ,20221231,14008250008.49,15.2535,-510955213.76,3346814809.97,2136754703.35,11871495305.14,中游
300624.SZ,20221231,1532253152.47,42.3711,64291630.06,1180123604.41,649232576.56,883020575.91,中游
300634.SZ,20221231,2870451583.82,17.9939,229129820.32,1195415326.44,516504829.04,2353946754.78,中游
002777.SZ,20221231,2534073058.12,33.5896,195400505.57,1282565406.91,851186120.41,1682886937.71,中游
300365.SZ,20221231,2399787393.09,15.4589,-212318770.89,607352285.89,370980544.77,2028806848.32,中游
688088.SH,20221231,2982674093.89,13.517,57045153.02,531648526.82,403167200.33,2579506893.56,中游
300496.SZ,20221231,10721206544.29,13.1603,724810398.84,5445453628.5,1410940230.42,9310266313.87,中游
002253.SZ,20221231,1751181509.81,18.3404,-61185901.43,245882778.55,321174453.7,1430007056.11,中游
300078.SZ,20221231,3634654155.96,65.2336,-882588925.32,1115911058.33,2371016775.17,1263637380.79,中游
002236.SZ,20221231,46252893804.54,43.3152,2261850253.32,30565370012.64,20034522045.21,26218371759.33,中游
688023.SH,20221231,5014299977.34,41.6961,-253165153.01,1980012417.18,2090769808.27,2923530169.07,中游
300451.SZ,20221231,5783551740.14,20.4332,41276899.44,1527138670.24,1181763740.8,4601787999.34,中游
000997.SZ,20221231,11586999028.72,50.2895,-349550746.57,6661011162.43,5827046945.66,5759952083.06,中游
688228.SH,20221231,1845298870.49,24.822,120393101.63,554938204.42,458039814.76,1387259055.73,下游
300785.SZ,20221231,2268678518.4,20.3305,84384613.3,1228416982.98,461234760.07,1807443758.33,下游
300058.SZ,20221231,18169413733.58,59.1793,-2177342971.32,36682585323.67,10752538549.75,7416875183.83,下游
002131.SZ,20221231,19437333570.52,40.0212,-457912050.54,20268337621.01,7779053909.92,11658279660.6,下游
600556.SH,20221231,5703826578.99,34.4271,157181329.36,4128909281.45,1963661960.2,3740164618.79,下游
300781.SZ,20221231,991510907.2,24.1945,54770597.1,485497084.51,239891180.59,751619726.61,下游
600570.SH,20221231,13004578298.67,42.5244,1119819797.15,6502387143.49,5530117083.95,7474461214.72,下游
002607.SZ,20221231,8027414353.26,90.2846,-1102063743.2,4824814105.43,7247522016.0,779892337.26,下游
300253.SZ,20221231,7821828010.96,34.4568,14554184.82,3092864688.21,2695151070.75,5126676940.21,下游
688369.SH,20221231,1950457729.87,24.7966,98123852.44,1032429773.92,483646667.79,1466811062.08,下游
300188.SZ,20221231,5890393554.88,26.8648,171384525.64,2279694487.08,1582444021.5,4307949533.38,下游
002439.SZ,20221231,10002085275.55,25.9145,626626997.48,4436909155.32,2591986607.66,7410098667.89,下游
300036.SZ,20221231,4396841641.59,35.9499,-343817389.96,1595688954.43,1580660968.68,2816180672.91,下游
300020.SZ,20221231,6564708565.83,46.3104,55129293.64,1554613160.25,3040140387.17,3524568178.66,下游
300075.SZ,20221231,4748361619.68,19.4712,255869334.14,1525631694.14,924561644.56,3823799975.12,下游
300168.SZ,20221231,6861577201.25,82.0936,-315011472.44,3223537007.67,5632918796.49,1228658404.76,下游
002065.SZ,20221231,22226021419.4,48.3621,409939006.73,11833330551.43,10748962297.54,11477059121.86,下游
600410.SH,20221231,8557227575.1,40.4879,-375146847.77,4069789427.72,3464643025.36,5092584549.74,下游
300170.SZ,20221231,5816352364.94,31.9376,432873241.8,3006881053.26,1857606095.46,3958746269.48,下游
002368.SZ,20221231,15541901216.94,73.1195,88197158.19,10438112601.2,11364164478.99,4177736737.95,下游
688256.SH,20230331,5308209879.07,12.4821,-262597830.1,75287960.03,662574146.33,4645635732.74,上游
688041.SH,20230331,22209724462.08,16.1434,331813866.36,1161313136.1,3585414358.23,18624310103.85,上游
603019.SH,20230331,31275596194.15,42.6973,152904810.69,2297997842.11,13353822195.56,17921773998.59,上游
002049.SZ,20230331,16489257822.58,37.2147,580153604.32,1540705013.1,6136433961.62,10352823860.96,上游
688008.SH,20230331,10519681452.88,5.1157,19720742.46,419527893.03,538151330.78,9981530122.1,上游
300474.SZ,20230331,3877481661.37,16.09,-70678727.09,65181995.44,623886504.04,3253595157.33,上游
300308.SZ,20230331,17014411475.12,26.5477,244588537.59,1837163216.03,4516940849.51,12497470625.61,上游
300502.SZ,20230331,5820940965.35,15.1653,107834813.02,600222891.1,882765855.27,4938175110.08,上游
300394.SZ,20230331,3020530289.54,8.2544,92120594.73,286990129.38,249327684.24,2771202605.3,上游
002281.SZ,20230331,11549016881.98,32.8327,96382646.35,1268270914.24,3791857693.38,7757159188.6,上游
000988.SZ,20230331,17622052002.13,51.9244,307840581.2,2664844769.27,9150140097.15,8471911904.98,上游
000977.SZ,20230331,46337364733.85,61.6055,194158777.84,9400402951.73,28546343393.88,17791021339.97,上游
002463.SZ,20230331,13420463186.0,35.8409,200292766.0,1867912147.0,4810012467.0,8610450719.0,上游
300476.SZ,20230331,14573435364.04,51.667,124976888.18,1757770078.83,7529652843.55,7043782520.49,上游
600183.SH,20230331,24852842942.97,36.9991,242607125.92,3755868408.09,9195340024.52,15657502918.45,上游
688981.SH,20230331,310095359000.0,34.2792,1838878000.0,10208898000.0,106298316000.0,203797043000.0,上游
002371.SZ,20230331,44854260342.31,53.9694,615310147.6,3871132953.79,24207577898.88,20646682443.43,上游
688012.SH,20230331,20267982609.73,21.9813,275005060.98,1223068402.75,4455157322.63,15812825287.1,上游
300223.SZ,20230331,12358949003.38,8.4543,110532164.55,1069146900.89,1044863761.09,11314085242.29,上游
603986.SH,20230331,16614878320.4,7.5402,150080061.73,1341311243.71,1252792056.3,15362086264.1,上游
002230.SZ,20230331,31715175704.12,47.2128,-95017393.57,2887584461.77,14973626339.49,16741549364.63,中游
688111.SH,20230331,12174230578.37,25.1878,265530140.83,1051441001.94,3066415676.85,9107814901.52,中游
300229.SZ,20230331,3810072852.76,11.0663,32054893.26,210572417.17,421635973.07,3388436879.69,中游
688327.SH,20230331,3358440766.84,47.2598,-148490397.42,45340157.16,1587192720.85,1771248045.99,中游
002415.SZ,20230331,117177724893.23,35.6869,1948223809.7,16201189412.53,41817117228.67,75360607664.56,中游
603160.SH,20230331,9128115930.16,16.0284,-138835696.19,843912227.92,1463094633.56,7665021296.6,中游
300033.SZ,20230331,8067529450.35,25.4164,122235551.26,609828431.36,2050479418.59,6017050031.76,中游
002405.SZ,20230331,13648398027.8,14.858,-112038654.66,707076159.96,2027878360.23,11620519667.57,中游
300624.SZ,20230331,1522160570.99,39.9337,24967797.7,354720295.33,607855413.91,914305157.08,中游
300634.SZ,20230331,2939965689.73,17.8177,61047232.17,383562571.16,523835181.18,2416130508.55,中游
002777.SZ,20230331,2495098662.17,31.9163,15868546.53,187669914.94,796343177.93,1698755484.24,中游
300365.SZ,20230331,2494914201.74,17.2372,1224721.36,110842853.62,430053820.17,2064860381.57,中游
688088.SH,20230331,3005089802.64,13.2036,28114243.43,161433392.43,396779560.27,2608310242.37,中游
300496.SZ,20230331,10782362076.77,12.7756,166858646.91,1166266981.09,1377509939.1,9404852137.67,中游
002253.SZ,20230331,1784694587.04,19.8112,1118131.21,36692670.35,353569399.72,1431125187.32,中游
300078.SZ,20230331,3514161875.38,64.4417,-80567340.48,235156485.53,2264586341.85,1249575533.53,中游
002236.SZ,20230331,48274953657.76,33.7909,492961559.17,6015629882.58,16312527839.7,31962425818.06,中游
688023.SH,20230331,4809945112.45,39.6564,-192894086.05,336150372.63,1907449697.93,2902495414.52,中游
300451.SZ,20230331,5551662742.26,16.6712,10089131.6,348436396.1,925528000.94,4626134741.32,中游
000997.SZ,20230331,11509519210.96,47.2893,303216676.23,1758116503.1,5442773580.21,6066745630.75,中游
688228.SH,20230331,1773976021.75,22.2654,-10461318.57,46489471.75,394982483.81,1378993537.94,下游
300785.SZ,20230331,2208833457.41,18.1135,580396.85,253560154.41,400098109.47,1808735347.94,下游
300058.SZ,20230331,18223136059.42,58.942,146906663.13,9773604139.46,10741073982.31,7482062077.11,下游
002131.SZ,20230331,20113774009.29,39.143,593862961.43,5194400022.86,7873133096.4,12240640912.89,下游
600556.SH,20230331,5695435435.7,34.0233,16658204.76,954586640.81,1937777089.43,3757658346.27,下游
300781.SZ,20230331,956993946.92,19.6818,14723148.42,77035017.08,188353958.63,768639988.29,下游
600570.SH,20230331,12283308606.5,37.0669,223609353.89,1129631187.52,4553038671.99,7730269934.51,下游
002607.SZ,20230331,8417639954.21,90.4463,24302739.95,888585683.99,7613444877.0,804195077.21,下游
300253.SZ,20230331,7743296274.77,34.249,-90204109.26,449172857.1,2652001850.22,5091294424.55,下游
688369.SH,20230331,1812086542.79,21.2896,-42357949.35,163348478.03,385786394.25,1426300148.54,下游
300188.SZ,20230331,5592039916.37,25.7577,-177920526.07,147370949.92,1440381188.68,4151658727.69,下游
002439.SZ,20230331,9783374053.85,24.8276,-67975714.74,787681762.33,2428980919.67,7354393134.18,下游
300036.SZ,20230331,4402851401.71,34.6596,10036776.83,294963270.29,1526011124.42,2876840277.29,下游
300020.SZ,20230331,6530065625.33,45.1105,59753115.92,585925476.72,2945744330.75,3584321294.58,下游
300075.SZ,20230331,4765416627.24,18.3469,50230304.73,272095500.38,874308081.89,3891108545.35,下游
300168.SZ,20230331,7964072598.32,60.6329,-48599780.74,663377866.71,4828849058.02,3135223540.3,下游
002065.SZ,20230331,21451999584.95,45.9847,111809055.76,2793633901.08,9864631412.74,11587368172.21,下游
600410.SH,20230331,8726653342.69,40.8501,63033290.27,937406921.63,3564845012.15,5161808330.54,下游
300170.SZ,20230331,5982416192.73,32.2971,31788174.29,720481173.53,1932149327.57,4050266865.16,下游
002368.SZ,20230331,14750518681.91,67.2342,28041274.18,1844984004.76,9917388894.84,4833129787.07,下游
688256.SH,20230630,6633204156.2,7.2875,-559729339.64,114467965.29,483396453.28,6149807702.92,上游
688041.SH,20230630,22871402244.18,16.2545,891610149.36,2611694093.09,3717622917.34,19153779326.84,上游
603019.SH,20230630,30388492368.58,40.3005,589016520.56,5400697692.86,12246710120.23,18141782248.35,上游
002049.SZ,20230630,16680077330.97,36.3626,1393190079.57,3734540180.3,6065302078.11,10614775252.86,上游
688008.SH,20230630,10943151128.31,7.4313,81948852.06,927616181.62,813221145.62,10129929982.69,上游
300474.SZ,20230630,3945361120.78,16.9495,-7661615.88,345066967.92,668717817.46,3276643303.32,上游
300308.SZ,20230630,17196540370.52,22.5189,647120408.36,4003981244.31,3872465357.56,13324075012.96,上游
300502.SZ,20230630,5889248623.98,14.0399,288364883.92,1304683825.02,826842421.99,5062406201.99,上游
300394.SZ,20230630,3026284430.8,9.454,236108455.93,664170359.25,286104421.37,2740180009.43,上游
002281.SZ,20230630,11502043357.22,31.5913,230424046.31,2814878774.42,3633645351.1,7868398006.12,上游
000988.SZ,20230630,17458428153.34,49.8872,579142455.43,5023673249.55,8709527230.17,8748900923.17,上游
000977.SZ,20230630,48245542136.84,62.947,312017171.29,24797599830.51,30369104661.9,17876437474.94,上游
002463.SZ,20230630,14082535493.0,38.2332,485521402.0,3763473462.0,5384200848.0,8698334645.0,上游
300476.SZ,20230630,14878842667.35,51.9303,344531897.34,3670167769.64,7726633119.32,7152209548.03,上游
600183.SH,20230630,24271020917.37,38.1281,549839952.88,7880721699.21,9254085036.9,15016935880.47,上游
688981.SH,20230630,331033084000.0,34.5926,3676449000.0,21317790000.0,114512928000.0,216520156000.0,上游
002371.SZ,20230630,48489817158.32,54.9694,1858131285.71,8426590087.53,26654552827.84,21835264330.48,上游
688012.SH,20230630,20666726394.18,18.7929,1002304157.67,2526501011.91,3883874227.55,16782852166.63,上游
300223.SZ,20230630,12705889098.3,8.4841,214502385.51,2221311306.92,1077982914.29,11627906184.01,上游
603986.SH,20230630,16527923838.47,7.5691,335981576.41,2965812063.82,1251016471.61,15276907366.86,上游
002230.SZ,20230630,33709165431.05,49.8295,14856534.92,7841552405.17,16797122473.46,16912042957.59,中游
688111.SH,20230630,12798835387.54,28.2679,595556229.29,2172147014.95,3617965074.64,9180870312.9,中游
300229.SZ,20230630,3790834392.04,10.4184,70250900.38,444429563.49,394944618.04,3395889774.0,中游
688327.SH,20230630,3013890533.2,45.5587,-315258295.26,163646018.26,1373090837.41,1640799695.79,中游
002415.SZ,20230630,118917248075.44,38.7983,5756423810.24,37570786397.89,46137844850.72,72779403224.72,中游
603160.SH,20230630,9116240832.15,16.084,-135978312.19,2021834633.02,1466251677.81,7649989154.34,中游
300033.SZ,20230630,8751571931.83,26.924,459280645.18,1470499130.06,2356275045.98,6395296885.85,中游
002405.SZ,20230630,13408241031.65,14.6904,-319120118.64,1500686320.08,1969726692.67,11438514338.98,中游
300624.SZ,20230630,1562523761.04,15.5734,52389381.52,718140826.29,243337328.48,1319186432.56,中游
300634.SZ,20230630,3100839207.33,15.8739,252030687.77,733228103.2,492225252.09,2608613955.24,中游
002777.SZ,20230630,2545720003.48,33.4344,81410094.44,518633584.49,851145347.63,1694574655.85,中游
300365.SZ,20230630,2562453567.77,18.9409,5100108.71,237880828.08,485352681.37,2077100886.4,中游
688088.SH,20230630,3068849026.51,14.3967,49857772.33,340191923.92,441813608.48,2627035418.03,中游
300496.SZ,20230630,11099993936.25,13.6135,333689821.5,2484848196.57,1511095426.36,9588898509.89,中游
002253.SZ,20230630,1736051422.91,18.3668,-12795971.59,79643223.95,318857278.69,1417194144.22,中游
300078.SZ,20230630,3473513592.99,64.6037,-98353585.64,563307671.46,2244019427.06,1229494165.93,中游
002236.SZ,20230630,48857796042.93,32.3504,2040259661.87,14633547280.64,15805676865.01,33052119177.92,中游
688023.SH,20230630,4557186980.36,42.5476,-413780015.79,695570020.81,1938971415.41,2618215564.95,中游
300451.SZ,20230630,5685625734.47,17.8108,25653107.18,704387729.02,1012655417.53,4672970316.94,中游
000997.SZ,20230630,12329524514.39,48.6379,568834491.09,3532483144.29,5996819721.48,6332704792.91,中游
688228.SH,20230630,1737503617.04,22.539,-19903927.15,97862905.78,391616231.16,1345887385.88,下游
300785.SZ,20230630,2270213817.93,20.1806,30287098.51,677287995.18,458141981.82,1812071836.11,下游
300058.SZ,20230630,19531948833.65,60.2907,281778684.63,21989085317.43,11775942787.83,7756006045.82,下游
002131.SZ,20230630,22310043188.79,38.6824,1910243608.41,11220541965.62,8630068211.73,13679974977.06,下游
600556.SH,20230630,5795279864.31,34.7989,54863709.54,2108741726.68,2016696299.66,3778583564.65,下游
300781.SZ,20230630,967967545.82,19.4341,29958916.16,203224573.98,188115652.57,779851893.25,下游
600570.SH,20230630,12879323154.0,39.6277,457972370.11,2826713142.85,5103784125.57,7775539028.43,下游
002607.SZ,20230630,8154625310.27,89.4309,81981702.53,1728338446.75,7292751270.48,861874039.79,下游
300253.SZ,20230630,7808288564.32,32.8854,-16603859.15,1191843074.22,2567788569.33,5240499994.99,下游
688369.SH,20230630,1829829363.36,18.8164,21390735.81,478817847.23,344308077.24,1485521286.12,下游
300188.SZ,20230630,5483296163.82,26.9079,-289794372.25,455165830.29,1475441656.87,4007854506.95,下游
002439.SZ,20230630,9650606531.71,22.9856,181914734.42,1521682198.6,2218248840.37,7432357691.34,下游
300036.SZ,20230630,4381911047.1,33.4031,49465251.77,690505495.42,1463695712.39,2918215334.71,下游
300020.SZ,20230630,7512012505.26,38.9092,-11208659.03,786289292.67,2922861492.32,4589151012.94,下游
300075.SZ,20230630,4881579505.07,17.8397,138850524.8,738217385.43,870859032.9,4010720472.17,下游
300168.SZ,20230630,7361042736.48,57.9604,-99712377.06,1407901421.44,4266487434.08,3094555302.4,下游
002065.SZ,20230630,22448540466.07,46.0036,642698253.67,5127313183.11,10327142638.97,12121397827.1,下游
600410.SH,20230630,8778515714.91,39.7042,57524069.83,1876236650.13,3485435127.23,5293080587.68,下游
300170.SZ,20230630,5953523381.43,17.6242,31739825.3,1471506381.62,1049258173.8,4904265207.63,下游
002368.SZ,20230630,14694714693.69,64.5889,50857074.5,3200798851.32,9491158904.82,5203555788.87,下游
688256.SH,20230930,6581320923.3,10.6518,-830616314.38,145810791.32,701027459.75,5880293463.55,上游
688041.SH,20230930,23762039730.09,17.7629,1216563019.89,3942722953.12,4220825822.69,19541213907.4,上游
603019.SH,20230930,30719159993.84,40.5996,788277066.0,7758143949.52,12471869394.05,18247290599.79,上游
002049.SZ,20230930,17305036502.47,35.1413,2031821174.27,5642441929.6,6081211285.45,11223825217.02,上游
688008.SH,20230930,10619712403.47,4.5653,233994817.71,1525166613.42,484820714.73,10134891688.74,上游
300474.SZ,20230930,4207995783.59,18.8329,15576072.07,469171813.61,792488432.79,3415507350.8,上游
300308.SZ,20230930,18965066038.08,25.9106,1312303271.67,7030290371.6,4913971048.23,14051094989.85,上游
300502.SZ,20230930,6081888071.47,14.4384,429563503.52,2087047551.82,878127408.3,5203760663.17,上游
300394.SZ,20230930,3342427727.86,11.7238,439693943.71,1206110652.99,391858021.64,2950569706.22,上游
002281.SZ,20230930,11517660664.58,29.9147,405731528.8,4326834653.11,3445476280.18,8072184384.4,上游
000988.SZ,20230930,17475733369.95,48.5925,808947107.9,7207504778.83,8491902237.02,8983831132.93,上游
000977.SZ,20230930,51788946879.75,66.5825,779676672.19,48096362723.88,34482391724.02,17306555155.73,上游
002463.SZ,20230930,14867429620.0,38.2145,937811714.0,6082456911.0,5681509621.0,9185919999.0,上游
300476.SZ,20230930,15126864553.47,50.9748,585718780.52,5743789807.99,7710895198.88,7415969354.59,上游
600183.SH,20230930,25065901255.55,38.5889,887887734.99,12347510596.81,9672645153.22,15393256102.33,上游
688981.SH,20230930,335687685000.0,34.586,4801253000.0,33098244000.0,116100910000.0,219586775000.0,上游
002371.SZ,20230930,52530272087.98,56.2871,2974558863.06,14588362292.87,29567769678.04,22962502409.94,上游
688012.SH,20230930,20515011656.68,17.483,1158693659.84,4041266479.18,3586638259.14,16928373397.54,上游
300223.SZ,20230930,12650096910.86,7.917,357988928.89,3419896944.07,1001506338.01,11648590572.85,上游
603986.SH,20230930,16972802873.18,8.4577,433675509.91,4394487650.7,1435503136.79,15537299736.39,上游
002230.SZ,20230930,35214158378.55,52.5212,45031773.47,12613745271.17,18494899513.23,16719258865.32,中游
688111.SH,20230930,12844687150.37,25.7622,887136508.23,3270364301.43,3309073591.53,9535613558.84,中游
300229.SZ,20230930,3757202350.02,10.8843,22714814.22,601375522.76,408943878.58,3348258471.44,中游
688327.SH,20230930,2866050730.22,44.5912,-412993820.94,345878940.4,1278005191.73,1588045538.49,中游
002415.SZ,20230930,127457393562.08,39.7518,9498231250.32,61275164193.63,50666547145.21,76790846416.87,中游
603160.SH,20230930,9324597900.73,15.3041,12450542.06,3196419218.76,1427044729.81,7897553170.91,中游
300033.SZ,20230930,8548884810.39,21.5858,770570898.37,2372398760.91,1845346396.61,6703538413.78,中游
002405.SZ,20230930,13393780454.38,16.1413,-543701945.72,2318033310.07,2161933409.87,11231847044.51,中游
300624.SZ,20230930,1602814198.42,15.8396,78762887.46,1095723164.18,253879498.99,1348934699.43,中游
300634.SZ,20230930,3192699923.69,16.481,308093017.58,1093267509.99,526187414.2,2666512509.49,中游
002777.SZ,20230930,2526251646.06,31.6506,113786625.44,803403796.66,799573093.85,1726678552.21,中游
300365.SZ,20230930,2598251577.25,19.8001,11209624.45,337996784.43,514455115.36,2083796461.89,中游
688088.SH,20230930,3054639977.28,12.76,81466845.34,502813708.41,389773335.25,2664866642.03,中游
300496.SZ,20230930,11273183496.71,13.591,512106813.29,3876395409.01,1532143979.31,9741039517.4,中游
002253.SZ,20230930,1721498924.81,18.5583,-27972344.42,120120998.32,319481153.42,1402017771.39,中游
300078.SZ,20230930,3374641240.17,63.781,-112349718.7,801288958.5,2152379329.98,1222261910.19,中游
002236.SZ,20230930,48741707945.91,31.2492,2706496803.38,22278484044.04,15231378603.83,33510329342.08,中游
688023.SH,20230930,4613213930.2,45.4404,-542637226.29,1207363364.25,2096262242.34,2516951687.86,中游
300451.SZ,20230930,5757384096.39,17.9087,93667107.26,1156924027.69,1031072254.75,4726311841.64,中游
000997.SZ,20230930,12906807089.17,51.2948,820193510.67,5410612823.03,6620522560.94,6286284528.23,中游
688228.SH,20230930,1738168842.63,22.6837,-30571578.83,164537321.98,394281405.28,1343887437.35,下游
300785.SZ,20230930,2140774627.18,16.0167,15536941.49,959053873.58,342880906.01,1797893721.17,下游
300058.SZ,20230930,20724393796.71,62.6022,283889541.83,36311520831.9,12973923153.31,7750470643.4,下游
002131.SZ,20230930,23883396752.16,42.0494,2094173075.72,15678531483.89,10042815420.65,13840581331.51,下游
600556.SH,20230930,5759847243.63,33.6125,102886469.96,3169649515.63,1936031522.89,3823815720.74,下游
300781.SZ,20230930,1042069448.57,25.1813,46937598.55,387446766.87,262407057.93,779662390.64,下游
600570.SH,20230930,13246196629.03,39.1582,627140880.77,4367606135.94,5186978750.22,8059217878.81,下游
002607.SZ,20230930,8372112755.39,87.7937,242029004.28,2665849557.97,7350191413.85,1021921341.54,下游
300253.SZ,20230930,7924433362.38,32.8226,110774511.21,1900957792.66,2601008775.96,5323424586.42,下游
688369.SH,20230930,1808404093.72,20.3032,-35250804.77,705315930.69,367163289.14,1441240804.58,下游
300188.SZ,20230930,5435112863.64,29.1163,-415383240.66,750487584.54,1582504364.38,3852608499.26,下游
002439.SZ,20230930,9887550876.79,24.1187,237677891.94,2533570248.55,2384748455.18,7502802421.61,下游
300036.SZ,20230930,4529542703.5,33.6894,129330997.04,1270554608.66,1525976420.85,3003566282.65,下游
300020.SZ,20230930,7574900187.69,39.121,-53791453.37,985541706.04,2963374083.51,4611526104.18,下游
300075.SZ,20230930,5006474597.57,17.8132,181740638.15,1064273552.95,891813687.05,4114660910.52,下游
300168.SZ,20230930,7202615341.76,60.3516,-339830422.43,1905013008.89,4346896015.94,2855719325.82,下游
002065.SZ,20230930,22919660354.27,47.5422,705202076.71,7433397699.59,10896511209.85,12023149144.42,下游
600410.SH,20230930,8842308996.65,40.6607,17787446.39,2878932100.0,3595347637.37,5246961359.28,下游
300170.SZ,20230930,5994093216.46,17.8105,43236069.11,2251360033.73,1067576935.35,4926516281.11,下游
002368.SZ,20230930,14665122058.21,64.7367,132153399.27,5221110701.06,9493719394.71,5171402663.5,下游
688256.SH,20231231,6418036122.33,10.7277,-878077444.21,709386584.26,688507033.01,5729529089.32,上游
688041.SH,20231231,22902547952.79,11.2757,1701185605.47,6011998991.03,2582427563.85,20320120388.94,上游
603019.SH,20231231,31615458539.32,38.3821,1877903059.61,14352658228.13,12134670654.24,19480787885.08,上游
002049.SZ,20231231,17533863456.61,33.1048,2533649574.03,7565369089.74,5804555056.22,11729308400.39,上游
688008.SH,20231231,10697540981.27,4.5891,451147481.14,2285738498.23,490921528.4,10206619452.87,上游
300474.SZ,20231231,4194391499.21,18.6124,59681142.77,713248175.43,780676222.51,3413715276.7,上游
300308.SZ,20231231,20006747461.32,26.1524,2207650156.4,10717984471.03,5232248377.49,14774499083.83,上游
300502.SZ,20231231,6439983560.34,15.1243,688361095.12,3097605750.52,974005086.8,5465978473.54,上游
300394.SZ,20231231,3898223252.92,13.7245,729879047.26,1938597573.62,535012521.09,3363210731.83,上游
002281.SZ,20231231,12027853800.82,29.8905,619132220.93,6060944999.12,3595180333.45,8432673467.37,上游
000988.SZ,20231231,17407673630.22,47.2799,998589383.59,10208274040.97,8230327923.74,9177345706.48,上游
000977.SZ,20231231,48119624861.79,62.0018,1795827701.67,65866587556.65,29835043040.38,18284581821.41,上游
002463.SZ,20231231,16035480626.0,38.6534,1489518520.0,8938309250.0,6198256989.0,9837223637.0,上游
300476.SZ,20231231,17383616487.62,56.1327,671346370.08,7931247607.02,9757886591.14,7625729896.48,上游
600183.SH,20231231,24956644491.86,37.0901,1148656070.61,16586072808.8,9256451786.53,15700192705.33,上游
688981.SH,20231231,338463197000.0,35.4523,6396152000.0,45250425000.0,119992951000.0,218470246000.0,上游
002371.SZ,20231231,53624552279.13,53.7063,4032724774.05,22079458092.37,28799771760.61,24824780518.52,上游
688012.SH,20231231,21525546561.69,17.2002,1783977209.36,6263513581.37,3702441375.24,17823105186.45,上游
300223.SZ,20231231,12742026939.41,7.1614,515724434.51,4530925656.37,912503963.52,11829522975.89,上游
603986.SH,20231231,16455783581.8,7.6338,161141224.88,5760823414.65,1256206998.01,15199576583.79,上游
002230.SZ,20231231,37831122978.15,53.1285,613146459.21,19650329209.04,20099089356.53,17732033621.62,中游
688111.SH,20231231,13974021307.95,28.2983,1314461671.28,4555968287.39,3954415069.13,10019606238.82,中游
300229.SZ,20231231,3746005629.18,10.3198,33356650.94,781678373.42,386579465.94,3359426163.24,中游
688327.SH,20231231,2748521233.94,48.874,-657378323.33,628122118.15,1343311362.37,1405209871.57,中游
002415.SZ,20231231,138848007548.55,40.8248,15155683186.96,89339856855.68,56684395670.64,82163611877.91,中游
603160.SH,20231231,9727030979.94,17.2895,165050524.7,4408052320.27,1681750385.98,8045280593.96,中游
300033.SZ,20231231,9844860690.35,25.6531,1402476723.6,3564260219.05,2525513050.83,7319347639.52,中游
002405.SZ,20231231,12412248395.53,19.7888,-1385379489.98,3121819530.69,2456237314.08,9956011081.45,中游
300624.SZ,20231231,1678769662.57,16.9676,108285542.02,1480936048.65,284846201.6,1393923460.97,中游
300634.SZ,20231231,3229222299.78,17.4287,321054109.53,1496407662.03,562812038.0,2666410261.78,中游
002777.SZ,20231231,2706126290.19,33.615,178726550.84,1346853600.05,909663612.58,1796462677.61,中游
300365.SZ,20231231,2511976720.46,17.6327,20963663.15,828806318.44,442929205.92,2069047514.54,中游
688088.SH,20231231,3120573359.75,14.3506,88240127.06,670254360.04,447820037.29,2672753322.46,中游
300496.SZ,20231231,11459187610.03,14.8695,394707571.96,5242234178.4,1703924966.42,9755262643.61,中游
002253.SZ,20231231,1565021802.17,20.7181,-189624569.0,179697781.88,324242150.37,1240779651.8,中游
300078.SZ,20231231,2592337624.35,80.4136,-875475947.65,1005929309.42,2084592658.95,507744965.4,中游
002236.SZ,20231231,52881927214.0,32.143,7475267485.55,32218317636.77,16997832815.0,35884094399.0,中游
688023.SH,20231231,4978259985.46,48.4873,-365607147.32,2170164682.12,2413823667.9,2564436317.56,中游
300451.SZ,20231231,5790350720.78,19.4542,45687075.62,1615873170.26,1126467178.33,4663883542.45,中游
000997.SZ,20231231,13199752173.21,49.179,1025530346.15,7610560379.19,6491512489.05,6708239684.16,中游
688228.SH,20231231,2091495524.86,31.4098,59855765.99,693811245.43,656934171.43,1434561353.43,下游
300785.SZ,20231231,2263237471.89,17.7141,79417134.54,1451638435.53,400911374.15,1862326097.74,下游
300058.SZ,20231231,21720993741.47,65.1078,111722981.77,52615933748.15,14142065510.76,7578928230.71,下游
002131.SZ,20231231,24644250078.15,44.4757,1936018861.38,20471407922.26,10960699992.86,13683550085.29,下游
600556.SH,20231231,5895388614.26,35.5544,80963941.6,4202030347.42,2096069995.26,3799318619.0,下游
300781.SZ,20231231,1105656212.06,28.7674,66094675.58,536433271.25,318068452.89,787587759.17,下游
600570.SH,20231231,14353729857.51,38.3803,1443210558.83,7281202979.92,5509007744.76,8844722112.75,下游
002607.SZ,20231231,7139624337.37,92.057,-209429723.34,3086320031.57,6572525339.16,567098998.21,下游
300253.SZ,20231231,8548945570.58,33.5441,317615490.92,3163424802.81,2867668499.4,5681277071.18,下游
688369.SH,20231231,1890826086.97,25.2021,-47173605.7,1044650186.05,476528755.89,1414297331.08,下游
300188.SZ,20231231,5679496180.66,28.4337,-195526547.41,1983722939.57,1614892332.67,4064603847.99,下游
002439.SZ,20231231,14864922828.35,19.2085,739544751.76,4506912129.67,2855331173.43,12009591654.92,下游
300036.SZ,20231231,4519088941.75,33.3144,145370576.68,1978685866.97,1505508258.55,3013580683.2,下游
300020.SZ,20231231,6892353004.71,38.9618,-238380290.16,1169077879.62,2685383770.78,4206969233.93,下游
300075.SZ,20231231,4877066555.65,16.6245,133747419.46,1213117380.29,810788743.82,4066277811.83,下游
300168.SZ,20231231,6965125165.06,67.1232,-898821346.93,2458573579.02,4675211997.68,2289913167.38,下游
002065.SZ,20231231,23637525159.03,49.1925,636080613.91,11523614059.95,11627897132.93,12009628026.1,下游
600410.SH,20231231,8772128363.98,43.6156,-203646046.18,4163424639.09,3826020493.3,4946107870.68,下游
300170.SZ,20231231,5963202414.62,18.6111,-24231510.59,2979698875.85,1109816212.0,4853386202.62,下游
002368.SZ,20231231,15920467865.22,67.6536,385244933.6,8913798734.58,10770771034.6,5149696830.62,下游
688256.SH,20240331,6103962584.42,9.0875,-229051890.24,25666105.86,554698488.24,5549264096.18,上游
688041.SH,20240331,23325624667.31,10.9265,394357356.94,1592079880.4,2548665211.39,20776959455.92,上游
603019.SH,20240331,31894702480.93,38.4956,131396523.44,2478641535.71,12278054780.98,19616647699.95,上游
002049.SZ,20240331,16864947560.09,29.1191,312797360.13,1140611641.09,4910924269.65,11954023290.44,上游
688008.SH,20240331,10707523669.9,4.6048,223408575.46,737262933.17,493057411.67,10214466258.23,上游
300474.SZ,20240331,4192893059.31,18.2382,-11535163.86,108379019.23,764706918.31,3428186141.0,上游
300308.SZ,20240331,22340346978.67,25.4454,1027697437.47,4842546924.23,5684581767.29,16655765211.38,上游
300502.SZ,20240331,7354053814.22,21.1683,324540534.21,1112853894.49,1556730520.51,5797323293.71,上游
300394.SZ,20240331,4183093556.61,12.4911,279823463.52,731670538.96,522514219.68,3660579336.93,上游
002281.SZ,20240331,12027214832.56,29.0082,77659305.01,1291006993.41,3488874837.08,8538339995.48,上游
000988.SZ,20240331,17586478792.69,46.1413,289113813.17,2170165169.07,8114630907.71,9471847884.98,上游
000977.SZ,20240331,49960857172.39,62.7444,296142666.7,17606574780.8,31347648495.48,18613208676.91,上游
002463.SZ,20240331,17734641319.0,41.3639,508119354.0,2584035431.0,7335744013.0,10398897306.0,上游
300476.SZ,20240331,17023567041.02,54.3178,209607792.1,2391566648.53,9246834431.53,7776732609.49,上游
600183.SH,20240331,25011625876.61,35.5559,403698746.21,4423260330.56,8893109982.49,16118515894.12,上游
688981.SH,20240331,341757727000.0,36.0021,450160000.0,12593782000.0,123040099000.0,218717628000.0,上游
002371.SZ,20240331,56256540818.55,53.7143,1118680309.21,5859163380.59,30217813517.3,26038727301.25,上游
688012.SH,20240331,22372509254.07,19.8788,248855112.06,1605024097.68,4447385355.91,17925123898.16,上游
300223.SZ,20240331,12668276046.12,6.4806,87255226.99,1007095092.34,820978516.47,11847297529.65,上游
603986.SH,20240331,17066177979.49,10.127,204785920.62,1627269967.75,1728287681.34,15337890298.15,上游
002230.SZ,20240331,37181743281.23,53.2443,-347041906.47,3646215386.95,19797147939.26,17384595341.97,中游
688111.SH,20240331,14084304390.86,26.114,365392427.98,1225297495.19,3677970244.69,10406334146.17,中游
300229.SZ,20240331,3711235540.49,8.7459,27202919.34,178244396.98,324580942.06,3386654598.43,中游
688327.SH,20240331,2614716265.25,50.3235,-164223467.0,54403525.48,1315817534.41,1298898730.84,中游
002415.SZ,20240331,132259649297.62,35.9937,2222073182.13,17817550424.43,47605204530.65,84654444766.97,中游
603160.SH,20240331,9903627502.13,16.7113,162399555.69,1218471529.44,1655027626.61,8248599875.52,中游
300033.SZ,20240331,8569545070.62,27.1352,103847272.54,618822422.15,2325365369.31,6244179701.31,中游
002405.SZ,20240331,12032785173.98,18.5222,-172576688.26,707339912.23,2228742131.49,9804043042.49,中游
300624.SZ,20240331,1654421365.43,13.9392,27523019.71,357895828.37,230612955.62,1423808409.81,中游
300634.SZ,20240331,3294171666.2,18.0586,80725241.22,424391710.59,594881265.6,2699290400.6,中游
002777.SZ,20240331,2632864126.03,31.4582,8148527.36,195517542.81,828252921.06,1804611204.97,中游
300365.SZ,20240331,2413063321.06,14.0228,2597177.03,112352802.19,338379332.24,2074683988.82,中游
688088.SH,20240331,3046124875.85,11.3681,34137948.87,183929058.24,346285184.43,2699839691.42,中游
300496.SZ,20240331,11585148176.24,14.899,79648619.52,1178033342.21,1726074191.67,9859073984.57,中游
002253.SZ,20240331,1555259737.98,20.7255,-7854768.47,26993205.37,322334854.65,1232924883.33,中游
300078.SZ,20240331,2518345759.65,77.7947,-68576893.2,198888851.7,1959138728.27,559207031.38,中游
002236.SZ,20240331,49939916410.93,26.942,586237198.91,6180916716.7,13454829119.28,36485087291.65,中游
688023.SH,20240331,4544519015.69,46.2728,-203645289.17,280802086.21,2102874835.95,2441644179.74,中游
300451.SZ,20240331,5663734821.97,17.2682,14258715.78,375491442.27,978024354.93,4685710467.04,中游
000997.SZ,20240331,12262413144.47,42.9496,290774096.45,1603548246.88,5266654151.7,6995758992.77,中游
688228.SH,20240331,1916663073.15,26.762,-8172935.9,87791341.28,512937425.07,1403725648.08,下游
300785.SZ,20240331,2157402527.93,14.6459,-21462415.54,296289264.84,315970465.14,1841432062.79,下游
300058.SZ,20240331,21349408264.47,63.8402,80378401.94,15781722837.14,13629505689.52,7719902574.95,下游
002131.SZ,20240331,23481925490.65,42.6941,-248496618.78,4840876589.35,10025391011.75,13456534478.9,下游
600556.SH,20240331,5756826027.56,33.9418,11055531.37,965091939.19,1953971221.68,3802854805.88,下游
300781.SZ,20240331,1066355318.83,24.6471,15668072.94,175839567.8,262826088.14,803529230.69,下游
600570.SH,20240331,13200585190.21,33.313,-35169409.03,1187570167.18,4397515072.6,8803070117.61,下游
002607.SZ,20240331,7284973537.78,91.079,82792824.85,763498365.59,6635081714.72,649891823.06,下游
300253.SZ,20240331,8477557679.07,32.0481,6494450.04,494492405.71,2716898318.12,5760659360.95,下游
688369.SH,20240331,1787009659.49,22.7143,-32270301.24,182589827.01,405907335.75,1381102323.74,下游
300188.SZ,20240331,5437405588.28,26.6806,-45969198.45,194202951.14,1450733215.88,3986672372.4,下游
002439.SZ,20240331,14541727061.78,18.1736,-114969686.49,922613266.65,2642760132.81,11898966928.97,下游
300036.SZ,20240331,4312448365.5,29.9417,3947092.6,298230398.01,1291220028.59,3021228336.91,下游
300020.SZ,20240331,7147222576.34,40.5936,10234862.43,463584237.18,2901312736.4,4245909839.94,下游
300075.SZ,20240331,4922044815.88,16.343,56762002.76,294260848.44,804409227.84,4117635588.04,下游
300168.SZ,20240331,6677485463.57,68.9266,-215601850.32,349734530.09,4602562880.02,2074922583.55,下游
002065.SZ,20240331,23022738772.39,47.8723,-8562353.96,3210004505.34,11021521136.54,12001217635.85,下游
600410.SH,20240331,8618862793.39,44.5167,-166863546.12,889078410.59,3836833976.69,4782028816.7,下游
300170.SZ,20240331,6011561939.54,18.1877,49611691.98,732248023.51,1093364961.48,4918196978.06,下游
002368.SZ,20240331,15910718274.73,65.4094,16443076.99,1661500116.22,10407109229.05,5503609045.68,下游
688256.SH,20240630,6140517921.66,13.6721,-533334042.74,64765343.16,839536211.87,5300981709.79,上游
688041.SH,20240630,24333445830.97,12.8744,1225821970.57,3762912618.53,3132785704.65,21200660126.32,上游
603019.SH,20240630,32092196584.15,38.2426,567271735.85,5712059095.8,12272896537.26,19819300046.89,上游
002049.SZ,20240630,16298711884.16,27.5031,743621786.1,2872852419.08,4482645970.57,11816065913.59,上游
688008.SH,20240630,10660783238.25,4.6035,593154173.02,1664977789.21,490774145.23,10170009093.02,上游
300474.SZ,20240630,3977280138.26,13.4845,34154320.22,349905424.98,536315875.61,3440964262.65,上游
300308.SZ,20240630,24422765089.32,29.8203,2406921415.96,10798594185.75,7282948207.21,17139816882.11,上游
300502.SZ,20240630,8302736259.61,24.8056,865142094.15,2727674771.39,2059544388.42,6243191871.19,上游
300394.SZ,20240630,4359433189.52,14.1362,655537192.3,1555952429.46,616256395.88,3743176793.64,上游
002281.SZ,20240630,12897572005.33,34.0909,200375461.23,3109944587.68,4396902905.56,8500669099.77,上游
000988.SZ,20240630,18713383938.74,48.3801,625733895.29,5200110064.89,9053544715.89,9659839222.85,上游
000977.SZ,20240630,63123381733.21,70.3395,577584628.07,42063540640.03,44400670210.73,18722711522.48,上游
002463.SZ,20240630,18036623509.0,43.756,1128198242.0,5424106130.0,7892113297.0,10144510212.0,上游
300476.SZ,20240630,17153099473.05,53.6816,459021616.16,4855418532.51,9208065227.0,7945034246.05,上游
600183.SH,20240630,25665994108.58,38.9807,977776675.08,9629509439.39,10004795828.54,15661198280.04,上游
688981.SH,20240630,337466574000.0,34.5966,1641948000.0,26269310000.0,116751911000.0,220714663000.0,上游
002371.SZ,20240630,60021185979.88,53.541,2780185716.58,12334907204.28,32135916730.35,27885269249.53,上游
688012.SH,20240630,24241626255.77,25.0434,516250546.94,3447712750.84,6070931541.88,18170694713.89,上游
300223.SZ,20240630,12788356266.62,7.3027,197028558.77,2106849614.13,933901177.52,11854455089.1,上游
603986.SH,20240630,17429431989.17,10.2961,517000013.68,3609037320.17,1794549378.67,15634882610.5,上游
002230.SZ,20240630,38256440253.38,54.7865,-470063231.79,9324545041.14,20959363330.03,17297076923.35,中游
688111.SH,20240630,14270710088.93,26.8964,722004803.52,2412993928.06,3838302691.09,10432407397.84,中游
300229.SZ,20240630,3718311949.86,8.8192,57726584.45,397176512.84,327924410.62,3390387539.24,中游
688327.SH,20240630,2198524556.45,47.7699,-359177793.75,120519793.18,1050232086.14,1148292470.31,中游
002415.SZ,20240630,127786046730.89,37.4364,5640664710.62,41209096206.36,47838540851.82,79947505879.07,中游
603160.SH,20240630,9974281159.52,16.2335,317229098.04,2255997348.74,1619179559.31,8355101600.21,中游
300033.SZ,20240630,8655356010.36,24.8182,362864624.88,1389443967.18,2148099612.21,6507256398.15,中游
002405.SZ,20240630,12092092707.7,20.5085,-357195940.66,1666898266.64,2479905566.65,9612187141.05,中游
300624.SZ,20240630,1658121414.84,14.533,28967585.61,705213221.33,240974178.18,1417147236.66,中游
300634.SZ,20240630,3306088508.39,19.9876,114378139.14,781074280.21,660807359.13,2645281149.26,中游
002777.SZ,20240630,2567017802.81,31.7239,3984581.28,394627327.9,814358268.48,1752659534.33,中游
300365.SZ,20240630,2399358972.87,13.3085,4530922.19,209049360.38,319319088.44,2080039884.43,中游
688088.SH,20240630,2968972136.83,10.7421,61430055.65,380916644.89,318929344.91,2650042791.92,中游
300496.SZ,20240630,11321021878.83,13.7498,99358252.07,2400709316.47,1556612764.07,9764409114.76,中游
002253.SZ,20240630,1532604211.25,20.2112,-17932812.21,87074532.15,309757371.66,1222846839.59,中游
300078.SZ,20240630,2706975568.25,85.1967,-225669799.8,396895157.25,2306253616.39,400721951.86,中游
002236.SZ,20240630,50209775852.19,27.1068,1863377131.18,14866622569.81,13610284324.23,36599491527.96,中游
688023.SH,20240630,4575618996.89,48.1282,-277932546.3,697593910.53,2202163539.77,2373455457.12,中游
300451.SZ,20240630,5716495678.2,17.8711,31659124.99,726735755.07,1021600491.73,4694895186.47,中游
000997.SZ,20240630,12744090646.1,44.5342,607897434.73,3379093435.33,5675473343.4,7068617302.7,中游
688228.SH,20240630,1896907018.79,27.1482,-29170253.37,155130983.48,514976252.37,1381930766.42,下游
300785.SZ,20240630,2246394977.05,17.8739,9250869.02,715810176.27,401519434.2,1844875542.85,下游
300058.SZ,20240630,21363414676.19,63.2275,180710995.39,30857874573.86,13507545922.05,7855868754.14,下游
002131.SZ,20240630,22880209821.77,44.2889,-760535111.29,10661461461.45,10133404046.5,12746805775.27,下游
600556.SH,20240630,5571637203.18,31.5043,44053800.03,2004436625.51,1755305329.32,3816331873.86,下游
300781.SZ,20240630,1052403447.76,25.552,26882840.48,407311072.26,268910000.96,783493446.8,下游
600570.SH,20240630,13135949788.28,34.4384,25102580.15,2835848961.36,4523810347.04,8612139441.24,下游
002607.SZ,20240630,6817643121.59,89.9818,115902988.47,1447877261.95,6134641134.91,683001986.68,下游
300253.SZ,20240630,8486919144.51,32.0085,22214075.41,1223742976.83,2716533310.51,5770385834.0,下游
688369.SH,20240630,1714270179.38,26.4294,-73480047.28,402139344.52,453070482.22,1261199697.16,下游
300188.SZ,20240630,5227854540.02,25.964,-138041857.52,548647606.97,1357357769.81,3870496770.21,下游
002439.SZ,20240630,13836855064.84,16.8588,-186288825.7,1573701348.33,2332721084.47,11504133980.37,下游
300036.SZ,20240630,4142209284.48,30.2195,33214150.22,636916290.39,1251756567.28,2890452717.2,下游
300020.SZ,20240630,6924431806.13,39.8392,-69883568.73,514815936.42,2758640397.35,4165791408.78,下游
300075.SZ,20240630,4848827048.26,17.0833,72268307.94,538712454.88,828341716.36,4020485331.9,下游
300168.SZ,20240630,6830994807.18,71.8342,-366823877.99,922974705.71,4906987613.78,1924007193.4,下游
002065.SZ,20240630,23443439998.13,48.5656,200899453.4,5723081039.17,11385452694.81,12057987303.32,下游
600410.SH,20240630,8589774546.84,45.0104,-236247794.65,2152401747.86,3866294682.32,4723479864.52,下游
300170.SZ,20240630,6012604992.37,17.9355,85304723.35,1520788401.57,1078390808.72,4934214183.65,下游
002368.SZ,20240630,15614230665.11,65.8756,-158915361.58,2613628401.58,10285962881.47,5328267783.64,下游
688256.SH,20240930,6094803451.46,15.5568,-728481605.23,185306577.18,948156132.43,5146647319.03,上游
688041.SH,20240930,27060917607.86,18.6286,2106819573.58,6136539009.22,5041074535.61,22019843072.25,上游
603019.SH,20240930,32616373439.6,38.5883,804973389.01,8041454505.76,12586106642.19,20030266797.41,上游
002049.SZ,20240930,16650009750.29,26.838,1016050924.19,4262985693.96,4468529619.78,12181480130.51,上游
688008.SH,20240930,11181975972.58,5.6783,976378674.9,2570870287.06,634945361.33,10547030611.25,上游
300474.SZ,20240930,3930621619.18,12.6784,23874312.38,441058430.06,498338766.51,3432282852.67,上游
300308.SZ,20240930,27124286366.57,31.1071,3871569380.15,17312601820.15,8437590835.96,18686695530.61,上游
300502.SZ,20240930,9821803616.17,27.8776,1646072871.21,5130435808.52,2738086243.87,7083717372.3,上游
300394.SZ,20240930,4664594713.76,16.8989,977728383.69,2394707401.46,788264959.79,3876329753.97,上游
002281.SZ,20240930,13633543461.8,34.813,453432805.36,5377786127.88,4746249021.27,8887294440.53,上游
000988.SZ,20240930,19721603941.99,49.0762,939600233.84,9001703896.11,9678623386.78,10042980555.21,上游
000977.SZ,20240930,84271425346.1,77.1888,1278368505.95,83125748346.36,65048063744.28,19223361601.82,上游
002463.SZ,20240930,19108067956.0,42.4657,1830221921.0,9010914022.0,8114378220.0,10993689736.0,上游
300476.SZ,20240930,17913051875.16,53.6514,764612164.03,7697738194.52,9610600722.8,8302451152.36,上游
600183.SH,20240930,26273279118.64,39.5962,1450675021.18,14744796525.21,10403215420.87,15870063697.77,上游
688981.SH,20240930,330954830000.0,33.4352,3232660000.0,41878720000.0,110655349000.0,220299481000.0,上游
002371.SZ,20240930,63430457680.45,52.8898,4459592474.67,20352770959.17,33548234908.92,29882222771.53,上游
688012.SH,20240930,25271340608.37,25.8493,912184138.09,5507194599.46,6532452489.5,18738888118.87,上游
300223.SZ,20240930,12818014057.04,6.8932,302893624.62,3201213308.67,883572969.03,11934441088.01,上游
603986.SH,20240930,18162982363.14,11.9255,832100288.06,5649596831.4,2166029820.98,15996952542.16,上游
002230.SZ,20240930,40132646557.46,57.369,-423226905.19,14849536928.14,23023691268.27,17108955289.19,中游
688111.SH,20240930,14668786281.03,26.5428,1039976238.39,3626818036.47,3893505691.69,10775280589.34,中游
300229.SZ,20240930,3692671457.39,8.6346,41563916.53,619136632.77,318847616.8,3373823840.59,中游
688327.SH,20240930,2105881997.54,49.8609,-514081681.58,226510204.76,1050010846.96,1055871150.58,中游
002415.SZ,20240930,124094298497.09,32.959,8907824287.76,64991467788.45,40900297780.89,83194000716.2,中游
603160.SH,20240930,9891452511.92,14.7693,448113575.75,3222596255.55,1460899254.26,8430553257.66,中游
300033.SZ,20240930,9278219945.84,26.9039,650917369.0,2334720341.07,2496201072.71,6782018873.13,中游
002405.SZ,20240930,11757344510.31,19.9297,-492505341.58,2528069895.68,2343202398.55,9414142111.76,中游
300624.SZ,20240930,1606277877.31,16.3026,-4268934.93,1052864618.62,261864899.94,1344412977.37,中游
300634.SZ,20240930,3383616044.59,19.4154,191691303.59,1210470656.38,656942984.85,2726673059.74,中游
002777.SZ,20240930,2631243222.36,33.0663,13563735.4,668146681.12,870054533.91,1761188688.45,中游
300365.SZ,20240930,2403613906.38,12.936,7330095.33,313976249.38,310931833.46,2092682072.92,中游
688088.SH,20240930,2949165821.93,11.7132,88261483.09,573681641.46,345442995.88,2603722826.05,中游
300496.SZ,20240930,11430833302.93,14.0375,154917008.36,3694282198.21,1604603450.74,9826229852.19,中游
002253.SZ,20240930,1501772065.78,19.3479,-29569681.91,126568043.29,290562095.89,1211209969.89,中游
300078.SZ,20240930,2396805190.46,74.7414,-285718834.44,564563042.63,1791406609.12,605398581.34,中游
002236.SZ,20240930,50983661105.93,27.5158,2599179662.75,22450081877.91,14028578958.04,36955082147.89,中游
688023.SH,20240930,4573414353.89,48.3809,-340458169.25,1144552683.73,2212656913.28,2360757440.61,中游
300451.SZ,20240930,5821824109.65,19.0126,58948817.27,1168619942.05,1106878023.44,4714946086.21,中游
000997.SZ,20240930,12621130633.02,41.5834,920854185.32,5198290159.58,5248290890.9,7372839742.12,中游
688228.SH,20240930,1874635659.68,26.4641,-32800191.68,229381585.32,496105248.28,1378530411.4,下游
300785.SZ,20240930,2280296505.49,19.1526,6581969.14,1012201008.13,436735511.94,1843560993.55,下游
300058.SZ,20240930,21194544177.88,62.4867,118658168.7,45423007611.46,13243772945.79,7950771232.09,下游
002131.SZ,20240930,22860041741.74,43.6799,-180031037.26,15848008474.27,9985248432.19,12874793309.55,下游
600556.SH,20240930,5500912781.84,30.096,60547460.16,3045295579.97,1655555370.45,3845357411.39,下游
300781.SZ,20240930,1118068826.39,27.7718,50393008.17,700940188.32,310507791.56,807561034.83,下游
600570.SH,20240930,13414308364.11,33.0104,447051385.85,4187756325.06,4428117452.12,8986190911.99,下游
002607.SZ,20240930,6527571985.29,88.7362,168155001.37,2100404211.77,5792317985.71,735253999.58,下游
300253.SZ,20240930,8572926033.38,31.2196,137443786.79,1913315732.46,2676434913.22,5896491120.16,下游
688369.SH,20240930,1648132383.78,26.9019,-115440005.36,616875159.54,443378365.82,1204754017.96,下游
300188.SZ,20240930,5475385334.53,31.3229,-255258048.06,897375269.22,1715050955.19,3760334379.34,下游
002439.SZ,20240930,13835880254.52,17.0498,-215394318.8,2326046705.03,2358991137.17,11476889117.35,下游
300036.SZ,20240930,4117940384.53,30.4135,25005367.86,948513094.55,1252411803.67,2865528580.86,下游
300020.SZ,20240930,6838511202.62,40.5496,-170272618.7,544623089.55,2772989904.06,4065521298.56,下游
300075.SZ,20240930,4776693311.0,16.8169,20827569.04,697670458.81,803291618.0,3973401693.0,下游
300168.SZ,20240930,6643551439.84,73.9449,-560199138.62,1321108099.89,4912564560.94,1730986878.9,下游
002065.SZ,20240930,24300925012.36,50.1084,422409286.7,8186454166.06,12176798261.92,12124126750.44,下游
600410.SH,20240930,8416047438.09,43.757,-191706748.92,2977002019.07,3682607126.96,4733440311.13,下游
300170.SZ,20240930,6148790406.67,18.4336,140816230.33,2352648180.71,1133442443.69,5015347962.98,下游
002368.SZ,20240930,15615236487.71,65.7497,-26115022.48,4337615808.01,10266973221.79,5348263265.92,下游
688256.SH,20241231,6717812509.7,19.163,-456926652.68,1174464377.35,1287332938.05,5430479571.65,上游
688041.SH,20241231,28559492036.59,20.685,2716957049.17,9162148135.92,5907529891.71,22651962144.88,上游
603019.SH,20241231,36617491563.87,41.7578,1993428917.98,13147685135.79,15290643033.33,21326848530.54,上游
002049.SZ,20241231,17319762346.06,28.4374,1185418098.61,5511073894.21,4925291099.08,12394471246.98,上游
688008.SH,20241231,12218911386.38,6.7306,1340736124.5,3638911068.29,822405821.47,11396505564.91,上游
300474.SZ,20241231,7564814255.72,6.5368,-165119475.55,466342383.04,494494399.24,7070319856.48,上游
300308.SZ,20241231,28866276555.26,29.7005,5371775138.93,23862159738.37,8573435376.03,20292841179.23,上游
300502.SZ,20241231,12266549853.89,32.107,2837813624.37,8646831134.32,3938420036.03,8328129817.86,上游
300394.SZ,20241231,4736726176.3,15.8491,1342864548.81,3251707626.61,750727452.6,3985998723.7,上游
002281.SZ,20241231,14786316939.44,38.0709,656163189.25,8272310184.75,5629279672.07,9157037267.37,上游
000988.SZ,20241231,20824328693.09,50.6457,1203085856.56,11709175466.84,10546620556.63,10277708136.46,上游
000977.SZ,20241231,71191039667.42,71.4421,2289835075.6,114767366841.55,50860354296.83,20330685370.59,上游
002463.SZ,20241231,21179935675.0,43.808,2566315235.0,13341541440.0,9278509516.0,11901426159.0,上游
300476.SZ,20241231,19175313194.03,53.4405,1154431097.85,10731469489.88,10247379783.92,8927933410.11,上游
600183.SH,20241231,27643247046.83,40.293,1867780248.75,20388330213.56,11138288223.06,16504958823.77,上游
688981.SH,20241231,353415296000.0,35.1732,5373118000.0,57795570000.0,124307508000.0,229107788000.0,上游
002371.SZ,20241231,65708880828.22,50.9576,5693678082.06,29838069162.26,33483684889.1,32225195939.12,上游
688012.SH,20241231,26217544719.07,24.7239,1614314396.25,9065165097.69,6482002827.11,19735541891.96,上游
300223.SZ,20241231,12926945100.27,6.5292,364197779.75,4212625881.35,844031402.2,12082913698.07,上游
603986.SH,20241231,19228833821.39,13.2616,1100881286.84,7355977677.11,2550053927.35,16678779894.04,上游
002230.SZ,20241231,41478899803.2,54.881,507033632.21,23343093018.69,22764027052.88,18714872750.32,中游
688111.SH,20241231,15912888756.23,28.1301,1655284064.88,5120838798.82,4476319129.69,11436569626.54,中游
300229.SZ,20241231,4481824962.63,7.9385,-97484694.28,777034453.08,355787998.3,4126036964.33,中游
688327.SH,20241231,1982248295.74,55.0978,-705667667.51,397684607.77,1092174657.04,890073638.7,中游
002415.SZ,20241231,132016200156.14,33.72,13141022060.51,92495525118.3,44515905407.99,87500294748.15,中游
603160.SH,20241231,10304337633.45,15.3609,603699034.87,4374948942.73,1582841099.63,8721496533.82,中游
300033.SZ,20241231,10976501567.53,27.3509,1823278194.38,4186794650.06,3002176417.23,7974325150.3,中游
002405.SZ,20241231,11033094136.51,21.0416,-1144058230.38,3517707799.23,2321534500.88,8711559635.63,中游
300624.SZ,20241231,1516485942.87,24.2063,-157420052.06,1439743390.5,367084663.97,1149401278.9,中游
300634.SZ,20241231,3432002962.03,18.5642,213829775.03,1652170804.63,637125465.77,2794877496.26,中游
002777.SZ,20241231,2692964862.04,32.8339,84460198.11,1339474768.56,884206432.74,1808758429.3,中游
300365.SZ,20241231,2316502263.76,19.8227,-157449527.85,956567332.85,459193721.29,1857308542.47,中游
688088.SH,20241231,3021180411.41,10.0381,176650920.83,815173516.81,303268358.91,2717912052.5,中游
300496.SZ,20241231,12508126864.97,19.2638,402564667.9,5384636492.15,2409544162.25,10098582702.72,中游
002253.SZ,20241231,1463887876.3,20.9988,-84700905.07,165335077.04,307398719.85,1156489156.45,中游
300078.SZ,20241231,2189795268.31,73.1088,-504092639.47,690765562.41,1600932000.91,588863267.4,中游
002236.SZ,20241231,52735912081.82,29.5087,2919172272.03,32180931827.17,15561703251.21,37174208830.61,中游
688023.SH,20241231,5035768395.71,49.8321,-201736212.59,2042835394.88,2509430446.96,2526337948.75,中游
300451.SZ,20241231,5668132706.72,21.077,-167331308.8,1422645163.08,1194672281.56,4473460425.16,中游
000997.SZ,20241231,12703530497.81,42.8691,1131048386.94,7268494037.28,5445891306.95,7257639190.86,中游
688228.SH,20241231,1974500221.78,27.6786,15392116.04,617602564.09,546514690.81,1427985530.97,下游
300785.SZ,20241231,2435088412.82,21.2157,80447319.7,1517624375.19,516620325.2,1918468087.62,下游
300058.SZ,20241231,22371124234.6,66.1044,-296941481.37,60796916156.95,14788307198.56,7582817036.04,下游
002131.SZ,20241231,21986575676.44,41.5016,-304032944.45,21170505049.62,9124776521.91,12861799154.53,下游
600556.SH,20241231,5421739476.49,29.909,43353527.01,4066328070.85,1621588418.95,3800151057.54,下游
300781.SZ,20241231,975826804.61,25.1017,-28374333.97,651029662.58,244949239.16,730877565.45,下游
600570.SH,20241231,14728811676.92,36.1315,1040404420.55,6581075306.06,5321737442.65,9407074234.27,下游
002607.SZ,20241231,6510125085.01,88.8706,183818404.39,2626625414.34,5785588749.41,724536335.6,下游
300253.SZ,20241231,8756485456.9,32.2362,50067639.26,2782240900.17,2822756578.7,5933728878.2,下游
688369.SH,20241231,1609921366.56,33.9292,-241287118.31,846525778.96,546233258.86,1063688107.7,下游
300188.SZ,20241231,5278050206.42,31.6849,-403754021.39,1769116515.87,1672346092.38,3605704114.04,下游
002439.SZ,20241231,13778075142.42,17.0525,-227392431.57,3315167251.35,2349506822.81,11428568319.61,下游
300036.SZ,20241231,4020731506.85,34.1301,-180232257.55,1497872642.24,1372280389.89,2648451116.96,下游
300020.SZ,20241231,5924640581.55,45.2864,-947281521.08,547905797.9,2683058181.18,3241582400.37,下游
300075.SZ,20241231,4359134803.69,18.9015,-395341212.25,713334334.94,823943791.98,3535191011.71,下游
300168.SZ,20241231,6340914631.81,74.6673,-681660178.96,2011374718.65,4734589693.47,1606324938.34,下游
002065.SZ,20241231,24547290185.26,49.2848,421929114.72,13322600710.32,12098078198.39,12449211986.87,下游
600410.SH,20241231,8736230936.77,42.0563,47933411.22,4270629476.42,3674135559.22,5062095377.55,下游
300170.SZ,20241231,6254346573.2,18.0427,196426758.05,3235150721.11,1128451131.88,5125895441.32,下游
002368.SZ,20241231,15740396804.46,66.4582,244263025.28,7836223365.82,10460782872.31,5279613932.15,下游
688256.SH,20250331,6944976188.52,15.9685,355228063.36,1111398926.8,1109011708.37,5835964480.15,上游
688041.SH,20250331,31006388860.44,24.5573,713869163.02,2400148814.98,7614334983.25,23392053877.19,上游
603019.SH,20250331,35930290716.83,41.2407,169353735.0,2586233304.5,14817885780.74,21112404936.09,上游
002049.SZ,20250331,17170318463.68,27.1107,119277590.48,1026019465.84,4654987275.79,12515331187.89,上游
688008.SH,20250331,12665661054.42,5.7159,503718732.28,1222209473.93,723952158.25,11941708896.17,上游
300474.SZ,20250331,7498246975.16,6.3647,-54850234.44,102458287.79,477238162.59,7021008812.57,上游
300308.SZ,20250331,31582872453.01,30.3935,1690515350.62,6674176487.23,9599142714.71,21983729738.3,上游
300502.SZ,20250331,14850327707.24,33.1444,1572525789.22,4052256538.37,4922057612.71,9928270094.53,上游
300394.SZ,20250331,5209808463.88,16.6356,337728982.68,944631274.77,866680547.67,4343127916.21,上游
002281.SZ,20250331,14879504538.98,37.1839,146360962.38,2222328586.63,5532786220.38,9346718318.6,上游
000988.SZ,20250331,20359443175.79,47.5238,406678382.34,3355471582.66,9675571639.47,10683871536.32,上游
000977.SZ,20250331,91480946121.3,77.4719,461423565.54,46858373514.91,70872058298.01,20608887823.29,上游
002463.SZ,20250331,23022977825.0,44.7844,759976047.0,4037627327.0,10310691516.0,12712286309.0,上游
300476.SZ,20250331,20923782279.13,52.544,920647385.47,4312340862.19,10994190587.81,9929591691.32,上游
600183.SH,20250331,28423385433.82,39.1578,634861357.91,5611370948.47,11129977534.52,17293407899.3,上游
688981.SH,20250331,344161271000.0,32.8131,2320915000.0,16301085000.0,112929820000.0,231231451000.0,上游
002371.SZ,20250331,68242220291.21,49.9958,1567606689.12,8206029208.83,34118226495.4,34123993795.81,上游
688012.SH,20250331,27118584850.11,25.741,308245968.1,2173278385.62,6980583129.65,20138001720.46,上游
300223.SZ,20250331,12953437988.0,6.2941,73674693.47,1060232459.55,815303131.29,12138134856.71,上游
603986.SH,20250331,19467085113.24,12.7611,239724954.38,1909062290.61,2484221900.42,16982863212.82,上游
002230.SZ,20250331,41444902737.48,54.6323,-216548404.61,4657815685.81,22642324035.11,18802578702.37,中游
688111.SH,20250331,15899058815.62,25.6448,394378539.67,1301469310.66,4077281405.71,11821777409.91,中游
300229.SZ,20250331,4457098819.47,7.9581,-23585079.73,124967319.45,354699976.8,4102398842.67,中游
688327.SH,20250331,1973267878.56,59.0499,-130703155.44,37233234.47,1165212063.5,808055815.06,中游
002415.SZ,20250331,125735528054.54,29.3141,2230910698.87,18531863690.67,36858261328.45,88877266726.09,中游
603160.SH,20250331,10423036767.14,13.9206,195348366.22,1064399637.59,1450950650.41,8972086116.73,中游
300033.SZ,20250331,9219925811.62,29.7154,120453542.34,748187189.04,2739735409.92,6480190401.7,中游
002405.SZ,20250331,10736546756.72,20.0057,-146083791.83,755904757.82,2147921910.52,8588624846.2,中游
300624.SZ,20250331,1526256336.89,26.7979,-34075103.37,379582355.04,409003967.56,1117252369.33,中游
300634.SZ,20250331,3454229029.94,17.6026,72428067.97,488405304.65,608035597.66,2846193432.28,中游
002777.SZ,20250331,2629330291.86,30.6914,13592834.48,207737825.15,806979028.08,1822351263.78,中游
300365.SZ,20250331,2382329629.97,21.4389,3956763.15,240900292.75,510745885.83,1871583744.14,中游
688088.SH,20250331,3042266485.92,9.0579,49663911.4,209259242.35,275565563.47,2766700922.45,中游
300496.SZ,20250331,12393260229.48,17.6024,79656796.66,1468849945.58,2181512040.89,10211748188.59,中游
002253.SZ,20250331,1471131183.73,22.3906,-14753347.9,25344029.38,329395375.18,1141735808.55,中游
300078.SZ,20250331,1506875539.19,62.4918,-19436112.6,409267469.05,941673340.52,565202198.67,中游
002236.SZ,20250331,50497850338.83,24.8454,706851986.58,6256129778.73,12546386856.6,37951463482.23,中游
688023.SH,20250331,4722878988.22,48.0578,-115021353.42,311118492.11,2269710207.8,2453168780.42,中游
300451.SZ,20250331,5564740193.08,19.8203,-14702055.36,290357981.79,1102949579.87,4461790613.21,中游
000997.SZ,20250331,12727690113.28,40.6069,354441389.84,1809541670.76,5168319531.33,7559370581.95,中游
688228.SH,20250331,1940275336.3,26.4364,-909176.69,60297628.73,512938808.93,1427336527.37,下游
300785.SZ,20250331,2425088915.64,21.1976,-8243876.4,268421057.65,514061173.88,1911027741.76,下游
300058.SZ,20250331,21158568768.51,63.6585,94353486.65,14257668988.64,13469229256.43,7689339512.08,下游
002131.SZ,20250331,21956108746.61,40.9861,99737710.32,4758920642.1,8998960155.53,12957148591.08,下游
600556.SH,20250331,5161609537.6,26.0769,9934672.45,896709381.9,1345986967.8,3815622569.8,下游
300781.SZ,20250331,966586258.67,22.9715,12927620.97,140965658.78,222039544.59,744546714.08,下游
600570.SH,20250331,13733062293.03,31.2109,39118936.01,1025881877.64,4286207714.2,9446854578.83,下游
002607.SZ,20250331,6299227154.9,87.8631,39994248.45,575021369.1,5534696570.85,764530584.05,下游
300253.SZ,20250331,8620532947.41,30.4379,-3345001.28,344975742.42,2623908857.51,5996624089.9,下游
688369.SH,20250331,1485436105.37,33.0258,-71345298.94,105180361.51,490576821.04,994859284.33,下游
300188.SZ,20250331,5145264039.83,30.9317,-137087146.67,215288988.21,1591519513.33,3553744526.5,下游
002439.SZ,20250331,13581790139.27,15.8484,42297.65,640806865.89,2152494063.59,11429296075.68,下游
300036.SZ,20250331,3871812159.23,32.7123,-44975962.69,234019539.0,1266560517.13,2605251642.1,下游
300020.SZ,20250331,5806021325.13,45.384,-70566327.49,60265950.83,2635005252.25,3171016072.88,下游
300075.SZ,20250331,4259522490.09,16.8438,6867834.93,182377580.68,717463643.45,3542058846.64,下游
300168.SZ,20250331,5923503153.9,75.523,-156524166.84,463768748.64,4473606885.41,1449896268.49,下游
002065.SZ,20250331,23905850962.78,47.7043,53113228.8,3108657365.16,11404123975.4,12501726987.38,下游
600410.SH,20250331,9352222209.35,44.3214,154248540.89,884951136.58,4145033357.41,5207188851.93,下游
300170.SZ,20250331,6284886762.62,17.4499,35800077.82,741574100.14,1096707522.9,5188179239.72,下游
002368.SZ,20250331,15155063047.44,65.1435,2907298.11,1222170475.52,9872541817.18,5282521230.26,下游
688256.SH,20250630,8420117458.26,19.6829,1037655544.21,2880643471.09,1657325847.82,6762791610.44,上游
688041.SH,20250630,32301590632.07,25.8491,1641844544.48,5464235057.15,8349672975.88,23951917656.19,上游
603019.SH,20250630,36624107961.28,40.7036,701970402.01,5849961017.34,14907344708.16,21716763253.12,上游
002049.SZ,20250630,17695570610.55,27.2259,691933709.37,3047269760.68,4817786714.29,12877783896.26,上游
688008.SH,20250630,12878881021.59,6.3556,1112376100.89,2633456481.08,818531568.86,12060349452.73,上游
300474.SZ,20250630,7428357297.12,6.351,-87610121.73,193224146.39,471771433.21,6956585863.91,上游
300308.SZ,20250630,34786708490.76,30.3073,4242457490.32,14789074837.8,10542906376.72,24243802114.04,上游
300502.SZ,20250630,18071339565.19,33.0757,3942294268.37,10437170265.5,5977230791.09,12094108774.1,上游
300394.SZ,20250630,5651354599.63,16.9454,899424956.59,2455890299.5,957645172.8,4693709426.83,上游
002281.SZ,20250630,15824926904.78,40.6924,352366855.77,5242939494.93,6439537134.76,9385389770.02,上游
000988.SZ,20250630,21075716709.7,49.7522,905960446.5,7629000199.83,10485636327.56,10590080382.14,上游
000977.SZ,20250630,107007323595.35,80.5985,798098673.64,80192433185.82,86246281067.9,20761042527.45,上游
002463.SZ,20250630,24463766218.0,47.6958,1678314457.0,8493871883.0,11668181619.0,12795584599.0,上游
300476.SZ,20250630,23695482810.63,53.7655,2143119809.25,9030866364.08,12740001053.16,10955481757.47,上游
600183.SH,20250630,29789911385.67,42.9488,1622705495.92,12679896704.94,12794409464.59,16995501921.08,上游
688981.SH,20250630,354168029000.0,33.783,3367678000.0,32348049000.0,119648526000.0,234519503000.0,上游
002371.SZ,20250630,84344685084.06,52.489,3201197889.35,16141546184.74,44271695377.52,40072989706.54,上游
688012.SH,20250630,28420694710.14,26.6424,686116028.42,4960601270.04,7571943226.06,20848751484.08,上游
300223.SZ,20250630,13411904367.64,7.1565,201778891.26,2249112381.32,959824948.38,12452079419.26,上游
603986.SH,20250630,19800066421.27,11.9435,587834762.25,4150308632.88,2364820200.05,17435246221.22,上游
002230.SZ,20250630,42929508256.52,56.0746,-228224725.58,10910937822.71,24072531553.41,18856976703.11,中游
688111.SH,20250630,16426714814.02,29.162,732605277.47,2657121733.79,4790358547.73,11636356266.29,中游
300229.SZ,20250630,4384340502.42,7.5497,-75203610.5,244801015.68,331005609.89,4053334892.53,中游
688327.SH,20250630,1955000929.73,60.8532,-234521585.91,168985600.58,1189681270.34,765319659.39,中游
002415.SZ,20250630,124414765281.12,31.03,6281476630.83,41818040088.44,38605886425.59,85808878855.53,中游
603160.SH,20250630,10467327280.75,13.8309,430611575.89,2251375839.27,1447730035.86,9019597244.89,中游
300033.SZ,20250630,10332464766.13,33.6379,501931328.16,1779405283.66,3475621824.25,6856842941.88,中游
002405.SZ,20250630,10959944737.13,22.8849,-313997504.15,1760502272.47,2508171895.05,8451772842.08,中游
300624.SZ,20250630,1507472964.29,28.1729,-54712303.15,760004968.83,424698887.43,1082774076.86,中游
300634.SZ,20250630,3361703580.91,14.9428,134961449.69,919502335.7,502332849.11,2859370731.8,中游
002777.SZ,20250630,2589025209.1,31.3915,28968111.27,439350572.77,812733324.23,1776291884.87,中游
300365.SZ,20250630,2447085538.98,22.9027,5898644.73,372748777.85,560448872.71,1886636666.27,中游
688088.SH,20250630,3011030257.61,10.0332,88536026.79,410348543.34,302101608.6,2708928649.01,中游
300496.SZ,20250630,12748919512.67,18.9972,174382000.91,3299453079.09,2421936583.99,10326982928.68,中游
002253.SZ,20250630,1413955495.06,21.4222,-45434438.04,54515084.22,302900776.65,1111054718.41,中游
300078.SZ,20250630,2123051367.01,74.5324,-53674844.0,545023575.61,1582360911.23,540690455.78,中游
002236.SZ,20250630,50021031055.64,24.2712,2598685138.93,15181329651.13,12140703782.24,37880327273.4,中游
688023.SH,20250630,4554480868.64,48.0988,-198183007.78,732839944.98,2190649312.45,2363831556.19,中游
300451.SZ,20250630,5543157750.54,20.502,-72309946.03,576678264.25,1136455943.97,4406701806.57,中游
000997.SZ,20250630,12712895533.56,41.2066,670240289.9,3850746068.55,5238550665.78,7474344867.78,中游
688228.SH,20250630,1910207921.85,25.8337,-541304.07,159774161.69,493477793.39,1416730128.46,下游
300785.SZ,20250630,2451099002.19,22.3398,13514268.76,581981407.68,547570598.79,1903528403.4,下游
300058.SZ,20250630,23345078532.09,67.1059,94825014.41,32360261510.45,15665931050.2,7679147481.89,下游
002131.SZ,20250630,22194130520.4,40.8558,466564245.33,9635328593.69,9067589175.04,13126541345.36,下游
600556.SH,20250630,5233422167.19,26.9954,34939528.53,1843923653.37,1412780657.8,3820641509.39,下游
300781.SZ,20250630,968541854.76,23.2059,28650710.02,311869639.31,224759151.94,743782702.82,下游
600570.SH,20250630,13858493777.9,31.3581,295417718.95,2426419815.59,4345756846.4,9512736931.5,下游
002607.SZ,20250630,6130194965.59,87.173,61784103.76,1155239043.07,5343874526.23,786320439.36,下游
300253.SZ,20250630,8542781595.04,31.5504,-122819416.44,839150865.03,2695278030.46,5847503564.58,下游
688369.SH,20250630,1450070125.17,35.9755,-142376330.57,337867983.27,521669341.39,928400783.78,下游
300188.SZ,20250630,5180482235.73,34.2018,-215910962.45,557588405.64,1771820579.42,3408661656.31,下游
002439.SZ,20250630,13301173321.32,14.8093,-96482836.99,1132582026.18,1969811700.95,11331361620.37,下游
300036.SZ,20250630,3886963623.6,31.7229,3989544.11,603150964.55,1233056167.26,2653907456.34,下游
300020.SZ,20250630,5601077804.09,47.878,-322190543.0,121496561.0,2681685946.72,2919391857.37,下游
300075.SZ,20250630,4070667802.35,13.6147,-18731539.12,321393391.55,554208329.76,3516459472.59,下游
300168.SZ,20250630,5879727386.49,77.8342,-303217987.92,932997061.49,4576436779.93,1303290606.56,下游
002065.SZ,20250630,25301823486.96,49.7328,270870212.38,5622158106.35,12583295251.53,12718528235.43,下游
600410.SH,20250630,9152861664.32,43.0957,161316502.39,2262323043.55,3944489605.26,5208372059.06,下游
300170.SZ,20250630,6482051752.65,16.5859,87459839.24,1574554348.69,1075109390.14,5406942362.51,下游
002368.SZ,20250630,15233287086.87,65.315,4049052.62,3607362467.3,9949624102.1,5283662984.77,下游
688256.SH,20250930,12592153353.85,10.1158,1604038056.13,4607424363.66,1273794635.3,11318358718.55,上游
688041.SH,20250930,33181689668.68,24.1243,2840528700.64,9489974831.12,8004865287.04,25176824381.64,上游
603019.SH,20250930,36990049910.63,40.6665,922221734.25,8820220222.94,15042561942.0,21947487968.63,上游
002049.SZ,20250930,18249639029.25,27.0229,1262273080.1,4904452850.38,4931573784.51,13318065244.74,上游
688008.SH,20250930,13751628992.45,10.8681,1576364498.29,4057688490.81,1494538352.76,12257090639.69,上游
300474.SZ,20250930,7774875578.93,10.3217,-72533449.76,494620173.26,802498352.12,6972377226.81,上游
300308.SZ,20250930,39726194819.53,29.4734,7569731091.52,25004800851.32,11708670128.61,28017524690.92,上游
300502.SZ,20250930,21356332939.88,31.992,6327092507.84,16504791211.36,6832326153.11,14524006786.77,上游
300394.SZ,20250930,5846616056.67,16.4521,1465672659.77,3918403111.99,961892024.37,4884724032.3,上游
002281.SZ,20250930,16365554454.22,39.9383,696937341.14,8531642135.18,6536131195.58,9829423258.64,上游
000988.SZ,20250930,22552411151.63,51.2347,1313538331.11,11037981451.57,11554659370.49,10997751781.14,上游
000977.SZ,20250930,109333189348.98,80.4189,1488864885.87,120669018861.99,87924509801.74,21408679547.24,上游
002463.SZ,20250930,26314612654.0,46.7808,2713321370.0,13512390231.0,12310191120.0,14004421534.0,上游
300476.SZ,20250930,30612476407.28,50.4409,3244826449.42,14117292798.89,15441201833.23,15171274574.05,上游
600183.SH,20250930,32041470483.26,45.3877,2863526001.9,20613555150.44,14542899585.43,17498570897.83,上游
688981.SH,20250930,351368416000.0,33.0798,5770359000.0,49510416000.0,116231851000.0,235136565000.0,上游
002371.SZ,20250930,85894227938.23,50.9032,4980235652.7,27301379656.81,43722897116.06,42171330822.17,上游
688012.SH,20250930,29786854954.28,28.0196,1180764123.83,8062565115.42,8346143175.73,21440711778.55,上游
300223.SZ,20250930,13541098221.26,8.2157,254519944.27,3436500879.19,1112499634.77,12428598586.49,上游
603986.SH,20250930,20756260682.52,11.352,1104399849.02,6831634443.78,2356254809.82,18400005872.7,上游
002230.SZ,20250930,43288324449.52,56.4076,-83393932.04,16989434774.08,24417926391.89,18870398057.63,中游
688111.SH,20250930,16633808400.07,27.0813,1163838283.8,4178385237.73,4504649916.31,12129158483.76,中游
300229.SZ,20250930,4283183097.53,7.4575,-162231063.56,336982166.72,319419538.25,3963763559.28,中游
688327.SH,20250930,1770482292.44,59.2935,-311027524.52,355190931.01,1049781132.8,720701159.64,中游
002415.SZ,20250930,129863372985.51,33.7985,10253767346.11,65757782457.01,43891870294.28,85971502691.23,中游
603160.SH,20250930,10956943816.84,14.8618,676610806.43,3520825700.94,1628401277.89,9328542538.95,中游
300033.SZ,20250930,11453177228.47,34.4901,1206281689.52,3260860919.93,3950208370.78,7502968857.69,中游
002405.SZ,20250930,10649441302.68,23.0755,-715341798.67,2659603802.64,2457410305.34,8192030997.34,中游
300624.SZ,20250930,1651993961.37,33.5494,-63283284.21,1142372996.62,554234736.64,1097759224.73,中游
300634.SZ,20250930,3418266135.39,14.1016,195164841.68,1341342937.75,482030539.54,2936235595.85,中游
002777.SZ,20250930,2660323323.71,32.7559,41587572.05,687071524.39,871411978.06,1788911345.65,中游
300365.SZ,20250930,2417222052.08,22.1239,7168814.83,497236085.65,534784586.09,1882437465.99,中游
688088.SH,20250930,3027723423.02,12.0534,141702334.73,627546742.03,364944944.94,2662778478.08,中游
300496.SZ,20250930,13194407038.57,21.0634,229588633.97,5147642334.15,2779194111.54,10415212927.03,中游
002253.SZ,20250930,1466968576.9,27.7068,-99060292.1,76630815.88,406450355.43,1060518221.47,中游
300078.SZ,20250930,1008557511.94,41.416,-6485797.26,603818696.74,417703743.44,590853768.5,中游
002236.SZ,20250930,52144046937.12,25.1595,3667630737.35,22912542319.59,13119164110.84,39024882826.28,中游
688023.SH,20250930,4251447776.33,46.2442,-211018772.41,1204508246.09,1966046890.18,2285400886.15,中游
300451.SZ,20250930,5487658950.0,20.2701,-106750444.48,861687740.98,1112353504.38,4375305445.62,中游
000997.SZ,20250930,13826608918.82,44.765,1025648112.83,5986971486.29,6189475238.12,7637133680.7,中游
688228.SH,20250930,1929575976.32,24.8022,-9671260.3,230713030.01,478576740.29,1450999236.03,下游
300785.SZ,20250930,2397071665.68,20.5416,14493509.12,805991673.59,492397615.33,1904674050.35,下游
300058.SZ,20250930,24277538400.73,67.3212,192626665.45,51098413535.23,16343923401.43,7933614999.3,下游
002131.SZ,20250930,21887478961.84,39.7468,560348688.14,14454058040.77,8699561840.0,13187917121.84,下游
600556.SH,20250930,5204082234.35,26.6968,32573041.36,2734486872.56,1389324990.93,3814757243.42,下游
300781.SZ,20250930,1000419853.7,24.0431,37814115.9,467728888.25,240532094.85,759887758.85,下游
600570.SH,20250930,14300416799.6,31.4193,503114781.39,3489900135.84,4493090473.96,9807326325.64,下游
002607.SZ,20250930,5983721950.5,86.3546,91966263.39,1657370679.06,5167219351.51,816502598.99,下游
300253.SZ,20250930,8345968353.3,31.3132,-247760106.95,1295802097.22,2613393384.27,5732574969.03,下游
688369.SH,20250930,1374835485.2,37.7199,-227448125.43,554315659.13,518586094.95,856249390.25,下游
300188.SZ,20250930,5048610113.65,35.4671,-377612103.96,795151079.71,1790593664.78,3258016448.87,下游
002439.SZ,20250930,13163809191.38,14.889,-219060804.47,1547688828.48,1959965592.51,11203843598.87,下游
300036.SZ,20250930,3902026818.4,31.1764,33453714.71,967693519.18,1216513398.4,2685513420.0,下游
300020.SZ,20250930,5116335867.89,47.2989,-545217115.97,130655079.18,2419970583.49,2696365284.4,下游
300075.SZ,20250930,4073869018.46,14.1937,-52319028.83,520725624.11,578231611.0,3495637407.46,下游
300168.SZ,20250930,5880033913.63,79.6493,-409730622.17,1328632958.14,4683407959.12,1196625954.51,下游
002065.SZ,20250930,25814284270.47,50.9854,395405974.2,8488348068.38,13161511789.8,12652772480.67,下游
600410.SH,20250930,9486555878.65,42.9412,387974512.59,3171814513.9,4073636764.03,5412919114.62,下游
300170.SZ,20250930,6604923605.56,16.338,149431174.86,2438959029.24,1079110389.91,5525813215.65,下游
002368.SZ,20250930,14914142000.25,64.9062,4700640.77,4690401347.46,9680196316.63,5233945683.62,下游
688256.SH,20251231,13437714065.91,11.8656,2058487389.36,6497196198.68,1594460330.44,11843253735.47,上游
688041.SH,20251231,35638165817.46,27.1332,3619061693.32,14376889476.95,9669769257.43,25968396560.03,上游
603019.SH,20251231,40953741117.01,43.6713,2157667919.43,14963644356.95,17885016973.79,23068724143.22,上游
002049.SZ,20251231,18946893713.17,27.4044,1435980734.73,6145823063.27,5192275041.26,13754618671.91,上游
688008.SH,20251231,13748147352.18,6.379,2129635949.96,5456316783.63,876991502.11,12871155850.07,上游
300474.SZ,20251231,8094435868.53,11.6805,-226598601.84,720064627.8,945469435.78,7148966432.75,上游
300308.SZ,20251231,45288970887.78,30.179,11579754107.99,38239935640.67,13667772290.16,31621198597.62,上游
300502.SZ,20251231,25881071176.47,30.2028,9553276217.15,24841854840.22,7816815524.97,18064255651.5,上游
300394.SZ,20251231,6449302312.06,14.5229,2017676180.69,5163432471.16,936624190.15,5512678121.91,上游
002281.SZ,20251231,16343021105.52,37.9218,931857075.21,11928697127.38,6197574391.28,10145446714.24,上游
000988.SZ,20251231,22918853935.9,51.4063,1454468065.68,14354760508.18,11781740625.41,11137113310.49,上游
000977.SZ,20251231,83793847851.87,73.6358,2409055340.96,164781997658.23,61702309941.11,22091537910.76,上游
002463.SZ,20251231,28254274039.0,46.4574,3818673108.0,18945220585.0,13126187360.0,15128086679.0,上游
300476.SZ,20251231,35244486987.89,52.8505,4311988274.4,19292313457.36,18626878544.32,16617608443.57,上游
600183.SH,20251231,32769563621.37,42.2937,3891871604.15,28431138459.44,13859467654.75,18910095966.62,上游
688981.SH,20251231,367718196000.0,33.0024,7208910000.0,67323192000.0,121355828000.0,246362368000.0,上游
002371.SZ,20251231,89800578023.69,51.0832,5408907258.2,39353112419.78,45873028287.64,43927549736.05,上游
688012.SH,20251231,29846018981.43,23.8463,2064217331.64,12384638268.11,7117178471.34,22728840510.09,上游
300223.SZ,20251231,13573205293.47,7.9885,375330758.7,4741007597.96,1084289209.92,12488916083.55,上游
603986.SH,20251231,21396579783.85,10.1593,1677344557.33,9203463124.58,2173743141.7,19222836642.15,上游
002230.SZ,20251231,44857109349.34,55.7205,849468620.24,27105390547.66,24994625192.65,19862484156.69,中游
688111.SH,20251231,18155801690.14,29.2047,1821869488.91,5928744673.06,5302354608.8,12853447081.34,中游
300229.SZ,20251231,4207791883.05,8.563,-294971574.94,511344793.45,360313086.4,3847478796.65,中游
688327.SH,20251231,1230001455.4,60.324,-573376778.16,500598522.34,741986064.07,488015391.33,中游
002415.SZ,20251231,138049655334.62,33.9246,15433655239.83,92507796069.94,46832791980.03,91216863354.59,中游
603160.SH,20251231,11059407398.13,15.239,837099324.7,4735621058.43,1685342750.79,9374064647.34,中游
300033.SZ,20251231,15832994333.52,40.0495,3205102614.07,6028985966.48,6341039595.3,9491954738.22,中游
002405.SZ,20251231,11550264835.57,23.1903,62825598.34,4124564661.76,2678542688.64,8871722146.93,中游
300624.SZ,20251231,1684277714.86,38.1555,-92740577.71,1532776301.84,642643951.58,1041633763.28,中游
300634.SZ,20251231,3518838432.32,13.8314,284610963.0,1829972081.29,486702993.61,3032135438.71,中游
002777.SZ,20251231,2686870253.96,31.7597,86204258.53,1232068966.62,853342221.83,1833528032.13,中游
300365.SZ,20251231,2008262390.31,19.0563,-228226266.58,895152289.51,382701091.04,1625561299.27,中游
688088.SH,20251231,3025717856.85,9.5117,258385243.53,922970946.27,287795917.14,2737921939.71,中游
300496.SZ,20251231,13562190576.4,20.8419,492854409.48,7778043920.32,2826613127.13,10735577449.27,中游
002253.SZ,20251231,1636208518.03,44.7914,-272300608.52,325202914.88,732881399.05,903327118.98,中游
300078.SZ,20251231,968547184.59,45.3788,-68837227.27,684253899.5,439515071.11,529032113.48,中游
002236.SZ,20251231,52558604784.24,26.7977,3882257690.66,32743783343.8,14084484620.54,38474120163.7,中游
688023.SH,20251231,4474428330.96,46.5107,-58009578.41,2151443960.34,2081087561.87,2393340769.09,中游
300451.SZ,20251231,5277097838.44,22.8153,-390454699.65,1051722248.27,1203985299.08,4073112539.36,中游
000997.SZ,20251231,14600040561.68,47.1262,1130784246.87,8397339440.54,6880446479.37,7719594082.31,中游
688228.SH,20251231,1920845598.31,27.1751,-16771680.09,418829990.7,521991724.74,1398853873.57,下游
300785.SZ,20251231,2557253396.43,22.4808,92029210.04,1287768213.62,574890721.28,1982362675.15,下游
300058.SZ,20251231,25139551030.28,68.5984,222834022.41,68692672430.48,17245337473.01,7894213557.27,下游
002131.SZ,20251231,21504319914.15,40.8214,-11081745.48,20050434864.6,8778371366.48,12725948547.67,下游
600556.SH,20251231,5518790432.84,30.8418,24683460.67,3903976997.22,1702092642.07,3816697790.77,下游
300781.SZ,20251231,901708656.68,28.906,-68377172.22,627192368.32,260648087.55,641060569.13,下游
600570.SH,20251231,15907117992.47,32.4743,1286128861.35,5782928939.92,5165724515.67,10741393476.8,下游
002607.SZ,20251231,5688418599.88,86.6873,48797230.59,2236931867.08,4931137866.35,757280733.53,下游
300253.SZ,20251231,8523161353.55,34.3489,-384172474.34,2106166908.59,2927616030.36,5595545323.19,下游
688369.SH,20251231,1537141839.31,45.8538,-241745998.71,903191382.15,704838128.52,832303710.79,下游
300188.SZ,20251231,4531018876.1,37.7711,-790995390.07,1411279845.88,1711415609.99,2819603266.11,下游
002439.SZ,20251231,13011090783.53,16.6606,-577257491.39,2337579161.34,2167720875.52,10843369908.01,下游
300036.SZ,20251231,3904476194.86,31.4434,46986249.59,1509117443.21,1227699544.74,2676776650.12,下游
300020.SZ,20251231,3881425099.98,63.8492,-1809013079.21,174542038.75,2478258946.31,1403166153.67,下游
300075.SZ,20251231,3823640536.46,17.1235,-379059637.22,601737836.14,654741780.91,3168898755.55,下游
300168.SZ,20251231,5864108456.51,82.033,-553189955.54,2026017477.92,4810504066.75,1053604389.76,下游
002065.SZ,20251231,25592296198.03,50.0793,552517840.69,12928399148.39,12816446427.8,12775849770.23,下游
600410.SH,20251231,9892295001.09,48.5514,64947832.56,4658914139.48,4802847199.2,5089447801.89,下游
300170.SZ,20251231,6781225257.26,16.1989,242863818.64,3415369690.98,1098480704.39,5682744552.87,下游
002368.SZ,20251231,15237983583.95,70.3514,-720552243.79,7789275344.61,10720141235.0,4517842348.95,下游
688256.SH,20260331,15400896356.83,16.3795,1013125012.86,2884696746.86,2522593490.33,12878302866.5,上游
688041.SH,20260331,35184690300.93,22.7993,877361302.1,4033592186.34,8021872315.25,27162817985.68,上游
603019.SH,20260331,39337159471.0,41.1353,191957983.15,3199430492.82,16181472643.67,23155686827.33,上游
002049.SZ,20260331,19041527775.1,25.47,333308071.87,1499087278.85,4849885981.79,14191641793.31,上游
688008.SH,20260331,21680536261.01,4.1745,829725360.22,1460718316.43,905058362.65,20775477898.36,上游
300474.SZ,20260331,7991273714.73,11.7363,-95625740.81,84144537.75,937879119.75,7053394594.98,上游
300308.SZ,20260331,56580677310.74,32.6362,6316792027.02,19496398083.95,18465774898.96,38114902411.78,上游
300502.SZ,20260331,29736124932.02,31.035,2774196263.34,8337902040.74,9228600383.02,20507524549.0,上游
300394.SZ,20260331,6981677447.38,14.254,492269821.58,1330270175.36,995168210.3,5986509237.08,上游
002281.SZ,20260331,18264265610.66,43.1308,232478183.87,2773352847.92,7877530556.26,10386735054.4,上游
000988.SZ,20260331,22972556369.31,48.7517,644093036.25,4265855702.83,11199507965.71,11773048403.6,上游
000977.SZ,20260331,84489154875.14,73.2107,604884837.99,35470325836.04,61855101748.41,22634053126.73,上游
002463.SZ,20260331,32720019199.0,48.6431,1241439745.0,6214156406.0,15916037828.0,16803981371.0,上游
300476.SZ,20260331,38878055535.58,55.2339,1288427592.46,5519485066.85,21473881238.69,17404174296.89,上游
600183.SH,20260331,36206665532.58,44.0312,1332307575.73,8141455910.4,15942223739.2,20264441793.38,上游
688981.SH,20260331,380545855000.0,34.8944,1593998000.0,17617218000.0,132789143000.0,247756712000.0,上游
002371.SZ,20260331,91056789222.02,50.0095,1567956334.89,10322863908.82,45537075214.11,45519714007.91,上游
688012.SH,20260331,31270377655.77,22.1756,918439904.12,2914986518.73,6934399075.53,24335978580.24,上游
300223.SZ,20260331,13826734613.11,7.741,320348317.03,1559766866.05,1070331519.94,12756403093.17,上游
603986.SH,20260331,27773679160.67,8.1329,1472515257.26,4188075574.04,2258791840.78,25514887319.89,上游
002230.SZ,20260331,45657478488.52,56.4093,-187789016.67,5274188660.25,25755078554.49,19902399934.03,中游
688111.SH,20260331,20216994153.1,25.1634,2195163937.16,1613223593.44,5087273807.97,15129720345.13,中游
300229.SZ,20260331,4079236453.45,7.5866,-78230339.41,65414603.48,309476967.17,3769759486.28,中游
688327.SH,20260331,1370515518.99,62.844,-11897462.61,23231237.02,861286960.43,509228558.56,中游
002415.SZ,20260331,135311587226.93,30.2572,3261544265.74,20715444490.55,40941492453.49,94370094773.44,中游
603160.SH,20260331,10806257357.81,13.22,117189425.27,969130944.69,1428586096.94,9377671260.87,中游
300033.SZ,20260331,17832598598.69,60.8031,255922385.71,1053494727.58,10842768831.88,6989829766.81,中游
002405.SZ,20260331,11744433821.42,25.6886,-146645673.77,856912875.65,3016983710.54,8727450110.88,中游
300624.SZ,20260331,1589694242.62,37.4151,-47735290.91,368690988.59,594786175.68,994908066.94,中游
300634.SZ,20260331,3572132502.28,14.1809,25629474.07,331554850.39,506559811.26,3065572691.02,中游
002777.SZ,20260331,2614864923.75,29.5849,9397817.83,197944555.42,773605593.79,1841259329.96,中游
300365.SZ,20260331,1965972854.46,18.6711,-13121715.33,87803010.53,367068996.72,1598903857.74,中游
688088.SH,20260331,2989922391.81,7.2922,54083574.16,227128363.89,218031946.31,2771890445.5,中游
300496.SZ,20260331,13993593297.07,22.8729,90035276.58,1748552102.91,3200735622.73,10792857674.34,中游
002253.SZ,20260331,1561052544.52,43.3444,-19345590.35,25640519.11,676628718.6,884423825.92,中游
300078.SZ,20260331,961105070.09,46.2082,-10892682.96,91054019.64,444109582.08,516995488.01,中游
002236.SZ,20260331,52112122359.49,24.6759,711963200.07,6902346653.63,12859123242.66,39252999116.83,中游
688023.SH,20260331,4104995295.53,45.2769,-117348952.78,324933826.2,1858615681.72,2246379613.81,中游
300451.SZ,20260331,5118577147.31,21.8973,-77773623.25,197317412.83,1120830410.99,3997746736.32,中游
000997.SZ,20260331,15056188912.11,46.7143,312010140.19,2462442695.83,7033395739.64,8022793172.47,中游
688228.SH,20260331,1846196767.02,26.2789,-11585440.73,47371197.01,485160364.99,1361036402.03,下游
300785.SZ,20260331,2528272598.06,21.4348,4527630.88,271862863.3,541928939.19,1986343658.87,下游
300058.SZ,20260331,27018124273.4,70.5142,125952219.35,18806911410.03,19051622736.91,7966501536.49,下游
002131.SZ,20260331,20864133254.09,38.5089,21738231.59,5100510263.4,8034556549.7,12829576704.39,下游
600556.SH,20260331,5287371217.65,27.8602,1197194.05,938366679.49,1473070806.32,3814300411.33,下游
300781.SZ,20260331,902664599.81,27.3033,16312839.41,158438028.61,246456777.98,656207821.83,下游
600570.SH,20260331,15049031632.13,27.6919,165233588.42,905318872.46,4167363851.75,10881667780.38,下游
002607.SZ,20260331,5696039837.17,85.8771,47166234.91,599826028.35,4891591568.73,804448268.44,下游
300253.SZ,20260331,8302133774.09,32.6568,-1339931.85,397456279.95,2711208778.25,5590924995.84,下游
688369.SH,20260331,1394784030.25,44.9062,-69167479.74,128544330.26,626343844.74,768440185.51,下游
300188.SZ,20260331,4177661815.13,36.5657,-160340899.1,164514033.76,1527589222.39,2650072592.74,下游
002439.SZ,20260331,12880806758.03,15.4494,48712675.91,667381517.31,1990009792.7,10890796965.33,下游
300036.SZ,20260331,3784312200.14,30.2645,-42439557.3,185122488.01,1145304903.5,2639007296.64,下游
300020.SZ,20260331,3809759245.53,65.0417,-71337189.29,51329213.67,2477930281.15,1331828964.38,下游
300075.SZ,20260331,3791871513.29,16.1502,10577897.94,191942955.03,612394859.8,3179476653.49,下游
300168.SZ,20260331,5458856390.93,81.4429,-40513128.71,512006386.31,4445851623.15,1013004767.78,下游
002065.SZ,20260331,23977802949.3,46.4429,68127832.05,2877943088.8,11135991277.28,12841811672.02,下游
600410.SH,20260331,9945470746.36,49.2781,-34286878.41,1018432435.95,4900936065.78,5044534680.58,下游
300170.SZ,20260331,6799209968.51,15.6655,34723629.34,788982741.18,1065132340.67,5734077627.84,下游
002368.SZ,20260331,15248494874.85,71.1695,-121995026.26,885639069.46,10852283522.82,4396211352.03,下游
688256.SH,20260630,,,,,,,上游
688041.SH,20260630,,,,,,,上游
603019.SH,20260630,,,,,,,上游
002049.SZ,20260630,,,,,,,上游
688008.SH,20260630,,,,,,,上游
300474.SZ,20260630,,,,,,,上游
300308.SZ,20260630,,,,,,,上游
300502.SZ,20260630,,,,,,,上游
300394.SZ,20260630,,,,,,,上游
002281.SZ,20260630,,,,,,,上游
000988.SZ,20260630,,,,,,,上游
000977.SZ,20260630,,,,,,,上游
002463.SZ,20260630,,,,,,,上游
300476.SZ,20260630,,,,,,,上游
600183.SH,20260630,,,,,,,上游
688981.SH,20260630,,,,,,,上游
002371.SZ,20260630,,,,,,,上游
688012.SH,20260630,,,,,,,上游
300223.SZ,20260630,,,,,,,上游
603986.SH,20260630,,,,,,,上游
002230.SZ,20260630,,,,,,,中游
688111.SH,20260630,,,,,,,中游
300229.SZ,20260630,,,,,,,中游
688327.SH,20260630,,,,,,,中游
002415.SZ,20260630,137690401796.0,32.3603,9123000553.88,46822537847.07,44557033290.5,93133368505.5,中游
603160.SH,20260630,,,,,,,中游
300033.SZ,20260630,,,,,,,中游
002405.SZ,20260630,,,,,,,中游
300624.SZ,20260630,,,,,,,中游
300634.SZ,20260630,,,,,,,中游
002777.SZ,20260630,,,,,,,中游
300365.SZ,20260630,,,,,,,中游
688088.SH,20260630,,,,,,,中游
300496.SZ,20260630,,,,,,,中游
002253.SZ,20260630,,,,,,,中游
300078.SZ,20260630,,,,,,,中游
002236.SZ,20260630,,,,,,,中游
688023.SH,20260630,,,,,,,中游
300451.SZ,20260630,,,,,,,中游
000997.SZ,20260630,,,,,,,中游
688228.SH,20260630,,,,,,,下游
300785.SZ,20260630,,,,,,,下游
300058.SZ,20260630,,,,,,,下游
002131.SZ,20260630,,,,,,,下游
600556.SH,20260630,,,,,,,下游
300781.SZ,20260630,,,,,,,下游
600570.SH,20260630,,,,,,,下游
002607.SZ,20260630,,,,,,,下游
300253.SZ,20260630,,,,,,,下游
688369.SH,20260630,,,,,,,下游
300188.SZ,20260630,,,,,,,下游
002439.SZ,20260630,,,,,,,下游
300036.SZ,20260630,,,,,,,下游
300020.SZ,20260630,,,,,,,下游
300075.SZ,20260630,,,,,,,下游
300168.SZ,20260630,,,,,,,下游
002065.SZ,20260630,,,,,,,下游
600410.SH,20260630,,,,,,,下游
300170.SZ,20260630,,,,,,,下游
002368.SZ,20260630,,,,,,,下游
