股票代码,原始Layer,证券简称,公司全称,交易所,东方财富行业,证监会行业,公司简介,经营范围,公司官网,基础信息来源URL,抓取日期,抓取状态,抓取错误,原始Layer来源,是否属于事件前分类证据,年报标题,年报公告日期,年报PDF_URL,年报检索状态,公告是否早于V3事件,PDF下载状态,本地PDF路径,文本提取状态,扫描页数,证据片段数,年报业务证据摘录,证据文本文件,暂定冻结Layer,年报证据机器建议Layer,年报上游得分,年报中游得分,年报下游得分,年报建议与原始Layer是否冲突,人工最终Layer,人工审核状态,最终分类理由,最终证据页码,最终分类是否冻结
000988,上游,华工科技,华工科技产业股份有限公司,深圳证券交易所,电子设备-电子设备制造-电子设备制造,制造业-计算机、通信和其他电子设备制造业,"    华工科技产业股份有限公司成立于1999年,诞生于“中国光谷”腹地,经过多年的技术、产品积淀,已构建起三大核心业务格局:以信息通信技术为重要支撑的联接业务、以敏感电子技术为重要支撑的感知业务、以激光加工技术、软件算法为重要支撑的智能制造业务。公司是中国最大的激光装备制造商之一、全球领先的“激光+智能制造”系统解决方案提供商,光模块业务位列全球Top10(全球光通信权威机构Light Counting发布),全球领先的传感器解决方案提供商。在海外设立能力中心,联合共建激光加工国家工程研究中心、国家防伪工程研究中心、敏感陶瓷国家重点实验室等国家级平台,形成产学研用一体化创新体系。公司坚持高强度研发投入,牵头承担国家“863”计划、科技支撑计划、国家重大科技专项等50余项,攻克高端光芯片、硅光、超快激光等关键核心技术,创造70余项国内行业“第一”,牵头制定中国激光行业首个国际标准,斩获5项国家科技进步奖,培育了3家国家专精特新小巨人企业、3款旗舰产品入选国家制造业单项冠军产品。产品与解决方案广泛应用于汽车、消费电子、轨道交通、船舶制造、低空经济、AI算力、未来能源等国民经济关键领域,助力产业数字化、智能化升级,远销90多个国家和地区,具备全球竞争力。面向未来,公司以国家战略为指引,以光电子为根基、AI为引擎、场景为牵引,坚持有组织创新与自由探索式创新双轮驱动,做强核心赛道、拓展前沿布局,拉长创新长板、攻坚关键技术,致力打造全球领先的“感传知用”全栈AI能力赋能者,在双循环新发展格局中彰显国家竞争力,为高质量发展与制造强国建设持续贡献力量。",一般项目:智能基础制造装备制造;金属切割及焊接设备制造;光通信设备制造;光电子器件制造;电子元器件制造;集成电路芯片及产品制造;移动终端设备制造;智能车载设备制造;新型膜材料制造;光学仪器制造;光学玻璃制造;汽车零部件及配件制造;计算机软硬件及外围设备制造;专用设备制造(不含许可类专业设备制造);通用设备制造(不含特种设备制造);第一类医疗器械生产;工程和技术研究和试验发展;机械设备研发;电子专用材料研发;新兴能源技术研发;激光打标加工;金属表面处理及热处理加工;淬火加工;人工智能行业应用系统集成服务;软件开发;信息系统集成服务;工业互联网数据服务;工业设计服务;物联网应用服务;5G通信技术服务;创业投资(限投资未上市企业);私募股权投资基金管理、创业投资基金管理服务(须在中国证券投资基金业协会完成登记备案后方可从事经营活动);自有资金投资的资产管理服务;融资咨询服务;智能基础制造装备销售;电子元器件与机电组件设备销售;技术玻璃制品销售;包装材料及制品销售;新型膜材料销售;第二类医疗器械销售;第一类医疗器械销售;货物进出口;技术进出口;进出口代理;国内贸易代理;销售代理;采购代理服务;技术服务、技术开发、技术咨询、技术交流、技术转让、技术推广。许可项目:包装装潢印刷品印刷;国家秘密载体技术服务;第三类医疗器械经营;第三类医疗器械生产;第二类医疗器械生产。,www.hgtech.com.cn,https://emweb.securities.eastmoney.com/PC_HSF10/CompanySurvey/PageAjax?code=SZ000988,2026-07-27,成功,,04_code/60gupiao.py与04_code/financialtest60.py中的硬编码名单,否（当前公司概况仅用于补齐基础信息）,2023年年度报告,2024-03-27,https://static.cninfo.com.cn/finalpage/2024-03-28/1219428932.PDF,成功,是,成功,D:\thailand study\26_7_23paper\05_output\revision_step14d\reports_2023\000988_2023_annual_report.pdf,成功,缓存,5,"[PDF第6页]度报告的媒体名称及网址上海证券报、中国证券报、证券时报、证券日报、巨潮资讯网（http://www.cninfo.com.cn）公司年度报告备置地点董事会办公室四、注册变更情况统一社会信用代码91420000714584749G公司上市以来主营业务的变化情况（如有）1999年7月28日，公司注册经营范围：激光器、激光加工系列设备及成套设备，激光医疗系列设备，激光全息防伪系列产品，计算机软件及信息系统集成，数控系统及机电一体化，电子元器件，生物医药制品，化工产品等技术及产品的开发，研制，技术咨询，技术服务；开
[PDF第12页]时中国新能源汽车、船舶、轨道交通、机械制造、航空航天的发展，尤其是新能源汽车的高速发展及船舶行业转型升级，将使国内激光加工设备市场更具发展潜力。2016-2026E中国激光设备市场规模资料来源：亿度数据、东方证券研究所二、报告期内公司从事的主要业务华工科技产业股份有限公司1999年成立于“中国光谷”腹地，2000年在深圳交易所上市，是集“研发、生产、销售、服务”为一体的高科技企业集团，2015年评定为国家级创新型企业。成立以来，公司坚持“以激光技术及其应用”为主业，投资发展传感器产业。经过多年的技术、产品积淀，形成了以激光加工技术为重要支撑的智能制造装备业务、以信息通信技术为重要支撑的光联接、无线联接业务，以敏感电子技术为重要支撑的传感器以及激光防伪包装业务三大业务格局，公司以“参与构建全联接、全感知、全智能世界，成为全球有影响力的科技企业”为目标，坚持“创新至上”，围绕“新基建、新材料、新能源、
[PDF第14页]新型塑基表面装饰等领域，服务于证照防伪、高端消费品及家电、汽车多个行业领域的知名客户。三、核心竞争力分析2023年，在全球经济下行态势严峻、国际环境局势动荡、产业脱钩的大背景下，华工科技始终牢记习总书记嘱托，聚焦“感知、联接、智能制造”三大核心业务，面向国内、国际两个市场，拓展新能源、智能制造两大增长极，积极融入国家战略和行业发展，全面提升自主创新能力，担负起科技自立自强的光荣使命。面对重大的变革挑战和发展机遇，公司将创新作为高质量发展的顶层战略，以中央研究院建设为抓手，着力打造华工科技创新策源地、高端人才集聚地、创新资源集聚平台。习总书记来公司考察时指出，科技创新，一靠投入，二靠人才。公司始终秉持“企业前途在创新，创新关键在投入，投入重点是人才”的企业发展理念，深入推进“博士100计划”，全面加大“猎鹰计划”推进力度，将创新投入、高素质人才向“行业领先、国产替代、专精特新”产品聚集。高效构建了“两个曲线+两个层级+四个梯度”整体创新格局，形成中央研究院、子公司两个创新层级。目前，中央研究院已高规格签约20家高校、智库、创新机构等作为支持合作单位，组建包括10位院士在内的24人专家委员会，围绕面向未来3-5年行业发展的17个项目开展攻关，布局承接重大创新攻关任务的政府重点研发项目40项、持续迭代的专精特新项目45项、技术工艺改进和降成本的产品线自研项目60项，推动公司进一步聚焦赛道，厘清产业逻辑。围绕市场、客户需求，通过引导重点新产品新技术研发创新，公司全年累计申请专利324件，其中发明144件，申请软件著作权109项，发布主导或参与制修订的国际标准1项，国家标准2项，行业标准9项。智能制造业务：重点突破核心信息化技术，提升智能制造整体解决方案软硬件融合能力。实现数字孪生、机器视觉等核心单元技术突破，产品成功拓展到船舶、电力装备等行业。少人工厂/灯塔工厂加速落地，公司连续五年入选省、市工业智能化改造诊断咨询服务平
[PDF第16页]华工科技产业股份有限公司2023年年度报告16以及优异的复杂3D成型性能，打破国外对IMD膜片技术的长期垄断；同时公司积极打造INS膜片中试研发平台，孵化出高硬度高韧性INS成型技术，综合性能指标达国内领先水平。四、主营业务分析1、概述2023年，公司积极主动融入国家战略和行业发展，围绕客户需求持续创新，聚焦“感知、联接、智能制造”三大核心业务，聚焦新能源汽车、数字赋能两大赛道，持续推动关键核心技术突破，打造专精特新产品。报告期内，公司实现营业收入102.08亿元，归属母公司净利润10.07亿元，同比增长11.14%，经营性净现金流14.78亿元，同比大幅增长155.12%，远高于净利润金额，创历史最好水平。（1）智能制造业务在双碳目标和制造业数字化转型双重浪潮下，公司精准洞察市场需求，从“装备智能化、产线自动化、工厂智慧化”三个层面为产业发展提“智”升级，从单点突破走向生态圈融合共振。报告期内，公司智能制造业务营业收入31.9亿元，同比下降3%，毛利率33.93%，较上年提升1.65个百分点。公司智能装备事业群围绕新能源、智能制造两大优质赛道，大力开拓新能源汽车、船舶制造、轨道交通、机械制造等重点行业市场。在新能源汽车赛道，针对汽车轻量化、安全性需求，新开发的汽车高强钢激光螺旋点焊智能装备、汽车门环激光拼焊自动化产线、汽车轮胎模具激光清洗智能装备等一批“国产替代、行业领先、专精特新”产品，在主流车企、新能源配套企业实现销售增量；激光切割系列的拳头产品——三维五轴激光切割智能装备持续在汽车热成形领域发力，获得新能源头部车企批量订单，市场占有率继续保持国内领先水平；电池模组及电池盒焊接自动化产线、汽车仪表板安全气囊激光弱化智能装备等系列产品产销量继续稳居国内前列；多头激光落料自动化产线，在汽车零部件企业订单增长15%；应用于新能源汽车行业的激光加工装备及自动化产线总体收入同比增长20%。在智
[PDF第19页]外1,100,170,183.97801,120,277.0627.18%0.34%-3.30%2.74%分销售模式直销10,049,850,260.057,718,045,376.4323.20%-15.49%-19.64%3.97%公司主营业务数据统计口径在报告期发生调整的情况下，公司最近1年按报告期末口径调整后的主营业务数据□适用不适用（3）公司实物销售收入是否大于劳务收入☑是□否行业分类项目单位2023年2022年同比增减计算机、通信和其他电子设备制造销售量人民币元6,300,668,725.698,998,704,997.69-29.98%生产量人民币元4,670,412,639.597,429,166,474.24-37.13%库存量人民币元268,586,828.83521,758,125.57-48.52%传感器及感知材料制造销售量人民币元3,749,181,534.362,893,075,435.9829.59%生产量人民币元2,866,949,984.422,200,351,532.4630.30%库存量人民币元450,745,422.57378,256,878.2519.16%相关数据同比发生变动30%以上的原因说明适用□不适用计算机、通信和其他电子设备制造生产量同比减少37.13%、库存量同比减少48.52%，主要因销售规模减少所致。传感器及感知材料制造生产量同比增加30.30%，主要因销售规模增长所致。（4）公司已签订的重大销售合同、重大采购合同截至本报告期的履行情况□适用☑不适用（5）营业成本构成行业和产品分类单位：元行业分类项目2023年2022年同比增减金额占营业成本比重金额占营业成本比重计算机、通信和其他电子设备制造原材料4,566,104,664.2192.75%6,954,208,724.2993.64%-34.34%人工薪酬204,563,774.034.15%267,",D:\thailand study\26_7_23paper\05_output\revision_step14d\evidence_text\000988_business_evidence.txt,上游,下游,0,5,16,是,,待审核,,,否
002065,下游,东华软件,东华软件股份公司,深圳证券交易所,信息技术-计算机软件-行业应用软件,信息传输、软件和信息技术服务业-软件和信息技术服务业,"    东华软件股份公司2001年1月成立,总部位于北京中关村,东华软件是国家规划布局内重点软件企业、国家火炬计划重点高新技术企业、计算机服务及软件特大型企业。东华软件于2006年8月在深圳主板上市,股票代码002065。东华软件自成立以来,不断加大技术创新、产品创新和业务模式创新的力度,已为数千个用户提供了优秀的软件和信息系统解决方案,涵盖多种应用与技术平台,用户涉及医疗、金融、政务、能源、水利、公安、电信等多个行业,成功完成了国家电网公司、中石油股份公司、中国科学院、水利部、国家气象局、国家工商总局、中国人民银行、华夏银行、中国人寿保险公司、北京协和医院、四川大学华西医院、山西移动通信公司、贵阳市公安局、江苏中烟工业公司、中国国际航空公司等重要客户的应用软件开发和计算机信息系统集成项目。东华软件十分注重同业界各类知名IT厂商建立和保持良好的合作关系,通过共享市场资源与技术资源跟踪最新的技术发展趋势与市场动态,把国内外先进的技术和产品用一流的服务带给用户。多年良好的业绩及服务已经得到众多厂家的信任与认可。目前,东华已成为数十家国际国内知名IT企业的增值代理商、系统集成商或战略合作伙伴,为用户提供了全面的解决方案和优质高效的服务。2020年1月,腾讯14.4亿元入股东华软件,双方强强联合,在市场拓展、技术研发、企业管理和生态建设等方面的合作持续深入。","一般项目:技术服务、技术开发、技术咨询、技术交流、技术转让、技术推广;信息系统集成服务;计算机系统服务;数据处理服务;软件开发;网络与信息安全软件开发;软件销售:计算机软硬件及外围设备制造;计算机软硬件及辅助设备批发;软件外包服务;通讯设备销售;第二类医疗器械销售;工业控制计算机及系统销售:工业自动控制系统装置销售;物联网技术服务;智能控制系统集成;对外承包工程;数据处理和存储支持服务:货物进出口:技术进出口;进出口代理;网络设备销售;汽车销售;人工智能行业应用系统集成服务:人工智能硬件销售:人工智能基础软件开发:人工智能应用软件开发。(除依法须经批准的项目外,凭营业执照依法自主开展经营活动)许可项目:基础电信业务;第一类增值电信业务;第二类增值电信业务;出版物零售;职业中介活动、广告发布。(依法须经批准的项目,经相关部门批准后方可开展经营活动,具体经营项目以相关部门批准文件或许可证件为准)(不得从事国家和本市产业政策禁止和限制类项目的经营活动)。",www.dhcc.com.cn,https://emweb.securities.eastmoney.com/PC_HSF10/CompanySurvey/PageAjax?code=SZ002065,2026-07-27,成功,,04_code/60gupiao.py与04_code/financialtest60.py中的硬编码名单,否（当前公司概况仅用于补齐基础信息）,2023年年度报告,2024-04-11,https://static.cninfo.com.cn/finalpage/2024-04-12/1219579676.PDF,成功,是,成功,D:\thailand study\26_7_23paper\05_output\revision_step14d\reports_2023\002065_2023_annual_report.pdf,成功,缓存,5,"[PDF第6页]证券报》、《证券日报》、《证券时报》及巨潮资讯网http://www.cninfo.com.cn公司年度报告备置地点北京市海淀区紫金数码园3号楼16层公司证券部四、注册变更情况统一社会信用代码911100007226188818公司上市以来主营业务的变化情况（如有）无变化历次控股股东的变更情况（如有）无变化
[PDF第10页]服务业统计公报》的数据显示，2023年，全国软件和信息技术服务业累计完成业务收入123,258亿元，同比增长13.4%，增速较上年同期提高2.2个百分点；软件业利润总额14,591亿元，同比增长13.6%，增速较上年同期提高7.9个百分点，主营业务利润率提高0.1个百分点至9.2%。在此背景下，软件产业中诸如国产软件平台、国产数据库、人工智能系统、数据安全产品等细分领域以及该类领域的拓展领域，展现了较快的发展趋势。公司作为一家长期致力于为客户提供应用软件和信息技术解决方案的综合性IT服务提供商，自成立以来，始终如一积极参与中国数字化进程，重点聚焦在数字基础设施建设、核心关键技术能力构建、数字行业应用等领域的业务深耕。伴随着国家各项政策的紧密出台，公司一方面迎来了数字中国建设过程中的巨大市场机遇，另一方面也面临整个软件行业提质升级的迫切需求。未来随着云计算、智慧城市、智能制造等新兴行业的进一步发展渗透，软件行业仍然有不可估量的前景空间。综合来看，软件和信息技术服务业运行态势良好，在这一趋势下，软件行业正不断迎来发展的新契机、新浪潮。二、报告期内公司从事的主要业务公司根据本行业的现状和发展趋势，持续研发关键技术、构建核心竞争能力、精准匹配落地场景的要求，积极参与数字中国建设进程，在关键核心技术能力建设方面持续投入，在行业应用方面聚焦优势行业。报告期内，公司主要从事的业务包括以下几个方面：（一）数字基础设施建设“十四五”以来，算力规模持续扩大，智能算力成为行业增长的重要基础，经过几年的快速发展，算力行业实现了算力规模和供给水平的大幅提升，行业赋能效益日益显现，技术环境持续优化，带动相关行业蓬勃发展，从本公司所处的行业环境看，数据中心、智能计算中心、超算中心部署加快，业务模型开拓日新月异。伴随着全国一体化算力网络国家枢纽节点的部署和“东数西算”工程的推进，我国算力基础设施建设和应用保持快速发展。在此背景下，带动相关领域的
[PDF第13页]动行业可持续健康发展。（三）数字化行业应用通过上述核心技术能力的提升，促进了东华软件在金融、医疗健康、智慧城市、水利等行业的数字化应用，具体体现在以下方面：1、医疗行业创新是企业发展的灵魂，报告期内，东华医为致力于践行“技术创新、产品创新、业务模式创新”的创新战略，不断优化产品技术，以更好地服务客户，提升品牌竞争力。（1）智慧医院公司核心产品iMedicalHOS，简称医院综合业务操作系统（HOS）,报告期内推出2.0版本。“HOS”以“全域业务孪生表达，流程闭环可见可控”为主要特点，“HOS”的核心并不局限于IT本身，更聚焦于医院业务逻辑。“HOS”以生产要素治理、业务流程梳理为两大抓手切入医院信息化建设，是提升医院高质量发展的重要工具支撑。“HOS”通过整合汇集医院各IT系统的全生命周期数据，在医院管理、医疗、服务等领域进行融合计算，支撑医院运行的生命体征感知、医疗资源配置、指挥调度、事件预测预警、业务治理等各项活动开展，面向患者、医护人员和管理者，输出各类智慧结果与智慧能力。报告期内，东华医为新签约广西医科大学第一附属医院、山东第一医科大学第二附属医院等20家客户。“HOS+订阅模式”已经成为东华医为践行客户成功战略和建设智慧医院的最佳解决方案和最佳商业模式。千万级以上的智慧医院合同总额超过6.6亿，包括山东大学齐鲁医院德州医院、长治市人民医院等客户。已支持14家医院通过电子病历系统功能应用水平分级评价五级以上测评，其中，四川大学华西第二医院实现了6级测评。截至目前，东华医为已支持40家医院客户通过电子病历五级、六级高级别评审。此外，东华医为承接了澳门科技大学科大医院、埃塞俄比亚国防专业转诊医院HIS建设项目，并亮相医疗卫生信息与管理系统协会（HIMSS）亚太健康大会暨展览会，不断扩大产品在国际上的影响力。（2）智慧城市医疗在城市智慧医疗领域，公司推出2.0升级版的城市智慧医疗操作系统（CityHealth
[PDF第17页]跨行业生态网络渠道、构建多元化规模更大的用户网络以及突破“信息孤岛”约束等方面，推动产业、企业提高供应链效率，这将降低匹配成本、信息共享成本、管理成本等经营成本，显著提升整个企业生态网络的创新水平和业绩水平，实现企业、产业的高质量发展。四、主营业务分析1、概述参见“二、报告期内公司从事的主要业务”相关内容。2、收入与成本（1）营业收入构成单位：元2023年2022年同比增减金额占营业收入比重金额占营业收入比重营业收入合计11,523,614,059.95100%11,833,330,551.43100%-2.62%分行业金融健康行业7,199,163,724.2162.47%7,284,619,819.4461.56%-1.17%
[PDF第18页]%465,739,455.763.94%3.73%通信行业861,558,661.217.48%918,163,180.037.76%-6.16%其他688,716,759.255.98%760,681,792.586.43%-9.46%非主营业务收入5,638,613.230.05%8,427,632.760.07%-33.09%分产品系统集成收入7,814,354,131.9567.81%8,357,892,879.0270.63%-6.50%软件收入1,096,854,021.299.52%1,014,092,533.388.57%8.16%技术服务收入2,606,767,293.4822.62%2,452,917,506.2720.73%6.27%其他业务收入5,638,613.230.05%8,427,632.760.07%-33.09%分地区东北地区800,125,216.376.94%800,471,650.586.76%-0.04%华北地区7,222,941,018.9662.68%7,546,732,864.6463.78%-4.29%华东地区1,524,135,935.8713.23%1,524,346,369.1212.88%-0.01%华南地区335,908,268.132.91%327,224,642.272.77%2.65%华中地区517,726,546.034.49%507,275,290.244.29%2.06%西北地区549,529,494.884.77%550,359,778.664.65%-0.15%西南地区567,608,966.484.93%568,492,323.164.80%-0.16%非主营业务收入5,638,613.230.05%8,427,632.760.07%-33.09%分销售模式不适用公司需遵守《深圳证券交易所上市公司自律监管指引第3号——行业信息披露》中",D:\thailand study\26_7_23paper\05_output\revision_step14d\evidence_text\002065_business_evidence.txt,下游,中游,7,19,13,是,,待审核,,,否
002253,中游,川大智胜,四川川大智胜软件股份有限公司,深圳证券交易所,信息技术-计算机软件-行业应用软件,信息传输、软件和信息技术服务业-软件和信息技术服务业,"    四川川大智胜软件股份有限公司(Wisesoft Co.,Ltd.)成立于2000年11月,2008年6月在深圳证券交易所挂牌上市。公司长期坚持自主创新,将图形图像技术、人工智能技术应用到三维测量与人脸识别、航空与空中交通管理、飞行模拟等领域。经过多年的技术沉淀,公司已是国内领先的三维人脸识别系统及空中交通管制系统的产品开发、系统集成和服务供应商。公司先后获得国家科技进步一等奖1项、二等奖4项,国家技术发明二等奖1项,省部级科技进步一等奖8项、二等奖9项。公司是视觉合成图形图像技术国防重点学科实验室的试验基地和技术支撑单位。公司将依托自主创新和平台优势,在现有主要业务持续增长的基础上,努力开拓新的利润增长点,实现公司业绩的稳健快速增长。建成:积淀深厚、产品质量优秀、管理体系健全、盈利能力强劲、奖惩分明、绩效激励、员工待遇优厚的自主创新型集团公司。","一般项目:软件开发;人工智能公共服务平台技术咨询服务;信息系统集成服务;人工智能通用应用系统;人工智能行业应用系统集成服务;信息系统运行维护服务;数据处理和存储支持服务;信息技术咨询服务;数字内容制作服务(不含出版发行);数据处理服务;计算机系统服务;云计算装备技术服务;技术服务、技术开发、技术咨询、技术交流、技术转让、技术推广;业务培训(不含教育培训、职业技能培训等需取得许可的培训);租赁服务(不含许可类租赁服务);信息咨询服务(不含许可类信息咨询服务);安全系统监控服务;知识产权服务(专利代理服务除外);通信设备销售。(除依法须经批准的项目外,凭营业执照依法自主开展经营活动)许可项目:计算机信息系统安全专用产品销售;通用航空服务。(依法须经批准的项目,经相关部门批准后方可开展经营活动,具体经营项目以相关部门批准文件或许可证件为准)。",www.wisesoft.com.cn,https://emweb.securities.eastmoney.com/PC_HSF10/CompanySurvey/PageAjax?code=SZ002253,2026-07-27,成功,,04_code/60gupiao.py与04_code/financialtest60.py中的硬编码名单,否（当前公司概况仅用于补齐基础信息）,2023年年度报告,2024-03-28,https://static.cninfo.com.cn/finalpage/2024-03-29/1219441751.PDF,成功,是,成功,D:\thailand study\26_7_23paper\05_output\revision_step14d\reports_2023\002253_2023_annual_report.pdf,成功,缓存,5,"[PDF第5页]ww.szse.cn公司披露年度报告的媒体名称及网址《证券时报》及巨潮资讯网http://www.cninfo.com.cn公司年度报告备置地点公司董事会办公室四、注册变更情况统一社会信用代码91510100723431912P公司上市以来主营业务的变化情况无变更历次控股股东的变更情况无变更五、其他有关资料会计师事务所名称四川华信（集团）会计师事务所（特殊普通合伙）会计师事务所办公地址四川省成都市洗面桥街18号签字会计师姓名曾红、何琼莲、王武
[PDF第7页]有、对公司损益产生持续影响的政府补助除外）20,725,923.3811,189,312.9210,478,784.39此项占归属于上市公司股东的净利润-12.07%，比上年同期增加953.66万元，增长比例85.23%。公司的政府补助系与主营业务及研发投入相关的补助。除同公司正常经营业务相关的有效套期保值业务外，非金融企业持有金融资产和金融负债产生的公允价值变动损益以及处置金融资产和金融负债产生的损益600,000.00因税收、会计等法律、法规9,079,379.37
[PDF第9页]四川川大智胜软件股份有限公司2023年年度报告全文7第三节管理层讨论与分析一、报告期内公司所处行业情况报告期内，公司主营业务所处行业是航空业的若干细小分支，主要包括：（1）民航空中交通管理（2）军航航空管制（3）航空公司在岗飞行员的飞行模拟机培训。报告期内，公司所处的航空业务无重要变化，行业优势是技术门槛和行业门槛都很高，公司业务相对稳定。二、报告期内公司从事的主要业务（一）传统业务主要包括：1.民航、军航空管指挥控制系统开发、软件开发和服务，主要产品有民航空管自动化系统、军航各级管制中心系统和空域管理系统、管制安全防护系统、军民航多通道数字同步记录仪等；2.民航、军航空管仿真模拟训练系统产品和服务，包括雷达管制模拟机、程序管制模拟机、塔台管制模拟机和管制员飞行训练模拟器等；3.航空公司在岗飞行员年度证照更新必需进行的D级飞行模拟机培训服务。（二）报告期内小规模试验应用的新产品1.高速高精度三维摄像机的小规模试产；2.心理健康状态多模态非接触自动检测和筛查系统，在大学、中学、司法系统、医疗系统的试验应用。三、核心竞争力分析（一）川大智胜主要的核心竞争力1.核心技术自主创新能力；2.成果转化能力，将自主创新成果转化为应用市场有竞争力（性价比）的高科技产品并得到推广应用。（二）报告期内公司核心竞争力的增长2023年度是公司核心竞争力大幅增长的一年，主要标志性事件是：1.2023年4月28日，公司牵头承担的科技部国家重大科学仪器专项“高
[PDF第10页]果转化获四川省政府大力扶持。2023年底，中央多个重要会议提出发展“新质生产力”。四川省将发展以人工智能为代表的新质生产力列为“一号工程”。川大智胜成为四川省首批建设的3个人工智能创新联合体之一的“智能人机接口创新联合体”的总牵头单位。四、主营业务分析（一）概述1.2023年主要财务指标情况2023年度，公司实现营业总收入17,969.78万元，同比减少6,618.50万元，同比下降26.92%；归属于上市公司股东的净利润亏损17,166.33万元，同比减少11,372.55万元，同比下降196.29%。公司总资产15.65亿元，负债3.24亿元，净资产12.41亿元，归属于母公司的净资产12.04亿元。2.报告期业绩出现亏损原因分析（1）2023年度，受行业总体环境影响，公司军航民航业务及飞行员飞行
[PDF第12页]%西南88,276,999.1377,124,890.4012.63%-22.97%-1.90%-18.77%分销售模式直接销售179,697,781.88172,101,451.364.23%-26.92%-17.80%-10.63%公司主营业务数据统计口径在报告期发生调整的情况下，公司最近1年按报告期末口径调整后的主营业务数据□适用√不适用3.公司实物销售收入是否大于劳务收入□是√否4.公司已签订的重大销售合同、重大采购合同截至本报告期的履行情况□适用√不适用5.营业成本构成（1）行业和产品分类单位：元",D:\thailand study\26_7_23paper\05_output\revision_step14d\evidence_text\002253_business_evidence.txt,中游,下游,0,4,8,是,,待审核,,,否
002368,下游,太极股份,太极计算机股份有限公司,深圳证券交易所,信息技术-计算机软件-其他软件服务,信息传输、软件和信息技术服务业-软件和信息技术服务业,"    太极计算机股份有限公司(以下简称“太极股份”)是国内电子政务、智慧城市和关键行业信息化的领军企业,2010年在深圳证券交易所上市。公司以“做中国最优秀的数字化服务提供商”为愿景,致力于成为“自主可控的主力军,数据运营的国家队,智能应用的引领者,员工价值的成就者”,腊准数字政府、数字企业、数字国防,着力打造自主通用产品,提升数据运营服务能力,推动行业智能创新应用,助推国家治理体系和治理能力现代化建设,成为网络强国、数字中国、智慧社会建设的中坚力量成立三十余年来,低砺奋进、精耕细作,太极股份以客户需求为导向,成为国家重大信息系统总体设计和工程建设的主要承担者,国家电子政务、网络信息安全以及关键行业政策和相关标准制定的倡导者与积极参与者,为党的领导和国防、外交、公共安全、宏观经济、金融、民生服务、工业生产等提供重要的信息化支撑作用。在持续为中央部委、地方政府、大型集团企业客户创造数字化价值过程中,公司树立了可信赖的“国家队”形象作为中国电子科技集团有限公司软件与信息服务龙头企业、自主可控总体单位、智慧城市与数字政府牵头单位,太极股份坚持创新驱动被列为国家科技部和中关村科技园区创新试点示范单位,连续多年被认定为国家规划布局内重点软件企业和全国软件产业收入前百家企业。此外,公司还是中国软件行业协会副理事长单位、中国智慧城市产业技术创新战略联盟副理事长单位、北京软件和信息服务业协会会长单位、智慧北京促进联盟理事长单位、信息技术应用创新工作委员会理事单位、WG12公共数据运营工作组成员单位,以及多个行业学协会的发起者和重要参与单位,携手合作伙伴和产业机构,共创和谐生态环境进入数字化时代,太极股份坚持以“数据驱动、云领未来、网安天下”为核心战略指引,聚焦数字政府、数字企业、数字国防等领域,加大布局云与数据服务、自主软件产品及数字基础设施等战略性新兴产业,探索数据开发利用的标准规范与创新思路,着力打造数字化咨询、数字技术与核心产品创新、资本与产业融合等核心能力,推进公司数字化转型,推动“数字中国”建设。创新融合,让我们的世界更智慧。","电子计算机及外部设备、集成电路、软件及通信设备化技术开发、设计、制造、销售、维护;承接计算机网络及应用工程;信息系统集成、电子系统工程、建筑智能化工程的设计、技术咨询及安装;专业承包;安全防范工程的设计与安装;提供信息系统规划、设计、测评、咨询;自营和代理各类商品和技术的进出口,但国家限定公司经营的或禁止的进出口商品和技术除外;物业管理;机动车公共停车场服务;医疗软件开发;销售医疗器械Ⅱ类;电力供应;经营电信业务;互联网信息服务。(市场主体依法自主选择经营项目,开展经营活动;电力供应、经营电信业务、互联网信息服务以及依法须经批准的项目,经相关部门批准后依批准的内容开展经营活动;不得从事国家和本市产业政策禁止和限制类项目的经营活动。)",www.taiji.com.cn,https://emweb.securities.eastmoney.com/PC_HSF10/CompanySurvey/PageAjax?code=SZ002368,2026-07-27,成功,,04_code/60gupiao.py与04_code/financialtest60.py中的硬编码名单,否（当前公司概况仅用于补齐基础信息）,2023年年度报告,2024-04-17,https://static.cninfo.com.cn/finalpage/2024-04-18/1219648035.PDF,成功,是,成功,D:\thailand study\26_7_23paper\05_output\revision_step14d\reports_2023\002368_2023_annual_report.pdf,成功,缓存,5,"[PDF第6页]的媒体名称及网址巨潮资讯网（http://www.cninfo.com.cn）、《中国证券报》《上海证券报》《证券时报》公司年度报告备置地点公司投资与证券管理部四、注册变更情况统一社会信用代码91110000101137049C公司上市以来主营业务的变化情况（如有）无变更历次控股股东的变更情况（如有）2020年7月3日，公司控股股东由十五所变更为中电太极，公司实际控制人未发生变更，仍为中国电子科技集团有限公司。
[PDF第10页]2023年全国软件和信息技术服务业规模以上企业超3.8万家，累计完成软件业务收入123,258亿元，同比增长13.4%，增速较上年同期提高2.2个百分点；软件业利润总额14,591亿元，同比增长13.6%，增速较上年同期提高7.9个百分点，主营业务利润率提高0.1个百分点至9.2%。软件和信息技术服务业运行稳步向好，进一步支撑制造强国、网络强国、数字中国建设。2023年5月，国家互联网信息办公室发布《数字中国发展报告（2022年）》。报告显示，2022年，我国数字经济规模达50.2万亿元，总量稳居世界第二，同比名义增长10.3%，占国内生产总值比重提升至41.5%。数字产业规模稳步增长，数字技术和实体经济融合日益深化，新业态新模式不断涌现，数字企业加快推进技术、产品与服务创新能力提升，不断培育发展新动能。随着新一轮科技革命和产业变革的深入发展，数字经济作为国民经济的“稳定器”和“加速器”，发挥着愈加重要的作用。其中，数据对提高生产效率的乘数作用不断凸显，成为最具时代特征的生产要素之一。发挥数据要素的放大、叠加、倍增作用，构建以数据为关键要素的数字经济，是推动高质量发展的必然要求。近年来，国家陆续发布数据要素市场构建的一系列文件，推动我国数据要素市场驶入“快车道”。国家数据局出台《“数据要素×”三年行动计划（2024—2026年）》，聚焦工业制造等12个行业和领域，明确发挥数据要素价值的典型场景，激活数据要素潜能，促进数据要素在相关行业和领域的广泛应用，推动形成数据要素驱动经济社会高质量发展新态势。党中央全面部署数字中国建设，数实融合进入新阶段，各有关部门积极推进数据要素市场化配置改革和数据产业发展。基于数字中国“2522”整体框架，太极股份提出构建数字中国的126可信体系，将关键核心技术、安全合规机制融入可信平台建设，打造融合数字基础设施、数据资源体系“两大基础”的一体化可信平台；围绕数据资源持有权、开发使用权、
[PDF第11页]、众联六大领域可信水平，消除数据产业不同主体对安全、隐私和权益的顾虑，激活数据要素潜能，为整个产业提供可信的发展环境。二、报告期内公司从事的主要业务公司所处行业为软件与信息技术服务业，是国内电子政务、智慧城市和关键行业信息化的领先企业。公司主营业务为面向政务、公共安全、企业等行业提供信息系统建设和云计算、大数据等相关服务，涵盖信息基础设施、业务应用、数据运营、网络信息安全等综合信息技术服务。围绕数字中国建设，公司以“数据驱动、云领未来、网安天下”为核心战略指引，持续推动战略转型，逐步形成了新的业务体系，主要包括：云与数据服务、自主软件产品、行业解决方案和数字基础设施。云与数据服务：指依托自有云计算资源及数据服务基础设施为客户提供云计算服务与数据服务。自主软件产品：指为客户提供基础软件产品、通用软件产品和行业业务产品的销售、定制开发及服务。行业解决方案：指围绕客户需求，提供咨询规划、设计开发、集成建设、运行维护等服务，推动数字技术与行业深度融合，助力行业数字化转型升级。数字基础设施：指为客户提供数据中心、算力中心等数字基础设施的设计、建设和运营等服务。三、核心竞争力分析进入数字化时代，公司从产品、技术和机制等方面打造数字中国126可信体系，助力行业客户数字化转型。公司核心竞争力主要体现在以下几方面：1、完善的自主产品体系优势。公司布局了包含普华操作系统、人大金仓数据库、金蝶天燕中间件、慧点科技办公软件、法智易合同法务软件在内的自主产品体系，并牵头组建中国电科信创工程研究中心，形成了日益完善的自主可控产业生态体系。2、成熟的“云+数”服务模式优势。公司开创了“云+数+应用+生态”的一体化服务模式，不断将云计算、大数据、人工智能和区块链等新技术应用到新业务场景中，为客户提供基于“太极云”的智能应用和数据服务。3、“懂行”的优势。公司通过多年在党政、公共安全、企业等行业领域的服务，积累了丰富的应用场景和行业经验，能够将技
[PDF第12页]太极计算机股份有限公司2023年年度报告全文12四、主营业务分析1、概述2023年，公司以党的创新理论领航业务发展，牢记“国之大者”，增强战略引领，持续推进在基础软件、数据要素等领域的布局，在做优做强主业的同时谋划创新转型。报告期内，公司实现营业收入919,461.73万元，同比下降13.27%；实现归属于上市公司股东的净利润37,524.08万元，同比下降0.28%；实现归属于上市公司股东的扣除非经常性损益的净利润34,204.60万元，同比增长3.06%，公司毛利率较上年同期增加3.32个百分点，净利率较上年同期增加0.68个百分点，主营业务盈利能力不断改善，经营质量持续提升。报告期内，公司主要发展情况如下：（1）发力信创核心产品，加强信创市场拓展和生态建设公司以政企客户数字化转型为牵引，以信创核心产品为依托，大力推动信创向重点市场、关键客户和核心应用场景迈进。在党政市场，公司“一云多芯”首个信创政务云落地天津，并通过等保三级、国密测评以及中央网信办云计算安全评估，为全国政务云改造升级树立标杆；在行业市场，公司深入企业核心业务和数字化转型场景，在能源、制造、金融、烟草、媒体等行业实现信创项目落单，助推行业信创发展。在数据库领域，子公司人大金仓实现营业收入37,285.95万元，同比增长8.38%，实现净利润7,523.73万元，同比增长49.60%，净利率较上年同期提升5个百分点。人大金仓持续加强核心产品研发和重点行业市场布局，年内发布KESPlus快速开发与运维平台、KESSharding分布式集群软件、KOPS集中运维管控一体化平台三款新产品；成功中标最高人民法院法制信息化工程、中国人民解放军总医院云HIS系统、中国海油
[PDF第16页]太极计算机股份有限公司2023年年度报告全文16分销售模式直接客户9,194,617,318.657,035,514,255.7223.48%-13.27%-16.87%3.32%公司主营业务数据统计口径在报告期发生调整的情况下，公司最近1年按报告期末口径调整后的主营业务数据□适用不适用（3）公司实物销售收入是否大于劳务收入□是否（4）公司已签订的重大销售合同、重大采购合同截至本报告期的履行情况□适用不适用（5）营业成本构成行业和产品分类单位：元行业分类项目2023年2022年同比增减金额占营业成本比重金额占营业成本比重企业营业成本2,949,877,636.5441.93%2,215,639,760.6026.18%33.14%政务营业成本3,255,160,019.6446.27%5,132,496,224.0860.64%-36.58%事业单位营业成本660,322,954.999.39%839,594,642.909.92%-21.35%其他营业成本170,153,644.552.42%275,821,097.503.26%-38.31%单位：元产品分类项目2023年2022年同比增减金额占营业成本比重金额占营业成本比重云与数据服务营业成本599,120,001.378.52%438,195,827.975.18%36.72%自主软件产品营业成本1,244,943,530.9517.70%1,111,399,102.3513.13%12.02%行业解决方案营业成本3,513,099,995.1849.93%5,556,389,820.8765.65%-36.77%数字基础设施营业成本1,605,547,852.5322.82%1,300,082,899.6515.36%23.50%其他营业成本72,802,875.691.03%57,484,0",D:\thailand study\26_7_23paper\05_output\revision_step14d\evidence_text\002368_business_evidence.txt,下游,中游,2,32,9,是,,待审核,,,否
002405,中游,四维图新,北京四维图新科技股份有限公司,深圳证券交易所,信息技术-计算机软件-行业应用软件,信息传输、软件和信息技术服务业-软件和信息技术服务业,"    北京四维图新科技股份有限公司(股票代码:SZ002405)是聚焦汽车智能化领域的领军企业,2002年成立,2010年于深交所挂牌上市。公司从早期的位置服务提供商,逐步转型为以智能辅助驾驶为核心,覆盖智能座舱、车规级芯片、全球数据合规服务、高精度定位等业务的汽车智能化软硬一体全栈解决方案新型Tier1。2025年英文品牌焕新为SEEWAY.AI,标志着公司完成从“地图人”到“汽车人”再到“AI人”的战略跃迁。目前,公司智能辅助驾驶解决方案已实现从入门级到中高阶产品的全覆盖,2024-2025年累计斩获超600万套智能辅助驾驶方案新增定点,覆盖20+主流车企、120+定点车型;车规级芯片累计出货量超3亿颗。数据合规与地图平台已拓展至车联网全场景,为“国车出海”筑牢数据基座;同时提供全球定位服务、定位模组及P+V定位方案,支撑智能辅助驾驶、低空经济、具身智能等多行业的精准定位需求。公司拥有甲级测绘资质等多项权威认证与海量专利,客户覆盖全球主流车企。未来,公司将持续提升智驾规模化交付能力,拓展全球市场,以软硬一体、可持续迭代的解决方案,向舱驾协同一站式服务新阶段迈进,践行“赋能智慧出行,助力美好生活”的使命。",智能车载设备制造;智能车载设备销售;信息系统集成服务;人工智能行业应用系统集成服务;导航终端制造;导航终端销售;电子产品销售;汽车零配件零售;汽车零部件研发;汽车零部件及配件制造;卫星遥感应用系统集成;卫星通信服务;卫星遥感数据处理;卫星导航多模增强应用服务系统集成;卫星技术综合应用系统集成;卫星导航服务;地理遥感信息服务;测绘服务;人工智能基础资源与技术平台;数字文化创意内容应用服务;数字内容制作服务(不含出版发行);人工智能公共数据平台;信息安全设备制造;信息安全设备销售;集成电路销售;集成电路芯片及产品销售;导航、测绘、气象及海洋专用仪器制造;导航、测绘、气象及海洋专用仪器销售;数据处理和存储支持服务;数据处理服务;云计算装备技术服务;工业互联网数据服务;广告发布;卫星移动通信终端销售;软件开发;软件销售;人工智能应用软件开发;计算机软硬件及辅助设备零售;计算机软硬件及外围设备制造;信息系统运行维护服务;智能控制系统集成;计算机系统服务;技术服务、技术开发、技术咨询、技术交流、技术转让、技术推广;信息技术咨询服务;单用途商业预付卡代理销售;技术进出口;货物进出口;电动汽车充电基础设施运营;充电桩销售;集中式快速充电站;机动车充电销售;智能输配电及控制设备销售;第一类增值电信业务;第二类增值电信业务;互联网直播技术服务;互联网信息服务;在线数据处理与交易处理业务(经营类电子商务);呼叫中心;互联网数据服务;物联网应用服务;物联网技术服务;网络技术服务。,www.seewayai.com,https://emweb.securities.eastmoney.com/PC_HSF10/CompanySurvey/PageAjax?code=SZ002405,2026-07-27,成功,,04_code/60gupiao.py与04_code/financialtest60.py中的硬编码名单,否（当前公司概况仅用于补齐基础信息）,2023年年度报告,2024-04-29,https://static.cninfo.com.cn/finalpage/2024-04-30/1219915982.PDF,成功,是,成功,D:\thailand study\26_7_23paper\05_output\revision_step14d\reports_2023\002405_2023_annual_report.pdf,成功,缓存,5,"[PDF第6页]w.szse.cn公司披露年度报告的媒体名称及网址《中国证券报》、《证券时报》、巨潮资讯网www.cninfo.com.cn公司年度报告备置地点公司董事会办公室四、注册变更情况统一社会信用代码91110000745467123H公司上市以来主营业务的变化情况（如有）无变更历次控股股东的变更情况（如有）2014年，公司原控股股东中国四维测绘技术有限公司将所持有的公司部分股权协议转让给深圳市腾讯产业投资基金有限公司，自此公司成为无控股股东、无实际控制人的上市公司。2023年10月16日，公司原第一大股东中国四维测绘技术有限公司将其
[PDF第8页]3,121,819,530.693,346,814,809.97无营业收入扣除金额（元）25,147,374.4734,749,012.19其他业务收入营业收入扣除后金额（元）3,096,672,156.223,312,065,797.78主营业务收入截止披露前一交易日的公司总股本：截止披露前一交易日的公司总股本（股）2,377,750,314用最新股本计算的全面摊薄每股收益：支付的优先股股利0.00支付的永续债利息（元）0.00用最新股本计算的全面摊薄每股收益（元/股）-0.5525七、境内外会计准则下会计数据差异1、同时按照国际会计准则与按照中国会计准则披露的财务报告中净利润和净资产差异情况□适用不适用公司报告期不存在按照国际会计准则与按照中国会计准则披露的财务报告中净利润和净资产差异情况。2、同时按照境外会计准则与按照中国会计准则披露的财务报告中净利润和净资产差异情况□适用不适用
[PDF第12页]和语音等多元化交互方式，不仅为乘客提供更为舒适、便捷的驾乘体验，还能与智能驾驶系统共享数据、协同工作。人机共驾也在不断发展和完善，通过人机交互系统，驾驶员可以更加直观地了解车辆状态、道路信息以及智能驾驶系统的运行状况。二、报告期内公司从事的主要业务公司作为新型Tier1，聚焦汽车智能化主赛道，进一步明确了以智驾为龙头的解决方案提供商业务主线，公司产品覆盖了从底层地图数据、车载芯片，到上层智能驾驶和智能座舱应用，形成了以地图为底座，面向智能汽车的智云、智驾、智舱、智芯全栈式解决方案服务能力。同时在政企领域聚焦智能交通、数字孪生城市解决方案。公司逐渐从产品提供商转型成为解决方案提供商。公司成立至今，始终秉持科技创新的理念，重视科技创新成果的重要性。截至2023年末，公司共有国内外授权专利789项，软件著作权997项，作品著作权560项。报告期内，公司智驾业务团队已有数十项正在申请和已申请完成的专利，其中涉及复杂交通环境的辅助驾驶方法、行泊全域控制器及高速匝道汇入汇出辅助驾驶方法等领域。关键业务领域的软实力有助于公司保持产品和服务的竞争力，并且能够持续为技术创新、服务创新和产品创新提供驱动力。为了在激烈的市场环境中保持核心技术人员竞争优势，公司通过限制性股票激励计划维持核心人才团队稳定。报告期内，公司2021年限制性股票激励计划首次授予和预留授予分别完成解除限售工作，股
[PDF第13页]北京四维图新科技股份有限公司2023年年度报告全文12权激励对象覆盖研发、产品、销售及职能部门的核心业务骨干。通过将发展目标与人才激励计划紧密结合，公司进一步强化了市场竞争力和组织凝聚力，为公司未来战略部署打下坚实的人力资源基础。为积极应对汽车智能化带来的机遇与竞争激烈的市场环境，公司主动开展聚焦主业的战略调整，积极实施降本增效措施，持续推进管理及组织优化，加强供应链管理及客户属地化服务，提高公司运营决策效率及市场感知能力。报告期内，公司智能驾驶软硬一体产品搭载数量持续提升，智驾业务收入同比增长。智芯业务受市场供需因素影响，产品单价有所下降，收入同比微增。智云业务、智舱业务受市场竞争加剧、公司战略调整聚焦等因素影响，收入同比有所下降。报告期内，公司主要从事的智驾业务、智芯业务、智云业务、智舱业务情况具体如下：智驾业务：报告期内，智驾软硬一体产品及解决方案交付量较2022年大幅提升，智驾业务收入超过3.7亿元，同比增长187.28%。智驾行泊一体高性价比域控制器的开发，实现了底层软件和算法的同步上车，强化了公司在高性价比智能驾驶算法领域的竞争力。公司与地平线、瑞萨等芯片公司达成战略合作，基于地平线J2/J3芯片的智驾方案均已量产，其中基于J2芯片的1V1R智驾方案处于大规模上车阶段；基于J3芯片的5V5R智驾方案，经过2023年全年的产品打磨，已获得国内头部新能源汽车公司的量产订单。
[PDF第16页]户层面，公司深度服务丰田等重要客户，在保证现有项目交付节奏和达成质量指标的同时，积极响应小模块功能的提案追加；不断增加售前深度沟通，整合商务侧、产品侧和技术侧共同发力，深度挖掘用户需求，合力推动项目落地。三、核心竞争力分析1、专注汽车智能化核心业务与创新迭代，推动全面融合发展面向数字化转型、智能化升级和“车-路-云-图”融合发展机遇，公司凭借深耕汽车领域形成的深刻洞见、服务各类客户的丰富经验、与合作伙伴建立的行业生态以及持续不断的研发创新，在汽车智能化浪潮中形成了独特价值和关键卡位，不断梳理整合纵向一体化能力，发挥协同优势，对外形成发展合力。公司在服务客户过程中提升了产品迭代与创新能力，同时也助力汽车领域客户实现“全栈可控”，形成了融合发展、持续提升的良性循环。在国内乘用车市场发生颠覆性重塑以及供应商卷入残酷生存战的背景下，公司通过对车厂需求及用户心理的感知、对关键数据的跟踪分析、对行业变化脉络的洞悉，明确了“新型Tier1”的战略定位，坚定聚焦汽车智能化赛道，主攻以智驾为龙头、整合芯片/座舱/数据的软硬一体组合产品解决方案。2、坚持以客户为中心，围绕合作伙伴构建行业生态公司始终坚持以客户为中心、以解决客户痛点为己任，充分践行客户为先，交付大于承诺，持续围绕合作伙伴建立行业生态。公司凭借拥有及不断更新的大量动静态数据，持续进行业务创新，致力于不断提升可面向复杂场景的产品应用能力。公司以客户核心需求为产品导向，提供智能驾驶软硬件一体化解决方案、智能座舱芯片（SoC）、车规级微控制器芯片（MCU）、地图服务、智能座舱产品及服务等核心产品。在多变的内外部环境中，积极协调各方资源，保证产品质量优势及可靠交付能力。",D:\thailand study\26_7_23paper\05_output\revision_step14d\evidence_text\002405_business_evidence.txt,中游,下游,8,4,10,是,,待审核,,,否
002439,下游,启明星辰,启明星辰信息技术集团股份有限公司,深圳证券交易所,信息技术-计算机软件-其他软件服务,信息传输、软件和信息技术服务业-软件和信息技术服务业,"    启明星辰信息技术集团股份有限公司成立于1996年,2010年在深交所中小板挂牌上市(股票代码:002439),2024年正式成为中国移动专责网信安全专业子公司,全面开启高质量可持续发展的新阶段。在中国移动的引领下,启明星辰全面贯彻“总体国家安全观”,发挥国资央企“科技创新、产业控制、安全支撑”三大作用,肩负起中国移动“安全核心技术攻坚者、安全产品服务引领者、安全运营体系支撑者”三大角色。启明星辰锚定“成为世界一流网信安全科技创新公司”的总体目标,坚守主责主业、坚持守正创新,勇当中国网信安全的国家队和主力军。公司秉持“技术原生化、创新场景化、交付运营化、服务数智化”的安全理念,从“能力、产品、解决方案、用户场景、生命周期和体验”六个维度,打造七大类安全产品,形成场景驱动、结果导向、反馈闭环的安全业务价值交付模式,构建健康可持续的安全生态。多年来,启明星辰持续深耕网信安全领域,是唯一全部参与等保2.0四个标准起草的安全企业,也是支撑工信部、中国信息安全测评中心运营NVDB、CNNVD两个国家级漏洞库的安全厂商。公司始终以用户的需求为根本动力,将场景化安全思维融入到客户的实际业务环境中,不断地进行创新实践,帮助客户建立起完善的安全保障体系,逐渐成为政府、金融、能源、运营商、税务、交通、制造等企业级客户的首选品牌。公司在基础安全、工控安全、数据安全、安全运营、物联网安全、应用安全等领域,已有二十余款拳头产品获得国际/国内多家权威机构高度认可,持续多年保持业内第一品牌。作为2008年北京奥组委核心信息安全产品、服务及解决方案提供商,启明星辰得到了国家主管部门的高度认可。之后,公司历经世博会、亚运会、G20峰会、一带一路峰会、上合峰会、博鳌亚洲论坛、国庆70周年、建党100周年以及嫦娥号、天宫号、玉兔号等众多国家级重大安保项目洗礼,积累了丰富的实战经验,成为国家网络安全事业不可或缺的主力军。2000年公司成立党组织,2010年升格为党委,下设14个党支部。公司于2006年被中共中央组织部授予“全国先进基层党组织”称号,并连续25年被评为中关村优秀基层党组织。“党旗引领发展,星光引航成长”,公司始终坚持党建引领发展,将党建融入企业创新实践,构筑独具特色的创新生态,为保卫国家网信安全持续贡献力量。同时,启明星辰积极践行社会责任,规范公司治理,自2024年起每年发布可持续发展ESG报告。凭借在ESG管理、实践和信息披露等方面的优异表现,公司成为国内网信安全行业唯一入选中央广播电视总台""中国ESG上市公司央企先锋100(2025)""和“中国ESG上市公司科技创新先锋30(2024)”榜单的企业,并连续两年入选""中国ESG上市公司京津冀先锋50""榜单,获多项权威认可。公司总部位于北京市海淀区中关村软件园启明星辰大厦,并在各省、市、自治区设立了研发中心及分支机构,拥有覆盖全国的渠道和服务体系,为国家、用户提供高水平安全服务、高质量安全产品、高安全供给能力。","货物进出口;技术进出口;代理进出口;技术开发、技术转让、技术咨询、技术服务;信息咨询(中介除外);投资咨询;销售针纺织品、计算机软硬件、机械设备、电器设备、仪器仪表(涉及配额许可证管理、专项规定管理的商品按照国家有关规定办理);出租办公用房;计算机设备租赁;计算机技术培训。(市场主体依法自主选择经营项目,开展经营活动;依法须经批准的项目,经相关部门批准后依批准的内容开展经营活动;不得从事国家和本市产业政策禁止和限制类项目的经营活动。)",www.venustech.com.cn,https://emweb.securities.eastmoney.com/PC_HSF10/CompanySurvey/PageAjax?code=SZ002439,2026-07-27,成功,,04_code/60gupiao.py与04_code/financialtest60.py中的硬编码名单,否（当前公司概况仅用于补齐基础信息）,2023年年度报告,2024-04-12,https://static.cninfo.com.cn/finalpage/2024-04-13/1219597815.PDF,成功,是,成功,D:\thailand study\26_7_23paper\05_output\revision_step14d\reports_2023\002439_2023_annual_report.pdf,成功,缓存,5,"[PDF第6页]所http://www.szse.cn公司披露年度报告的媒体名称及网址《证券时报》《中国证券报》《证券日报》、巨潮资讯网www.cninfo.com.cn公司年度报告备置地点公司董事会办公室四、注册变更情况统一社会信用代码无变更公司上市以来主营业务的变化情况（如有）无变更
[PDF第11页]一体化安全运营的价值进一步得到市场认可。综上所述，全面完整的解决方案结合一体化的安全运营，满足了企业组织的网络信息安全从单纯的技术问题转变为战略层面的考量，即增强了安全防御体系，又能够确保满足合规要求、维护业务连续性。二、报告期内公司从事的主要业务（一）公司从事的主要业务报告期内，公司迎来跨越式发展的重大机遇，正处于从网络安全跃升到网络安全结合业务安全、数据安全“三位一体”大网信安全的战略升级时期。公司坚持以“创新场景化、交付运营化、技术原生化”为核心，将启明星辰独特的安全禀赋充分融入到中国移动“BASIC6”[1]科创计划中，积极布局新领域、新赛道，重点发力AI+安全、涉云网络安全、数据要素化安全、身份信任及密码应用安全、工业互联网安全等新兴安全领域，叠加中国移动战略协同资源推动公司业务拓维跃变，为政企客户、个人及家庭客户、新兴市场提供网络安全保障和信息安全保护；公司继续强化启明星辰长期深耕的网络安全业务高质量发展，筑牢在经典网安板块的领先地位，在双业务引擎的驱动下，促进公司业务稳健、高质量、可持续发展。作为中国移动专责网信安全专业子公司，启明星辰将与中国移动一起构建新的大网信安全板块，并致力于成为该板块的缔造者与引领者，成为国家网信安全领域主力军和世界一流的安全力量。[1]B-BigData、A-AI、S-Security、I-IntegrationPlatform、C-ComputilityNetwork、6-6G
[PDF第18页]启明星辰信息技术集团股份有限公司2023年年度报告全文18（二）公司所处的行业地位启明星辰是网络安全产业中主力经典产业板块的龙头企业，同时也是新兴前沿产业板块的引领企业和可持续健康业务模式和健康产业生态的支柱企业。公司成立28年以来始终以用户安全需求为本，保持贴近业务应用，充分深入安全需求与技术、产品、服务的融合，探索将客户的场景化需求与核心技术紧密相连。集团旗下多个品牌均成为国内高端企业级客户的首选。报告期内，公司19类产品连续多年保持市场占有率第一，16类产品处于市场领导者/市场第一阵营。报告期内，公司产品在国内外权威机构报告的排名和入选情况如下[2]：类别产品排名数据安全数据安全2015年至今中国市场占有率持续第一数据库安全审计与防护2014年至今中国市场占有率持续第一运维安全审计2016年至今中国市场占有率持续第一2021年入围Gartner亚太特权管理魔力象限数据安全基础设施管理平台获《IDCTechScape：中国数据安全技术发展路线图，2022》数据安全基础设施管理平台推荐厂商位居《IDCMarketScape：中国数据安全管理平台2023厂商评估》中国数据安全管理平台领导者阵营数据安全服务获《IDCPerspective：中国数据安全服务市场洞察，2022》数据安全服务推荐厂商零信任零信任网络访问解决方案获《IDCMarketScape：中国零信任网络访问解决方案，2022年厂商评估》中国零信任网络访问解决方案厂商领导者安全运营托管安全服务2019年起市场占有率持续第一驻场托管安全服务IDC《中国托管安全服务（驻场、远程、云托管）市场份额，2022》市场占有率排名第一物联网安全视频物联安全2021年至今中国市场占有率持续第一视频物联边界安全2021年至今中国市场占有率持续第一工业互联网安全工业防火墙2018年至今中国市场占有率持续第一工控
[PDF第24页]安全检测、支持应用加固能力；终端安全能力：实现对多种威胁类型的感知及分析能力，支持MDM移动终端管理能力；网关侧安全能力：通过智能网关对家庭终端设备进行应用控制及支付监控，有效避免家庭“一老一小”因受到网络不良诱导而导致的盲目消费行为。四、主营业务分析1、概述2023年公司积极应对复杂的外部环境和日益严峻的网络威胁态势，坚持以高质量、可持续发展为目标，积极拓展新网信板块，不断夯实与中国移动的协同融合，持续提升公司核心竞争力，实现了收入、利润的持续增长，盈利水平持续行业领先。（一）新业务板块驱动收入增长，与中国移动业务协同效果彰显报告期内，公司全年完成营业收入45.07亿元，保持自2010年上市以来的持续增长。其中，新业务板块（涉云安全、数据安全2.0＆3.0、工业互联网安全、安全运营）实现营业收入21.42亿元，较上年同期增长13.82%，占全年营收的47.54%，新业务收入占比进一步提升。其中涉云安全业务实现收入5.72亿，较上年同期增长34.50%，安全运营中心业务实现收入10.61亿，较上年同期增长13.01%，打造新质生产力初见成效。公司积极推进与中国移动的业务协同高质量落地，实现总部-省-市全面对接，与中国移动集团及下属公司签署62份战略合作协议，在共建一体化安全运营中心、安全云、专线卫士、AI安全大模型等方向上，业务协同效果明显，为政企客户、中小企业组织、个人/家庭用户提供多样化安全防护能力和订阅服务。（二）盈利水平保持业内领先，经营质量持续提升
[PDF第26页]分销售模式直销3,673,591,739.141,702,791,167.2053.65%12.00%28.37%-5.91%分销833,320,390.53200,731,050.4475.91%-27.98%-39.25%4.47%公司主营业务数据统计口径在报告期发生调整的情况下，公司最近1年按报告期末口径调整后的主营业务数据□适用不适用（3）公司实物销售收入是否大于劳务收入是□否行业分类项目单位2023年2022年同比增减信息网络安全销售量元4,506,912,129.674,410,594,548.372.18%生产量元4,501,837,611.834,432,017,623.351.58%库存量元148,283,448.81153,357,966.65-3.31%",D:\thailand study\26_7_23paper\05_output\revision_step14d\evidence_text\002439_business_evidence.txt,下游,中游,0,13,1,是,,待审核,,,否
002463,上游,沪电股份,沪士电子股份有限公司,深圳证券交易所,电子设备-电子元件-电子元件,制造业-计算机、通信和其他电子设备制造业,"    沪士电子股份有限公司(以下简称“公司”)于1992年在江苏省昆山市设立,并于2010年在深圳证券交易所中小企业板挂牌上市,股票代码为:002463,股票简称为:沪电股份。公司自成立以来一直立足于印制电路板的研发设计和生产制造,秉持“成长、长青、共利”的经营理念,专注执行既定的“聚焦PCB主业、精益求精”的稳定成长战略,在全体员工的努力下,经过多年的市场拓展和品牌经营,现已发展成为印制电路板行业内的重要品牌之一,在行业内享有盛誉。公司主导产品广泛应用于通讯设备、汽车、工业设备、数据中心、网通、微波射频、半导体芯片测试等多个领域。","生产单、双面及多层电路板、高密度互连积层板(HDI)、电路板组装产品、电子设备使用的连接线和连接器等产品并销售自产产品,从事与本企业生产同类和相关产品的批发、进出口业务,公司产品售后维修及技术服务,普通货物道路运输,工业机器人制造,工业机器人销售;住房租赁。",www.wustec.com,https://emweb.securities.eastmoney.com/PC_HSF10/CompanySurvey/PageAjax?code=SZ002463,2026-07-27,成功,,04_code/60gupiao.py与04_code/financialtest60.py中的硬编码名单,否（当前公司概况仅用于补齐基础信息）,2023年年度报告,2024-03-25,https://static.cninfo.com.cn/finalpage/2024-03-26/1219407512.PDF,成功,是,成功,D:\thailand study\26_7_23paper\05_output\revision_step14d\reports_2023\002463_2023_annual_report.pdf,成功,缓存,5,"[PDF第6页]露年度报告的媒体名称及网址《证券时报》、巨潮资讯网（http://www.cninfo.com.cn）公司年度报告备置地点江苏省昆山市玉山镇东龙路1号公司证券部四、注册变更情况统一社会信用代码913200006082793884公司上市以来主营业务的变化情况无变更历次控股股东的变更情况无变更
[PDF第10页].4%汽车9,4689,137.34.8%工业3,3173,0302.4%医疗1,5531,4852.3%军事/航空航天3,3563,4244.1%合计81,74169,5172.0%数据来源：Prismark研究报告二、报告期内公司从事的主要业务公司自1992年成立以来，秉持“成长、长青、共利”的经营理念，始终专注执行既定的“聚焦PCB主业、精益求精”的运营战略，经过多年的发展和长期积累，公司已经在技术、质量、成本、品牌、规模等方面形成相对竞争优势，居行业领先地位，是PCB行业内的重要品牌之一。公司连续多年入选中国电子电路行业协会（CPCA）、行业研究机构Prismark、N.T.Information等行业协会及研究机构发布的PCB百强企业。公司主要业务以及生产、采购、销售等主要经营模式近年来未发生重大变化，一直专注于印制电路板的生产、销售及相关售后服务。公司PCB产品以通信通讯设备、数据中心基础设施、汽车电子为核心应用领域，辅以工业设备、半导体芯片测试等应用领域。
[PDF第11页]注重与客户的长期战略合作关系，积极配合客户进行项目研发或产品设计，努力成为其供应链中重要一环，从而提升客户忠诚度。此外，公司还致力于在不同地区和不同产品领域持续开发新客户，实现客户资源的适度多样化。通过以上举措，公司与国内外主要客户在PCB主要产品领域建立了稳固的业务联系，多次获得上述客户“最佳质量表现奖”、“最佳合作供应商”、“金牌供应商”等奖项。5、管理及成本优势PCB生产企业的管理效率直接关系到其盈利水平和竞争能力。公司组建了国际化的经营管理团队，主要成员均长期从事PCB行业，经验丰富、稳健审慎、具备良好的专业素养，对PCB行业有着深刻认知。此外，公司还基于战略需求持续完善员工培养体系，加速人才梯队建设，不断强化员工技能，让员工与企业共同成长。
[PDF第12页]订单包括样品订单、快件小批量订单、加急大批量订单、标准交期订单等多种不同订单。公司在满足客户交货要求方面，具有高度的灵活性和应变能力，建立了独立的快件生产线，以简化生产周期，并设置了独立应对紧急订单的生产指挥系统，能够及时响应客户需求。四、主营业务分析1、概述2023年对PCB行业来说是艰难的一年，面对复杂动荡的外部环境以及全球制造业分工格局的深刻改变，PCB行业充满压力和挑战，遭受需求疲软、库存过剩、供过于求和价格激烈竞争的困扰，行业的竞争愈演愈烈。我国作为世界第一PCB大国，首当其冲的承受了主要的压力，部分国家市场也加大了对我国产品进入障碍，譬如印度开始对原产于或进口自中国的PCB征收反倾销税，国际间自由贸易互利互惠的基石又被敲缺一个角，并可能会对全球PCB市场的供应链产生进一步的影响。公司积极应对外部环境带来的挑战，坚持以技术创新和产品升级为内核，专注执行既定的“聚焦PCB主业、精益求精”的运营战略，脚踏实地，埋头苦干，做好做精自己份内事，努力保持和相关各方的密切沟通，密切关注客户需求及市场发展变化。2023年公司依托长期累积的产品平衡布局以及深耕多年的中高阶产品与量产技术，紧抓人工智能、高速网络和智能汽车系统等对高端HDI、高速高层PCB的结构性需求，深度整合昆山和黄石生产基地的生产和管理资源，对瓶颈及关键制程进行更新升级和针对性扩充，通过更加动态的供应链、更加灵活的制造流程、更加精良的制程能力来满足最新的技术创新对PCB发展趋势的要求；采用更加灵活的市场策略，应对价格竞争、产品升级和新兴市场需求，甄别并抓牢目标产品市场涌现的新业务机会，进一步巩固强化公司在核心产品市场的战略优势，筑牢并拓展“根据地”业务，并提高产品附加值。同时由于海外客户更加关注并加强地缘供应链风险分散战略的实施，多区域分散风险运营能力或将逐步成为行业未来成长的关键。据公开信息统计，超过四分之一的前100名PCB供应商将在2025年之前
[PDF第27页]为5,000万元。截至报告期末，公司没有逾期未收回的投资理财本金和收益，无涉诉情况，未计提减值准备金额。5、募集资金使用情况□适用不适用公司报告期无募集资金使用情况。七、主要控股参股公司分析1、主要子公司2023年财务数据单位：元公司名称主要业务注册资本总资产净资产营业收入营业利润净利润沪利微电PCB生产制造销售1,500,000,0002,384,130,6701,132,427,3721,972,537,431190,217,118181,143,054黄石沪士1,300,000,0002,689,712,7482,023,357,6861,987,966,173405,467,011338,599,014沪士国际商业贸易美元102,7762,077,924,717163,634,0764,954,887,34749,765,49145,012,749黄石供应链供应链管理、房地产开发及相关配套服务等50,000,000227,957,03410,140,0399,312,599-28,301,817-28,301,817沪士泰国PCB生产制造销售泰铢6,380,000,000654,742,982583,567,780--11,390,285-11,390,285胜伟策PCB生产制造销售欧元87,716,023962,976,904-56,018,645122,262,076-159,365,490-191,462,516注：沪利微电和黄石沪士2023年度财务数据已经审计，其余子公司2023年度财务数据未经审计。其中胜伟策的财务数据为2023年全年，但不包含购买日可辨认净资产公允价值为基础的相关调整。",D:\thailand study\26_7_23paper\05_output\revision_step14d\evidence_text\002463_business_evidence.txt,上游,无法自动判断,4,1,4,否,,待审核,,,否
300020,下游,ST银江,银江技术股份有限公司,深圳证券交易所,信息技术-计算机软件-其他软件服务,信息传输、软件和信息技术服务业-软件和信息技术服务业,"    银江技术股份有限公司是中国领先的数字城市建设运营服务商,中国第一批创业板上市企业,股票代码:300020。公司率先在国内提出智慧城市理念,以人工智能、大数据、物联网等新一代信息技术构建城市大脑,秉承“软件设计、系统交付、数据运营”三位一体的经营策略,推动城市建设、社会治理、民生服务,赋能智慧治理、智慧交通、智慧健康等领域高质量发展。","一般项目:交通、医疗、建筑、环境、能源、教育智能化及信息化技术开发、技术服务、成果转让、设计,工业自动化工程及产品、电力、电子工程及产品、机电工程及产品的设计、技术开发、技术服务、成果转让,停车服务,城市给排水系统设施的建设、运营、管理,城市地下综合管廊工程的施工、运营、管理,安全技术防范工程的设计、施工、维护,智慧城市信息化的技术研发与咨询服务,计算机系统集成及技术服务,数据处理技术服务,软件开发,电子产品、计算机软硬件及设备的销售,从事进出口业务,实业投资。许可经营:第一类增值电信业务,第二类增值电信业务。(依法须经批准的项目,经相关部门批准后方可开展经营活动)",www.enjoyor.net,https://emweb.securities.eastmoney.com/PC_HSF10/CompanySurvey/PageAjax?code=SZ300020,2026-07-27,成功,,04_code/60gupiao.py与04_code/financialtest60.py中的硬编码名单,否（当前公司概况仅用于补齐基础信息）,2023年年度报告,2024-04-29,https://static.cninfo.com.cn/finalpage/2024-04-30/1219927801.PDF,成功,是,成功,D:\thailand study\26_7_23paper\05_output\revision_step14d\reports_2023\300020_2023_annual_report.pdf,成功,缓存,5,"[PDF第12页]作的首位,要求以科技创新推动产业创新,特别是以颠覆性技术和前沿技术催生新产业、新模式、新动能,发展新质生产力。要大力推进新型工业化,发展数字经济,加快推动人工智能发展,广泛应用数智技术、绿色技术,加快传统产业转型升级。二、报告期内公司从事的主要业务2023年,面对外部经营环境的各种不确定性,公司认真贯彻落实董事会各项决策及精神,坚持“数字城市建设运营服务商”核心战略定位,通过公司自主研发的“银江城市大脑”系列化产品、行业解决方案和整体解决方案,赋能智慧城市
[PDF第13页]银江技术股份有限公司2023年年度报告全文13的建设、运营和服务。公司的主要业务涉及智慧城市的两大业务领域：1、智慧城市数字基层政府的社会治理和服务（以下简称“基层治理综合业务”）；2、智慧城市细分领域项目建设和服务（具体包括智慧交通、智慧健康和其它领域,以下简称“智慧城市行业业务”）。“银江城市大脑”通过公司长期积累的大数据、人工智能、物联网等核心技术,以“1+1+N+1”为系统架构（即1个数据底座,1个智能化公共数据平台,N个行业应用,1个综合决策指挥中心）,通过垂直行业应用模式和一体联动综合应用两种模式,既可以满足细分领域纵深管理的行业业务需求,也可以满足综合场景的跨行业跨部门的横向联动的综合业务需求。其中,垂直行业应用模式是指,通过丰富的细分产品线,满足交通、健康、教育等政府行业主管部门的深度化和多样化业务需求；一体联动模式是指,通过产品的高度模块化和强复用性,满足市级、区县、街镇等不同层级政府基层治理的综合性业务需求。报告期内,公司全体员工在管理层带领下,克服诸多外部不利因素,依托优势产品技术,开拓新疆、福建、江苏等地城市大脑市场；夯实人工智能技术研发,布局人工智能细分领域技术,发布通明系列大模型平台,与华为、安恒信息等全面深入合作,卡位关键技术领域；完成非公开发行,募集资金10亿元加码人工智能、数字孪生技术及新一代交通数字平台产品研发,引进战略投资人,为开启新一轮的业务持续增长奠定基础。报告期内,公司在转型中不断调整收入结构,实现营业收入1,169,077,879.62元,同比下降27.47%,归属于上市公司股东的净利润-230,290,186.42元,同比下降463.86%%,归属于上市公司股东的扣除非经常损益净利润-236,545,
[PDF第20页]申请注册的专利有45项（国家知识产权局已公开33项）。（4）截至2023年12月31日,公司及下属子公司共有96项软件产品。（5）截至2023年12月31日,公司及下属子公司共有1160项计算机软件著作权,其中2023年度新增了72项。四、主营业务分析1、概述2、收入与成本（1）营业收入构成营业收入整体情况单位：元2023年2022年同比增减金额占营业收入比重金额占营业收入比重营业收入合计1,169,077,879.62100%1,611,887,360.75100%-27.47%分行业信息技术服务业1,169,077,879.62100.00%1,611,887,360.75100.00%-27.47%分产品智慧交通475,716,173.9140.69%744,853,149.4146.21%-36.13%智慧医疗199,171,884.3117.04%206,531,079.3812.81%-3.56%智慧城市366,692,217.1931.37%515,642,766.7031.99%-28.89%基层治理97,679,523.438.36%105,635,307.406.55%-7.53%综合服务收入29,818,080.782.55%39,225,057.862.43%-23.98%分地区东北13,244,699.601.13%20,793,346.951.29%-36.30%华北219,935,315.9318.81%331,404,041.3720.56%-33.64%华东537,349,614.6345.96%753,557,341.1546.75%-28.69%华南132,864,545.3411.36%165,218,454.4810.25%-19.58%华中141,277,123.7512.08%149,583,147.089.28%-5.55%西北50,513,274.344.32%5
[PDF第21页]慧城市366,692,217.19316,182,634.5013.77%-28.89%-26.82%-2.43%基层治理97,679,523.4368,274,269.9830.10%-7.53%0.11%-5.33%分地区分销售模式公司主营业务数据统计口径在报告期发生调整的情况下,公司最近1年按报告期末口径调整后的主营业务数据□适用不适用（3）公司实物销售收入是否大于劳务收入□是否（4）公司已签订的重大销售合同、重大采购合同截至本报告期的履行情况□适用不适用（5）营业成本构成单位：元产品分类项目2023年2022年同比增减金额占营业成本比重金额占营业成本比重智慧交通387,917,058.0839.98%522,133,889.4744.01%-32.41%智慧医疗173,612,327.6317.89%135,203,943.9711.40%28.41%智慧城市316,182,634.5032.59%432,069,708.1236.42%-18.72%基层治理68,274,269.987.04%68,200,633.505.75%0.11%综合服务收入24,219,617.522.50%28,764,675.362.42%-15.80%（6）报告期内合并范围是否发生变动是□否子公司名称变动时间变动原因海南银江数智科技有限公司2023/12/15设立海南城市大脑技术有限公司2023/11/6设立湖北城市大脑技术有限公司2023/10/23设立新疆城市大脑技术有限公司2023/7/10设立福建城市大脑技术有限公司2023/8/7设立陕西城市大脑数据技术有限公司2023/11/30设立湖南城市大脑数据技术有限公司2023/11/10设立山西城市大脑技术有限公司2023/11/9设立
[PDF第25页]配合,提升整体工作效能。案。运维服务费等收入,增强公司的盈利能力和抗风险能力。6、带动公司技术创新""接诉即办""系统的研发,将推动公司在大数据分析、人工智能等前沿技术领域的持续创新和应用,提升公司的技术实力。银江数据产品商城作为银江数据运营的主要产品之一,银江数据产品商城用于促进数据资源、数据产品、算法模型等数据相关交易以及数据产品市场的培育,实现数据资产变现。自营版的v1.0基本完成；租户版的v2.0研发中1、市场规模目标在未来3-5年内,将数据产品商城的交易规模提升至行业前列,成为国内知名的数据交易平台。2、数据资产目标通过不断丰富商城的数据产品种类和数据量,构建覆盖主要行业和领域的数据资产库,为用户提供全面、优质的数据产品。3、用户目标吸引并服务更多的数据供给方和需求方,建立起拥有广泛覆盖的多方参与的数据生态圈。4、收益目标通过交易佣金、增值服务等收入模式,实现数据产品商城的盈利能力,为公司贡献稳定的收益增长。5、品牌目标打造数据产品商城成为行业内公认的数据交易标杆和权威品牌,提升公司在数据产业中的影响力。6、技术目标持续优化商城的技术架构,提升数据交易的效率和安全性,为用户提供智能化、一站式的数据交易服务。7、管理目标建立健全的数据资产管理和商城运营体系,形成可复制的商业模式和管理经验。1、增强公司的核心竞争力数据产品商城的运营将有利于公司成为数据产业链中的关键枢纽,获得更多的话语权和定价权,从而增强公司的核心竞争力。2、创造新的收入来源数据产品商城的交易佣金、增值服务等将成为公司新的收入来源,有助于提升公司的盈利能力和抗风险能力。3、提高公司的品牌知名度数据产品商城的成功运营将提升公司在数据产业中的影响力和品牌形象,有利于公司在市场中的地位。4、带动公司业务转型升级数据产品商城的运营将推动公司从传统数据服务向数据产品运营转型,加速公司向数字化、智能化的方向发展。5、促进公司生态圈的构建数据产品商城将吸引更",D:\thailand study\26_7_23paper\05_output\revision_step14d\evidence_text\300020_business_evidence.txt,下游,中游,0,16,10,是,,待审核,,,否
300033,中游,同花顺,浙江核新同花顺网络信息股份有限公司,深圳证券交易所,互联网-互联网金融-其他互联网金融,金融业-其他金融业,"    浙江核新同花顺网络信息股份有限公司(300033)公司成立于2001年,总部位于杭州未来科技城,是国内第一家互联网金融信息服务业上市公司,是业内唯一一家国家信息化试点工程单位。技术创新作为公司的驱动力,公司长期坚持技术创新,实践“让投资变得更简单”的理念。公司是国内领先的互联网金融信息服务提供商,也是最大的网上证券交易系统供应商之一。公司深耕金融信息服务行业近三十年,在产品、客户、商业模式、品牌、技术、数据等方面具有独特而明显的优势。公司拥有面向产业链上下游构建的产品及服务体系,可提供形式多样、品种丰富的产品及服务,有效满足不同类型不同层次客户的需求;公司拥有庞大而活跃的用户群,有利于构建基于产业链的生态圈,打造领先而灵活的商业模式;公司拥有良好的品牌形象,近三十年的持续稳健经营与优质服务,在证券市场中已取得较高的知名度和美誉度;公司每年投入大量资源用于新产品、新技术的研究开发与应用,深入探索前沿技术在行业中的应用,特别是在人工智能技术应用方面,已取得一定成效;同时,公司拥有来源丰富的海量金融数据资源,并具有高效的数据处理与服务能力,为公司进行差异化竞争奠定良好的基础。1、产品优势公司拥有完整的产品及服务体系,提供产品和服务内容主要包括:为机构客户提供网上交易软件及系统维护,金融数据、智能推广等产品及服务;为个人投资者提供金融资讯和信息服务、投资理财分析工具、理财产品交易服务、投资社区交流服务等。产品结构合理,品种多样,可以有效满足产业链上下游不同层次客户的需求。基于公司丰富的行业经验与领先,公司已在大模型+金融投顾、大模型+智能客服、大模型+智能投研、大模型+代码生成、大模型+法律咨询、大模型+办公助手、大模型+翻译、大模型+医疗等多个领域推出了产品。经过多年的沉淀,公司产品具备了较好用户体验度和较强用户黏性,深受广大客户好评,形成了明显的竞争优势。2、客户资源公司业务平台覆盖了证券市场中的多种客户群体。在机构客户方面,已服务国内90%以上的证券公司,并扩展至大量公募基金、私募基金、银行、保险公司、政府、科研院所及上市公司等机构。个人用户方面,公司拥有庞大且活跃的用户群体。凭借广泛的机构客户和活跃的个人投资者,公司的互联网金融信息服务生态圈得以快速发展,推动产品与服务的创新和迭代,确保市场快速接受,展现出明显的客户资源优势。3、技术优势公司是国内领先的互联网金融信息服务提供商及金融智能化解决方案供应商,始终保持技术与应用的创新,近三年研发经费占公司总收入的25%以上。公司积极与国内外知名院校开展产学研合作,建立了多个研发平台,包括国家级博士后工作站、省级重点企业研究院和高新技术企业研发中心等。凭借持续的技术积累与探索,公司在技术储备和研发能力方面处于行业领先地位。公司较早布局移动互联网、云计算、大数据、智能搜索、语音语义、图形图像及生成式人工智能等领域,拥有一支成熟、稳定的技术研发团队。强大的技术实力使公司在行业中保持领先地位,并引领行业高质量发展。公司是行业内率先完成人工智能大模型备案的公司,并已完成7项生成式算法备案。4、人力资源优势公司十分重视人力资源建设,注重人才的引进、培养和开发,通过内部培养和外部引进相结合的方式,不断扩充和优化人才,形成了一支专业素质过硬、朝气蓬勃的人才队伍。公司的研发团队,具有丰富的工作经验,有较强的稳定性和凝聚力,对市场现状、客户需求、核心技术和发展趋势有着深刻的了解,可以准确把握市场动向,确保公司的长期稳健发展。公司人才队伍不断壮大,人才结构不断升级。公司研发人员帮助公司解决金融信息服务创新、人工智能技术研发关键问题,引领公司技术创新,人力资源优势明显。5、数据资源优势公司拥有业内领先、规模庞大、历史数据丰富的数据库资源,涵盖了互联网用户数据、新闻资讯、宏观经济数据、行业经济数据、企业研究报告、企业信息、上市公司信息披露、招投标等结构化和非结构化数据,以及交易所、信息公司、政府部门、科研机构、高等院校、宏观经济研究机构和专业行业数据公司等机构提供的授权数据。这些数据不仅满足了客户多样化的需求,还为公司人工智能算法训练、AI大模型训练提供了数据基础。6、品牌优势作为中国最早从事互联网金融信息服务的企业之一,公司通过多年的技术、经验和客户资源积累,较为准确地把握了市场发展趋势和客户需求,开发出了拥有较高市场影响力和广泛客户基础的优势产品。公司一直持续稳健的经营,坚持为市场提供优质服务,在业内积累了较高的口碑和知名度,树立了良好的品牌形象。行业新进入者难以在短时间内树立品牌优势并获得客户的认可。","许可经营项目:第二类增值电信业务中的信息服务业务(不含固定网电话信息服务)(具体内容详见许可证)。一般经营项目:计算机、电子产品的技术开发、技术服务、成果转让,计算机软硬件的销售,设计、制作、发布、代理国内外各类广告。(上述经营范围不含国家法律法规规定禁止、限制和许可经营的项目)。",www.10jqka.com.cn,https://emweb.securities.eastmoney.com/PC_HSF10/CompanySurvey/PageAjax?code=SZ300033,2026-07-27,成功,,04_code/60gupiao.py与04_code/financialtest60.py中的硬编码名单,否（当前公司概况仅用于补齐基础信息）,2023年年度报告,2024-02-26,https://static.cninfo.com.cn/finalpage/2024-02-27/1219187643.PDF,成功,是,成功,D:\thailand study\26_7_23paper\05_output\revision_step14d\reports_2023\300033_2023_annual_report.pdf,成功,缓存,5,"[PDF第10页]要使命，互联网金融信息服务行业拥有巨大的发展潜力，面临着重要的发展机遇。（2）技术革新为行业发展提供有力支持计算机和互联网技术在近年来的发展及应用日趋深入，尤其是大数据、区块链、云计算、人工智能等技术与软件与信息技术服务业的融合渗透下，传统业务模式、技术应用以及产品服务发生重大变革，延伸至金融市场以及金融服务之中。当前人工智能（AGI）正经历一个渗透率快速提升的阶段，为人工智能行业打开全新的成长空间，深度学习带来的科技革命将产生巨大的经济价值。技术革新为互联网金融
[PDF第12页]的生产生活带来了重大影响与冲击。数据的意义与作用日益凸显，市场主体在对数据生产、获取、搜集、存储、分析、应用等方面的需求与投入大幅提升。数据愈发成为覆盖企业组织生产、运营与交易全流程的基础性战略资源。二、报告期内公司从事的主要业务（一）公司主营业务及经营情况公司是国内领先的互联网金融信息服务提供商，产品及服务覆盖产业链上下游的各层次参与主体，包括证券公司、基金、银行、保险、政府、研究机构、上市公司等机构客户，以及广大个人投资者。公司主要业务是为各类机构客户提供软件产品和系统维护服务、金融数据服务、智能推广服务，为个人投资者提供金融资讯、投资理财分析工具、理财产品投资交易服务等。同时公司已构建同花顺AI开放平台，可面向客户提供智能语音、智能客服、智能金融问答、智能投顾、智能质检机、会议转写系统、虚拟数字人、智能医疗辅助系统等多项AI产品及服务，可为银行、证券、保险、公募基金、私募基金、高校、运营商、政府等行业提供智能化解决方案。公司主要收入来源为增值电信服务、软件销售及维护服务、广告及互联网业务推广服务、基金代销及其他交易服务等。报告期内，公司立足金融信息服务主业，稳步推进年度工作计划，加强人工智能技术与现有业务融合发展，培育人工智能产业生态，打造未来增长新引擎。受国内外多种因素的影响，资本市场出现一定程度波动，投资者对金融信息服务需求受到较大程度的影响，但公司上下齐心协力，克服各种困难，各项业务平稳运行，2023年营业总收入总体保持稳定。公司实现营业收入3,564,260,219.05元，比上年同期增加0.14%。同时，公司集中资源对人工智能（AGI）大模型领域进行投入，尤其是加大在专业人才引进和算力资源建设等领域的投入，研发费用有所增加；另外，公司为扩大市场份额，加大销售推广力
[PDF第13页]入证券核心交易系统的产业升级改造，提升我国金融安全自主可控水平；针对证券行情系统架构复杂、开放性低、运维难度大等问题，打造集高性能、易扩展、微服务、易维护等诸多优势于一体的解决方案；利用人工智能技术，从使用功能到场景体验多维度升级，不断提高产品及服务的智能化水平，持续优化用户体验；在人工智能大模型领域，公司构建了高质量金融数据集，具备从零开始创新设计大模型结构能力，建立了高效的训练框架体系，可快速地完成大模型设计、研发、训练和评估，极大降低公司自研及与客户共建大模型的成本。截至2023年12月31日，公司已累计获得自主研发的软件著作权479项，发明专利授权61项（其中美国专利16项），形成了明显的技术领先优势。报告期内公司大模型、智能语音、自然语言处理、机器翻译、图形图像等技术应用取得较大突破，并在AAAI、ACL、IJCAI、EMNLP等国际顶级AI学术会议及期刊上发表论文数十篇。公司自研的问财HithinkGPT大模型是公司从训练语料、训练框架到模型结构的设计，均从零开始、创新构建，预训练金融语料达到万亿级tokens，涵盖了股票、债券、期货、外汇、商品价格、宏观经济指标、行业数据等多个方面的数据。问财HithinkGPT大模型具有全面的实时金融数据、强大的语义理解、专业的投顾建议、生动的表达形式、可控的内容生成等特点，经过前期多轮测试与优化，该模型在金融场景中表现出色，能够高分通过多个金融领域的专业考试。2、丰富人工智能产品线，拓展细分赛道公司继续加大人工智能技术应用研发，尤其是重点加大人工智能大模型相关的技术与公司现有的产品和服务体系之间的融合，为用户提供更好的产品及服务质量，进一步提升公司产品的竞争力。公司致力于打造基于人工智能技术应用的生态圈，推动其成为公司业绩增长的新引擎。同花顺AI开放平台目前可面向客户提供数字虚拟人、短视频生成、文章生成、智能金融问答、智能语音、智能客服机器人、智能质检机器人、会
[PDF第14页]多元化营销推广，提高品牌影响力报告期内公司积极利用金融用户智能推荐平台，通过产品与用户的精准匹配，提升用户黏度，实现客户的高效转化；积极利用文章、短视频、直播等推广手段，借助微博、微信、抖音、快手等平台，在实现投资者教育的同时，积极传播推广产品及服务，进一步提高品牌影响力；加强销售团队建设，提高销售投入规模，以加强产品与服务推广；不断严格规范营销行为，坚持合规展业，坚决保护客户的利益。5、加强人才培养和引进力度，打造高水平人才队伍报告期内公司加大人才培养和引进力度，内部通过“同顺学院”组织丰富多样的学习发展、培训活动，帮助员工持续成长。积极运用国家级博士后工作站、省级企业研究院、省级高新技术企业研发中心、省级工程技术中心等创新载体，建立良好的人才梯队及人才储备；积极与高校开展产学研合作，采取联合培养、建立实训基地、开设“同花顺订单班”等方式培养应用型人才，实现课堂与产业的深度融合和无缝转换；通过云宣传、云面试，全程无接触式的方式，做好校园招聘和社会招聘，提高公司招聘效率，为应聘者提供便利。报告期公司员工数量较去年同期增加244人，博士学历员工新增40人。6、加强内部控制管理，提高公司治理水平报告期内，公司不断优化内部控制制度和工作机制，持续强化控制程序和控制措施，积极开展公司内部合规培训，并邀请外部专家开展合规讲座；同时严格落实各项规章制度，持续加强合规管理和风险管理，构建完善的内部控制制度流程体系。公司严格按照相关的法律法规规范股东大会、董事会、监事会的日常运作，不断提高法人治理水平。7、提升信息披露质量，加强投资者关系管理报告期内公司严格按照国家法律法规及相关规范性文件的要求，规范信息披露工作，提升信息披露工作的整体质量，确保信息披露的及时性、真实性、准确性和完整性。与投资者保持密切交流，在资本市场树立良好的企业形象。公司研发了针对上市公司信息披露、投资者关系管理、合规业务等工作的i董秘平台，可实现事前资料查
[PDF第15页]司2023年年度报告全文15公司是国内领先的互联网金融信息服务提供商，也是最大的网上证券交易系统供应商之一。公司深耕金融信息服务行业近三十年，在产品、客户、商业模式、品牌、技术、数据等方面具有独特而明显的优势。公司拥有面向产业链上下游构建的产品及服务体系，可提供形式多样、品种丰富的产品及服务，有效满足不同类型不同层次客户的需求；公司拥有庞大而活跃的用户群，有利于构建基于产业链的生态圈，打造领先而灵活的商业模式；公司拥有良好的品牌形象，近三十年的持续稳健经营与优质服务，在证券市场中已取得较高的知名度和美誉度；公司每年投入大量资源用于新产品、新技术的研究开发与应用，深入探索前沿技术在行业中的应用，特别是在人工智能技术应用方面，已构建较强的技术壁垒；同时，公司拥有来源丰富的海量金融数据资源，具有高效的数据处理与服务能力，为公司进行差异化竞争奠定良好的基础。三、核心竞争力分析公司是国内领先的互联网金融信息服务提供商。公司拥有近三十年金融信息服务行业经验，在产品、客户资源、技术、人力资源、数据资源、品牌认可度、管理团队等方面拥有独特而明显的竞争优势。1、产品优势公司拥有完整的产品及服务体系，提供产品和服务内容主要包括：为机构客户提供网上交易软件及系统维护，金融数据、智能推广等产品及服务；为个人投资者提供金融资讯和信息服务、投资理财分析工具、理财产品交易服务、投资社区交流服务等。产品结构合理，品种多样，可以有效满足产业链上下游不同层次客户的需求。同时，公司构建的同花顺AI开放平台，可面向客户提供智能语音、智能客服、智能金融问答、智能质检机、会议转写系统、数字人、智能医疗辅助系统等多项AI产品及服务，可为银行、证券、保险、公募基金、私募基金、高校、政府、运营商、医疗等行业提供智能化解决方案。经过多年的沉淀，公司产品具备了较好用户体验度和较强用户黏性，深受广大客户好评，形成了明显的竞争优势。2、客户资源公司现有业务平台覆盖了证券",D:\thailand study\26_7_23paper\05_output\revision_step14d\evidence_text\300033_business_evidence.txt,中游,下游,1,28,31,是,,待审核,,,否
300036,下游,超图软件,北京超图软件股份有限公司,深圳证券交易所,信息技术-计算机软件-行业应用软件,信息传输、软件和信息技术服务业-软件和信息技术服务业,"    北京超图软件股份有限公司(股票代码:300036)成立于1997年,是聚焦地理信息软件(Geographic Information Software,广义GIS)和空间智能(Geospatial Intelligence,GI)领域的基础软件与应用软件厂商,是信创、时空大数据、人工智能、虚拟现实等领域的重要参与者。旗下SuperMap软件是亚洲第一大、全球第二大GIS软件,是数字中国、数字政府、企业数字化、数字孪生、元宇宙、智慧城市的重要技术底座。超图软件旗下拥有超图信息、南京国图、上海数慧、上海南康、世纪安图、地图慧等子品牌,目前在国内115个地级及以上城市、海外20多个国家有常驻员工,50多个国家有代理商,100多个国家有用户。超图软件以“创新空间智能,升维IT价值”为企业使命,以“用空间智能点亮世界每个角落”为企业愿景,致力于为全球更多用户打造领先的GI&GIS技术和产品。","一般项目:技术服务、技术开发、技术咨询、技术交流、技术转让、技术推广;地理遥感信息服务;卫星遥感应用系统集成;信息系统集成服务;软件开发;软件销售;技术进出口;货物进出口;贸易经纪;信息技术咨询服务;非居住房地产租赁;会议及展览服务;组织文化艺术交流活动。(除依法须经批准的项目外,凭营业执照依法自主开展经营活动)许可项目:第二类增值电信业务;建设工程施工。(依法须经批准的项目,经相关部门批准后方可开展经营活动,具体经营项目以相关部门批准文件或许可证件为准)(不得从事国家和本市产业政策禁止和限制类项目的经营活动。)","www.supermap.com.cn,www.supermap.com",https://emweb.securities.eastmoney.com/PC_HSF10/CompanySurvey/PageAjax?code=SZ300036,2026-07-27,成功,,04_code/60gupiao.py与04_code/financialtest60.py中的硬编码名单,否（当前公司概况仅用于补齐基础信息）,2023年年度报告,2024-04-14,https://static.cninfo.com.cn/finalpage/2024-04-15/1219599498.PDF,成功,是,成功,D:\thailand study\26_7_23paper\05_output\revision_step14d\reports_2023\300036_2023_annual_report.pdf,成功,缓存,5,"[PDF第10页]）公司所处行业根据中国证监会《上市公司行业分类指引》（2012年修订），公司所处行业为“信息传输、软件和信息技术服务业”之“软件和信息技术服务业”，所属行业代码为I65。公司聚焦的地理信息软件和空间智能领域，是数字经济核心产业的一部分，公司主营业务涵盖数字经济核心领域。（二）行业基本情况地理信息产业作为国家战略性新兴产业，是空天信息产业链的重要组成部分，是现代测绘技术、信息技术、计算机技术、通讯技术和网络技术等相结合而发展起来的综合性产业。我国地理信息产业经过二十多年的高速发展，现已进入高质量发展阶段，产业规模持续壮大，总产值继续提升，科技创新能力不断提升，基础设施建设扎实推进。中国地理信息产业发展报告(2023)显示，2022年，我国地理信息产业总产值7,787亿元，增速达3.5%，产业运行稳中有进。研究表明，人类活动所产生的数据，80%以上与地理空间位置有关，地理空间数据是承载数字经济各类专题信息的基础数据。随着空间数据处理等核心地理信息技术迅速发展，以及地理信息产业与通信、互联网、物联网、云计算、人工智能等前言信息技术的不断融和创新，我国地理信息产业保持了较高的增长速度，空间智能软件技术正成为推进信息化建设的重要新质生产力。（三）行业政策支持公司所在行业是国家重点支持和鼓励发展的产业，是关系国民经济和社会发展全局的基础性、战略性和先导性产业。我国软件行业的主管部门是工业和信息化部，地理信息行业的主管部门是自然资源部。公司的GIS软件广泛应用于数字中国建设，涵盖了水利、气象、农业、政务、自然资源等多个细分领域。近年来国家有关部门出台了一系列政策，支持产业持续蓬勃发展。国家有关部门扶持软件和GIS产业发展的政策政策名称核心内容
[PDF第14页]能领域的技术研发和应用服务。作为地理信息软件（GIS）行业的领跑者，专注地理空间智能领域，公司始终坚持自主创新，研发形成了全信创系列的国产软件产品，深度参与数字中国、数字政府以及企业数字化等建设，为经济社会高质量发展提供有力支撑。（一）公司主营业务2023年，公司业务未发生重大变化。主要围绕以下几个方面开展：GIS基础软件业务1、GIS基础软件是地理信息软件产业的技术制高点，是地理信息的“操作系统”，可应用于各行各业，其粘性非常强，支撑上层各类应用系统的开发。2、目前公司GIS基础软件业务盈利模式主要为永久许可模式以及订阅制模式，前者为主
[PDF第22页]践，形成了覆盖数百城市的信息化案例，积累了丰富的项目经验，对行业应用有着深刻的理解和积累积淀。凭借专业化能力和服务，公司多次获得国家级科技进步奖、省部级科技进步奖，诸多项目获得GIS优秀工程金奖，GIS优秀工程奖的获奖数量数年蝉联第一。四、主营业务分析1、概述公司坚持长期主义，聚焦自主创新，巩固攻坚成果，厚植发展优势。报告期内，全体员工咬定目标、坚定信心、凝心聚力、积极作为，以“冲”的姿态、“硬”的举措，全力冲刺全年各项目标任务。报告期内，公司营业收入19.79亿元，同比增长24.00%，归属于上市公司股东的净利润1.52亿元，同比增长144.92%。未来公司将紧抓自主化、数字化、智能化等战略机遇，创新空间智能，升维IT价值，打造更加贴近市场需求的空间智能技术和产品，与更多生态伙伴一起，用空间智能赋能千行百业信息化建设。（1）重新定义GIS内涵，产品创新成果显著随着技术的进步和应用领域的增多，GIS的外延边界不断扩大，不断赋予GIS更广泛的内涵，已成为涵盖地理信息软件(GeospatialInformationSoftware，广义GIS)和空间智能软件(GeospatialIntelligenceSoftware)的全新概念。公司是聚焦地理信息软件（GeographicInformationSoftware，广义GIS）和空间智能（GeospatialIntelligence，GI）领域的基础软件与应用软件厂商，是信创、时空大数据、人工智能、虚拟现实等领域的重要参与者。报告期内，公司研发投入保持高位，产品创新成果显著。①进军遥感生产领域，打造遥感GIS一体化报告期内，公司进军遥感生产领域，打造遥感GIS一体化，正式发布遥感软件产品—跨平台遥感影像处理桌面软件[SuperMapImageXPro(Beta)]，实现了遥感GIS一体化的遥感数据全流程处理与应用。跨平台遥感影像处理桌面软件基于遥感GIS一体化技术构建
[PDF第33页]2%东北186,364,513.7183,323,574.0855.29%60.41%30.49%10.25%分销售模式直接销售1,978,685,866.97833,390,081.6857.88%24.00%-2.30%11.34%公司主营业务数据统计口径在报告期发生调整的情况下，公司最近1年按报告期末口径调整后的主营业务数据□适用不适用（3）公司实物销售收入是否大于劳务收入□是否（4）公司已签订的重大销售合同、重大采购合同截至本报告期的履行情况□适用不适用（5）营业成本构成产品分类单位：元产品分类项目2023年2022年同比增减金额占营业成本比重金额占营业成本比重GIS软件GIS软件826,596,196.4799.18%846,075,340.2799.19%-2.30%其他其他6,793,885.210.82%6,904,582.560.81%-1.60%公司需遵守《深圳证券交易所上市公司自律监管指引第3号——行业信息披露》中的“软件与信息技术服务业”的披露要求主营业务成本构成单位：元成本构成本报告期上年同期同比增减金额占营业成本比重金额占营业成本比重人工成本289,782,888.8535.06%265,652,108.1031.40%9.08%
[PDF第38页].89127.78%相关数据同比发生重大变动的主要影响因素说明□适用不适用报告期内公司经营活动产生的现金净流量与本年度净利润存在重大差异的原因说明不适用。适用□不适用主要原因系部分已验收项目未回款、部分项目收付款及进度款下降所致。五、非主营业务情况适用□不适用单位：元金额占利润总额比例形成原因说明是否具有可持续性投资收益24,862,801.5616.10%理财收益否资产减值-132,423,340.49-85.78%信用减值损失、资产减值损失否营业外收入16,294,070.6610.55%政府补助、无需支付的款项否营业外支出2,759,759.011.79%其他否六、资产及负债状况分析1、资产构成重大变动情况单位：元2023年末2023年初比重增减重大变动说明金额占总资产比例金额占总资产比例货币资金1,063,632,894.1923.54%930,060,674.7321.15%2.39%应收账款715,630,040.1515.84%673,678,613.6515.32%0.52%合同资产49,588,472.051.10%36,518,122.710.83%0.27%合同资产较上年末增加35.79%，主要系本期质量保证金增长所致。存货446,475,355.509.88%496,282,644.0011.29%-1.41%",D:\thailand study\26_7_23paper\05_output\revision_step14d\evidence_text\300036_business_evidence.txt,下游,中游,0,36,2,是,,待审核,,,否
300075,下游,数字政通,北京数字政通科技股份有限公司,深圳证券交易所,信息技术-计算机软件-行业应用软件,信息传输、软件和信息技术服务业-软件和信息技术服务业,"    北京数字政通科技股份有限公司是新型智慧城市核心应用与运营服务提供商,致力于以“网格化管理模式”推动城市治理、政府管理和服务的数字化进程,以技术路径催生管理变革和服务模式创新,助力数字经济发展和数字政府建设。公司成立于2001年,2010年在深圳证券交易所上市(股票代码:300075),是国家规划布局内重点软件企业、北京市高新技术企业和甲级测绘资质企业。公司致力于城市运行一网统管、城市管理精细化、社会治理现代化、城市生命线安全运行监测智能化、智算中心建设运营以及新型智慧城市运营服务等核心业务领域。公司总部位于北京,设有北京、武汉、长沙三大研发中心。","技术开发、技术转让、技术服务、技术咨询、技术推广;基础软件服务、应用软件服务、产品设计;计算机系统服务;数据处理;出租办公用房;机械设备租赁;经济贸易咨询;投资咨询;项目投资;投资管理;资产管理;货物进出口、技术进出口、代理进出口;销售通讯设备、电子产品、计算机、软件及辅助设备、汽车;专业承包。(企业依法自主选择经营项目,开展经营活动;依法须经批准的项目,经相关部门批准后依批准的内容开展经营活动;不得从事本市产业政策禁止和限制类项目的经营活动。)",www.egova.com.cn,https://emweb.securities.eastmoney.com/PC_HSF10/CompanySurvey/PageAjax?code=SZ300075,2026-07-27,成功,,04_code/60gupiao.py与04_code/financialtest60.py中的硬编码名单,否（当前公司概况仅用于补齐基础信息）,2023年年度报告,2024-04-11,https://static.cninfo.com.cn/finalpage/2024-04-12/1219584012.PDF,成功,是,成功,D:\thailand study\26_7_23paper\05_output\revision_step14d\reports_2023\300075_2023_annual_report.pdf,成功,缓存,5,"[PDF第11页]北京数字政通科技股份有限公司2023年年度报告全文11的目标是通过数字化手段提高城市安全保障能力，维护人民生命财产安全，让城市更健康、更安全、更宜居。二、报告期内公司从事的主要业务（一）城市数字治理核心平台1、城市运行“一网统管”平台“一网统管”立足于党委政府的视角，从城市运行更高效、更精准、更科学、更主动的管理诉求出发，通过构建一套“一网统管”核心运行机制，并综合运用数字孪生、人工智能、大模型等新兴技术，去看待和处置比如：城市基础设施安全运行、民生诉求接诉即办、基层治理维稳、文明城市创建、营商环境优化以及重大活动综合保障等城市运行核心治理要点的一套新的城市治理模式。它是党委政府实现政府数字化转型和驱动城市治理现代化的重要抓手。数字政通一网统管解决方案坚持以“高起点规划、高标准建设、高质量发展、高水平治理”为基准，以“增强数字政府效能，筑牢智慧城市基础”为导向，推行城市运行“一网统管全城、一网统领行业、一网统筹全域”的治理新模式，通过“机制保障+平台建设”双轮驱动助力各地城市治理体系和治理能力现代化，赋能各地城市治理数字化变革。建立“一网统管”体系架构。借鉴北京、上海、深圳、合肥、烟台等地区先进经验，结合本地需求，组建城市运行中心作为“一网统管”运作实体，负责数据赋能、系统支撑、信息调度、趋势研判、综合指挥、应急指挥等职能，组织、指导、协调、赋能各级各业务主管部门开展工作。建立“一网统管”运行机制。打造事件感知敏锐、任务生成智能、指令派发扁平、承接处置高效、评估考核科学的城市运行闭环。一支队伍，充分发挥市场化服务外包优势，提供全科网格员队伍运营服务，保障各领域事件的主动巡查发现。一条热线，整合所有民生诉求受理渠道，将各类治理事件全部纳入一个系统进行受理。一张清单，对各个领域的事件进行分级分类管理，形成《“一网统管”事项清单》，确保一般案件责任清晰
[PDF第18页]封堵装置2023/9/26ZL202320954029.813一种基于多源数据的高精地图生成方法及系统2023/9/29ZL202310233868.514一种可配置的评价方法及其系统2023/10/31ZL202310381216.6四、主营业务分析1、概述报告期内，公司实现营业收入1,213,117,380.29元，同比减少20.48%，实现归属于上市公司股东的净利润134,384,220.22元，同比减少47.22%。报告期内，公司所处的数字经济、数字治理、数据要素等主营业务领域不乏政策利好因素，市场前景比较乐观，客户需求比较旺盛，为公司的可持续发展奠定了重要的基础；经济复苏期内，受行业环境影响，公司的客户主要集中于各类政府职能部门或其授权机构、下属企事业单位等，部分项目验收延迟、部分项目招投标延期等因素，造成实际的市场项目金额和数量不及预期，部分项目实施进度延期使得收入确认延后，对公司生产经营带来一些不利影响，也直接导致公司2023年的营业收入和利润同比出现下降的情况。报告期内，面对复杂的市场形势，公司努力做好核心竞争力的培育和核心能力的提升工作，努力拓展新市场克服短期困难局面的影响，努力做好收款工作防范重大财务和管理风险，虽然营业收入和利润出现了一定的下降，但反映公司核心竞争能力的综合毛利率指标已超过40%，实现了稳中有升；反映公司业务质量的经营性净现金流指标持续向好，同比大幅提升了145.33%。同时，公司的营销和本地化服务网络建设进一步完善，基本建立起以省为单位的本地化服务体系，紧密贴近客户精耕细作，目前已实现在全国市场广泛、深度覆盖，并在此基础上推动单客户产值和项目附加值不断提高。报告期内，公司进一步加大研发投入，包括大模型、CIM、AI、自动驾驶等行业前沿技术、新兴技术在行业应用场景中不断落地，满足客户需求，毛利率水平得到进一步提升。
[PDF第19页]北京数字政通科技股份有限公司2023年年度报告全文19综合目前的经济形势和公司实际情况，2024年，数字政通提出稳中快进的经营策略，巩固、充实、提升核心业务，继续保持较高的市场竞争力，进一步提高项目质量，同时明确四个快进方向：一是转换城市治理数据要素运营服务模式，深耕数据要素市场；二是人和行业大模型全面赋能核心产品，保持行业领先的产品水平，不断提高产品应用能力和帮助政府客户提升数字化工作效能；三是抓住新质生产力的关键市场发展契机，更快的推动一网统管和城市生命线业务的发展速度，努力实现更多、更大的项目落地，推动收入规模高质量增长；四是以技术创新推动新业务发展，积极参与无人机代表的低空经济、无人车代表的城市智能终端等新产业领域的建设和服务工作，努力打造新的增长曲线。2024年，公司管理团队和全体员工将更加努力得开展工作，努力实现董事会制定的生产经营目标，为广大股东创造更多价值。报告期内，公司主要经营情况如下：（一）城市数字治理核心平台1、城市运行“一网统管”平台自2018年“一网统管”被上海市率先提出并落地以来，我国各地区都在积极探索和建设“一网统管”，以数字化推进城市治理现代化，并取得了一定成效。为进一步推动“一网统管”的有序建设和长效运营，持续发挥“一网统管”核心作用，北京、重庆、广东、江苏、福建、山东、安徽、宁夏、云南、内蒙古等省份先后下发相应文件深入推进各地市加快推动城市运行“一网统管”，实现城市运行管理“横到边、纵到底”，进一步提高精治、善治和智治水平。报告期内，公司也陆续中标山东烟台市一网统管、广东深圳市民生诉求一网统管、福建邵武市一网统管运行中心、云南楚雄州一网统管、烟台福山区一网统管、深圳坪山区一网统管三期、许昌市魏都区红色治理（二期）等多个一网统管订单。其中深圳市民生诉求一网统管通过构建权责清晰、智能便捷、多
[PDF第25页]650,224,003.82411,087,519.5536.78%-20.11%-49.49%-2.69%分销售模式直接销售1,213,117,380.29727,418,650.6140.04%-20.48%-52.32%0.66%公司主营业务数据统计口径在报告期发生调整的情况下，公司最近1年按报告期末口径调整后的主营业务数据□适用☑不适用（3）公司实物销售收入是否大于劳务收入□是☑否（4）公司已签订的重大销售合同、重大采购合同截至本报告期的履行情况□适用☑不适用
[PDF第26页]运营服务类业务营业成本400,382,068.5755.04%450,502,101.7048.71%-11.13%说明按产品分类。公司需遵守《深圳证券交易所上市公司自律监管指引第3号——行业信息披露》中的“软件与信息技术服务业”的披露要求主营业务成本构成单位：元成本构成本报告期上年同期同比增减金额占营业成本比重金额占营业成本比重原材料73,348,831.9010.08%163,926,702.1017.72%-55.26%人工成本367,549,628.2850.53%360,752,348.1939.01%1.88%外部服务成本177,459,355.5924.40%255,447,680.8827.62%-30.53%项目差旅及办公费92,526,852.7812.72%112,177,095.6212.13%-17.52%折旧与摊销10,615,294.021.46%12,701,628.671.37%-16.43%其他成本5,918,688.040.81%19,879,232.982.15%-70.23%合计727,418,650.61100.00%924,884,688.44100.00%-21.35%（6）报告期内合并范围是否发生变动☑是□否1.本公司子公司保定金迪地下管线探测工程有限公司新设子公司武汉金迪科技有限公司，注册资本1000.00万元，本公司持股比例100%，实缴出资300.00万元。2.本公司子公司保定金迪地下管线探测工程有限公司新设子公司北京金迪运营科技有限公司，注册资本1000.00万元，本公司持股比例100%，实缴出资200.00万元。3.本公司子公司政通智慧城市运营科技有限公司新设子公司政通智慧城市运营服务(张家口)有限责任公司，注册资本1000.00万元，子公司持股比例100%，尚未实缴出资。",D:\thailand study\26_7_23paper\05_output\revision_step14d\evidence_text\300075_business_evidence.txt,下游,中游,0,8,4,是,,待审核,,,否
300078,中游,思创智联,思创智联科技股份有限公司,深圳证券交易所,电子设备-电子设备制造-电子设备制造,制造业-计算机、通信和其他电子设备制造业,"    思创智联科技股份有限公司成立于2003年,2010年4月在深交所创业板上市(股票代码300078)。思创智联是行业优秀的物联网应用整体解决方案服务商,是集科研、生产、服务于一体的高新技术企业,公司物联网应用业务以研发生产为基础,以物联网应用开放平台为生态体系,依托物联网、大数据等技术在终端、网络、平台等层面融合创新,打造了智慧零售、智慧仓储、智能制造、资产管理、防伪溯源等行业深度应用的物联网解决方案,全方位支持并实现数字化零售、供应链全流程管理等数字变革场景下的产品与服务需求,产品出口遍及欧洲、美洲、中东、东南亚等70多个国家及地区。在智慧商业领域,思创智联曾与中科院RFID技术研发中心等科研机构合作,拥有EAS、ESL、RFID开发与应用一体化平台,凭借从天线设计、标签封装到系统集成的全产业链优势,产品覆盖EAS标签、RFIDinlay、特种标签、读写设备及应用软件,为客户提供一站式商业智能解决方案,荣获百强零售连锁品牌的信赖与选择,产品出口70多个国家及地区,遍布欧洲、美洲、中东、东南亚等区域,与全球300多家客户及代理商建立长期稳定的合作关系。","一般项目:电子元器件制造;电子元器件批发;电子元器件零售;集成电路芯片及产品制造;集成电路芯片及产品销售;物联网设备制造;物联网设备销售;移动终端设备制造;移动终端设备销售;计算机软硬件及外围设备制造;其他电子器件制造;物联网技术研发;物联网技术服务;物联网应用服务;安防设备制造;安防设备销售;橡胶制品制造;橡胶制品销售;塑料制品制造;塑料制品销售;五金产品研发;五金产品制造;五金产品批发;五金产品零售;塑料包装箱及容器制造;包装材料及制品销售;金属包装容器及材料制造;金属包装容器及材料销售;信息系统集成服务;货物进出口;商业、饮食、服务专用设备制造;非居住房地产租赁;办公设备租赁服务;机械设备租赁;租赁服务(不含许可类租赁服务);技术服务、技术开发、技术咨询、技术交流、技术转让、技术推广;软件开发;信息技术咨询服务;洗染服务;针纺织品销售;日用化学产品销售;日用百货销售;第一类医疗器械销售;第二类医疗器械销售(除依法须经批准的项目外,凭营业执照依法自主开展经营活动)。许可项目:第三类医疗器械经营(依法须经批准的项目,经相关部门批准后方可开展经营活动,具体经营项目以审批结果为准)。",www.sichuangzhilian.com.cn,https://emweb.securities.eastmoney.com/PC_HSF10/CompanySurvey/PageAjax?code=SZ300078,2026-07-27,成功,,04_code/60gupiao.py与04_code/financialtest60.py中的硬编码名单,否（当前公司概况仅用于补齐基础信息）,2023年年度报告,2024-04-25,https://static.cninfo.com.cn/finalpage/2024-04-26/1219829527.PDF,成功,是,成功,D:\thailand study\26_7_23paper\05_output\revision_step14d\reports_2023\300078_2023_annual_report.pdf,成功,缓存,5,"[PDF第4页]行了8.17亿元可转换公司债券，虽然2023年度可转债持有人的转股数量增加，可转换公司债券余额及利息金额有所减少，但利息支出仍然占比较高，对经营利润带来一定影响。报告期内，公司从事的主要业务未发生变化。公司持续经营能力不存在重大风险。关于“主营业务、核心竞争力、主要财务指标变动情况、所处行业景气情况”等信息详见本报告第三节“管理层讨论与分析”。本报告中如有涉及未来的计划、业绩预测等方面的内容，均不构成本公司对任何投资者及相关人士的承诺，投资者及相关人士均应对此保持足够的风险认识，并且应当理解计划、预测与承诺之间的差异。公司在本报告第三节“管理层讨论与分析”之“十一、公司未来发展的展望”描述了公司未来经营中可能面临的风险，敬请广大投资者注意查阅。公司计划不派发现金红利，不送红股，不以公积金转增股本。
[PDF第11页]五届董事会第九次会议审议通过，公司对发现的2020年度子公司医惠科技有限公司与杭州闻然信息技术有限公司的确认依据不足收入，采用追溯调整法进行了差错更正，调整了2020年度的合并财务报表：调减应收账款账面余额16,969,582.59元，调减主营业务收入16,009,040.18元，调减应交税费-增值税960,542.41元，调减主营业务成本3,625,434.10元，调增无形资产3,625,434.10元，调减应收账款坏账准备848,479.13元，调减信用减值损失848,479.13元，调减递延所得税资产127,271.87元，调增所得税费用-递延所得税费用127,271.87元，调减应交税费-所得税1,238,360.61元，调减所得税费用-当期所得税费用1,238,360.61元。由于本次对虚假记载收入的差错更正与2022年4月差错更正的部分内容重合，因此，本次差错更正在上次差错更正的基础上，采用追溯调整法对上述虚假记载事项涉及的收入、成本等内容进行了差错更正，调整了2019-2022年度的合并财务报表，具体如下：(一)2019年度因上述虚假记载事项，调整2019年度合并财务报表：调减应收账款账面余额33,125,117.33元，调减应收账款坏账准备1,656,255.86元，调减递延所得税资产248,438.38元；调减应交税费-增值税2,095,761.36元，调增其他应付款3,900,000.00元；调减主营业务收入34,929,355.97元，调减信用减值损失1,656,255.86元，调增所得税费用-递延所得税费用248,438.38元。(二)2020年度因上述虚假记载事项，调整2020年度合并财务报表：调减应收账款账面余额67,638,993.88元，调减应收账款坏账准备3,381,949.70元，调增存货3,555,781.98元，调减合同资产账面余额
[PDF第12页]29元，调减应交税费-城建税73,417.05元，调减应交税费-教育费附加31,464.45元，调减应交税费-地方教育附加20,976.30元，调增应交税费-所得税1,238,360.61元，调增其他应付款55,096,197.33元；调减主营业务收入80,459,745.95元，调减主营业务成本5,602,752.56元，调减税金及附加125,857.80元，调减信用减值损失1,725,693.84元，调减资产减值损失9,000.00元，调增所得税费用-当期所得税费用1,238,360.61元,调增所得税费用-递延所得税费用260,204.08元，调减年初未分配利润33,521,538.49元。因上述差错调整冲回的已开票增值税-销项税预计无法退回，调增应交税费-增值税4,863,499.46元，调增管理费用4,863,499.46元。(三)2021年度因上述虚假记载事项，调整2021年度合并报表：调减应收账款账面余额66,018,993.88元，调减应收账款坏账准备52,407,333.89元，调增存货2,799,982.44元，调减其他流动资产1,238,360.61元，调增无形资产原值2,046,970.58元，调增无形资产累计摊销682,323.56元，调减递延所得税资产7,861,100.09元；调减应交税费-增值税2,455,510.18元，调减应交税费-城建税60,006.01元，调减应交税费-教育费附加25,716.86元，调减应交税费-地方教育附加17,144.58元，调增其他应付款55,096,197.33元；调增主营业务收入1,592,920.35元，调增主营业务成本1,438,123.10元，调增税金及附加22,990.35元，调减信用减值损失49,025,384.19元，调增资产减值损失9,000.00元，调增所得税费用-递延所得税费用7,352,457.63元，调减年初未分配利润112
[PDF第19页]地区。二、报告期内公司从事的主要业务报告期内，公司致力于打造以智慧医疗、智慧商业、智慧健康、智慧养老为核心的全产业链布局，以数据要素化和数字资产应用为核心，持续引领行业创新发展，致力于成为全球领先的智慧医疗和物联网应用整体解决方案的服务商。主营业务为智慧医疗以及物联网相关产业。（一）智慧医疗业务1、主要业务情况公司坚持以“简约智慧医疗”为理念，以“提高患者安全、医疗质量、临床效率”为目标，依托物联网、大数据、人工智能、区块链、5G等核心技术，为智慧医疗各业务场景提供专科化个性化解决方案，构建面向医院业务、区域医疗协同、居民养老和个人健康管理的智慧医疗健康服务体系，为居民和医疗机构提供全人全程可及连贯的智慧医疗健康服务。但是随着国家新的政策方向带来的
[PDF第20页]务解决方案、智慧后勤解决方案等）的状态下，开展数字化转型，加大投入力度专注于打造创新型智慧医疗服务生态体系，基于个人医疗健康数据相关的业务体系进行公司的数字化转型，以数字驱动助力医疗数字化改革、提高医疗效益、提升医疗质量、服务全民健康。2、主要产品及用途（1）智慧医院板块，公司智慧医院整体解决方案依据国家电子病历分级评价标准、互联互通标准、智慧服务评审标准、智慧管理评审标准，以E-SMART3.0智慧医疗云生态服务平台为核心，创新运用微服务技术架构，利用业务服务结合不同角色定位进行业务场景及流程整合，从而实现业务和技术场景化的重组和融合，实现医疗服务的场景化、智能化、个性化和专科化应用，同时以集成平台为核心，整合院内医疗数据流，打造以数据驱动临床业务闭环提升患者安全，通过对院内数据进行分类更加有效的提取数据的价值，为数据驱动的人工智能提供更加准确的训练模型。主要产品及服务有E-SMART3.0智慧医疗云生态服务平台（基于医院）、移动护理、电子病历、智慧临床医生工作站、微小化HIS等临床业务系统，信息集成平台、数据中心、专病数据科研平台、物联网共性开放平台、医院智慧后勤管理平台等数字化驱动应用平台，医院运营管理与决策分析平台、医疗大数据管理平台等运营管理支撑系统。（2）区域医疗协同板块，公司紧密跟进国家公立医院高质量发展改革步伐，根据区域医疗卫生的数字化改革方向投入面向省域、市域的集团化医院业务协同与数据共享云平台产品的研发推广，深度契合2023年2月国家卫生健康委、国家发展改革委、财政部等6部门联合印发的《紧密型城市医疗集团建设试点工作方案》文件精神，为统筹区域内医疗资源，网格化布局紧密型城市医疗集团，为网格内居民的疾病预防、诊断、治疗、营养、康复、护理、健康管理等一体化、连续性医疗卫生服务提供信息化支撑，解决区域内医疗健康数据的互通互用，提升区域内医疗健康服务的同质化水平，盘活区域内医疗资源的利用率，杜绝区域内",D:\thailand study\26_7_23paper\05_output\revision_step14d\evidence_text\300078_business_evidence.txt,中游,下游,1,16,34,是,,待审核,,,否
300170,下游,汉得信息,上海汉得信息技术股份有限公司,深圳证券交易所,信息技术-计算机软件-其他软件服务,信息传输、软件和信息技术服务业-软件和信息技术服务业,"    上海汉得信息技术股份有限公司(以下简称“汉得”),其前身可以追溯到1996年成立的“上海汉得计算机服务有限公司”,并于2011年在深圳证券交易所创业板上市(证券代码:300170,证券简称:汉得信息),成为A股市场首家以ERP咨询实施为主营业务的上市公司。汉得已由最初的信息化软件实施商,历经解决方案服务商,发展成为企业数字化综合服务商,公司业务领域也进一步扩展至企业级数字化产品体系+全面综合服务。我们始终致力于成为连接企业管理与数字化技术的桥梁,不断提升交付质量和效率,努力为客户带来更好体验。数字化,放心交给我!","许可项目:货物进出口;技术进出口;代理记账。(依法须经批准的项目,经相关部门批准后方可开展经营活动,具体经营项目以相关部门批准文件或许可证件为准)一般项目:软件开发;计算机系统服务;信息系统集成服务;技术服务、技术开发、技术咨询、技术交流、技术转让、技术推广;信息技术咨询服务;信息系统运行维护服务;软件销售;计算机软硬件及辅助设备零售;网络设备销售;销售代理;软件外包服务;非居住房地产租赁;计算机及通讯设备租赁;办公设备租赁服务。(除依法须经批准的项目外,凭营业执照依法自主开展经营活动)",www.hand-china.com,https://emweb.securities.eastmoney.com/PC_HSF10/CompanySurvey/PageAjax?code=SZ300170,2026-07-27,成功,,04_code/60gupiao.py与04_code/financialtest60.py中的硬编码名单,否（当前公司概况仅用于补齐基础信息）,2023年年度报告,2024-04-23,https://static.cninfo.com.cn/finalpage/2024-04-24/1219769846.PDF,成功,是,成功,D:\thailand study\26_7_23paper\05_output\revision_step14d\reports_2023\300170_2023_annual_report.pdf,成功,缓存,5,"[PDF第17页]——行业信息披露》中的“软件与信息技术服务业”的披露要求公司自2002年成立以来，一直专注于为企业管理数字化提供软件产品解决方案及综合服务，致力于成为连接企业管理与数字化技术的桥梁，帮助企业实现数字化转型，提高运营效率、效益与竞争能力。公司主营业务属于计算机软件服务领域，过去22年在中国经济快速发展的大背景下，公司的能力匹配了企业日益增长的数字化需求，得以持续快速发展。随着数字化逐渐成为不可或缺的要素，行业将迎来更大的发展空间，这为公司未来长期稳定发展及进化提供了非常好的条件，主要体现在以下几个方面：（一）行业发展环境国家数字经济长期发展战略思路越来越清晰，当前的信创推行也越来越坚决，这无疑给中国计算机行业未来的发展提供了非常大的动能。而行业本身遵循发展规律，也已逐渐进入到国产品牌崛起的阶段。宏观趋势为行业发展创造了非常好的环境。1、国家数字经济战略国家高度关注数字经济发展，《中华人民共和国国民经济和社会发展第十四个五年规划和2035年远景目标纲要》将“加快数字化发展，建设数字中国”单独成篇，在顶层设计中明确数字化转型的战略定位。数字经济是经济持续稳增长的关键动力，占GDP比重不断提升。国务院印发了《“十四五”数字经济发展规划》（以下简称“《规划》”），在总体目标方面：提出到2025年，数字经济迈向全面扩展期，数字经济核心产业增加值占GDP比重从2020年的7.8%上升至2025年的10%。数字化创新引领发展能力大幅提升，智能化水平明显增强，数字技术与实体经济融合取得显著成效，数字经济治理体系更加完善，我国数字经济竞争力和影响力稳
[PDF第21页]，公司服务了超过300家中国五百强企业，以及超过100家世界五百强企业。相对于中小企业，行业头部大企业普遍具有更强的数字化意识，数字化需求较为旺盛。因此公司主要选择服务于这部分IT消费意愿和付费能力较强的客户群体。在行业细分领域分类上，公司核心业务所处的“企业软件”及“IT服务”领域中，当前中国企业投入占比远低于发达国家企业的投入水准。根据Gartner数据，中国企业2023年在软件及IT服务上的投入占比为6.7%和18.48%，远远低于全球平均水平的19.52%和29.53%。这在很大程度上表明，中国的企业软件和IT服务市场有非常大的发展空间。图1:2023年全球企业IT支出结构图2:2023年中国企业IT支出结构
[PDF第23页]）重点细分业务领域发展趋势公司早期以提供ERP咨询实施服务为主，自2016年开始加大自研软件的力度，经过几年的转型，公司自研产品业务已初具规模，主要在智能制造、数字营销及业财融合等领域为企业提供软件及解决方案。随着智能化趋势的发展，公司也在产品及服务中，逐渐加大AI应用的力度，企业智能化也将成为公司业务中不可或缺的一环。1、工业软件
[PDF第27页]技术股份有限公司2023年年度报告全文27企业过去从管理信息化向业务数字化迈进，下一阶段向智能化方向前进，已经成为普遍的共识，下游需求必将大量涌现，推动相应的新商业价值，这也将为提供计算机服务的企业创造更大的市场空间。二、报告期内公司从事的主要业务（一）业务总览公司自2002年成立以来，一直专注于为企业客户提供信息化、数字化建设产品与解决方案综合服务。致力于成为连接企业管理与数字化技术的桥梁，帮助企业实现数字化转型，提高运营效率、效益与竞争能力。公司主要服务于营业规模较大的企业客户，绝大部分客户在行业或细分专业领域排名靠前。在最近几年里，公司服务了超过300家中国五百强企业，以及超过100家世界五百强企业。公司长期所服务的数千家企业客户，在数字化建设方面意识较强、脚步较快。随着公司客户群体在数字化方面的需求不断扩充升级。公司坚持以客户为中心，围绕企业客户数字化需求不断扩充综合服务能力并持续优化经营，商业发展模式越来越清晰。公司专注于目标客户群体的数字化服务，以客户为中心横向拓展能力覆盖面，聚焦行业提升竞争力，并逐步延伸扩大客户及区域覆盖范围：
[PDF第30页]、运维等服务）⚫OP软件产品License使用费⚫OP软件产品MA运维费⚫SaaS订阅费⚫软硬件及云基础设施分销其中，“服务费”存在按业务范围计价收费、按实际投入人天计价收费两种模式。4、自主数字化产品体系沉淀公司成长初期以ERP咨询实施为主要业务，基于务实稳健的服务能力，与客户形成了良好的信任关系。2016年开始，公司顺应市场需求趋势变化，加大力度进行自有产品的研",D:\thailand study\26_7_23paper\05_output\revision_step14d\evidence_text\300170_business_evidence.txt,下游,中游,0,12,0,是,,待审核,,,否
300188,下游,国投智能,国投智能信息科技股份有限公司,深圳证券交易所,信息技术-计算机软件-其他软件服务,信息传输、软件和信息技术服务业-软件和信息技术服务业,"    国投智能信息科技股份有限公司(股票代码:300188)成立于1999年9月22日,曾用名“厦门市美亚柏科信息股份有限公司”,2011年3月16日在深交所上市,2023年12月28日正式更名,由国家开发投资集团有限公司控股并直接管理,国务院国资委为公司实际控制人,是国内电子数据取证行业龙头企业、网络空间安全与社会治理领域国家队。先后被美国商务部、财政部、国防部列入制裁清单。国投智能拥有多个知名业务(子公司)品牌,包括美亚柏科(电子数据取证与公共安全大数据)、国投云网(企业数字化)、税软(税务稽查)、新德汇(刑事侦查)、中检美亚(市场监管)、安胜网络(网络安全)、国投智能(南京)信息科技(纪检监察)等。国投智能拥有自主技术内核,以自主研发的大数据操作系统为技术基座,以美亚“天擎”公共安全大模型为能力引擎,布局“电子数据取证、公共安全大数据、新网络空间安全、数字政务与企业数字化”四大业务,致力于应用数字化、信息化技术,向政府机关、企事业单位提供公共安全、行政执法、社会治理及数字化转型服务。公司业务范围遍布全国各省、市、自治区及部分共建“一带一路”国家,电子数据取证业务中国市场份额连续十余年排名第一,公共安全大数据业务市占率2025年升至行业第一,成为行业“双龙头”,目前已是服务国内执法部门,最核心的数字化厂商。产品中自主研发的“美亚鉴真平台”微信小程序是全国唯一接入各类政务平台以及覆盖最广的深度合成生成内容检测小程序。创新是国投智能发展的主要引擎。公司坚持“创新即研发、研发即投资”。被认定为“国家高新技术企业”“国家规划布局内重点软件企业”“国家知识产权示范企业”“中国软件和信息技术服务综合竞争力百强企业”“全国网络安全企业50强”等;获评“国家科学技术进步奖二等奖”“公安部科学技术奖一等奖”“福建省科技进步奖一等奖”“福建省质量奖”等;设立“国家企业技术中心”“博士后工作站”“福建省重点实验室”“厦门市技术创新中心”等机构;承担“国家发改委高技术产业化专项”“国家重点研发专项”“国家‘十二五’科技支撑计划项目”等科技计划项目共60余项。国投智能具备一流的网络与信息安全技术能力和丰富的安全攻防经验,拥有一支百余人的国家级网络安全保障实战团队。曾作为网络安全核心保障单位参与全国两会、厦门金砖会晤、北京“一带一路”高峰论坛、杭州G20峰会、北京奥运会、北京冬奥会、世界互联网大会、成都大运会、杭州亚运会等国家大型活动的信息安全保障工作。在打击治理电信网络诈骗犯罪等重大案事件中提供技术协助,得到国家相关部门的高度评价;多位国家领导人莅临公司,对公司取得的成绩给予高度肯定。作为国投集团参与国家数字经济安全稳定发展平台,国投智能秉承“数据更智能、网络更安全”的企业使命,坚守“以客户为中心,以结果为导向,家国情怀、艰苦奋斗、持续创新、极致执行、协作共赢”的企业价值观,持续深入学习贯彻习近平总书记关于数字经济发展重要指示精神,锻造推动数字经济发展的新质生产力,在保持电子数据取证和公共安全大数据稳健发展的同时,积极培育新网络空间安全和数字政务与企业数字化两大战略性新兴业务,塑造高质量发展新动能新优势,服务国家“网络空间安全”和“数字中国”战略,打造世界一流数据智能与安全服务企业。","一般项目:信息系统集成服务;软件开发;信息技术咨询服务;计算机软硬件及辅助设备批发;计算机软硬件及辅助设备零售;数据处理和存储支持服务;5G通信技术服务;计算机及通讯设备租赁;广播影视设备销售;通信设备销售;移动通信设备销售;数字内容制作服务(不含出版发行);互联网安全服务;技术进出口;货物进出口;商用密码产品生产;商用密码产品销售;安防设备销售;安防设备制造;金属链条及其他金属制品销售;金属制品销售;照明器具制造;可穿戴智能设备销售;技术服务、技术开发、技术咨询、技术交流、技术转让、技术推广;计算机软硬件及外围设备制造;移动通信设备制造;通信设备制造;互联网设备制造;大数据服务;人工智能公共数据平台;信息安全设备销售;信息安全设备制造;网络与信息安全软件开发;智能机器人销售;智能机器人的研发;计算机系统服务;信息系统运行维护服务;电子产品销售;云计算装备技术服务;人工智能通用应用系统;智能基础制造装备销售;智能基础制造装备制造;教育咨询服务(不含涉许可审批的教育培训活动)。(除依法须经批准的项目外,凭营业执照依法自主开展经营活动)许可项目:建筑智能化系统设计;互联网信息服务;电子出版物出版;电子出版物制作;出版物零售;出版物批发;建设工程施工;计算机信息系统安全专用产品销售;司法鉴定服务。(依法须经批准的项目,经相关部门批准后方可开展经营活动,具体经营项目以相关部门批准文件或许可证件为准)",www.300188.cn,https://emweb.securities.eastmoney.com/PC_HSF10/CompanySurvey/PageAjax?code=SZ300188,2026-07-27,成功,,04_code/60gupiao.py与04_code/financialtest60.py中的硬编码名单,否（当前公司概况仅用于补齐基础信息）,2023年年度报告,2024-04-12,https://static.cninfo.com.cn/finalpage/2024-04-13/1219596350.PDF,成功,是,成功,D:\thailand study\26_7_23paper\05_output\revision_step14d\reports_2023\300188_2023_annual_report.pdf,成功,缓存,5,"[PDF第2页]税软软件科技有限公司（以下简称“江苏税软”）的经营业绩不及预期。综合客观因素和未来业务发展判断，公司2023年度对江苏税软计提商誉减值准备金10,742.65万元；以上因素对公司的业绩产生影响。公司在本报告第三节“管理层讨论与分析”之“四、主营业务分析”部分详细阐述了公司业绩下滑的具体原因、在本报告第三节“管理层讨论与分析”之“十一（五）、公司可能面对的风险与应对措施”，分析了公司可能面对的风险与应对措施，提请投资者关注相关内容。本报告中有关未来计划、业绩预测等方面的内容，均不构成本公司对任何
[PDF第15页]中国建设的目标之一，明确提出要“发展高效协同的数字政务”，而其对“推动数字技术和实体经济深度融合”的工作要求与“十四五”规划纲要则以“企业数字化”的推进为基础，充分体现了国家对数字政务与企业数字化建设的重点关注。数字政务属于技术密集型行业，主要服务于政府机构，具有一定的技术和资质壁垒，发展领先的企业占据较大的市场份额，导致数字政务市场集中度较高，行业格局较为稳定。在国家加快数字政务建设的背景下，市场需求将持续不断增长，市场规模不断扩大。根据IDC预测，在“十四五”规划和数字政府
[PDF第17页]综合解决方案。2023年5月，美亚智企打造的“企业数据治理服务及应用示范”场景应用获得首届“国企数字场景创新专业赛”三等奖；2023年7月，基于“乾坤”大数据操作系统（QKOS）改造的服务企业侧应用的数据共享服务平台，入选《高质量数字化转型产品及服务全景图（2023上半年度）》，标志着国投智能在央国企数字化转型道路上取得了阶段性成果，在行业内具有一定的认可度。同时，公司聚焦智慧电力、智慧矿业、智慧港口等多个智慧能源领域，助力产业数字化升级，为建设“数字中国”贡献力量。4．网络安全与数据安全行业行业现状：网络安全是国家安全的重要组成部分，关系到政治安全、经济安全、军事安全、文化安全等其他方面的安全。《数字中国建设整体布局规划》将“数字安全”作为两大关键能力之一纳入数字中国建设的整体框架，明确提出“筑牢可信可控的数字安全屏障”的要求。当前国内网络空间安全治理面临数字经济发展新形势、人工智能技术新变革、安全威胁新演变等多重挑战，政府、企业网络安全合规性要求不断提升，个人信息安全备受重视，人工智能安全成为行业焦点和监管重点，数据安全和人工智能安全成为网络安全的重中之重，网络安全整体需求不断加大，未来我国网络安全市场规模将保持快速增长。据IDC预测，到2026年中国网络安全市场规模将达到318.6亿美元，五年复合增长率约为21.2%，增速位列全球第一，2022-2026年中国网络安全市场规模及复合增长率预测如下图6所示。工业和信息化部等十六部门发布的《关于促进数据安全产业发展的指导意见》，提出到2025年数据安全产业规模超过1,500亿元，年复合增长率超过30%。
[PDF第20页]超融合技术、推动数据融合、计算融合、业务融合，以打通信息壁垒，构建一套全生态的“大数据操作系统”；•承担厦门市重大科技项目“公共安全领域人工智能基础支撑平台”：该项目为算力、样本、算法、训练、测试、应用、培训一体化的人工智能统一的开发平台，主要服务国投智能及生态合作伙伴、三高企业，为从事公共安全领域相关的人工智能应用开发；•厦门市科技局批复的首家“厦门市网络空间安全技术创新中心”：创新中心以开展网络安全产业前沿引领技术和关键共性技术研发与应用为核心，加强应用基础研究，协同推进颠覆性技术创新，并开展成果应用示范，实行开放技术服务；•承担厦门市技术改造项目“下一代互联网信息识别技术的研究”：针对新一代互联网的特点，开展针对性的技术研究，以便对互联网上的结构化、非结构化的大数据进行精准识别；•承担厦门市科技计划项目“新一代电子数据取证技术研究及应用”：新一代电子数据取证主要研究物联网、云取证、区块链等新型网络空间安全的电子数据取证技术；•承担福建省科技厅福厦泉国家自主创新示范区大数据智能化处理与服务协同创新平台项目：通过产学研方式共同研发大数据智能化平台，推动大数据技术创新，加速国产化进程，实现大数据核心技术“自主可控”，支撑跨层级、跨地域、跨系统、跨部门、跨业务的应用场景。报告期间，公司在行业领域获得了主管机构、行业协会、产业联盟、业内媒体等多方的认可和各项荣誉，列举部分如下：•2023年12月，入选中国计算机学会抗恶劣环境计算机专业委员会、信息产业信息安全测评中心、安全牛联合发布的“中国网络安全企业100强”，位列前十；•2023年9月，上榜“2023年福建省互联网综合实力前50家企业”榜单；•2023年8月，入选大数据与数字经济大会暨2023大数据产业生态大会发布的“中国大数据企业50强”；•2023年8月，入选“2023值得关注的125家AIGC企业”；•2023年7月，入选《嘶吼2023网络安全产业图谱》；•
[PDF第21页]字政府产业图谱》，“垂直行业-智慧应急”、“一网统管”两大板块；•2023年5月，入选由数说安全评选的《中国网络安全市场全景图》；•2023年4月，入选由安全牛评选的《网络安全行业全景图》；•2023年3月，入选中国信通院《高质量数字化转型产品及服务全景图(2022)》“数据分析”细分领域；•2023年3月，入选国资委世界一流“专精特新”示范企业；•2023年2月，入选嘶吼《网络安全服务市场洞察报告》网络安全服务-安全实战、安全培训、安全咨询领域需求厂商图谱；•2023年2月，入选《CCSIP2022中国网络安全行业全景册》身份识别与访问管理、边界访问控制、内容安全、数据安全、事件管理＆响应、安全取证、安全服务、物联网安全等8个安全模块，分布于17个细分领域；•2023年1月，公司存证联盟链作为区块链+司法存证的创新实践典型入选由中国信息通信研究院牵头撰写的《司法领域区块链创新发展白皮书》；•2023年1月，入选中国信通院《零信任产业图谱》零信任设备-SDP网关、SDP控制器、SDP客户端，零信任解决方案-零信任整体解决方案等多个细分领域。（二）行业政策及发展趋势党和国家高度重视发展数字经济，并将其上升到国家战略，《政府工作报告》对数字经济的“表述”也不断强化，释放大力发展数字经济的积极政策信号。从我国数字经济领域的首部国家级专项规划《“十四五”数字经济发展规划》发布，到《关于构建数据基础制度更好发挥数据要素作用的意见》、《数字中国建设整体布局规划》等相继出台，顶层设计体系逐渐完善。与此同时，数字经济发展的统筹协调机制不断加强。2023年3月，根据《党和国家机构改革方案》组建国家数据局，协调推进数据基础制度建设，统筹数据资源整合共享和开发利用，统筹推进数字中国、数字经济、数字社会规划和建设等。当前，我国已基本形成完善的数字经济顶层设计与细化的地方推进举措相结合的政策体系。数字经济政策部署已成为我国构建现代化产业、",D:\thailand study\26_7_23paper\05_output\revision_step14d\evidence_text\300188_business_evidence.txt,下游,中游,1,39,5,是,,待审核,,,否
300451,中游,创业慧康,创业慧康科技股份有限公司,深圳证券交易所,信息技术-计算机软件-行业应用软件,信息传输、软件和信息技术服务业-软件和信息技术服务业,"    创业慧康科技股份有限公司(股票代码:300451)始创于1997年。近三十年来,公司始终恪守“创造智慧医卫、服务健康事业”的企业使命,深耕医疗卫生信息化领域,以创新为驱动,构建涵盖智慧医疗、智慧卫生、智慧医保、医疗互联及人工智能等多场景、全业务的产品矩阵。公司总部坐落于杭州,在全国设立二十余处分支机构,业务辐射三十多个省、自治区及直辖市,累计服务用户近7000家,形成覆盖广泛、运营稳健的全国性服务体系。近年来,创业慧康持续推进战略升级,稳步实现从科技云生态企业向智能云生态企业的跨越。公司致力于构建协同共生的行业云生态价值网络,以尖端技术重塑医疗信息化未来,为医疗机构、政府主管部门及产业合作伙伴提供更智能、更安全、更高效的整体解决方案。在“健康中国”战略指引下,创业慧康正以行业领军者之姿,赋能医疗健康产业数字化转型,引领智慧医疗新生态,矢志成为健康中国卓越领跑者。","一般项目:软件开发;物联网技术研发;物联网技术服务;物联网应用服务;物联网设备销售;信息系统集成服务;数据处理和存储支持服务;信息系统运行维护服务;信息技术咨询服务;技术服务、技术开发、技术咨询、技术交流、技术转让、技术推广;大数据服务;区块链技术相关软件和服务;互联网数据服务;人工智能公共服务平台技术咨询服务;人工智能基础资源与技术平台;人工智能行业应用系统集成服务;人工智能公共数据平台;安全技术防范系统设计施工服务;网络与信息安全软件开发;第一类医疗器械销售;第二类医疗器械销售;计算机软硬件及辅助设备零售;计算机软硬件及辅助设备批发;电子专用设备销售;云计算设备销售;网络设备销售;接受金融机构委托从事信息技术和流程外包服务(不含金融信息服务)(除依法须经批准的项目外,凭营业执照依法自主开展经营活动)。许可项目:互联网信息服务;药品互联网信息服务;依托实体医院的互联网医院服务;第二类增值电信业务;第二类医疗器械生产;第三类医疗器械经营;建筑智能化工程施工;消防设施工程施工;建设工程设计;各类工程建设活动;出版物互联网销售;出版物批发;出版物零售;网络文化经营;信息网络传播视听节目;保健食品销售;食品经营(销售散装食品);药品批发;药品零售;货物进出口(依法须经批准的项目,经相关部门批准后方可开展经营活动,具体经营项目以审批结果为准)。",www.bsoft.com.cn,https://emweb.securities.eastmoney.com/PC_HSF10/CompanySurvey/PageAjax?code=SZ300451,2026-07-27,成功,,04_code/60gupiao.py与04_code/financialtest60.py中的硬编码名单,否（当前公司概况仅用于补齐基础信息）,2023年年度报告,2024-04-12,https://static.cninfo.com.cn/finalpage/2024-04-13/1219595769.PDF,成功,是,成功,D:\thailand study\26_7_23paper\05_output\revision_step14d\reports_2023\300451_2023_annual_report.pdf,成功,缓存,5,"[PDF第3页]技股份有限公司2023年年度报告全文3保证了强大的技术后盾。对于已形成产业化的产品进行深度开发，加快其升级换代，保持技术优势。2、创新业务拓展不确定的风险为适应国内医疗健康服务市场需求的不断变化，满足国内医疗健康服务快速发展的市场需求，公司主营业务已从以产品开发销售为主逐渐向系统建设、服务与运营多领域拓展，主要包括：智慧医卫、互联网医疗、医疗物联网、医疗健康大数据、健康城市、智慧医保等整体解决方案、系统承建及运维、运营服务等创新业务。但公司上述业务扩展计划能否顺利实施，这需要公司从经营思路、营运模式、人员结构、产品开发及财务等资源能否提供有力支持息息相关，因此，公司可能存在因资源不足导致市场拓展不确定的风险。应对措施：公司在大力推进新业务拓展的同时，也将根据用户需求情况和市场竞争情况不断调整产品研发和市场拓展策略，加大行业间的合作力度，以便进行合理的风险控制，同时采取较为稳健的财务控制措施，在经营策略、运营模式方面，控制和分散相关风险。3、市场竞争加剧的风险经过多年发展，公司在医疗卫生行业信息化领域已经处于领先地位，占有了相对稳固的市场份额并树立了良好的品牌形象。但随着用户对IT服务的需求不断增长，行业内原有竞争对手规模和竞争力的不断提高，加之新进入竞争者逐步增多，可能导致公司所处行业竞争加剧。虽然市场总体规模在未来相当长一段时间内仍将以较快的速度扩大，为公司提供了获取更大市场份
[PDF第17页]便居民配药开药，加强与签约居民的联系，深化“一老一小”健康管理服务，延长城市社区门诊服务时间，推行“先诊疗、后结算”，提供周末疫苗接种，为糖尿病、高脂血症、高血压等慢性病患者提供运动、饮食处方或建议，改善就医服务环境。二、报告期内公司从事的主要业务公司成立以来始终秉承“创造智慧医卫，服务健康事业”的企业宗旨，专注于医疗卫生健康信息化的建设、研发及服务创新，公司始终坚持以市场为导向，以客户需求为出发点，不断深化拓展医疗卫生健康信息化行业市场。公司遵循《“健康中国2030”规划纲要》《国民经济和社会发展第十四个五年规划和2035年远景目标纲要》等新政策导向，紧跟产业步伐，顺应新业态的发展，并结合自身市场情况、业务特点及产品服务优势，公司2021年启动“慧康云”整体云化转型发展战略，构建纵向联动、横向扩展的产业布局，真正形成医疗卫生健康信息化行业的云生态价值供应链，致力成为健康中国卓越领跑者。从慧康云1.0内生态模式转化，慧康云2.0客户生态群重构，到慧康云3.0产业生态升级，生态互融战略，未来目标是加速完成从IT信息产品服务公司到科技云生态企业的转型。
[PDF第18页]创业慧康科技股份有限公司2023年年度报告全文18（二）公司主要产品及服务自2021年以来，随着云计算、大数据、物联网、人工智能等最新IT技术在医疗行业场景中全面深入应用，公司通过“慧康云”的发展战略，以数据驱动业务变革，对传统的临床服务、患者服务、医疗科研、运营管理等场景进行直接赋能，适时推出了一系列以“生态互融”为愿景的云化产品，逐步形成智能医健卫业务（HI），数据治理及服务（DI），以及人工智能（AI）等研发体系布局，具体产品服务涵盖医疗、卫生、医保、健康养老等各种服务场景，四大产品服务板块。1、医疗卫生信息化应用软件产品服务板块经过多年的研发，公司医疗卫生信息化应用软件产品服务板块已建立了较为完整的产品体系，拥有八大系列300多个自主研发产品，可以满足各大中型医院和县级以上卫生管理机构的信息化需求。（1）医院信息化应用软件服务板块医院信息化应用软件是以电子病历为核心，以全面集成为手段，采用先进的IT技术框架，遵循国内外通用标准和规范，支持医院内部医疗信息和管理信息的数据采集、处理、存储、传输和共享，实现病人信息数字化、医疗过程数字化、管理流程数字化、医疗服务数字化、信息交互数字化。在价值链上实现病人、医院、供应商的信息集成；在管理链上实现人、财、物、药、设备等的管理与战略目标的集成，内容涵盖医院临床、医技、护理、科研、教学、管理等多个方面。①重要产品序号产品名称产品简介1慧康云HIS整体解决方案为基层医疗机构、集团医院、专科联盟等提供医疗卫生一体化云服务。平台具有互联网性、多租户、可配置、可扩展等特性，客户可根据自身需求，实现灵活配置，快速上线。平台可对医疗机构相关业务系统进行统一管理，实现居民健康档案、基本医疗服务、基本公共卫
[PDF第21页]结合的新型服务模式，真正实现了全国首家将医养结合的各类服务对接在民政、卫生、社保公共平台上的供给侧结构性改革的创新模式，为社区老年人提供了从生理到心理，从康复到生活照料，从疾病预防到慢病管理及护理上的全方位关心与照护。2、医疗卫生互联网应用产品及服务板块公司积极响应国家促进“互联网+医疗健康”发展的意见，以创新、互联、融合、开放、共享的发展理念，坚持新时期卫生与健康工作方针，以保障城市人民健康为出发点，以提高人民群众医疗服务获得感为目标，建设城市全民健康信息化服务体系，推动政府健康医疗信息系统和公众健康医疗数据互联融合、开放共享，构建“互联网+医疗健康”的新型服务模式，为深化医药卫生体制改革、推动全生命周期健康管理和建设智慧高效的医疗卫生服务体系提供强大动力。①重要产品序号产品名称产品简介1混合云互联网医院解决方案在实现数据混合的基础上，将互联网医疗的业务融入混合云系统，以医疗专业的角度构建整体架构。实现基础数据在云上、私密数据在云下，基础服务在云上、个性化服务在云下，云上与云下真正实现业务可联动、数据可共享、服务可定制的互联网医疗专属混合云方案。2创业健康城市云平台坚持政府主导，以满足居民健康需求为目标。整合城市医健资源，通过互联网化提升开放能力，优化重构服务流程，构建以城市为单位的医疗健康服务平台，为居民提供精准、便捷、可信的一站式服务。3处方共享平台通过接入医院HIS把符合院外支付购药的门诊处方从平台推送至院外经审核符合条件的社会零售药店，由患者在线支付并自主选择药店自取或配送上门的智能药品配送平台。4护理云平台以创生态、促便民、建次序为产品目标，以“互联网+护理服务”政策为依据，通过互联网信息技术，整合第三方市场资源，在满足网约护士场景基础上，扩充了院内护工陪护、月嫂上门、保姆上门、
[PDF第22页]医疗服务。儿童计免预约在全区8家基层医疗单位上线运行，居民通过线上预约接种6万人次。在居民自助就医方面，全区统一建设区域统一支付平台，全区公立医疗机构实现了窗口扫码付，刷脸支付，自助机，以及推广人工智能问诊机器人。3、医疗卫生智慧物联网应用产品及服务板块公司依托大数据应用技术和健康城市运营业务，进行整体市场布局，以“未来医疗”新模式为基础构建医疗健康产业的物联网生态体系。目前，基于自主开发的智能物联支撑平台，已逐步形成了以物联网技术为核心的便民服务、临床应用服务、运营管理服务、健康服务等医疗应用服务体系和战略部署。同时，公司将不断根据院内场景需求定向打造物联网模块产品，力求达到院内就医场景基本覆盖。",D:\thailand study\26_7_23paper\05_output\revision_step14d\evidence_text\300451_business_evidence.txt,中游,下游,0,23,42,是,,待审核,,,否
300476,上游,胜宏科技,胜宏科技(惠州)股份有限公司,深圳证券交易所,电子设备-电子元件-电子元件,制造业-计算机、通信和其他电子设备制造业,"    胜宏科技(惠州)股份有限公司于2006年7月落户广东省惠州市惠阳区淡水街道行诚科技园,在职员工1万人(全球约1.6万人)。2015年6月在深交所创业板上市,股票代码:300476。公司是全球领先的人工智能及高性能计算PCB供应商,专注于高阶HDI、高多层PCB的研发、生产和销售,产品广泛应用于人工智能、新能源汽车、高速网络通信等高增长领域。凭借前瞻性的战略布局及卓越的技术转化能力,不断突破PCB前沿技术、打造了多元化产品组合,构建了覆盖单层及双层PCB、高多层PCB、高阶HDI及FPC的全品类产品组合,服务超过350家需求庞大的全球客户。公司是CPCA副理事长单位,行业标准的制定单位之一,拥有省级工程技术研发中心和省级企业技术中心,拥有线路板领域有效专利,连续四年获“中国专利优秀奖”。先后通过ISO9001、QC080000、IATF16949、UL2799及ISO27001等多项体系认证,获评“国家高新技术企业”、“国家知识产权优势企业”、“国家级绿色工厂”、“广东省创新型企业”、“优秀民族品牌企业”等荣誉称号。公司通过实施智慧工厂、绿色制造、高技术/高品质/高质量服务的“三大战略”,推进观念、科技、人才和资本“四个创新”,成功打造同行业中国第一家新一代工业互联网智慧工厂。公司积极参与客户产品预研,深化与全球头部科技行业客户战略合作。凭借战略优势、技术优势和品质优势,已成为众多海外及中国头部科技企业的核心合作伙伴,在AI算力、AI机器人、无人驾驶、虚拟现实等领域取得领先优势,在行业内树立了标杆地位。","一般项目:电子元器件制造;电子元器件批发;电子元器件零售;电子专用材料研发(除依法须经批准的项目外,凭营业执照依法自主开展经营活动)(以上项目不涉及外商投资准入特别管理措施)",www.shpcb.com,https://emweb.securities.eastmoney.com/PC_HSF10/CompanySurvey/PageAjax?code=SZ300476,2026-07-27,成功,,04_code/60gupiao.py与04_code/financialtest60.py中的硬编码名单,否（当前公司概况仅用于补齐基础信息）,2023年年度报告,2024-04-18,https://static.cninfo.com.cn/finalpage/2024-04-19/1219672549.PDF,成功,是,成功,D:\thailand study\26_7_23paper\05_output\revision_step14d\reports_2023\300476_2023_annual_report.pdf,成功,缓存,5,"[PDF第10页]简称“PCB”）制造业。根据《国民经济行业分类（GB/T4754-2017）》，公司所处行业分类为“电子元件及电子专用材料制造”下的“电子电路制造（行业代码C3982）”。依据中国证监会发布的《上市公司行业分类指引》（2012年修订），公司主营业务归属于“计算机、通信和其他电子设备制造业”，行业代码为C39。2、行业的发展情况PCB，又称印制线路板、印刷电路板、印刷线路板，是指采用电子印刷术制作的、在通用基材上按预定设计形成点间连接及印制组件的印制板，广泛应用于通讯电子、消费电子、计算机、新能源汽车电子、工业控制、医疗器械、航空航天等领域，在整个电子产品中具有不可替代性，被誉为“电子产品之母”。（1）市场规模PCB是电子信息技术产业的核心基础组件，在全球电子元件细分产业中产值占比最大。根据Prismark报告，受复杂多变的国际环境和美元升值带来的汇率变化等问题的影响，2023年全球PCB市场产值同比下降15%，为695亿美元。在低碳化、智能化等因素的驱动下，数字经济、人工智能、云计算及数据中心、智能汽车、绿色能源、AR/VR、卫星通讯等PCB下游应用领域将蓬勃发展，相关领域的市场需求扩大将进一步带动PCB需求的持续增长。Prismark的最新预测数据显示，2028年全球PCB市场规模将超过900亿美元，2023-2028年年均复合增长率为5.4%。（2）产值分布PCB产业在世界范围内广泛分布，美欧日发达国家起步早。在2000年以前，全球PCB产值70%以上分布在美洲（主要是北美）、欧洲及日本等地区。近二十年来，凭借亚洲尤其是中国大陆、东南亚在劳动力、资源、政策、产业聚集等方面的优势，全球电子制造业产能向中国大陆、东南亚等亚洲地区进行转移，PCB行业呈现以亚洲为制造中心的新格局。自2006年开始，中国超越日本成为全球第一大PCB生产国，PCB的产量和产值均居世界第一。
[PDF第12页]展行动计划（2021—2023年）》《5G应用“扬帆”行动计划（2021—2023年）》等一系列产业政策文件，来引导和支持新一代通信技术、新能源汽车等领域的发展，为PCB行业发展提供广阔空间。二、报告期内公司从事的主要业务（一）主要业务公司主营业务为新型电子器件（高精密度线路板）的研究开发、生产和销售。产品国内外销售。公司拥有省级工程技术研发中心，是CPCA副理事长单位，行业标准的制定单位之一。公司以成就客户为使命，用高技术、高品质、高质量服务为客户创造价值。经过多年蓄力深耕，公司具有先进的制造技术、优秀的企业文化、完善的管理体系。（二）主要产品及其用途公司专业从事高密度印制线路板的研发、生产和销售，主要产品有高端多层板、HDI板、FPC、软硬结合板等，广泛应用于新能源、汽车电子（新能源）、新一代通信技术、大数据中心、人工智能、工业互联、医疗仪器、计算机、航空航天等领域。报告期内，公司完成了对PoleStarLimited100%（简称“PSL”）股权收购，并通过PSL间接持有MFSTechnology(S)PteLtd及其全资子公司MFSTechnology(M)SdnBhd、湖南维胜科技电路板有限公司、湖南维胜科技有限公司、益阳维胜科技有限公司和MFSTechnologyEuropeUG（以下合称“MFS集团”）100%的股权。MFS集团以电路板的设计、生产及组装业务为主，产品涵盖柔性电路板和软硬结合板。股权交割完成后，公司形成了覆盖刚性电路板（多层板和HDI为核心）、挠性电路板（单双面板、多层板、刚挠结合板）的全系列PCB产品组合，进一步丰富公司产品结构，提升公司整体竞争力。（三）主要经营模式1、研发模式a.紧盯人工智能、AI服务器、AI算力卡、AIPC、智能驾驶、新能源汽车、新一代通信技术等行业技术发展前沿（PCIe6,Oakstream平台），提前储备新技术、进行新产品研发。走技术营销模式，研
[PDF第18页]认同：坚持三会一课，做到组织认同。坚持文化润泽，做到思想认同。坚持典型引路，做到身份认同。坚持岗位建功，做到行为认同）”，弘扬正能量，传播新思想，激发新动能，充分发挥党建引领作用，把党建工作和企业经营有效结合，真正做到了聚人心，促发展。四、主营业务分析1、概述2023年是充满挑战的一年，国际形势复杂多变，行业竞争日益激烈，市场趋于下行。胜宏科技按照战略规划，坚持实施“三大战略”，践行“四个创新”，筑牢核心竞争力，实现经营平稳运行。报告期内，公司成功并购MFS，出海战略实施顺利；深入贯彻“只有创新发展、才能走向未来”的发展思路，智慧化建设、新产品研发成果丰硕；坚持走可持续发展之路，公司治理水平稳步提升。2023年公司实现营业收入79.31亿元，同比增长0.58%；实现利润总额7.49亿元，同比下降16.50%，归属于上市公司股东的净利润6.71亿元，同比下降15.09%。报告期内的重点内容如下：1、深挖细分领域，发掘业绩增长新动力。2023年，以手机、PC为代表的消费电子行业整体需求仍较为疲软，叠加通胀高企、地缘政治冲突等宏观因素，PCB行业需求不及预期，行业竞争加剧，产品价格较上年同期有所降低。对此，公司积极调整营销策略，围绕多维度市场调研和客户需求分析，深入挖掘细分应用领域市场增长空间。报告期内，服务器、汽车、新能源、工控、医疗等领域产品增量明显。2、产品结构持续升级，优质客户放量显著。公司始终坚持优质客户与高端产品的战略布局。报告期内，公司密切关注人工智能技术和算力发展趋势和变化，与国际顶尖客户深度合作，积极布局相关领域。在具体的产品规划、技术能力规划以及扩产计划中全过程跟踪服务客户，促进优势互补、协同发展。同时，公司加强与国内外头部电动汽车企业的深度合作，在具体的产品规划、技术能力规划以及扩产计划中全过程跟踪服务客户，公司采购份额得到进一步提升。3、坚持创新驱动，筑牢企业核心竞争力
[PDF第23页]%PCB制造制造费用1,694,493,911.9026.94%1,568,816,562.6824.31%2.63%合计6,289,690,222.61100.00%6,454,189,847.37100.00%0.00%说明营业成本包含主营业务成本和其他业务成本。（6）报告期内合并范围是否发生变动是□否被购买方名称股权取得时点股权取得成本股权取得比例（%）股权取得方式购买日购买日的确定依据购买日至期末被购买方的收入购买日至期末被购买方的净利润购买日至期末被购买方的现金流量PoleStarLimited2023-11-302,876,704,236.67100.00现金2023-11-30股权变更、董事会变更、对价已支付142,708,441.7817,601,348.2664,473,885.13（7）公司报告期内业务、产品或服务发生重大变化或调整有关情况□适用不适用（8）主要销售客户和主要供应商情况公司主要销售客户情况前五名客户合计销售金额（元）1,608,417,672.16前五名客户合计销售金额占年度销售总额比例21.57%前五名客户销售额中关联方销售额占年度销售总额比例0.00%公司前5大客户资料序号客户名称销售额（元）占年度销售总额比例
[PDF第30页]98.38%，主要是理财产品赎回所致；3、报告期内现金及现金等价物净增加额比上年同期下降86.67%主要是收购了PoleStarLimited所致。报告期内公司经营活动产生的现金净流量与本年度净利润存在重大差异的原因说明□适用不适用五、非主营业务情况适用□不适用单位：元金额占利润总额比例形成原因说明是否具有可持续性投资收益40,560,554.475.41%理财产品收益实现所致。公允价值变动损益2,346,167.370.31%计提了未到期的远期结汇收益。资产减值-16,134,813.38-2.15%营业外收入528,045.760.07%营业外支出10,245,971.201.37%",D:\thailand study\26_7_23paper\05_output\revision_step14d\evidence_text\300476_business_evidence.txt,上游,下游,6,8,10,是,,待审核,,,否
300785,下游,值得买,北京值得买科技股份有限公司,深圳证券交易所,互联网-互联网商务-网上购物,信息传输、软件和信息技术服务业-互联网和相关服务,"    北京值得买科技股份有限公司是一家AI与内容驱动的数字消费服务集团,2011年成立于北京,2019年登陆深交所上市。公司以“让每一次消费产生幸福感”为使命,以“成为全球最懂消费的科技公司,创造人人因消费而幸福的美好世界”为愿景,以“理想主义,求真务实,创新驱动,极客精神”为价值观,并以“科技驱动消费进步”为Slogan。自创立以来,秉持“连接创造价值”的经营哲学,公司始终致力于在电商、品牌商与用户之间,不断创造连接机会、创新连接形式、提升连接效率。目前,公司已深入布局消费内容、智能营销与消费数据三大业务板块:凭借消费内容为全网用户提供高效、精准、专业的消费决策支持;通过智能营销帮助电商、品牌商获取用户,扩大品牌影响力;同时沉淀来自消费内容和智能营销业务的数据资源,形成涵盖人、货、场、媒等多种维度的底层数据体系,在支持自身业务发展的同时,对外输出各类数据产品和服务,赋能合作伙伴乃至整个消费行业。2024年,公司在继续坚持既定发展战略,围绕消费内容、智能营销和消费数据三大核心板块推进业务发展的同时,不断加大对人工智能技术的投入,并积极推进相关业务场景与人工智能技术的融合,推动人工智能对相关业务场景商业生态的重塑。","一般项目:技术服务、技术开发、技术咨询、技术交流、技术转让、技术推广;广告发布;社会经济咨询服务;市场调查(不含涉外调查);计算机系统服务;数据处理服务;国内货物运输代理;以自有资金从事投资活动;摄影扩印服务;技术进出口;货物进出口;进出口代理;计算机软硬件及辅助设备零售;通信设备销售;电子产品销售;文具用品零售;日用品销售;工艺美术品及收藏品零售(象牙及其制品除外);珠宝首饰零售;机械设备销售;家用电器销售;服装服饰零售;鞋帽零售;化妆品零售;钟表销售;针纺织品销售;汽车零配件零售;体育用品及器材零售;卫生用品和一次性使用医疗用品销售;信息咨询服务(不含许可类信息咨询服务);组织文化艺术交流活动;第一类医疗器械销售;第二类医疗器械销售;人工智能应用软件开发;人工智能基础软件开发;数字内容制作服务(不含出版发行);租赁服务(不含许可类租赁服务);数字文化创意软件开发;网络技术服务。(除依法须经批准的项目外,凭营业执照依法自主开展经营活动)许可项目:演出经纪;食品销售;基础电信业务;网络文化经营;第三类医疗器械经营。(依法须经批准的项目,经相关部门批准后方可开展经营活动,具体经营项目以相关部门批准文件或许可证件为准)(不得从事国家和本市产业政策禁止和限制类项目的经营活动。)",www.zhidemai.com,https://emweb.securities.eastmoney.com/PC_HSF10/CompanySurvey/PageAjax?code=SZ300785,2026-07-27,成功,,04_code/60gupiao.py与04_code/financialtest60.py中的硬编码名单,否（当前公司概况仅用于补齐基础信息）,2023年年度报告,2024-04-25,https://static.cninfo.com.cn/finalpage/2024-04-26/1219828490.PDF,成功,是,成功,D:\thailand study\26_7_23paper\05_output\revision_step14d\reports_2023\300785_2023_annual_report.pdf,成功,缓存,5,"[PDF第14页]种营销方式，多触点覆盖消费者，以传递品牌最新动态，打造品牌信任，并最终完成销售转化。因此，出海企业需要更全面、更专业、更本地化的营销服务，尤其是既懂本地消费者需求，又懂国内产品和品牌价值的专业服务商。二、报告期内公司从事的主要业务（一）公司主营业务北京值得买科技股份有限公司成立于2011年，2019年7月15日正式登陆深圳证券交易所创业板(SZ.300785)，是一家专注于消费产业的科技企业。公司以“让每一次消费产生幸福感”为使命，致力于成为全球最懂消费的科技公司，创造消费信息自由流动的美好世界。
[PDF第15页]的背景以及公司十多年来在消费内容领域的积累，为抓住内容重塑消费产业格局的巨大行业机会，公司进行了全面的战略升级：在坚持以消费内容为核心的基础上，深入布局消费内容、营销服务和消费数据三大核心板块，从而不断提升B端和C端之间的连接效率。图：三大核心业务板块2023年，公司在坚持既定发展战略，围绕消费内容、营销服务和消费数据三大核心板块推进业务发展的同时，将AIGC作为公司的重点战略项目，加大投入并推进相关业务场景与AIGC的融合，推动AIGC对相关业务场景商业生态的重塑。从短期来看，公司希望通过多元化业务方向的探索，形成对电商平台以及品牌商更为立体化的服务体系，实现用户价值、客户价值以及公司价值的最大化。从长期来看，公司希望通过在消费内容和营销服务等业务板块的探索，获取全方位且更为鲜活的消费数据，打造基于数据的面向用户和客户的产品与服务，推动公司商业模式的全面升级。具体来看，三大业务板块核心业务模式如下：
[PDF第20页]数据一方面提升了“什么值得买”平台结构化展示商品信息的能力，提升了“什么值得买”平台搜索与推荐内容分发的效率，提升了其他消费内容业务和营销服务业务的运营效率；另一方面对外在输出消费数据产品与服务等方面也发挥重要作用。（二）报告期内公司从事的主要业务公司需遵守《深圳证券交易所上市公司自律监管指引第4号——创业板行业信息披露》中的“互联网营销及数据服务相关业务”的披露要求：（1）互联网营销收入整体情况单位：元2023年2022年同比增减金额占营业收入比重金额占营业收入比重互联网营销收入合计1,451,638,435.53100.00%1,228,416,982.98100.00%18.17%（2）广告主所处的主要行业领域单位：元行业领域2023年2022年同比增减收入金额占营业收入比重收入金额占营业收入比重电商客户689,564,018.5247.50%665,750,148.4554.20%3.58%品牌商客户762,074,417.0152.50%562,666,834.5345.80%35.44%（3）直接类客户和代理类客户情况
[PDF第22页]广泛的实践。2024年1月，“什么值得买”APP大模型产品“AI问答机器人”通过国家《生成式人工智能服务管理暂行办法》备案；2024年2月，公司开发的“什么值得买文本生成算法”正式完成国家互联网信息办公室第四批境内深度合成服务算法备案。四、主营业务分析1、概述2023年，在消费行业发展稳中向好的态势下，公司坚定不移地推进既定战略的落地，在以消费内容和消费数据为核心的基础上，深入布局消费内容、营销服务、消费数据三大核心业务板块。一方面，公司通过内部变革与持续创新不断
[PDF第37页]售模式线上模式1,424,081,952.40724,890,365.6249.10%16.92%30.12%-5.16%线下模式27,556,483.1324,621,183.0010.65%163.73%197.83%-10.23%公司主营业务数据统计口径在报告期发生调整的情况下，公司最近1年按报告期末口径调整后的主营业务数据□适用不适用（3）公司实物销售收入是否大于劳务收入□是否（4）公司已签订的重大销售合同、重大采购合同截至本报告期的履行情况□适用不适用（5）营业成本构成产品分类单位：元产品分类项目2023年2022年同比增减金额占营业成本比重金额占营业成本比重信息推广职工薪酬、IT资源使用费、技术服务费、软件使用费及活动成本等301,067,323.1040.17%251,965,420.1944.57%19.49%互联网效果营销平台职工薪酬、IT资源使用费、技术服务费、软件使用费及活动成本等117,785,697.6715.72%130,877,531.8723.15%-10.00%运营服务费运营服务费相关成本等222,767,929.2029.72%99,467,507.0017.59%123.96%商品销售商品销售相关成本等1,972,438.730.26%18,660,765.413.30%-89.43%品牌营销品牌营销相关成本等104,573,057.9213.95%63,694,721.1811.27%64.18%其他其他相关成本等1,345,102.000.18%705,929.560.12%90.54%合计749,511,548.62100.00%565,371,875.22100.00%32.57%说明无",D:\thailand study\26_7_23paper\05_output\revision_step14d\evidence_text\300785_business_evidence.txt,下游,中游,0,9,2,是,,待审核,,,否
600410,下游,华胜天成,北京华胜天成科技股份有限公司,上海证券交易所,信息技术-计算机软件-其他软件服务,信息传输、软件和信息技术服务业-软件和信息技术服务业,"    北京华胜天成科技股份有限公司(以下简称华胜天成)面向全球客户提供领先的云计算解决方案和基于行业的数字化服务,我们致力于帮助客户成为数字化运营者。华胜天成1998年成立于北京,投资公司20余家,包括4家上市公司:华胜天成(上海证券交易所上市公司:600410),香港ASL公司(香港联合交易所上市公司:0771),美国Grid Dynamics(美国Nasdaq上市公司:GDYN),上海Telink(688591.SH)。华胜天成历经20多年沉淀,在10余个重要行业服务超过16000家客户,并将大数据、云计算等技术成果落地转化为成熟的经验和可衡量的价值。2025年,华胜天成以“专注于企业级人工智能应用的AI服务提供商”为定位,致力于通过“生成式AI重塑企业经营场景”,实现业务创新与管理变革,助力客户积极响应环境的变化和挑战,为全球客户数智化转型打造坚实的创新底座。","许可项目:建筑智能化系统设计;建设工程施工;建设工程施工(除核电站建设经营、民用机场建设);建设工程设计;第一类增值电信业务;互联网信息服务;基础电信业务;第二类增值电信业务;职业中介活动;发电业务、输电业务、供(配)电业务;电气安装服务。(依法须经批准的项目,经相关部门批准后方可开展经营活动,具体经营项目以相关部门批准文件或许可证件为准)一般项目:技术服务、技术开发、技术咨询、技术交流、技术转让、技术推广;信息系统集成服务;计算机系统服务;对外承包工程;计算机软硬件及辅助设备零售;通信设备销售;供应用仪器仪表销售;软件外包服务;基于云平台的业务外包服务;软件销售;软件开发;国内贸易代理;货物进出口;技术进出口;进出口代理;商务代理代办服务;数据处理和存储支持服务;人力资源服务(不含职业中介活动、劳务派遣服务);合同能源管理;节能管理服务;储能技术服务;新能源原动设备销售;机械设备销售;环保咨询服务;工程管理服务;光伏设备及元器件销售;太阳能热利用装备销售;太阳能热发电装备销售;太阳能热利用产品销售;太阳能热发电产品销售;太阳能发电技术服务;光伏设备及元器件制造;半导体器件专用设备销售;半导体器件专用设备制造;电力电子元器件销售;环境保护专用设备销售;配电开关控制设备制造;配电开关控制设备销售;配电开关控制设备研发;工业自动控制系统装置制造;工业自动控制系统装置销售;变压器、整流器和电感器制造;实验分析仪器销售;制冷、空调设备销售;新能源汽车电附件销售;建筑材料销售;金属制品销售;室内空气污染治理;数据处理服务;气体、液体分离及纯净设备销售;气体、液体分离及纯净设备制造;塑料制品销售;塑料制品制造;塑料加工专用设备销售;化工产品销售(不含许可类化工产品)。(除依法须经批准的项目外,凭营业执照依法自主开展经营活动)",www.teamsun.com.cn,https://emweb.securities.eastmoney.com/PC_HSF10/CompanySurvey/PageAjax?code=SH600410,2026-07-27,成功,,04_code/60gupiao.py与04_code/financialtest60.py中的硬编码名单,否（当前公司概况仅用于补齐基础信息）,2023年年度报告,2024-04-24,https://static.cninfo.com.cn/finalpage/2024-04-25/1219799875.PDF,成功,是,成功,D:\thailand study\26_7_23paper\05_output\revision_step14d\reports_2023\600410_2023_annual_report.pdf,成功,缓存,5,"[PDF第8页]2023年年度报告8/321营业收入4,163,424,639.094,069,789,427.724,069,789,427.722.303,799,009,995.40扣除与主营业务无关的业务收入和不具备商业实质的收入后的营业收入4,110,048,608.724,020,134,337.694,020,134,337.692.243,754,528,412.56归属于上市公司股东的净利润-220,764,328.89-323,531,129.38-323,574,861.92不适用23,104,491.29归属于上市公司股东的扣除非经常性损益的净利润-298,092,162.00-387,921,451.66-387,965,184.20不适用-101,306,253.27经营活动产生的现金流量净额231,923,975.50207,116,074.51207,116,074.5111.9831,182,192.902023年末2022年末本期末比上年同期末增减（%）2021年末调整后调整前归属于上市公司股东的净资产4,303,341,033.304,479,790,138.224,479,756,732.59-3.944,668,734,214.77总资产8,772,128,363.988,558,858,950.098,557,227,575.102.498,883,549,143.34(二)主要财务指标主要财务指标2023年2022年本期比上年同期增减(%)2021年调整后调整前基本每股收益（元／股）-0.2013-0.2946-0.2946不适用0.0211稀释每股收益（元／股）扣除非经常性损益后的基本每股收益（元／股）-0.2719-0.3533-0.3533不适用-0.0925加权平均净资产收益率（%）-5.02-7.11-7.11增
[PDF第12页]化的战略定位，充分发挥大陆业务及香港业务的协同效应，推动智算高效布局，积极助力新质生产力发展，为“网络强国”、“数字中国”建设注入强大动力。报告期内，公司实现营业收入41.6亿元，与上年同期相比增加2.3%。公司各项业务发展情况如下：（一）主营业务
[PDF第13页]2023年年度报告13/321公司大陆主营业务（除ASL公司）签约合同额25.8亿元，与上年同期相比下降2.2%；实现营业收入20.3亿元，较上年同期下降5.6%。香港业务（ASL公司）实现营业收入港币23.6亿元，较上年同期增加6.5%。公司大陆主营业务（除ASL公司）包含以智算服务为代表的新基建业务、自主产品及行业解决方案业务。公司香港主营业务（ASL公司）包含系统集成及其他业务、融合科技服务业务。1、公司大陆主营业务情况（1）主要业务以智能算力服务为代表的新基建业务人工智能、物联网、大数据等技术的快速发展和广泛应用使得智算需求不断激增。客户对大模型的行业应用需求也呈现出前所未有的增长态势。公司顺应客户需求借助强大的智算服务支撑，为各行业客户提供大模型应用的落地，为新质生产力提供强大驱动力。公司以智算服务为代表，重点切入新基建业务，培育新质生产力，充分发挥公司行业、产品、服务、投资等优势，以天津河北区智算中心建设项目为标杆案例，在全国范围复制建设。公司以运维服务为依托，围绕特定行业需求，提供专业的服务，充分利用数据中心的运营经验，提供云平台、大数据及数据治理、数据实施等服务，为客户提供灵活、高效、安全的计算和数据处理服务，支持各种新兴技术的应用，推动数字经济和智能化产业的蓬勃发展。自主产品及行业解决方案业务公司具备软件的开发、设计能力、生态适配能力、项目数字化管理能力，建立了标准的项目管理流程、保密体系、合规流程和认证体系，对外输出各类信息化IT服务培训课程。公司的运维和服务团队长期服务于运营商和金融等企业，充分具备为客户提供国产化相关的软硬件环境适配、性能调优、模拟测试、数据迁移、运营维护等服务能力。公司的人
[PDF第14页]数据挖掘的效率等；在制造业领域，帮助客户优化生产流程、降低成本等。报告期内，公司承接了某股份制银行深度学习大模型训练推理平台项目、中国钢研科技集团有限公司数字化研发能力提升项目、中国测绘科学研究院自然资源大数据超算云平台等项目。2、公司香港主营业务情况公司于2009年收购香港规模最大的本土IT服务企业之一自动系统集团有限公司(ASL公司，股份代码：0771.hk）。截至2023年12月31日，ASL公司的产品销售上升8.2%，产品销售总额达11.8亿港元；服务收入上升5.0%，服务收入总额达11.8亿港元。ASL公司核心业务（即香港、澳门及其他亚太地区业务）总收入为23.6亿港元，较去年增加6.5%。ASL公司的业务分为系统集成及其他业务、融合科技服务业务，其中融合科技服务业务包含创新行业解决方案业务、智能网络安全服务业务、信息技术集成管理服务业务。（1）系统集成及其他业务
[PDF第15页]包服务订单的增加。报告期内，ASL公司积极协助政府实施数字化转型，推动智慧城市建设。此外，应用程式维护的订单量创新高，云服务与维护业务续签订单稳定增长。智能网络安全服务业务（Security）报告期内，智能网络安全服务收入达1.97亿港元。主要业务增长原因是网络安全及银行与教育客户对安全营运中心的持续需求增加，进一步拓展了大湾区网络安全业务。ASL公司持续为不同行业的客户提供优质服务，包括金融、政府等行业。ASL公司向行业客户提供具有针对性且更便捷的DevSec解决方案。2023年，ASL公司不断加强服务平台整合，在大湾区总部新设第三个资讯安全营运中心。信息技术集成管理服务业务(Operations)报告期内，信息技术集成管理服务收入为4.37亿港元，新签服务订单提升。ASL公司可有效满足金融机构的管理服务需求，成功与多家金融行业客户续签管理服务合同，同时获得一家大型国际金融机构的DevSecOps管理服务订单，为其提供了全面的应用程序管理服务。",D:\thailand study\26_7_23paper\05_output\revision_step14d\evidence_text\600410_business_evidence.txt,下游,中游,2,20,7,是,,待审核,,,否
600556,下游,天下秀,天下秀数字科技(集团)股份有限公司,上海证券交易所,互联网-互联网服务-其他互联网服务,信息传输、软件和信息技术服务业-互联网和相关服务,"    天下秀数字科技(集团)股份有限公司是一家基于大数据的技术驱动型新媒体营销服务公司,致力于为广告主提供智能化的新媒体营销解决方案,实现产品与消费者的精准匹配,帮助广告主低成本获取客户以及带动产品销售和口碑转化,同时帮助海量文化创意产业、数字内容产业的新媒体从业者实现高效便捷的价值变现。作为国内一家以社会化营销为业务核心的公司,天下秀发展至今已有10年的历程,在2017年完成了6亿元人民币C轮与C+轮融资后,以100亿的估值跻身独角兽行列,成为国内新媒体商业领域一家独角兽企业。目前已累计为国内外450余家品牌企业广告主、8万余家中小企业、广告主提供社会化营销服务,并积累了超过86万家新媒体资源,覆盖微博、微信、抖音、快手、喜马拉雅FM、映客等多个主流新媒体平台;天下秀凭借多年来在品牌咨询、广告策划、平台资源、自媒体资源、大数据技术等多方面的综合竞争优势,获得众多知名品牌客户的认可。天下秀旗下拥有WEIQ、SMART、克劳锐,三大品牌矩阵。三大品牌涵盖了自媒体广告交易、社会化创意营销、自媒体版权及价值排行,致力于打造完整的新媒体行业全生态。公司目前已有员工700余人,总部位于北京三里屯,上海、广州、深圳等地均有分公司和办事处。","一般项目:软件开发;广告发布;广告设计、代理;社会经济咨询服务;信息系统集成服务;图文设计制作;通信设备销售;计算机及通讯设备租赁;技术服务、技术开发、技术咨询、技术交流、技术转让、技术推广;市场营销策划;信息技术咨询服务;计算机软硬件及辅助设备批发;计算机软硬件及辅助设备零售;信息系统运行维护服务;专业设计服务;办公服务;教育咨询服务(不含涉许可审批的教育培训活动);信息咨询服务(不含许可类信息咨询服务);企业形象策划;科技中介服务;礼仪服务;会议及展览服务(出国办展须经相关部门审批);文艺创作;项目策划与公关服务;个人商务服务;组织文化艺术交流活动;文具用品零售;体育用品及器材制造;文具用品批发;工艺美术品及收藏品批发(象牙及其制品除外);文化娱乐经纪人服务;娱乐性展览;科普宣传服务;销售代理;数字文化创意技术装备销售;工艺美术品及收藏品零售(象牙及其制品除外)。(除依法须经批准的项目外,凭营业执照依法自主开展经营活动)许可项目:食品销售。(依法须经批准的项目,经相关部门批准后方可开展经营活动,具体经营项目以相关部门批准文件或许可证件为准)。",www.inmyshow.com,https://emweb.securities.eastmoney.com/PC_HSF10/CompanySurvey/PageAjax?code=SH600556,2026-07-27,成功,,04_code/60gupiao.py与04_code/financialtest60.py中的硬编码名单,否（当前公司概况仅用于补齐基础信息）,天下秀数字科技（集团）股份有限公司2023年年度报告（更正版）,2024-04-23,https://static.cninfo.com.cn/finalpage/2024-04-24/1219762586.PDF,成功,是,成功,D:\thailand study\26_7_23paper\05_output\revision_step14d\reports_2023\600556_2023_annual_report.pdf,成功,缓存,5,"[PDF第2页]半数以上董事无法保证公司所披露年度报告的真实性、准确性和完整性否十、重大风险提示本公司已在本年度报告中“关于公司未来发展的讨论与分析”章节详细阐述公司可能面对的风险，敬请投资者予以关注。另外，公司对于创新业务体系的布局与探索，目前盈利方式与业务模式仍具有较大的不确定性，敬请广大投资者注意投资风险。十一、其他□适用√不适用
[PDF第5页]网络，在线社区、博客、百科或者其他互联网协作平台媒体来进行营销、公共关系和客户服务维护开拓的一种方式。又称社会媒体营销、社交媒体营销、社交媒体整合营销、大众弱关系营销互联网营销指基于互联网平台，利用信息技术与工具满足公司与客户之间交换概念、产品及服务的过程，通过在线活动创造、宣传、传递客户价值，并对客户关系进行管理，以达到一定营销目的的新型营销活动。其实质是将产品信息广告化与信息化，并以数字的形式呈现在网上互联网广告、网络广告指广告主基于互联网所投放的广告Web1.0指早期的互联网时代，用户只能被动地浏览文本、图片以及简单的视频内容，是内容的消费者Web2.0指用户在互联网不仅可读而且可写，还可以在平台上创造和传播自己的内容（包括文字、图片、视频等），并与其他用户交流互动Web3.0指在5G、云计算、区块链、AI、VR等技术的驱动下，以用户为中心，强调用户拥有自主权，改进现有的互联网生态系统，有效解决Web2.0时代存在的垄断、隐私保护缺失、算法作恶等问题，使互联网更加开放、普惠和安全的下一代互联网生态广告主指为推销自身的商品或服务，自行或者委托他人设计、制作、投放广告的企业、其他经济组织或个人自媒体指自媒体（英文名：WeMedia）又称“公民媒体”或“个人媒体”，是指私人化、平民化、普泛化、自主化的传播者，以现代化、电子化的手段，向不特定的大多数或者特定的单个人传递规范性及非规范性信息的新媒体的总称。自媒体平台包括：博客、微博、微信、百度官方贴吧、论坛/BBS等网络社区KOL指关键意见领袖（KeyOpinionLeader，简称KOL）是营销学上的概念，通常被定义为：拥有更多、更准确的产品信息，且为相关群体所接受或信任，并对该群体的购买行为有较大影响力的人KOC指关键意见消费者（KeyOpinionConsumer，简称KOC），对应KOL（KeyOpinionLeader，关键意见领袖）。一般指能影响自己的朋
[PDF第15页]系和服务能力与新兴技术的发展相结合，应用到Web3.0时代全新的创作者经济生态中，为内容创作者探索和打造新的展示平台和变现方式，为品牌方构建更加生动的营销场景及模式，持续完善红人生态圈布局，探索引领红人经济模式进化。报告期内，各项创新业务与主营业务协同效应明显，促进主营业务稳定发展的同时，助力行业生态健康发展。创新业务体系的布局与探索，目前盈利方式与业务模式仍具有较大的不确定性，敬请广大投资者注意投资风险。二、报告期内公司所处行业情况1.行业政策支持公司所处数字经济领域，近年来受到国家各级、各地政府部门重视支持，相继出台了一系列行业法规与产业政策以支持并推动行业健康发展，力度逐年增强。2020年7月，国家发改委、中央网信办等13个部门联合印发《关于支持新业态新模式健康发展激活消费市场带动扩大就业的意见》，提出加快推进产业数字化转型，壮大实体经济新动能，支持互联网企业打造平台生态，提供信息撮合、交易服务等综合服务。同时鼓励发展新个体经济，开辟消费和就业新空间，支持微商电商、网络直播等多样化的自主就业、分时就业，鼓励“副业创新”，支持线上多样化社交、短视频平台有序发展，引导“宅经济”合理发展，促进线上直播等服务新方式规范健康发展。2021年10月，习近平总书记在中共中央政治局第三十四次集体学习时指出党中央高度重视发展数字经济，实施网络强国战略和国家大数据战略，拓展网络经济空间，支持基于互联网的各类创新，推动互联网、大数据、人工智能和实体经济深度融合。2021年12月，中央网络安全和信息化委员会发布的《“十四五”国家信息化规划》中指出，要大力发展数字商务，培育数字技术、数据资源驱动的新业态新模式。提出到2025年，我国数字经济发展质量效益达到世界领先水平。数字经济新业态新模式健康发展，数字营商环境不断优化。数字商务等新业态新模式与互联网广告行业的关联度较高，相关领域的政策支持有利于互联网广告行业的发展。2021年12月
[PDF第18页]2023年年度报告18/269WEIQ红人营销平台（简称：WEIQ平台）（www.weiq.com）是基于大数据技术为红人（内容创作者）与企业提供在线红人营销服务的撮合与交易平台，核心业务逻辑为：将有营销需求的企业与有营销供给能力的红人建立连接，并依托大数据技术，分析企业的营销需求，精准匹配相应属性的红人账号，一端帮助商家完成红人账号匹配、一键直连沟通、生成订单支付、实时效果追踪、营销总结反馈、数据沉淀等完整的红人营销链路；另一端帮助红人通过内容创作实现私域流量的价值变现。WEIQ平台的商家用户作为平台的需求端。商家在下单前，一方面可以通过平台根据自己的营销需求在线自助完成多维度的红人账号筛选，另一方面，平台将根据红人的账号标签、粉丝量、传播度、互动度、性价比等标准为商家进行个性化红人账号推荐；在下单时，商家可以选择视频类、直播类、文章类、图文类等红人营销全内容服务形态，并且在下单后能够实时查看推广的数据动态，最终实现投前账号筛选、投中实时数据监测、投后效果追踪的一站式智能营销服务，从而提高了商家的营销效率，降低了商家的营销成本。与此同时，我们基于WEIQ平台，设立了面向品牌商家客户的SMART全案营销服务品牌，基于多年来沉淀的订单数据及模型，对红人账号的数据标签进行多维度分析，策划不同平台、不同类型的红人承担不同任务的矩阵式营销解决方案。并且基于丰富的新媒体营销经验和WEIQ大数据匹配与检测系统，为客户提供策略制定、方案策划、投放策划、投放实施、效果监测、效果反馈等一站式新媒体营销服务。WEIQ平台的红人用户作为平台的供给端，通过在线接单完成商家派发的营销任务进而获得收入回报。WEIQ平台通过分析红人账号的价格体系、创作能力、发布频次、互动能力、粉丝画像、增长趋势、历史传播效果、客户口碑评价等多维度属性，为其精准派发商家的任务订单，红人用户通过WEIQ
[PDF第20页]、客户资源、媒体资源、分析及监测等方面占据独特的优势，公司将继续保持较强的前瞻性意识，基于红人营销平台上下游布局各项创新业务，与主业协同发力，继续为客户及新媒体的成长，提供更大的助力。（二）技术及数据优势公司自主研发建立的WEIQ平台是公司主营业务的基础。基于自有服务器，公司不断积累订单数据，沉淀新媒体数据资产，完善平台数据模型，形成数据挖掘智库系统，进行高效的撮合，实现企业营销的精准匹配，提升营销转化效果。WEIQ平台运用大数据分析技术对红人账号的行业分类、粉丝结构、粉丝活跃度和社交影响力评级等进行多维度评估和量化，并向自媒体账号建议广告报价，建立了行业数据监测及价值评估体系，通过“热浪数据”、“WEIQ-SAAS”、“定制化",D:\thailand study\26_7_23paper\05_output\revision_step14d\evidence_text\600556_business_evidence.txt,下游,中游,1,34,10,是,,待审核,,,否
600570,下游,恒生电子,恒生电子股份有限公司,上海证券交易所,信息技术-计算机软件-行业应用软件,信息传输、软件和信息技术服务业-软件和信息技术服务业,"    恒生电子股份有限公司是一家以“让金融变简单”为使命的金融科技公司,总部位于中国杭州。1995年成立,2003年在上海证券交易所主板上市(600570.SH),在北京、上海、深圳、武汉、南京以及香港、新加坡等地设有研发中心和子公司。恒生聚焦金融行业,始终坚持“以客户为中心”的服务理念,致力于为证券、期货、基金、信托、保险、银行、交易所、私募等提供整体解决方案和服务。恒生已连续18年入选FinTech100全球金融科技百强榜单,2024年排名第22位,位列亚洲上榜企业第一。恒生坚持以技术服务为核心,2022年获批设立国家级博士后科研工作站。在企业发展同时,恒生积极履行企业社会责任,2016年成立浙江恒生电子公益基金会,2017年投入运营恒生投资者教育基地,在投资者教育、扶贫济困、关爱自闭症儿童等贡献力量,实现企业与社会可持续发展。","计算机软件的技术开发、咨询、服务、成果转让;计算机系统集成;自动化控制工程设计、承包、安装;计算机及配件的销售;电子设备、通讯设备、计算机硬件及外部设备的生产、销售,自有房屋的租赁,经营进出口业务。(依法经批准的项目,经相关部门批准后方可开展经营活动)。",www.hundsun.com,https://emweb.securities.eastmoney.com/PC_HSF10/CompanySurvey/PageAjax?code=SH600570,2026-07-27,成功,,04_code/60gupiao.py与04_code/financialtest60.py中的硬编码名单,否（当前公司概况仅用于补齐基础信息）,恒生电子股份有限公司2023年年度报告,2024-03-24,https://static.cninfo.com.cn/finalpage/2024-03-25/1219392177.PDF,成功,是,成功,D:\thailand study\26_7_23paper\05_output\revision_step14d\reports_2023\600570_2023_annual_report.pdf,成功,缓存,5,"[PDF第6页]伙伴。我们将力争打造“更多一流产品”。应用软件产品是我们为客户提供最核心也是最基本的服务。“只做一流产品”是恒生的产品经营策略。恒生产品线的布局比较完整，产品线数量较多，但不同产品线核心产品的竞争力有所差异，目前我们已经在交易、运营、账户等核心业务领域做到了领先，我们的目标是要让更多的产品线更好地满足客户需求，为此，我们实施了进一步聚焦的策略，对产品线进行整编，在关键领域确保资源投入，打造“更多一流产品”。我们也会积极寻找“更多的增长机会”。提高数据服务的质量和范围，应用AI技术把数据服务导入更多应用场景，让更多业务能够以SaaS模式提供服务，抓住大模型等技术进步带来的机会，为恒生的增长不断提供新的驱动力。上市20年，恒生累计现金分红回购超过30亿元，是上市融资金额的10多倍。我们还在2023年第一次进行了用于注销的股份回购。作为一家上市公司，恒生会继续借助资本市场的力量，在做好风险防控的同时，实现更好更快的发展，持续为股东创造回报。2023年，公司董事会成立了可持续发展委员会，积极承担社会责任，致力于实现更加可持续的发展。感谢各位股东对恒生的信任和支持，未来我们会进一步加强与市场和股东的沟通，也欢迎大家对公司的各项工作提出批评和建议。董事长：刘曙峰2024年3月25日
[PDF第11页]事”为核心的项目管理机制，总体目标是稳健发展，过程管控更加精细，同时对产品线的发展进一步聚焦，在关键领域确保资源投入，打造更多一流产品，进一步提升产品竞争力。2023年，公司延续了收入增速高于成本费用增速的趋势，发展质量得到进一步提升。公司主营业务毛利率为74.85%，较过去两年有所提升，继续保持市场领先和产品竞争力优势。2023年公司在IDCFintech100的榜单排名升至第22位，位列亚洲第一，再创新高。报告期内，公司聚焦一流产品的核心策略，构建并加强与关键产品的核心战略客户的深度合作关系，关注新技术的引入和系统架构的升级，推动新一代产品的迭代工作，利用在数据智能方
[PDF第12页]线。其他重点产品如综合理财、TA、估值、资配以及交易终端、客户营销、算法服务、风险管理等也取得了可喜的成绩。SAAS业务与恒生聚源的数据服务实现了更快的增长。在信创方面，截至报告期末，公司所有主产品已经完成信创适配，助力70多家金融机构实现核心业务系统自主创新升级；在信创生态运营上，与相关战略合作伙伴签约，并发布《金融行业信息技术应用创新白皮书》。3.报告期内，公司持续加大研发投入，优化技术研发体系。公司2023年的研发费用投入总计26.61亿元人民币，占营业收入的36.55%。2023年公司产品技术人员为9535人，占公司总人数比为72.3%。以Light技术平台为底座，进一步发展分布式低延时平台，在交易处理场景，实现单笔延时、并发吞吐等性能行业领先；敏捷业务交付平台，在流程处理场景，基于低码能力，实现效率提升，助力客户快速创新；高性能数据编织平台，在数据处理场景，实现风控和清结算，帮助客户降本增效。
[PDF第14页]可持续发展的目标，制定了“赋能金融、科技创新、以人为本、低碳环保”的可持续发展策略。发布了一系列的可持续发展的政策声明，完善了相关制度，全面提升了可持续发展的管治能力和工作水平。详细情况请见公司2023年度可持续发展报告。（二）报告期内公司主要业务进展1.财富科技服务板块主要为银行、证券、基金、信托、保险的财富管理业务提供科技服务，主要产品线为财富管理产品线、经纪业务产品线以及子公司商智、鲸腾相关产品。财富管理产品线主要有理财销售系统、综合理财系统、营销中台系统、客户服务系统、资产配置、家族信托、投顾交易等产品，经纪业务产品线主要为核心业务运营平台UF系列产品和投资赢家产品。报告期内，财富科技服务业务线营收增长4.27%，增速放缓，主要原因为市场对现有产品需求放缓，对信创类产品需求未完全释放，竞争有所加剧。业务进展方面：经纪业务领域，UF3.0在深圳头部券商完成交易信创全链路试点上线工作，进入信创批量上线阶段。内存两融交易系统的试点上线，为全面实现做好了技术准备。财富管理领域，因政策及市场经营趋好的正向影响，家族信托及资产配置系统增长迅猛；投顾交易系统需求的有效释放还需等待政策落地。重点客户的理财5项目、保险代理销售系统项目、CRM5项目落地。2.资管科技服务板块主要为证券、基金、保险、银行、信托等机构的投资交易、投资管理业务提供科技服务，主要产品为投资交易系统O45/O32、银行资金管理系统、投资管理系统FusionChina、IBOR等。报告期内，资管科技服务业务线营收增长9.27%，增速平稳。业务进展方面：O45完成全栈信创研发，新签53家新客户，完成24家客户竣工，其中华宝基金O45项目等关键项目的竣工，成为O45在证券基金保险行业迭代升级的良好开端，为全面批量交付做好了准备。FusionChina成功签约多家行业标杆客户，完成头部银行理财客户项目竣工，在资管行业产品初具竞争力。3.运营与机构科技服务板块
[PDF第15页]率的同时，推进新产品、新客户的开拓；恒云随香港市场整体放缓而增速下降；云纪i私募新签上百家客户；金纳算法交易1.0和2.0新签客户20余家，进一步扩大市场份额。7.企金、保险核心与金融基础设施科技服务板块主要为银行的企业金融业务、保险公司的核心业务及各类金融基础设施提供科技服务，主要产品为现金管理平台、票据业务系统以及保泰的财险核心系统、寿险核心系统等。报告期内，企金、保险核心与金融基础设施科技服务业务线营收增长23.10%，收入增速良好。业务进展方面：企金产品线方面，聚焦交易银行和票据支付两大类解决方案，逐步形成了相对完整的对公解决方案。企业财资作为重点方案和重点产品，落地了9家客户，当年研发当年上",D:\thailand study\26_7_23paper\05_output\revision_step14d\evidence_text\600570_business_evidence.txt,下游,中游,0,10,7,是,,待审核,,,否
603019,上游,中科曙光,曙光信息产业股份有限公司,上海证券交易所,信息技术-计算机硬件-专用计算机设备,制造业-计算机、通信和其他电子设备制造业,"    曙光信息产业股份有限公司(以下简称“中科曙光”)作为我国核心信息基础设施领军企业,为中国及全球用户提供创新、高效、可靠的IT产品、解决方案及服务。公司于2014年在上海证券交易所上市(股票代码:603019)。经历30余年发展,中科曙光在高端计算、存储、安全、数据中心等领域拥有深厚的技术积淀和领先的市场份额,并充分发挥高端计算优势,布局智能计算、云计算、大数据等领域的技术研发,打造计算产业生态,为科研探索创新、行业信息化建设、产业转型升级、数字经济发展提供了坚实可信的支撑。中科曙光在全国各省、自治区和直辖市均设立了分支机构,拥有国际领先的3大智能制造生产基地、5大研发中心,在全国50多个城市部署了城市云计算中心。作为以技术创新为基因的科技企业,中科曙光未来将持续专注于核心技术研发,并与用户、合作伙伴携手共建应用生态、推动产业进步,以科技创新助力“数字中国”建设,驱动经济高质量发展。","电子信息、软件技术开发、咨询、服务、转让、培训;计算机及外围设备、软件制造、批发兼零售;计算机系统集成;物业管理;货物及技术进出口;设备出租、场地出租;计算机及外围设备维修、租赁;建筑安装业;通信设备研发、生产、批发兼零售(以上经营范围涉及行业许可的凭许可证件,在有效期内经营,国家有专项专营规定的按规定办理)。",www.sugon.com,https://emweb.securities.eastmoney.com/PC_HSF10/CompanySurvey/PageAjax?code=SH603019,2026-07-27,成功,,04_code/60gupiao.py与04_code/financialtest60.py中的硬编码名单,否（当前公司概况仅用于补齐基础信息）,中科曙光2023年年度报告,2024-04-17,https://static.cninfo.com.cn/finalpage/2024-04-18/1219653314.PDF,成功,是,成功,D:\thailand study\26_7_23paper\05_output\revision_step14d\reports_2023\603019_2023_annual_report.pdf,成功,缓存,5,"[PDF第14页]2023年年度报告12/259第三节管理层讨论与分析一、经营情况讨论与分析报告期内，公司持续专注于主营业务的生产经营并致力于为客户提供优质服务，通过持续研发投入，提升产品品质，深化营销服务，不断提高公司整体竞争力，促进业绩持续增长。公司营业总收入143.53亿元，增长比率为10.34%；归属于上市公司股东净利润18.36亿元，增长比率为18.88%。1.持续投入核心技术研发，增强高端计算机核心竞争力公司自上市以来，持续大规模投入高端计算核心技术研发，不断完善公司的研发环境和研发管理体系，使公司保持较高的技术创新能力。近年来，公司以计算产业的时代需求、行业需求、客户需求为出发点，秉承创新、高可用设计理念，持续提高产品性能，不断丰富产品序列以满足不同场景需求。报告期内，公司研发投入达24.44亿元，基于国产处理器的高端计算机、IO模块、内置主动管控固件的募投项目顺利完成，面向金融等行业推出结合行业应用场景的智能一体机产品并在多家客户落地，并在部件性能管理、产品稳定性、高速互联等方面持续提高产品性能，全面升级高端计算机的可扩展能力和可管理能力，技术优势及产品影响力逐步提升。2.把握人工智能发展机遇，完善数字基建核心能力面对智算中心等大规模建设需求，公司深度参与数字基础设施建设，同时不断提升智算中心解决方案综合能力，凭借分布式全闪存储、浸没式液冷、计算服务等多项优势赋能多区域多行业数智化发展。智算中心解决方案内的存储系统采用全自研ParaStor分布式全闪存储，以自研技术支持AI芯片高速数据直接存取，优化存算协调，将整体I/O性能提升数倍，满足智能计算性能需求；解决方案内的液冷系统，基于公司多年的技术积累，在计算核心部件实现液冷散热的同时，首次实现液冷存储散热系统应用，降低能耗的同
[PDF第16页]“曙睿SugonRI™”，并以此为基础，提出“以数智底座，加速数实融合进程，赋能新型工业化”的智慧工业战略。4.云计算服务公司自2007年开始从事云计算技术产品研发，具有长期的技术积累，目前已形成全栈云服务能力。曙光云以建设运营“城市云”为主要业务模式，在全国多个城市布局，基本形成了安全可信城市云服务体系，基于城市云计算中心为政府和企业用户提供云服务及云技术服务。报告期内，曙光云荣获“2023年度中国计算机行业发展成就奖—政务云成就奖”；曙光云平台解决方
[PDF第18页]资了海光信息、中科星图、曙光云计算、中科三清、中科天玑、曙光数创等多项优质资产。公司与参控股公司全方位覆盖了从上游芯片、服务器硬件、IO存储到中游云计算平台、大数据平台、算力服务平台以及下游云服务提供商，子公司的布局与公司高端计算机、存储等主营业务产生较强的协同效应，也将为公司业绩增长贡献持续的动力。五、报告期内主要经营情况2023年度，公司实现营业收入143.53亿元，同比增长10.34%；归属于上市公司股东的净利润18.36亿元，同比增长18.88%；扣非后归属于上市公司股东的净利润12.78亿元，同比增长10.98%。(一)主营业务分析1.利润表及现金流量表相关科目变动分析表单位：元币种：人民币科目本期数上年同期数变动比例（%）营业收入14,352,658,228.1313,007,955,200.9010.34营业成本10,583,535,243.829,591,766,969.0810.34销售费用751,332,074.31619,717,421.0821.24管理费用294,370,145.44309,547,634.71-4.90财务费用-80,304,736.43-99,341,626.16不适用研发费用1,316,264,291.081,105,462,294.0219.07经营活动产生的现金流量净额3,509,828,147.531,124,877,783.58212.02投资活动产生的现金流量净额-2,130,228,282.28-2,533,429,156.47不适用筹资活动产生的现金流量净额-147,083,265.22956,662,928.92不适用经营活动产生的现金流量净额变动原因说明：由于供应链趋于稳定，降低原材料囤货规模，消耗前期库存，购买商品支付的经营性现金流同比减少。筹资活动产生的现金流量净额变动原因说明：主要为上年同期原材料备货，银行借款较大所致。本期公司业务类型、利润
[PDF第19页]59公共事业8,362,734,779.815,965,958,570.7928.6617.6417.53增加0.07个百分点企业5,984,011,536.084,616,248,360.6222.861.522.26减少0.56个百分点主营业务分产品情况分产品营业收入营业成本毛利率（%）营业收入比上年增减（%）营业成本比上年增减（%）毛利率比上年增减（%）IT设备12,780,170,229.729,983,557,558.9921.8811.638.55增加2.22个百分点软件开发、系统集成及技术服务1,566,576,086.17598,649,372.4261.790.7552.32减少12.94个百分点主营业务分地区情况分地区营业收入营业成本毛利率（%）营业收入比上年增减（%）营业成本比上年增减（%）毛利率比上年增减（%）东部大区4,428,911,830.843,273,893,800.6426.08-1.35-0.88减少0.35个百分点南部大区1,153,761,011.29721,684,050.9137.452.002.78减少0.48个百分点西部大区1,194,802,614.57763,736,651.9336.08-29.70-28.97减少0.66个百分点北部大区7,569,270,859.195,822,892,427.9323.0733.2029.11增加2.43个百分点主营业务分销售模式情况销售模式营业收入营业成本毛利率（%）营业收入比上年增减（%）营业成本比上年增减（%）毛利率比上年增减（%）直销模式13,304,969,955.599,735,529,458.7326.8310.2310.04增加0.13个百分点经销模式1,041,776,360.30846,677,472.6818.7311.7214.01减少1.64个百分点主营业务分行业、分产品、分地区、分销售模式情况
[PDF第20页]品结转成本所致。(3).重大采购合同、重大销售合同的履行情况□适用√不适用(4).成本分析表单位：元分行业情况分行业成本构成项目本期金额本期占总成本比例(%)上年同期金额上年同期占总成本比例(%)本期金额较上年同期变动比例(%)情况说明企业主营业务成本4,616,248,360.6243.624,514,075,169.0947.072.26其中：原材料4,426,920,214.1141.834,458,382,329.2046.49-0.71公共事业主营业务成本5,965,958,570.7956.385,076,180,929.4052.9317.53其中：原材料5,949,804,961.9856.225,066,908,939.8752.8317.42分产品情况分产品成本构成项目本期金额本期占总成本比例(%)上年同期金额上年同期占总成本比例(%)本期金额较上年同期变动比例(%)情况说明IT设备主营业务成本9,983,557,558.9994.349,197,232,837.7295.908.55其中：原材料9,887,114,237.1793.439,151,851,168.8595.438.03软件开发、系统集成及技术服务主营业务成本598,649,372.425.66393,023,260.774.1052.32其中：技术服务成本354,179,096.903.35316,568,961.503.3011.88成本分析其他情况说明：软件开发、系统集成及技术服务成本的增长主要是由于曙光数创冷板产品销售占比提升，此产品市场竞争较为激烈，毛利率较低。(5).报告期主要子公司股权变动导致合并范围变化□适用√不适用(6).公司报告期内业务、产品或服务发生重大变化或调整有关情况□适用√不适用",D:\thailand study\26_7_23paper\05_output\revision_step14d\evidence_text\603019_business_evidence.txt,上游,中游,5,17,2,是,,待审核,,,否
603160,中游,汇顶科技,深圳市汇顶科技股份有限公司,上海证券交易所,电子设备-电子元件-电子元件,制造业-计算机、通信和其他电子设备制造业,"    深圳市汇顶科技股份有限公司(603160)是一家基于芯片设计和软件开发的整体应用解决方案提供商,主要面向智能终端、物联网及汽车电子领域提供领先的半导体软硬件解决方案。汇顶科技以全球化的视野和布局,汇聚全球顶尖人才、坚定高研发投入,持续引领传感、计算、连接和安全领域的技术创新,驱动万物智联创新应用,努力成长为全球领先的综合型IC设计公司。","电子产品软硬件的技术开发及转让自行开发的技术成果;电子产品、集成电路模块、电子设备、机器设备的批发、进出口及相关配套业务(不涉及国营贸易管理商品,涉及配套许可证管理及其它专项规定管理的商品按国家有关规定办理);自有物业租赁(深圳市软件产业基地4栋);停车场服务;非居住房地产租赁;物业管理。",www.goodix.com,https://emweb.securities.eastmoney.com/PC_HSF10/CompanySurvey/PageAjax?code=SH603160,2026-07-27,成功,,04_code/60gupiao.py与04_code/financialtest60.py中的硬编码名单,否（当前公司概况仅用于补齐基础信息）,2023年年度报告,2024-04-10,https://static.cninfo.com.cn/finalpage/2024-04-11/1219564359.PDF,成功,是,成功,D:\thailand study\26_7_23paper\05_output\revision_step14d\reports_2023\603160_2023_annual_report.pdf,成功,缓存,5,"[PDF第12页]联网（IoT）领域随着5G、AI、云计算、大数据等新一代信息技术加速推进，物联网生态持续壮大，已广泛应用于家居、汽车、医疗、制造、农业、能源等领域，随着千行万业创新场景的不断涌现，将带动市场需求持续提升。三、报告期内公司从事的业务情况(一)主要业务及经营模式公司是一家基于芯片设计和软件开发的整体应用解决方案提供商，覆盖传感、触控、音频、安全、无线连接五大业务，主要面向智能终端、汽车电子、物联网领域提供领先的半导体软硬件解决方案。作为Fabless模式下的芯片设计企业，公司专注于芯片的设计研发和销售，将晶圆制造、封装和测试等环节外包给专业的晶圆代工、封装及测试厂商。公司采用直销和代理经销相结合的销售模式；直销模式下，模组厂、方案商或整机厂直接向本公司下订单；代销模式下，代理商向本公司采购芯片，并向其下游客户销售芯片。两种方式结合可有效降低新客户开发的成本，控制应收账款回款风险，并提高公司运作效率和市场响应速度。（二）报告期内主要产品1.传感产品（1）指纹传感器
[PDF第16页]239五、报告期内主要经营情况报告期内，公司实现营业收入4,408,052,320.27元，较上年同期增长30.26%，营业成本2,624,385,941.66元，较上年同期增长44.15%，综合毛利率较上年同期减少5.74个百分点。(一)主营业务分析1.利润表及现金流量表相关科目变动分析表单位：元币种：人民币科目本期数上年同期数变动比例（%）营业收入4,408,052,320.273,383,952,172.0030.26营业成本2,624,385,941.661,820,552,175.5544.15销售费用217,733,298.39272,146,022.22-19.99管理费用211,583,428.42217,472,341.84-2.71财务费用-83,824,893.06-15,881,271.44不适用研发费用1,049,255,196.171,536,779,661.29-31.72经营活动产生的现金流量净额1,785,770,737.45-905,611,561.96不适用投资活动产生的现金流量净额-1,728,215,219.111,225,510,898.76-241.02筹资活动产生的现金流量净额-309,690,670.25-432,330,405.89不适用营业收入变动原因说明：报告期内营业收入较上年同期增加30.26%，主要系受终端客户结构性需求增加及库存调整的影响，外加OLED软屏的加速渗透，公司指纹、触控等产品依托性能和成本优势实现市场份额的进一步提升所致。营业成本变动原因说明：报告期内营业成本较上年同期增加44.15%，主要系同期营业收入增加及产品结构变化所致。销售费用变动原因说明：报告期内销售费用较上年同期下降19.99%,主要系技术服务费减少所致。管理费用变动原因说明：报告期内管理费用较上年同期下降2.71%,主要系股份支付、折旧摊销费、咨询及服务费减少所致。财务费用变
[PDF第17页]2023年年度报告17/2392.收入和成本分析√适用□不适用报告期内，公司实现主营业务收入4,262,976,520.52元，较上年同期增长28.78%，主营业务成本2,497,069,126.23元，较上年同期增长37.48%，毛利率较上年同期减少3.71个百分点。(1).主营业务分行业、分产品、分地区、分销售模式情况单位:元币种:人民币主营业务分行业情况分行业营业收入营业成本毛利率（%）营业收入比上年增减（%）营业成本比上年增减（%）毛利率比上年增减（%）集成电路芯片4,262,976,520.522,497,069,126.2341.4228.7837.48减少3.71个百分点合计4,262,976,520.522,497,069,126.2341.4228.7837.48减少3.71个百分点主营业务分产品情况分产品营业收入营业成本毛利率（%）营业收入比上年增减（%）营业成本比上年增减（%）毛利率比上年增减（%）指纹识别芯片1,889,606,421.161,295,519,809.0931.4419.0329.10减少5.35个百分点触控芯片1,513,546,791.55729,452,415.6651.8167.3667.63减少0.07个百分点其他芯片859,823,307.81472,096,901.4845.095.0524.99减少8.77个百分点合计4,262,976,520.522,497,069,126.2341.4228.7837.48减少3.71个百分点主营业务分地区情况分地区营业收入营业成本毛利率（%）营业收入比上年增减（%）营业成本比上年增减（%）毛利率比上年增减（%）国内销售2,196,359,409.371,370,
[PDF第19页]商采购额中关联方采购额0万元，占年度采购总额0%。报告期内向单个供应商的采购比例超过总额的50%、前5名供应商中存在新增供应商的或严重依赖于少数供应商的情形□适用√不适用其他说明无3.费用√适用□不适用详见本节五、报告期内主要经营情况（一）主营业务分析1、利润表及现金流量表相关科目变动分析表4.研发投入(1).研发投入情况表√适用□不适用单位：元本期费用化研发投入1,049,255,196.17本期资本化研发投入299,219,676.58研发投入合计1,348,474,872.75研发投入总额占营业收入比例（%）30.59研发投入资本化的比重（%）22.19(2).研发人员情况表√适用□不适用公司研发人员的数量1,245研发人员数量占公司总人数的比例（%）82.67%研发人员学历结构学历结构类别学历结构人数博士研究生16硕士研究生710本科488本科以下31研发人员年龄结构年龄结构类别年龄结构人数30岁以下（不含30岁）30530-40岁（含30岁，不含40岁）75340-50岁（含40岁，不含50岁）14550-60岁（含50岁，不含60岁）3160岁及以上11(3).情况说明□适用√不适用
[PDF第20页]690,670.25-432,330,405.89122,639,735.64不适用主要系股票回购及分红变动所致。现金及现金等价物净增加额-238,443,045.27-73,251,978.52-165,191,066.75不适用(二)非主营业务导致利润重大变化的说明□适用√不适用(三)资产、负债情况分析√适用□不适用1.资产及负债状况单位：元项目名称本期期末数本期期末数占总资产的比例（%）上期期末数上期期末数占总资产的比例（%）本期期末金额较上期期末变动比例（%）情况说明交易性金融资产953,344,772.919.8050,829,056.970.541,775.59主要系公司购买的理财产品增加所致应收票据6,067,081.300.062,006,824.200.02202.32主要系增加票据结算所致应收账款612,640,143.276.30401,100,400.594.2552.74主要系收入增加所致应收款项融资9,549,729.890.10不适用主要系应收票据管理模式变化所致预付款项6,201,885.710.069,921,596.830.11-37.49主要系减少预付费用类款项所致",D:\thailand study\26_7_23paper\05_output\revision_step14d\evidence_text\603160_business_evidence.txt,中游,上游,11,4,4,是,,待审核,,,否
688111,中游,金山办公,北京金山办公软件股份有限公司,上海证券交易所,信息技术-计算机软件-基础软件,信息传输、软件和信息技术服务业-软件和信息技术服务业,"    北京金山办公软件股份有限公司(688111.SH)是全球知名的办公软件产品和服务提供商,于2019年11月18日在上海证券交易所上市。金山办公旗下核心产品包括全新升级的WPSOffice、面向组织和企业的办公新质生产力平台WPS365,以及智能办公助手WPSAI。致力于提供高效可靠、轻松愉悦的办公体验,为智慧的表达与传递搭建高效平台。","一般项目:货物进出口;技术进出口;计算机软硬件及辅助设备批发;通信设备销售;软件开发;广告发布;广告设计、代理;广告制作;信息系统集成服务;技术服务、技术开发、技术咨询、技术交流、技术转让、技术推广;软件销售。(除依法须经批准的项目外,凭营业执照依法自主开展经营活动)许可项目:出版物批发;互联网信息服务;第二类增值电信业务。(依法须经批准的项目,经相关部门批准后方可开展经营活动,具体经营项目以相关部门批准文件或许可证件为准)(不得从事国家和本市产业政策禁止和限制类项目的经营活动。)",www.wps.cn,https://emweb.securities.eastmoney.com/PC_HSF10/CompanySurvey/PageAjax?code=SH688111,2026-07-27,成功,,04_code/60gupiao.py与04_code/financialtest60.py中的硬编码名单,否（当前公司概况仅用于补齐基础信息）,金山办公2023年年度报告,2024-03-20,https://static.cninfo.com.cn/finalpage/2024-03-21/1219361803.PDF,成功,是,成功,D:\thailand study\26_7_23paper\05_output\revision_step14d\reports_2023\688111_2023_annual_report.pdf,成功,缓存,5,"[PDF第11页]力在办公领域的切实落地。报告期内，公司实现营业收入455,597万元，同比增长17.27%；归属于母公司所有者净利润131,774万元，同比增长17.92%；归属于母公司所有者扣除非经常性损益净利润126,229万元，同比增长34.45%。主营业务中，国内个人办公服务订阅业务收入265,335万元，同比增长29.42%；国内机构订阅及服务业务收入95,743万元，同比增长38.36%；国内机构授权业务收入65,515万元，同比减少21.60%；互联网广告推广及其他业务收入28,792万元，同比减少6.05%。1、国内个人办公服务订阅业务（1）会员升级赋能个人订阅增长，WPSAI开启公测并加快商业化报告期内，公司发布了基于大语言模型的智能办公应用WPSAI，锚定AIGC（内容创作）、Copilot（智慧助理）、Insight（知识洞察）三个战略方向发展，将AI在国内办公软件领域率先落地的成果带给用户。WPSAI于第四季度完成备案并正式开启公测，进一步赋能智能办公新场景，培养用户AI办公习惯，为用户开启智能办公新体验，为后续推进商业化进程打下良好基础。报告期内，公司主要产品月度活跃设备数保持稳定增长，并推出全新WPSOffice版本，大幅优化启动、新建、打开等关键流程的性能体验；探索更优质的上云体验和用户感知，降低用户从端切换到云的门槛，增加用户对WPS云服务的粘性，打造优质的端云一体化体验，提升用户云端活跃度；进一步精进产品质感，打造WPS产品家族感设计；降低对用户的无效打扰，向用户精准推荐内容资源及增值服务功能，有效提升用户对WPS的使用感和认可度。在坚持长周期会员策略的同时，公司全新升级会员权益结构，通过提供权益丰富的超级会员体系，并通过原子化权益组合包装，推出诸如PDF套餐、云盘套餐等权益包，精准覆盖不同需求
[PDF第12页]2023年年度报告12/305的用户群体，不断提升个人用户付费转化与客单价，带动国内个人办公服务订阅业务稳定增长。未来借助WPSAI商业化，有望进一步打开个人订阅服务的付费空间。报告期内，公司主要产品及运营数据更新如下：①主要产品月度活跃设备数截至2023年12月31日，公司主要产品月度活跃设备数为5.98亿，同比增长4.36%。其中WPSOfficePC版月度活跃设备数2.65亿，同比增长9.50%；WPSOffice移动版月度活跃设备数3.30亿，同比增长0.61%。表一：主要产品月度活跃设备数截至日期2023年12月2022年12月同比增长主要产品月活设备数5.98亿5.73亿4.36%注：主要产品月度活跃设备数定义为WPSOffice及金山词霸各端活跃数合并，不包含金山文档等产品数据。②累计年度付费个人用户数截至2023年12月31日，公司累计年度付费个人用户数达到3,549万，同比增长18.43%。表二：累计年度付费个人用户数截至日期2023年12月31日2022年12月31日同比增长累计付费个人用户数(万)3,5492,99718.43%注：累计年度付费个人用户数定义：过去12个月内发生付费行为的个人用户数(不含一次性零售)，不含海外。2、国内机构客户业务（1）WPS365发挥新质生产力作用，助力政企客户数字化转型报告期内，公司面向组织级客户全新升级办公新质生产力平台WPS365，提供内容创作、办公协作、开放生态及数字资产管理等能力。一方面，WPS365中的即时通讯服务、轻维表、轻审批等功能为企业提升团队协作效率、管理研发项目、低成本搭建审批流程等提供了重要支撑；另一方面，通过WPS365公有云/私有化部署的云文档系统，企业数字资产被严格加密保存云端，数据安全得到有效保障，企业在数字化转型过程中的需求得到全方位满足。报告期内，公司持续推进政企端云一体化及
[PDF第15页]2023年年度报告15/305二、报告期内公司所从事的主要业务、经营模式、行业情况及研发情况说明(一)主要业务、主要产品或服务情况1、主要业务公司是国内领先的办公软件和服务提供商，主要从事WPSOffice办公软件相关产品及服务的设计研发及销售推广。公司主要产品包括WPSOffice办公软件、金山文档等办公能力产品矩阵以及金山数字办公平台解决方案。其中WPSOffice办公软件及金山文档等产品可在Windows、Linux、MacOS、Android、iOS、HarmonyOS等众多主流操作平台上应用，主要服务包括基于公司产品为客户提供涉及日常办公和文档相关的增值功能、互联网广告推广等服务。金山数字办公平台可根据组织级客户需求以对应的赋能方式及交付模式为其提供一站式、多平台应用的解决方案或服务。公司拥有办公软件领域30余年研发经验及技术积累，旗下主要产品及服务皆由公司自主研发，对核心技术具有自主知识产权。公司重点针对文字排版技术、电子表格计算技术、动画渲染技术、在线协同编辑、安全文档以及数据协同共享等多种关键技术进行深入研究，通过核心技术的突破，打造了云和协作办公应用服务体系，创建智能办公新模式，全面提升用户体验。2、主要产品、服务及解决方案（1）WPSOffice办公软件WPSOffice办公软件是公司的核心产品，为用户提供一站式办公服务。产品通过WPSOffice桌面版（Windows版本、Mac版本、Linux版本）及WPSOffice移动版（Android版本、iOS版本），实现了多端覆盖，在不同的终端设备/系统上拥有相同的文档处理能力。WPSOffice在与国外主流Office高度兼容的同时，拥有丰富的特色功能，为广大用
[PDF第16页]人办公服务订阅、国内机构订阅及服务业务均呈现快速增长的趋势，受信创产业政策影响，国内机构授权业务订单下降，互联网广告推广因公司主动战略调整，收入占比呈逐年收缩趋势，并已于2023年12月正式关停。（1）个人办公服务订阅业务在个人办公服务订阅业务模式下，用户可通过下载WPSOffice等公司办公软件产品或通过在线应用免费体验基础功能。并可借由邮箱、QQ、微信、手机号等多种方式注册WPS帐号，在登录后使用公司为其提供更多的免费在线功能及服务。
[PDF第17页]力其高效办公。付费会员主要分为WPS会员、稻壳会员、超级会员三类。2023年4月公司进行了会员体系调整，部分付费会员已升级至超级会员或超级会员Pro。上述会员均可以按月度、季度或年度形式付费。（2）国内机构订阅及服务业务在国内机构订阅及服务业务模式下，公司可为不同规模的组织级客户提供专业级办公软件产品、企业办公云服务及办公解决方案，通常与其签订逐年或多年合同。在合同约定期限内，公司授予此类客户依合同约定设备或用户数使用某一版本软件产品或服务模块的权利；公司依合同约定收取对应的软件授权或服务费用；合同期内，客户享有该版本软件产品或服务模块的升级和技术支持保障，同时客户也可选择付费增加其他增值模块或服务。合同到期后，客户可选择续约。（3）国内机构授权业务在国内机构授权业务模式下，公司可授予部分组织级客户某一版本产品的一定数量的使用权，该使用权通常包括永久授权和随机授权两种，其中随机授权是指，其所购买的授权软件产品永远跟随原始计算机或设备，不可转移安装到其他计算机或设备上。该授权产品通常包含一定期限（通常为一年）的升级保障服务，超出期限的升级和服务保障则需要另外购买。（4）互联网广告推广服务业务（已于2023年12月正式关停）在互联网广告推广服务业务模式下，对于免费用户，公司采用“免费+广告”的盈利模式。公司借助庞大用户群体，凭借良好的品牌价值，成为广告客户推广其产品的重要平台。互联网广告推广是指公司为有推广需求的客户在客户端及网站平台上提供广告位，通过启动客户端产品以及软件使用时的启动封面、开屏页等方式推广客户的服务与产品。广告根据不同位置、类别以及客户不同需求来确定结算方式和收入，比如根据时长、点击量、注册数等确认信息流量，公司每月与客户根据流量信息确认收入。2、销售模式（1）个人办公服务订阅业务销售模式个人办公服务订阅主要通过各类网站及展示位进行在线销售，包括WPSOffice各端及在线广告展示位、微信、淘宝、抖",D:\thailand study\26_7_23paper\05_output\revision_step14d\evidence_text\688111_business_evidence.txt,中游,下游,0,22,48,是,,待审核,,,否
688228,下游,开普云,开普云信息科技股份有限公司,上海证券交易所,信息技术-计算机软件-其他软件服务,信息传输、软件和信息技术服务业-软件和信息技术服务业,"    开普云信息科技股份有限公司(股票代码:688228.SH),AGI时代全栈AI产品服务提供商。公司创立于2000年,秉承“以未来科技,筑数字世界”的使命,围绕数和智,矢志不渝推动创新,是数字中国建设的全程参与者和努力贡献者。开普云自成立以来,累计服务了包括中办、国办、全国人大、中纪委、中央政法委、最高检、国家发改委、新华社、中投、中石油、国家电网等2100多家政府、媒体和企业客户。其中,政务大数据业务覆盖了80%以上的省级政府、60%以上的中直机关和国务院组成部门、60%以上的市级政府。近年来,开普云聚焦“AI算力+大模型+智慧应用”的核心战略,凭借在人工智能领域的深厚积淀和前瞻布局,成功研发出开悟行业大模型、开悟大模型智能应用中台、开悟大模型运营管理系统(LLMOps)等一系列创新产品。在此基础上,公司不断完善业务布局,强化算力底座与数据要素能力建设,成功推出开悟多模态内容生产平台、开悟大模型智能投放平台、AIGC内容安全风控平台(鸠摩智)、边缘计算型大模型一体机(开悟魔盒)、新一代数融平台、虚拟电厂智慧调控平台等产品,满足多元场景下的用户需求。在政务、能源、金融、教育、媒体等多个领域,开普云都实现了AI智慧应用的广泛落地,为行业数字化转型和智能化升级提供了有力支持。作为数字中国建设重要参与力量,开普云一贯重视“产学研管”多方联动,以信创大数据工作组组长单位身份积极参与数字中国相关标准建设,并与北京大学、华北电力大学合作成立联合实验室和研究中心,为国家培养数字化人才,推动数字中国和数智化转型的前沿研究及落地应用。公司恪守“客户为先,至诚为本,拼搏奋斗,创新卓越”的价值观,以智能科技为引擎,持续丰富产品能力并拓展智慧应用场景的边界,推动AI在各行业多元化场景的应用落地,促进数字技术和实体经济深度融合,为社会创造更多价值。","电子商务应用、网络工程、软件及网络系统集成开发;网络技术咨询服务;自营和代理各类商品和技术的进出口,但国家限定公司经营或禁止进出口的商品和技术除外。(依法须经批准的项目,经相关部门批准后方可开展经营活动)",www.kaipuyun.cn,https://emweb.securities.eastmoney.com/PC_HSF10/CompanySurvey/PageAjax?code=SH688228,2026-07-27,成功,,04_code/60gupiao.py与04_code/financialtest60.py中的硬编码名单,否（当前公司概况仅用于补齐基础信息）,开普云2023年年度报告（修订版）,2024-06-20,https://static.cninfo.com.cn/finalpage/2024-06-21/1220416638.PDF,成功,是,成功,D:\thailand study\26_7_23paper\05_output\revision_step14d\reports_2023\688228_2023_annual_report.pdf,成功,缓存,5,"[PDF第25页]2023年年度报告25/3162023年12月文趣星球“数字书坊”获得2023元宇宙百强创新典范。二、报告期内公司所从事的主要业务、经营模式、行业情况及研发情况说明(一)主要业务、主要产品或服务情况报告期内，公司业务按照技术产品特点和行业应用领域划分为：AI大模型与算力、AI内容安全、数智能源和数智政务。1、AI大模型与算力报告期内，公司在人工智能大模型前沿领域实现技术产品和业务突破，新增AI大模型和算力业务板块，开拓公司业务发展的全新增长曲线。报告期初，公司深入分析市场和产业发展趋势，对AI大模型和算力业务方向进行充分论证。AI大模型技术飞速发展，正在成为推动产业转型升级、培育新质生产力的重要关键技术，具备广阔市场空间。AI算力是大模型技术的重要基础，与AI大模型研发和投入生产应用紧密耦合，AI大模型和算力的深度融合是产业发展的关键路径。公司结合自身实际情况，结合公司在人工智能、大数据等领域的技术储备，利用公司在大模型训练数据、人工智能模型训练经验、AI行业应用场景理解等优势，制定“AI算力+大模型+智慧应用”全栈战略，布局AI大模型和算力业务板块。报告期内，公司在AI大模型和算力方面积极投入研发，推出一系列人工智能大模型和算力产品，形成丰富的AI技术产品体系。公司以开悟“云边端AI一体机”系列产品为算力支撑，以开悟多模态大模型为基础，通过开悟大模型运营管理系统和开悟大模型智能应用中台，高效训练行业大模型和敏捷构建组装行业智慧应用，研发开悟多模态内容生产平台、开悟AI知识库问答系统等智慧应用产品，实现全栈AI产品和服务一站式交付能力。公司AI大模型和算力业务的交付方式主要以产品交付为主，主要目标客户包括政府机构、智算中心、大中型企业、媒体单位、运营商、学术和研究机构、AI创业企业等多种客户群体。
[PDF第33页]经组建专业的算力运营团队，团队具有电信运营商、领先技术企业的工作经历，具有丰富的算力运营经验。公司将通过直销方式，面向有算力需求的客户，如AI研发企业、科研机构、软件公司等，探索算力租赁、数据存储与管理、模型训练及优化等服务，进一步拓展销售业务模式。目前，公司不断完善营销和服务体系，已建立起覆盖全国的服务网络，持续加大对各区域客户覆盖的广度和深度，提高了客户响应速度和服务能力，持续增强客户粘性，不断扩大业务收入规模。4、采购模式公司组织架构设立采购部，主要负责各业务板块项目采购及固定资产购置等工作。为满足公司采购产品和服务的质量要求，公司会根据供应商的供货能力、质量、价格、付款方式、售后服务及信誉度等因素对候选供应商进行综合评定，按照对比择优的原则，选择最佳合作供应商。公司对外采购的产品和服务主要包括AI算力硬件、IaaS云服务、产品化软硬件和技术服务。在AI算力硬件供应方面，目前公司已经与国内头部算力厂商签订战略合作协议，在供应链和技术层面对公司提供支持，共同推进在政务、能源、媒体、教育、金融等多个行业打造行业开悟云边端AI一体机。公司对外采购的产品化软硬件和技术服务，主要为满足公司非主业、非核心技术相关的需求，大多为市场竞争充分的服务或产品，相关服务或产品市场供应充足、价格相对稳定，公司的采购需求能够得到充分满足。(三)所处行业情况1.行业的发展阶段、基本特点、主要技术门槛根据中国证监会颁布的《上市公司行业分类指引》（2012年修订），公司所属行业为软件和信息技术服务业（I65）。在“十四五”规划的引导下，中国对数字经济的重视程度不断提升。《数字中国建设整体布局规划》和中央经济工作会议的精神，明确了数字经济作为国民经济的“稳定器”和“加速器”的双重角色，为经济发展描绘了方向。软件和信息技术服务业作为新质生产力的重要组成部分，正成为推动全球经济和社会进步的关键力量。该行业在人工智能、大数据、云计算等尖端技术领域
[PDF第58页]2023年年度报告58/316司根据与华北电力大学签订的委托研发合同，委托联合共建的虚拟电厂调控技术研究中心研发“虚拟电厂智慧调控平台”，该平台依托信息化技术实现光、储为主的多种能源资产管理和运营，主要服务对象为新能源发电企业、大型工商业用户以及新能源资产运营方，支持与电力交易市场和以调度为主体的电网系统对接，以虚拟电厂的形式实现光伏、储能等新能源资产并网。华北电力大学是教育部直属全国重点大学，聚力打造战略科研力量，积极参与国家创新体系建设，在新能源、特高压、智能电网、清洁煤电、核电等重要领域取得了显著成果。报告期内，由于该研发项目的成本能够可靠计量，且该研发项目完工后与其相关的经济利益很可能流入企业，故公司待整个研发项目完工验收后转入无形资产。研发投入资本化的比重大幅变动主要系公司按研发项目进度继续对虚拟电厂智慧调控平台研发项目投入所致。报告期内，除该项目外，公司无其他项目进行研发投入资本。
[PDF第63页]2023年年度报告63/316运营，主要服务对象为新能源发电企业、大型工商业用户以及新能源资产运营方，在新能源产业链条中，对接光伏、储能设备，以及PCS等相关系统及其他动环模块，实现新能源资产的管理和调控，支持与电力交易市场和以调度为主体的电网系统对接，以虚拟电厂的形式实现储能/光伏资产并网。有先进性16云勘验智慧审批平台200,000.00104,050.90104,050.90产品已结项通过开展远程视频勘察，一是减少行政成本，利用远程视频勘察代替传统现场勘察，解决勘察人员不足的问题，同时节省车辆运行维护费用，缩减办公开支。二是降低廉政风险，通过远程视频勘察实现“不见面勘察”，有效杜绝勘察标准不一、自由裁量过大、吃拿卡要等情况。三是提高审批效率，远程视频勘察突破时间、空间限制，解决反复勘察浪费时间、申请人时间不固定等问题，全面提升审批服务工作的便捷度、廉洁度和满意度。四是远程视频勘察的后台数据可储存下载、长期保存，对日后查证、监管、全程追溯提供有力保障，也方便市民和企业监督。在政务服务领域具有先进性数智政务17视频办政务服务平台2,800,000.00483,304.19483,304.19产品开发阶段相较于传统的“网上办、指尖办”，或者以文字、语音为主的线上服务方式，视频办政务服务平台立足“泛在可及、数字普惠”理念，提供专业化咨询导办、手把手在线协办、面对面专属帮办和心连心创新暖办等一系列特色服务。一是平台配备专业客服人员在线进行视频辅导，同时支持语音、文字和图片等多在政务服务领域具有先进性数智政务
[PDF第75页]和拓尔思AI大模型相关业务与公司AI大模型业务的毛利率较为接近。因此，公司AI大模型业务毛利率与可比公司相似业务的毛利率不存在重大差异。公司AI大模型业务未来的毛利率主要受销售产品结构及市场竞争情况影响。销售产品结构方面，公司AI大模型业务主要产品包括开悟多模态大模型、开悟云边端AI一体机、开悟多模态内容生产平台等产品。其中，开悟多模态大模型、开悟多模态内容生产平台产品主体为公司自研软件，辅以少量配套硬件进行销售，由于软件开发费用已于发生当期计入研发",D:\thailand study\26_7_23paper\05_output\revision_step14d\evidence_text\688228_business_evidence.txt,下游,中游,19,25,12,是,,待审核,,,否
688369,下游,致远互联,北京致远互联软件股份有限公司,上海证券交易所,信息技术-计算机软件-行业应用软件,信息传输、软件和信息技术服务业-软件和信息技术服务业,"    北京致远互联软件股份有限公司2002年成立,总部设在北京,在北京、成都有两大研发基地,是一家集产品设计、研发、销售与服务于一体的高新技术企业。为客户提供专业的协同运营管理产品、解决方案、平台及云服务。2019年10月31日在科创板上市。致远互联从OA(协同办公)到协同业务再到AI-COP(数智化协同运营平台),构筑一体化数智运营新基座,提供可组装、自生长的数智化能力,并通过“平台+生态”模式提供一站式解决方案,与华为、百度、联通、京东、钉钉等头部生态厂商建立战略合作。目前全国有60+分支机构,服务超5万家中大型政企客户,服务客户包括贵州省政府、中国石油、中国建筑、中国南水北调、中国中车、中林集团、顺丰等众多政务、央国企及行业头部企业。","一般项目:技术服务、技术开发、技术咨询、技术交流、技术转让、技术推广;人工智能基础软件开发;网络与信息安全软件开发;软件开发;人工智能应用软件开发;软件销售;软件外包服务;人工智能理论与算法软件开发;计算机软硬件及辅助设备零售;信息系统集成服务;信息技术咨询服务;计算机系统服务;电子产品销售;机械设备销售;非居住房地产租赁;货物进出口;技术进出口。(除依法须经批准的项目外,凭营业执照依法自主开展经营活动)许可项目:第一类增值电信业务;第二类增值电信业务。(依法须经批准的项目,经相关部门批准后方可开展经营活动,具体经营项目以相关部门批准文件或许可证件为准)(不得从事国家和本市产业政策禁止和限制类项目的经营活动)。",www.seeyon.com,https://emweb.securities.eastmoney.com/PC_HSF10/CompanySurvey/PageAjax?code=SH688369,2026-07-27,成功,,04_code/60gupiao.py与04_code/financialtest60.py中的硬编码名单,否（当前公司概况仅用于补齐基础信息）,北京致远互联软件股份有限公司2023年年年度报告全文,2024-04-25,https://static.cninfo.com.cn/finalpage/2024-04-26/1219841101.PDF,成功,是,成功,D:\thailand study\26_7_23paper\05_output\revision_step14d\reports_2023\688369_2023_annual_report.pdf,成功,80,5,"[PDF第7页]会计数据和财务指标(一)主要会计数据单位：元币种：人民币主要会计数据2023年2022年本期比上年同期增减(%)2021年营业收入1,044,650,186.051,032,429,773.921.181,031,229,259.91扣除与主营业务无关的业务收入和不具备商业实质的收入后的营业收入1,041,946,384.751,029,600,232.741.201,029,546,680.71归属于上市公司股东的净利润-50,018,117.0394,080,587.34-153.17128,789,371.84归属于上市公司股东的扣除非经常性损益的净利润-58,383,730.7884,400,330.12-169.17120,370,909.32经营活动产生的现金流量净额-110,992,187.23-119,292,003.19不适用135,454,873.06
[PDF第15页]，优化公司组织管理模式，致力于提升客户成功和提升客户价值。在人才发展方面，聚焦行业关键人才雇主品牌吸引力，持续引入数字化人才，深耕人才发展双通道，做好员工内部培养，持续提升内部人才密度和人才结构，关注干部和员工成长。二、报告期内公司所从事的主要业务、经营模式、行业情况及研发情况说明(一)主要业务、主要产品或服务情况公司始终专注于企业级协同管理软件领域，为客户提供协同管理软件产品、解决方案、协同管理平台及云服务，集协同管理产品的设计、研发、销售及服务为一体，是中国领先的协同管理软件提供商。公司坚持协同管理软件“平台化和生态化”的发展战略，拥有自主研发的协同技术平台COP-V5和COP-V8，支持混合云部署、可广泛多端连接与服务云化，且通过其低代码搭建能力，为客户实现业务定制化与应用整合功能，深耕企业及政务两大市场客户。其中，COP-V8平台采用云原生、微服务架构等主流技术栈，满足超大/大型集团组织的数字化转型需求，支持超大/大型组织的专
[PDF第17页]政机关多层级组织管理、公文管理、会议管理、督查督办、行政审批、信息报送等政务办公与事务处理应用，并且针对政府业务特点，提供智慧党建、政务数据服务、互联网+政务、拟态安全等创新解决方案，优化政务办公模式，提升行政运行效能，形成地方党政各级机关核心业务全覆盖、横向纵向全贯通的全方位数字化协同工作体系。营销服务云：以“云+端”的方式，提供云营销服务、云交付服务和云生态服务，打通从营销到交付到生态的线上营销闭环，持续赋能员工、生态伙伴和客户，提供多样化应用定制服务，满足客户个性化需求的规模化交付，提升交付效率，有效控制营销与交付成本。行业云：依托于COP-V8技术平台，基于多云适配能力入驻行业云平台，基于低代码平台，提供行业解决方案的设计与定制，基于微服务和多租户能力提供面向行业协同运营需求的SaaS服务。2.交付服务将协同管理软件产品和解决方案按照客户需求进行部署，满足客户使用需求，公司结合成功实施交付经验和多年积累的专业知识，构建了“1+4+N”实施交付服务体系，达成客户应用价值主张。基于成熟的低代码平台，推动“云+端”相结合的交付模式，实现多人同时在线实施，并提供大量可参考或可复制的业务实践成果，以平台化支撑产品化和规模化交付，提升项目交付效率，为更多客户提供优质服务。(二)主要经营模式由于客户覆盖区域较广，结合不同产品系列适用的销售模式，采取直销与经销相结合的经营模式，构建成熟、稳定的营销服务体系，具体情况如下：1.直销模式直销模式是公司直接与客户签订产品与服务销售合同，并进行相关软件产品交付和服务的模式。公司的直销模式主要以A9C、A8和G6等系列产品的销售为主。2.经销模式
[PDF第19页]展明确了发展路径。根据艾瑞咨询《2023年中国信创产业研究报告》，2022年中国信创市场规模为472亿元，增速为43.0%。未来5年，随中国信创市场整体规模仍将保持30%以上的年增长，随着行业信创的深入、应用软件的成熟，信创产品将渗透至更多核心业务场景，预期2025年恢复高增速，于2026年突破2000亿。3）信息技术服务赋能客户，逐步形成合作伙伴生态随着新一代信息技术日益普及，软件与信息技术服务商通过新技术应用，升级原有服务内容，提升服务能力，与客户的合作将不局限于成本控制，而是共同创造新价值，形成伙伴式的合作模式。特别是生态伙伴赋能，将在行业整体技术水平提高中逐步提高服务附加值，在用户追求更完善的产品和服务、市场竞争更加激烈的环境下，服务内涵变“被动服务”为“主动服务”模式，主动挖掘跟踪客户需求并提供与之匹配的服务，实现从单一交付实施到整体方案服务的技术赋能提升。4）AI技术与云技术结合发展，助推企业智能化随着云服务商业模式和AI技术的日益成熟，它们在软件行业中的融合发展更加深入，云计算提供了强大的数据处理能力和可扩展的资源，为AI模型的训练和部署提供了支持。同时，AI技术的进步也使得云服务更加智能化和自动化。与此同时，随着AI和云技术的发展，软件行业也越来越多地采用服务化模式，如软件即服务（SaaS）、平台即服务（PaaS）和基础设施即服务（IaaS）。这些服务模式使得企业能够更加灵活地使用和支付软件资源，同时能够快速响应市场变化。云技术使得软件应用能够支持多租户架构，即多个客户可以在同一个应用实例中独立操作，而互不影响。这种架构提高了资源利用率，降低了成本，并且可以通过AI技术实现更加精细化的资源管理和服务定制。AI技术与云技术的结合发展，不仅助推企业智能化水平的发展，还提高了软件可拓展性和可用性等，降低了企业运营成本。2.公司所处的行业地位分析及其变化情况公司是协同管理软件与服务行业领先的解决方案、软件
[PDF第31页]产品创新，凭借良好的产品品质与客户服务，不断推进客户市场拓展，扩大客户覆盖，保持长期稳定经营以分散风险。(八)存托凭证相关风险□适用√不适用(九)其他重大风险□适用√不适用五、报告期内主要经营情况请参见本节“一、经营情况讨论与分析”。(一)主营业务分析1.利润表及现金流量表相关科目变动分析表单位：元币种：人民币科目本期数上年同期数变动比例（%）营业收入1,044,650,186.051,032,429,773.921.18营业成本329,699,575.67286,816,562.4814.95销售费用448,999,689.85404,248,113.5911.07管理费用90,827,799.5487,501,682.313.80财务费用-12,174,427.57-19,180,072.76不适用研发费用236,783,669.70204,981,111.1715.51",D:\thailand study\26_7_23paper\05_output\revision_step14d\evidence_text\688369_business_evidence.txt,下游,中游,0,30,7,是,,待审核,,,否
