time,thscode,open,close,changeRatio,volume,amount
2019-01-02,000001.SH,2497.8805,2465.291,-1.1470084440563,109932013.0,97592571964.1
2019-01-03,000001.SH,2461.7829,2464.3628,-0.037650727642306,124397497.0,106922789480.5
2019-01-04,000001.SH,2446.0193,2514.8682,2.0494303841951,168877667.0,139298675029.5
2019-01-07,000001.SH,2528.6987,2533.0887,0.72451112945004,177305010.0,145513241619.1
2019-01-08,000001.SH,2530.3001,2526.4622,-0.26159762980269,158099181.0,123379039796.9
2019-01-09,000001.SH,2536.4173,2544.3449,0.70781585412203,191887930.0,160812526962.9
2019-01-10,000001.SH,2543.8534,2535.0985,-0.36340985060634,159874326.0,132692331455.9
2019-01-11,000001.SH,2539.5487,2553.8313,0.73893775725084,149444100.0,122375663403.6
2019-01-14,000001.SH,2553.3284,2535.7653,-0.70740772892868,144825464.0,116243416786.5
2019-01-15,000001.SH,2537.3697,2570.3449,1.3636751003731,160265530.0,137374981256.1
2019-01-16,000001.SH,2569.0697,2570.4221,0.0030034879754744,149301539.0,126876314388.3
2019-01-17,000001.SH,2573.5755,2559.637,-0.41958478337078,162468134.0,127546126672.0
2019-01-18,000001.SH,2567.7386,2596.0056,1.420849909577,190767237.0,151270430648.1
2019-01-21,000001.SH,2599.0575,2610.5094,0.55869679171724,163425115.0,139915486180.0
2019-01-22,000001.SH,2609.6421,2579.7041,-1.1800493804006,152537773.0,122995435447.2
2019-01-23,000001.SH,2575.2583,2581.0041,0.050393376511678,131426798.0,105101323588.3
2019-01-24,000001.SH,2584.6481,2591.6935,0.41415664546987,154042046.0,131575040338.5
2019-01-25,000001.SH,2596.2618,2601.7234,0.38700178088188,159394026.0,135415167658.4
2019-01-28,000001.SH,2615.7118,2596.9767,-0.18244445201207,146981765.0,127465636690.6
2019-01-29,000001.SH,2592.3549,2594.2536,-0.10485654337985,155581112.0,126749049397.8
2019-01-30,000001.SH,2584.7459,2575.5756,-0.71997587282908,120502571.0,101103927482.9
2019-01-31,000001.SH,2581.3315,2584.5724,0.34931220811379,154303869.0,126013247424.1
2019-02-01,000001.SH,2597.7777,2618.2323,1.3023392186653,131986850.0,111522628284.4
2019-02-11,000001.SH,2613.1742,2653.896,1.3621289447846,154898858.0,137307189959.3
2019-02-12,000001.SH,2654.0349,2671.8937,0.67816146525711,184101179.0,156741540430.0
2019-02-13,000001.SH,2674.5198,2721.0683,1.8404399845697,243794010.0,207125315890.1
2019-02-14,000001.SH,2715.5358,2719.6999,-0.050289072126556,197037349.0,170330837114.8
2019-02-15,000001.SH,2712.7862,2682.385,-1.3720227000045,196004265.0,169823260271.9
2019-02-18,000001.SH,2699.8171,2754.3566,2.6831196863985,260436007.0,224184077182.5
2019-02-19,000001.SH,2759.496,2755.6459,0.04680947993444,288046271.0,247121050483.1
2019-02-20,000001.SH,2761.0588,2761.2189,0.20223933706431,245972527.0,205446929277.4
2019-02-21,000001.SH,2759.9383,2751.8012,-0.34107038742926,298649969.0,253033376928.3
2019-02-22,000001.SH,2749.4615,2804.2262,1.9051158201399,301481411.0,264518879182.1
2019-02-25,000001.SH,2838.3896,2961.2834,5.6007322091206,528658590.0,465991432608.3
2019-02-26,000001.SH,2969.0976,2941.5163,-0.66751800925234,565557967.0,492396545211.4
2019-02-27,000001.SH,2939.9287,2953.8242,0.41842025488692,474976453.0,411837618669.0
2019-02-28,000001.SH,2950.0548,2940.9538,-0.43571990506409,350206602.0,298763953094.6
2019-03-01,000001.SH,2954.4021,2994.005,1.8038773679478,345786200.0,307337666712.7
2019-03-04,000001.SH,3015.9427,3027.5755,1.1212573125295,525649436.0,480603655461.5
2019-03-05,000001.SH,3019.8797,3054.2466,0.88093922017799,424142529.0,382768537216.5
2019-03-06,000001.SH,3060.4327,3102.0991,1.5667529923746,555006365.0,485478321264.2
2019-03-07,000001.SH,3103.6677,3106.4179,0.13922185787037,583817065.0,525725224727.9
2019-03-08,000001.SH,3038.3362,2969.8614,-4.3959474995299,577855473.0,525598246404.4
2019-03-11,000001.SH,2969.0802,3026.9925,1.9236958330783,426213029.0,404368420343.7
2019-03-12,000001.SH,3049.0844,3060.3073,1.1005907678992,511173158.0,487066630174.8
2019-03-13,000001.SH,3062.3267,3026.9513,-1.0899559008339,453214625.0,451247303676.1
2019-03-14,000001.SH,3013.597,2990.685,-1.1981130981526,373141798.0,356240351162.7
2019-03-15,000001.SH,3000.8789,3021.7512,1.0387653664629,341206139.0,344721502662.0
2019-03-18,000001.SH,3027.8012,3096.4176,2.4709645188525,397797179.0,398469604846.2
2019-03-19,000001.SH,3099.8971,3090.975,-0.17577086501512,350908860.0,353216791297.4
2019-03-20,000001.SH,3084.1704,3090.6403,-0.010828298514219,358557505.0,349295405517.5
2019-03-21,000001.SH,3094.1247,3101.455,0.34991778240903,414251182.0,403939834712.8
2019-03-22,000001.SH,3100.7264,3104.1487,0.086852783612861,364848346.0,356678334990.7
2019-03-25,000001.SH,3058.8016,3043.0313,-1.9688940803641,380278762.0,375375662768.9
2019-03-26,000001.SH,3057.559,2997.0954,-1.5095441180641,353498021.0,341444826639.7
2019-03-27,000001.SH,3012.2573,3022.7196,0.8549677798044,291390357.0,295075954780.7
2019-03-28,000001.SH,3009.7988,2994.9434,-0.91891421222133,288106425.0,289554565453.7
2019-03-29,000001.SH,3000.6783,3090.758,3.1992123791054,375082991.0,386699608662.9
2019-04-01,000001.SH,3111.6619,3170.361,2.5755170738052,466124693.0,480085938357.8
2019-04-02,000001.SH,3183.2736,3176.8227,0.20381590613814,447068981.0,462662081758.2
2019-04-03,000001.SH,3159.1468,3216.2952,1.242515044985,430548635.0,442622040973.5
2019-04-04,000001.SH,3233.6886,3246.5714,0.94133772298015,469117669.0,475156382127.4
2019-04-08,000001.SH,3271.2722,3244.8103,-0.054244918192765,504518403.0,506431236827.2
2019-04-09,000001.SH,3240.3938,3239.6639,-0.15860403303084,364169997.0,380272975904.4
2019-04-10,000001.SH,3224.6454,3241.9299,0.069945527373999,380134408.0,395669974866.2
2019-04-11,000001.SH,3241.5474,3189.9619,-1.6029957958067,353031879.0,360684555861.5
2019-04-12,000001.SH,3184.8595,3188.6256,-0.041890782457306,289788996.0,288908971170.0
2019-04-15,000001.SH,3233.4583,3177.7866,-0.3399270205947,348809785.0,355666127694.4
2019-04-16,000001.SH,3164.3969,3253.5978,2.3856605097397,357918752.0,360166633558.6
2019-04-17,000001.SH,3250.1518,3263.1179,0.29260223866638,357541796.0,354509888123.1
2019-04-18,000001.SH,3261.0742,3250.2012,-0.3958392064228,325539942.0,323508178628.7
2019-04-19,000001.SH,3250.1452,3270.7973,0.63368692375107,315198004.0,315131920244.6
2019-04-22,000001.SH,3278.4906,3215.0426,-1.7046210720548,353217387.0,359154297129.4
2019-04-23,000001.SH,3211.8719,3198.5938,-0.51161997044767,328361207.0,324870183351.8
2019-04-24,000001.SH,3203.5588,3201.6137,0.094413363772536,274872164.0,278410852523.4
2019-04-25,000001.SH,3190.5851,3123.8261,-2.4296372794756,325879129.0,309076083734.6
2019-04-26,000001.SH,3108.1635,3086.3989,-1.1981204715589,280873854.0,274776402268.2
2019-04-29,000001.SH,3090.6331,3062.4985,-0.77437819200882,292114886.0,289063278921.6
2019-04-30,000001.SH,3052.6223,3078.3389,0.51723780436138,222302517.0,225498129185.1
2019-05-06,000001.SH,2984.7273,2906.464,-5.5833651064215,326972269.0,314336519407.8
2019-05-07,000001.SH,2914.2914,2926.3908,0.68560284937299,253281769.0,245444215231.0
2019-05-08,000001.SH,2873.1433,2893.7567,-1.1151654796072,231530519.0,218892618337.2
2019-05-09,000001.SH,2871.1968,2850.9537,-1.4791499230049,200041133.0,197446880734.3
2019-05-10,000001.SH,2878.2344,2939.2106,3.0956974152193,282306808.0,274176261974.6
2019-05-13,000001.SH,2905.067,2903.7131,-1.2077222367121,212029882.0,202624124954.1
2019-05-14,000001.SH,2872.8336,2883.6107,-0.69229980055536,208345353.0,201223315431.5
2019-05-15,000001.SH,2902.6423,2938.6781,1.9096683196522,230519701.0,226262785583.4
2019-05-16,000001.SH,2933.4954,2955.711,0.5796109482015,248385701.0,226203068860.7
2019-05-17,000001.SH,2955.7669,2882.2962,-2.4838287640436,266301643.0,247875177675.5
2019-05-20,000001.SH,2874.8011,2870.6046,-0.40563492398873,209472442.0,199210776230.5
2019-05-21,000001.SH,2867.7066,2905.9688,1.2319425670815,211387022.0,202777774097.5
2019-05-22,000001.SH,2905.5241,2891.7046,-0.49085867680341,200026905.0,193629366618.9
2019-05-23,000001.SH,2880.8426,2852.5153,-1.3552317895818,197340309.0,192869487263.9
2019-05-24,000001.SH,2847.8356,2852.9948,0.016809725788321,167205490.0,162689316181.4
2019-05-27,000001.SH,2851.2809,2892.3782,1.3804231259027,196720902.0,193768714251.8
2019-05-28,000001.SH,2890.2658,2909.9106,0.60615862752665,223310557.0,227253813690.0
2019-05-29,000001.SH,2894.8297,2914.6964,0.16446553375212,198958821.0,202855039152.7
2019-05-30,000001.SH,2903.4246,2905.8054,-0.30504034656919,205758789.0,197105555808.7
2019-05-31,000001.SH,2904.4976,2898.6961,-0.2446585032845,195230580.0,191280403618.3
2019-06-03,000001.SH,2901.7424,2890.0809,-0.29720949360646,215943554.0,208073320323.1
2019-06-04,000001.SH,2887.6405,2862.2803,-0.96193155008222,188463541.0,181118915530.5
2019-06-05,000001.SH,2882.9369,2861.4181,-0.030122835978015,181561047.0,175200844236.4
2019-06-06,000001.SH,2862.3327,2827.7978,-1.174952377634,177064411.0,164850546682.3
2019-06-10,000001.SH,2833.0145,2852.1302,0.86047170699405,166585918.0,162489831383.9
2019-06-11,000001.SH,2854.0704,2925.7162,2.5800364934252,260525796.0,254479985773.8
2019-06-12,000001.SH,2917.2239,2909.3796,-0.55837951746651,240255775.0,223063953327.3
2019-06-13,000001.SH,2905.2877,2910.7406,0.046779732696272,212957791.0,191748206694.5
2019-06-14,000001.SH,2912.9988,2881.9743,-0.98828112680327,215435796.0,194303111838.0
2019-06-17,000001.SH,2880.4226,2887.6221,0.19596982526875,153964960.0,143141637323.7
2019-06-18,000001.SH,2891.0917,2890.158,0.087819663106189,147705320.0,136935231690.1
2019-06-19,000001.SH,2944.1154,2917.8029,0.9565186401574,230756973.0,225567257985.6
2019-06-20,000001.SH,2917.331,2987.1186,2.3756128284059,291011537.0,288296546353.3
2019-06-21,000001.SH,2990.3687,3001.9802,0.4975229306262,286973835.0,276662458531.2
2019-06-24,000001.SH,3004.2891,3008.1479,0.20545438640801,210493894.0,211237183001.3
2019-06-25,000001.SH,3004.9095,2982.0738,-0.86678251425071,243699244.0,244315077409.3
2019-06-26,000001.SH,2964.6153,2976.2837,-0.19416353813914,174449533.0,172516055226.7
2019-06-27,000001.SH,2982.6125,2996.7926,0.68907745588904,195397049.0,208618648070.5
2019-06-28,000001.SH,2992.2426,2978.8784,-0.59777910556774,181431523.0,183641767342.2
2019-07-01,000001.SH,3024.6238,3044.9028,2.2164180988388,250840433.0,266541056906.7
2019-07-02,000001.SH,3042.58,3043.9428,-0.031528100010287,214520624.0,229566616522.2
2019-07-03,000001.SH,3031.832,3015.2633,-0.94218261920033,212296173.0,218657994390.2
2019-07-04,000001.SH,3015.6785,3005.2488,-0.33212688258436,194415133.0,202266388594.3
2019-07-05,000001.SH,3004.7383,3011.0588,0.19332841926432,156755429.0,163180842756.1
2019-07-08,000001.SH,2997.8067,2933.3634,-2.5803348642677,211541268.0,205568813499.7
2019-07-09,000001.SH,2928.8188,2928.2295,-0.1750175242522,145110604.0,154251421843.3
2019-07-10,000001.SH,2935.1855,2915.3022,-0.44147154449471,135483538.0,141236258614.0
2019-07-11,000001.SH,2928.0553,2917.7609,0.084337740355018,143692522.0,152181407950.6
2019-07-12,000001.SH,2915.3401,2930.5462,0.43818874946196,137794759.0,142918869589.5
2019-07-15,000001.SH,2921.546,2942.1853,0.39716486981164,167643397.0,176533201236.5
2019-07-16,000001.SH,2938.6411,2937.6168,-0.1552757401106,131811751.0,140766389027.7
2019-07-17,000001.SH,2933.0227,2931.6926,-0.20166687499881,149631616.0,152162962633.0
2019-07-18,000001.SH,2921.7387,2901.1766,-1.0409003999942,149888828.0,149088843109.1
2019-07-19,000001.SH,2909.6794,2924.2006,0.79360904813586,149469553.0,149071212018.7
2019-07-22,000001.SH,2925.7882,2886.974,-1.2730521975818,180674960.0,204289434230.9
2019-07-23,000001.SH,2886.9044,2899.9446,0.44928011128606,129310508.0,148077349286.5
2019-07-24,000001.SH,2907.9275,2923.2775,0.80459812921945,155245762.0,178858104011.7
2019-07-25,000001.SH,2923.1886,2937.3601,0.48174010164959,145684385.0,175356381731.3
2019-07-26,000001.SH,2928.0614,2944.541,0.24446781312241,139343388.0,158774666102.8
2019-07-29,000001.SH,2943.918,2941.007,-0.12001870580169,127991846.0,147439134515.0
2019-07-30,000001.SH,2946.2566,2952.3383,0.38528640020237,148316462.0,170866349932.7
2019-07-31,000001.SH,2944.3977,2932.5058,-0.67175567244445,141052348.0,164607873474.5
2019-08-01,000001.SH,2920.8506,2908.766,-0.80953974583784,142389813.0,171115635674.7
2019-08-02,000001.SH,2861.3323,2867.8376,-1.4070709022314,184888443.0,216327400622.9
2019-08-05,000001.SH,2854.578,2821.4957,-1.6159178608998,167419423.0,196891483092.0
2019-08-06,000001.SH,2776.9889,2777.5559,-1.5573229475416,231123727.0,255209231212.7
2019-08-07,000001.SH,2789.0187,2768.6795,-0.31957592644669,157716752.0,176475728419.2
2019-08-08,000001.SH,2784.1835,2794.5523,0.93448158228497,149539564.0,178156148351.1
2019-08-09,000001.SH,2805.5856,2774.7532,-0.70848915584796,148240293.0,171140338786.0
2019-08-12,000001.SH,2781.9816,2814.9944,1.4502623152214,131563433.0,162523259780.8
2019-08-13,000001.SH,2798.0512,2797.2596,-0.63001191050327,130916505.0,153957510633.6
2019-08-14,000001.SH,2824.4864,2808.9146,0.41665778893029,144014641.0,173944883280.2
2019-08-15,000001.SH,2762.339,2815.7976,0.24504126967761,152772152.0,173670539178.0
2019-08-16,000001.SH,2817.5708,2823.8238,0.28504179419715,148582344.0,186139370281.6
2019-08-19,000001.SH,2835.5181,2883.096,2.0990049025013,214546668.0,247092216349.3
2019-08-20,000001.SH,2879.0816,2880.0012,-0.10734293967318,189677206.0,209774344402.7
2019-08-21,000001.SH,2875.4708,2880.3307,0.011440967455146,159019665.0,183187275170.4
2019-08-22,000001.SH,2887.6649,2883.4358,0.10780359352488,149206215.0,169662167205.1
2019-08-23,000001.SH,2885.151,2897.4253,0.48516772941502,159156826.0,192567132743.2
2019-08-26,000001.SH,2851.0158,2863.5673,-1.1685547164926,169895363.0,191036667851.2
2019-08-27,000001.SH,2879.5154,2902.1932,1.3488734837837,208141794.0,230999692856.6
2019-08-28,000001.SH,2901.6267,2893.7564,-0.29070428529706,183097903.0,201805050636.7
2019-08-29,000001.SH,2895.9991,2890.9192,-0.098045571493177,178613082.0,196332770520.7
2019-08-30,000001.SH,2907.3825,2886.2365,-0.16197962225993,193959951.0,224751169931.0
2019-09-02,000001.SH,2886.9418,2924.1063,1.3120823605411,202786807.0,226043693267.5
2019-09-03,000001.SH,2925.9422,2930.1538,0.20681532678891,189001216.0,225070157347.7
2019-09-04,000001.SH,2927.747,2957.4116,0.93025151102989,225495907.0,251212694015.0
2019-09-05,000001.SH,2972.6619,2985.8648,0.96209807251719,305438706.0,340200666588.4
2019-09-06,000001.SH,2996.6216,2999.6013,0.46005097082761,216826035.0,258318744860.5
2019-09-09,000001.SH,3023.778,3024.7388,0.83802804059327,243377752.0,286236532120.2
2019-09-10,000001.SH,3027.4103,3021.2024,-0.11691588047206,240012947.0,275321751633.7
2019-09-11,000001.SH,3029.9334,3008.8118,-0.41012148011004,229837362.0,263389555030.7
2019-09-12,000001.SH,3016.6267,3031.2351,0.74525432265321,196968701.0,224576025296.5
2019-09-16,000001.SH,3041.922,3030.7544,-0.015858222280419,221878959.0,237442265430.3
2019-09-17,000001.SH,3023.7109,2978.1178,-1.7367491077469,223338061.0,237738935883.5
2019-09-18,000001.SH,2984.0837,2985.6586,0.25320690806792,168046699.0,199953631553.7
2019-09-19,000001.SH,2992.9222,2999.2789,0.45619080493663,162690615.0,193206549457.7
2019-09-20,000001.SH,3004.8142,3006.4467,0.23898411048069,182145302.0,218390586897.9
2019-09-23,000001.SH,2998.3995,2977.0767,-0.9769007380041,168139450.0,199130548848.8
2019-09-24,000001.SH,2979.4752,2985.3406,0.27758438336506,163902761.0,206245805621.8
2019-09-25,000001.SH,2977.6676,2955.4325,-1.0018320857593,168543135.0,203782754189.5
2019-09-26,000001.SH,2964.4776,2929.0875,-0.89140929457871,188932541.0,216277562940.9
2019-09-27,000001.SH,2929.486,2932.167,0.10513513167496,132905777.0,153311002448.5
2019-09-30,000001.SH,2927.9165,2905.1892,-0.92006355708935,116646811.0,142591702469.6
2019-10-08,000001.SH,2905.7559,2913.5704,0.28849067730254,125535812.0,151980792048.8
2019-10-09,000001.SH,2902.0751,2924.8566,0.38736664815101,130424144.0,150940230848.7
2019-10-10,000001.SH,2923.7069,2947.7106,0.78137164057889,134239752.0,157159976838.2
2019-10-11,000001.SH,2954.8189,2973.6558,0.88018138551322,161203746.0,182747393140.5
2019-10-14,000001.SH,2993.9617,3007.8834,1.1510276340658,208614802.0,221201755725.0
2019-10-15,000001.SH,3005.6646,2991.0459,-0.5597790127104,155376904.0,169531932488.0
2019-10-16,000001.SH,2992.6103,2978.7124,-0.41234739995131,149885496.0,166791549362.3
2019-10-17,000001.SH,2979.9929,2977.3342,-0.046268313785517,122527614.0,136051252104.1
2019-10-18,000001.SH,2982.3417,2938.1413,-1.3163755684531,149990678.0,162018272294.3
2019-10-21,000001.SH,2933.8969,2939.6179,0.050256262351998,132475107.0,145685881220.2
2019-10-22,000001.SH,2945.6001,2954.3799,0.50217410909084,117482048.0,130381741175.0
2019-10-23,000001.SH,2952.9693,2941.6188,-0.43193835701359,123812881.0,139653650476.2
2019-10-24,000001.SH,2944.0067,2940.9215,-0.02370463501254,126540290.0,141667232980.1
2019-10-25,000001.SH,2940.4741,2954.9327,0.47642210103194,136860706.0,160224090643.7
2019-10-28,000001.SH,2958.686,2980.0498,0.85000582246763,173731481.0,198817012244.7
2019-10-29,000001.SH,2979.0365,2954.176,-0.86823381273695,166110058.0,195288081599.2
2019-10-30,000001.SH,2949.4631,2939.3209,-0.50285087956844,158798110.0,181529501311.8
2019-10-31,000001.SH,2944.8427,2929.0561,-0.34922352302535,161571483.0,181801937403.8
2019-11-01,000001.SH,2924.3402,2958.1992,0.99496557952578,159907373.0,175630839104.9
2019-11-04,000001.SH,2964.576,2975.4919,0.58456847665972,167248364.0,188710094728.1
2019-11-05,000001.SH,2977.7048,2991.5622,0.54008885051913,179891593.0,203691630168.5
2019-11-06,000001.SH,2992.0399,2978.5955,-0.43344243352186,165263547.0,183985236208.0
2019-11-07,000001.SH,2978.1531,2978.7144,0.003991814262794,136952678.0,155834877729.5
2019-11-08,000001.SH,2993.9773,2964.1849,-0.4877775459104,149742107.0,173867227160.0
2019-11-11,000001.SH,2949.9619,2909.9746,-1.8288434031224,157916105.0,166285140292.0
2019-11-12,000001.SH,2912.9956,2914.8232,0.16662001104751,129729154.0,139060726168.1
2019-11-13,000001.SH,2913.0197,2905.2409,-0.32874378109794,129765841.0,146943636679.9
2019-11-14,000001.SH,2907.7358,2909.8697,0.15932585831352,129145448.0,151576183392.5
2019-11-15,000001.SH,2911.35,2891.3431,-0.63668142941246,135519463.0,152576392736.1
2019-11-18,000001.SH,2889.5495,2909.2002,0.61760570718847,124433177.0,144677413724.4
2019-11-19,000001.SH,2904.2783,2933.9908,0.85214486098275,135417604.0,155770741258.1
2019-11-20,000001.SH,2928.1068,2911.0534,-0.78178159249853,137357530.0,158543195636.3
2019-11-21,000001.SH,2902.5529,2903.6379,-0.25473596602521,123458607.0,139851207904.3
2019-11-22,000001.SH,2906.2433,2885.2884,-0.63194863243796,158623365.0,180593829183.0
2019-11-25,000001.SH,2885.6133,2906.1688,0.72368502226675,178587429.0,174234583322.5
2019-11-26,000001.SH,2912.5209,2907.0602,0.03067268494521,170004663.0,165496766152.1
2019-11-27,000001.SH,2905.3959,2903.1947,-0.13296938260858,133862205.0,137449697225.6
2019-11-28,000001.SH,2902.3644,2889.6934,-0.4650497605276,119522468.0,122616545190.7
2019-11-29,000001.SH,2885.9744,2871.9813,-0.61294045935808,122612968.0,140371316361.6
2019-12-02,000001.SH,2874.4484,2875.8072,0.13321465568039,128755806.0,139351761451.8
2019-12-03,000001.SH,2869.8822,2884.6988,0.30918623473785,123778742.0,135278611915.1
2019-12-04,000001.SH,2876.9079,2878.1157,-0.22820753418001,125543653.0,135879221485.6
2019-12-05,000001.SH,2886.5164,2899.4685,0.74190207155328,143163096.0,159736592279.3
2019-12-06,000001.SH,2902.278,2912.0136,0.43266895294777,134128878.0,149507333320.7
2019-12-09,000001.SH,2914.4576,2914.4775,0.084611555385584,160796527.0,174546478213.6
2019-12-10,000001.SH,2908.9439,2917.3157,0.097382807038316,170123998.0,180617291473.5
2019-12-11,000001.SH,2922.602,2924.4173,0.24342925930162,165541087.0,175716091738.7
2019-12-12,000001.SH,2926.3416,2915.6983,-0.2981448646197,151760804.0,166044163439.4
2019-12-13,000001.SH,2937.7763,2967.6764,1.7826981618777,211978585.0,234036541442.8
2019-12-16,000001.SH,2970.9694,2984.3925,0.5632723298268,211862119.0,237666763217.2
2019-12-17,000001.SH,2985.2619,3022.4219,1.2742760880146,293032254.0,302090897470.6
2019-12-18,000001.SH,3021.4657,3017.0444,-0.17792023013066,244089691.0,259173631752.1
2019-12-19,000001.SH,3017.153,3017.0658,0.0007093034494166,208624264.0,220688292362.2
2019-12-20,000001.SH,3019.6395,3004.9376,-0.40198659240377,215075755.0,223305036014.2
2019-12-23,000001.SH,2999.0357,2962.7513,-1.4038993688255,205716617.0,218484273072.6
2019-12-24,000001.SH,2965.8258,2982.6806,0.67266192744562,163030250.0,167366667288.5
2019-12-25,000001.SH,2980.4276,2981.8805,-0.026824863513711,175654028.0,189608562667.7
2019-12-26,000001.SH,2981.2485,3007.3546,0.85429647499287,182440426.0,195586079127.4
2019-12-27,000001.SH,3006.8517,3005.0355,-0.077114285092957,247102779.0,258118739395.1
2019-12-30,000001.SH,2998.1689,3040.0239,1.1643256793472,248066530.0,267382994368.5
2019-12-31,000001.SH,3036.3858,3050.124,0.33223751958002,217429022.0,226763991349.5
2020-01-02,000001.SH,3066.3357,3085.1976,1.1499073480291,292470208.0,327197122605.8
2020-01-03,000001.SH,3089.022,3083.7858,-0.045760440109245,261496667.0,289991708381.5
2020-01-06,000001.SH,3070.9088,3083.4083,-0.012241446860546,312575842.0,331182549906.1
2020-01-07,000001.SH,3085.4882,3104.8015,0.69381664439315,276583111.0,288159227656.6
2020-01-08,000001.SH,3094.2389,3066.8925,-1.2209798275349,297872553.0,306517394459.2
2020-01-09,000001.SH,3082.6398,3094.8819,0.9126306187778,243435649.0,271716020902.2
2020-01-10,000001.SH,3102.2938,3092.2907,-0.083725327289544,210442462.0,241555668060.8
2020-01-13,000001.SH,3091.493,3115.5696,0.75280438543504,210621004.0,258524058004.8
2020-01-14,000001.SH,3120.6669,3106.8204,-0.28082184394147,229973769.0,271542441386.7
2020-01-15,000001.SH,3103.1749,3090.0379,-0.54018249654857,202313023.0,232913446655.7
2020-01-16,000001.SH,3095.7342,3074.0814,-0.51638525210321,203375475.0,236843360101.0
2020-01-17,000001.SH,3081.4641,3075.4955,0.046000733747648,190304299.0,242273045255.2
2020-01-20,000001.SH,3082.1134,3095.7873,0.65978961764047,210493341.0,271122455433.1
2020-01-21,000001.SH,3085.7895,3052.1419,-1.409831999763,234830739.0,286268098210.4
2020-01-22,000001.SH,3038.4868,3060.7545,0.28218216197615,223852865.0,278456923974.8
2020-01-23,000001.SH,3037.9524,2976.5281,-2.7518182199846,272763234.0,327490360408.2
2020-02-03,000001.SH,2716.6978,2746.6056,-7.7245197181239,215912103.0,257019597412.5
2020-02-04,000001.SH,2685.2693,2783.2875,1.3355357609407,364046200.0,374068466756.5
2020-02-05,000001.SH,2792.3713,2818.0878,1.2503307689198,309761823.0,349184114812.6
2020-02-06,000001.SH,2826.8851,2866.5097,1.7182537747759,316392142.0,358582589711.0
2020-02-07,000001.SH,2858.9324,2875.9636,0.32980526805822,309479642.0,362384162463.9
2020-02-10,000001.SH,2860.499,2890.4878,0.50502029997876,294929784.0,341520398250.7
2020-02-11,000001.SH,2894.5414,2901.6744,0.3870142610531,269168335.0,302956847206.3
2020-02-12,000001.SH,2895.5561,2926.8991,0.86931531670129,248733429.0,297534420493.4
2020-02-13,000001.SH,2927.1443,2906.0735,-0.71152435695512,274804844.0,334526327364.0
2020-02-14,000001.SH,2899.8659,2917.0077,0.37625338794769,250650627.0,308080368725.8
2020-02-17,000001.SH,2924.9913,2983.6224,2.2836655522027,313198007.0,367014340128.6
2020-02-18,000001.SH,2981.4097,2984.9716,0.045220199446138,311665913.0,374998562648.5
2020-02-19,000001.SH,2979.5223,2975.4019,-0.32059601505086,315141151.0,381331160420.5
2020-02-20,000001.SH,2981.8802,3030.1542,1.8401648530237,345732881.0,413761364103.0
2020-02-21,000001.SH,3022.2455,3039.6692,0.31401042230788,364557276.0,445062076684.3
2020-02-24,000001.SH,3027.8925,3031.2333,-0.27752690983611,370430044.0,451601363084.2
2020-02-25,000001.SH,2982.0696,3013.0501,-0.59986144913359,441622762.0,513128644550.9
2020-02-26,000001.SH,2978.4195,2987.9287,-0.83375314602303,469049552.0,495341447273.8
2020-02-27,000001.SH,2992.4919,2991.3288,0.11379454938131,350523658.0,395955641513.6
2020-02-28,000001.SH,2924.6407,2880.3038,-3.7115612299123,401216914.0,432657775045.3
2020-03-02,000001.SH,2899.31,2970.9312,3.146452815151,367333369.0,397244201180.3
2020-03-03,000001.SH,3006.8888,2992.8968,0.73935067900596,410108047.0,447053681543.7
2020-03-04,000001.SH,2981.806,3011.6657,0.62711484071218,353338278.0,389893917454.8
2020-03-05,000001.SH,3036.1545,3071.6771,1.9926315194943,445425806.0,482770471394.0
2020-03-06,000001.SH,3039.9395,3034.5113,-1.2099513975606,362061533.0,377388542662.4
2020-03-09,000001.SH,2987.1805,2943.2907,-3.0061051346225,414560736.0,438143854609.8
2020-03-10,000001.SH,2918.9347,2996.7618,1.816711478754,393296648.0,425017184790.9
2020-03-11,000001.SH,3001.7616,2968.5174,-0.94249733161975,352470970.0,378766618968.3
2020-03-12,000001.SH,2936.0163,2923.4856,-1.5169794861233,307778457.0,328209202377.8
2020-03-13,000001.SH,2804.2322,2887.4265,-1.2334283432078,366450436.0,393019665228.0
2020-03-16,000001.SH,2897.3009,2789.2537,-3.4000103552419,351878665.0,375627000794.2
2020-03-17,000001.SH,2796.284,2779.6407,-0.34464416055091,306149677.0,323012822799.1
2020-03-18,000001.SH,2792.3221,2728.7563,-1.8306106972746,291159852.0,318611391559.4
2020-03-19,000001.SH,2719.4063,2702.1296,-0.97578153094873,302302747.0,330518008489.8
2020-03-20,000001.SH,2727.0186,2745.6182,1.6094194741806,252019507.0,281583369664.4
2020-03-23,000001.SH,2677.591,2660.1674,-3.1122608380146,249820250.0,268423241973.7
2020-03-24,000001.SH,2703.0193,2722.4381,2.3408564438464,257021930.0,278999306643.2
2020-03-25,000001.SH,2775.3032,2781.5913,2.172802386214,273144466.0,293191204398.7
2020-03-26,000001.SH,2761.8961,2764.9109,-0.59967113069415,234084022.0,248279785000.7
2020-03-27,000001.SH,2792.9843,2772.2033,0.26374810124985,240764066.0,253630725892.3
2020-03-30,000001.SH,2739.7191,2747.2138,-0.9014310025531,239706604.0,250687144232.8
2020-03-31,000001.SH,2767.3072,2750.2962,0.11220095065045,218598674.0,224271061569.1
2020-04-01,000001.SH,2743.5409,2734.5215,-0.57356367652329,217253427.0,225624646571.6
2020-04-02,000001.SH,2720.2284,2780.6379,1.6864522732771,217864600.0,233111575711.2
2020-04-03,000001.SH,2773.5764,2763.9874,-0.59880144768221,200837404.0,214062212038.2
2020-04-07,000001.SH,2806.9676,2820.7634,2.0541338213047,270198186.0,286627794328.1
2020-04-08,000001.SH,2805.9166,2815.3686,-0.191253190537,243515305.0,253159668052.3
2020-04-09,000001.SH,2825.8393,2825.9036,0.37419611769487,238184843.0,247392988028.6
2020-04-10,000001.SH,2827.1873,2796.6312,-1.0358598219699,233454768.0,246376307236.7
2020-04-13,000001.SH,2784.5979,2783.0476,-0.48571295349919,177124554.0,184120284139.7
2020-04-14,000001.SH,2794.801,2827.283,1.5894589801482,202696569.0,223605697288.9
2020-04-15,000001.SH,2826.6618,2811.1741,-0.56976609699134,205621146.0,231631632235.0
2020-04-16,000001.SH,2798.4295,2819.935,0.31164558609158,203003773.0,222432600865.7
2020-04-17,000001.SH,2835.5581,2838.4945,0.65815346807639,245736750.0,280025229139.5
2020-04-20,000001.SH,2840.4085,2852.5528,0.49527311044641,211847078.0,233759313192.6
2020-04-21,000001.SH,2842.2372,2827.0133,-0.89532085085331,233235870.0,248688585735.6
2020-04-22,000001.SH,2814.0661,2843.9804,0.60017757963855,217320000.0,232796777750.2
2020-04-23,000001.SH,2850.5104,2838.4994,-0.19272284717573,248779037.0,262662040531.8
2020-04-24,000001.SH,2834.9387,2808.5293,-1.0558430979411,235185076.0,244122291476.8
2020-04-27,000001.SH,2812.2422,2815.4947,0.24800880660209,210130981.0,225293706288.5
2020-04-28,000001.SH,2819.9914,2810.0243,-0.19429622794176,253872745.0,270534752615.1
2020-04-29,000001.SH,2801.383,2822.4424,0.44192144530565,202061807.0,222720221727.9
2020-04-30,000001.SH,2832.3843,2860.0822,1.3335896597925,242455278.0,277440934007.1
2020-05-06,000001.SH,2831.6326,2878.1402,0.63138045472959,249826616.0,303890031004.9
2020-05-07,000001.SH,2876.4727,2871.5232,-0.22990540905546,226736957.0,268607485283.6
2020-05-08,000001.SH,2882.7078,2895.3444,0.82956669129471,226822075.0,276562716950.3
2020-05-11,000001.SH,2901.5739,2894.802,-0.018733522685585,225120410.0,271930641512.4
2020-05-12,000001.SH,2894.6171,2891.5564,-0.1121182035939,197082985.0,238476218839.0
2020-05-13,000001.SH,2882.9552,2898.0495,0.22455380776941,185061310.0,223866906923.5
2020-05-14,000001.SH,2887.0577,2870.3422,-0.95606717552616,197776202.0,237336974703.0
2020-05-15,000001.SH,2880.7067,2868.4587,-0.065619353678454,188983592.0,246878191080.5
2020-05-18,000001.SH,2872.5244,2875.4176,0.24260066913287,226022882.0,289089595543.4
2020-05-19,000001.SH,2897.6867,2898.576,0.80539258019426,197222405.0,256277803071.8
2020-05-20,000001.SH,2896.4657,2883.7378,-0.51191343611484,210519985.0,269176553624.7
2020-05-21,000001.SH,2890.7213,2867.9237,-0.54838896934389,203532038.0,250569937552.8
2020-05-22,000001.SH,2863.0462,2813.7654,-1.8884149532988,209063712.0,245229603697.9
2020-05-25,000001.SH,2816.241,2817.9697,0.1494189956277,172885557.0,202115352627.3
2020-05-26,000001.SH,2827.8967,2846.5473,1.0141202015054,174562369.0,207427833710.6
2020-05-27,000001.SH,2847.3198,2836.8036,-0.34229889663172,198149343.0,227934395739.4
2020-05-28,000001.SH,2838.2072,2846.2217,0.33199689960912,207546019.0,239234260635.9
2020-05-29,000001.SH,2835.584,2852.3512,0.21535567661507,206792804.0,233798996642.7
2020-06-01,000001.SH,2871.9641,2915.4311,2.2115053714283,260196050.0,307416215147.8
2020-06-02,000001.SH,2916.3168,2921.398,0.20466612982212,256108049.0,294402745887.8
2020-06-03,000001.SH,2930.3906,2923.3711,0.06753958207679,255663980.0,300447817007.3
2020-06-04,000001.SH,2931.8376,2919.2506,-0.14095028852136,226605873.0,254345984480.0
2020-06-05,000001.SH,2923.1891,2930.7993,0.39560495423039,217360673.0,253141142477.6
2020-06-08,000001.SH,2941.9816,2937.7712,0.23788391105457,231124360.0,274611815611.0
2020-06-09,000001.SH,2939.5351,2956.1116,0.62429640538378,209048585.0,251414696239.6
2020-06-10,000001.SH,2951.2784,2943.7525,-0.41808638077128,207925969.0,243968496538.1
2020-06-11,000001.SH,2939.7914,2920.8968,-0.77641377799255,233722947.0,289023256107.0
2020-06-12,000001.SH,2876.8029,2919.7408,-0.03957688611251,236008642.0,274321726179.0
2020-06-15,000001.SH,2908.2767,2890.0306,-1.0175629288737,243205046.0,293361556833.6
2020-06-16,000001.SH,2912.8251,2931.7493,1.4435383486943,223313065.0,270948558455.0
2020-06-17,000001.SH,2932.6708,2935.873,0.14065663800108,234654391.0,278007110729.6
2020-06-18,000001.SH,2929.8799,2939.3151,0.11724280988993,258691377.0,289367727804.2
2020-06-19,000001.SH,2938.7887,2967.6341,0.96345573837934,264313961.0,319089106631.7
2020-06-22,000001.SH,2966.9008,2965.2717,-0.079605501230776,267883834.0,346028748359.1
2020-06-23,000001.SH,2960.8875,2970.6203,0.18037470225748,225212208.0,305378770529.9
2020-06-24,000001.SH,2972.9827,2979.5505,0.30061734917787,213200732.0,297008784132.4
2020-06-29,000001.SH,2973.0757,2961.5164,-0.60526243807581,220622729.0,293886016005.3
2020-06-30,000001.SH,2965.1054,2984.6741,0.78195413673887,214957214.0,297312328413.8
2020-07-01,000001.SH,2991.1813,3025.981,1.3839668458275,273313140.0,369883802296.7
2020-07-02,000001.SH,3023.7189,3090.5693,2.1344582137165,391127996.0,478216482346.4
2020-07-03,000001.SH,3103.9952,3152.8126,2.0139752245646,458793851.0,535489334735.2
2020-07-06,000001.SH,3187.8393,3332.8807,5.7113480198601,643878906.0,724153675700.8
2020-07-07,000001.SH,3380.9536,3345.3369,0.37373674971323,657840159.0,793638372424.8
2020-07-08,000001.SH,3337.5518,3403.4401,1.7368415121359,587081685.0,696807634537.9
2020-07-09,000001.SH,3403.4832,3450.5935,1.3854629026672,620001823.0,751406830395.1
2020-07-10,000001.SH,3418.9347,3383.3222,-1.9495573732461,556120011.0,703197550444.5
2020-07-13,000001.SH,3379.3867,3443.2863,1.7723437631805,558006875.0,717397053099.2
2020-07-14,000001.SH,3435.0237,3414.6186,-0.83256800342163,543211492.0,707327005157.3
2020-07-15,000001.SH,3422.0778,3361.3044,-1.5613515371819,492030542.0,674727409786.3
2020-07-16,000001.SH,3356.359,3210.0986,-4.498426265708,490613123.0,679468340648.5
2020-07-17,000001.SH,3214.4022,3214.1287,0.12554443031751,359652413.0,486536118268.8
2020-07-20,000001.SH,3243.9105,3314.149,3.1118946792641,418555306.0,544045656232.3
2020-07-21,000001.SH,3330.5467,3320.8947,0.20354244785011,359252029.0,488862180370.5
2020-07-22,000001.SH,3315.1816,3333.1635,0.36944260834287,393335335.0,540577040593.6
2020-07-23,000001.SH,3306.1489,3325.1102,-0.24161131009625,407042499.0,546887089707.7
2020-07-24,000001.SH,3310.6449,3196.7684,-3.8597758353994,427054026.0,584311865016.6
2020-07-27,000001.SH,3210.3863,3205.2268,0.26459220505308,299319021.0,402231919288.9
2020-07-28,000001.SH,3226.1329,3227.9604,0.70926650182758,289377861.0,389873696214.7
2020-07-29,000001.SH,3221.9883,3294.5521,2.062965208619,324924062.0,453094399515.5
2020-07-30,000001.SH,3299.5718,3286.822,-0.23463280486594,340704121.0,476974005608.8
2020-07-31,000001.SH,3280.7959,3310.0065,0.7053774131973,353758979.0,495778040702.2
2020-08-03,000001.SH,3332.1826,3367.9658,1.7510328151924,407460867.0,572430759824.7
2020-08-04,000001.SH,3376.4402,3371.6875,0.11050290356274,442328551.0,604942141521.3
2020-08-05,000001.SH,3363.3324,3377.5648,0.17431330750552,385823027.0,526515054657.5
2020-08-06,000001.SH,3380.7621,3386.4631,0.26345312457069,415302510.0,570488248065.2
2020-08-07,000001.SH,3370.5878,3354.0352,-0.95757429041528,403929633.0,561435649550.5
2020-08-10,000001.SH,3341.5276,3379.2524,0.75184661150843,381379630.0,527083944584.7
2020-08-11,000001.SH,3379.4874,3340.29,-1.1529887498193,400452706.0,514020764101.4
2020-08-12,000001.SH,3327.4929,3319.2656,-0.62941840379128,378328959.0,480731246078.5
2020-08-13,000001.SH,3328.1754,3320.7261,0.044000697021645,324291278.0,387162288598.3
2020-08-14,000001.SH,3315.6687,3360.0988,1.1856653880608,305998376.0,367467421740.0
2020-08-17,000001.SH,3373.9018,3438.801,2.3422585073986,434598260.0,537425075053.3
2020-08-18,000001.SH,3441.9337,3451.0894,0.35734548175367,380729275.0,493052155326.1
2020-08-19,000001.SH,3444.5646,3408.1288,-1.24484170129,405722214.0,498262158316.3
2020-08-20,000001.SH,3385.9645,3363.8988,-1.2977795909591,335600982.0,401815550095.8
2020-08-21,000001.SH,3380.2269,3380.6825,0.49893593707397,287488340.0,361281752664.8
2020-08-24,000001.SH,3391.1132,3385.6383,0.14659170152773,266227841.0,345683380014.8
2020-08-25,000001.SH,3392.8797,3373.5781,-0.3562164333975,277113421.0,355997790767.8
2020-08-26,000001.SH,3371.8083,3329.7388,-1.2994897020466,294451036.0,381928906554.3
2020-08-27,000001.SH,3333.4909,3350.1128,0.61187982672995,237099353.0,317153391524.5
2020-08-28,000001.SH,3346.2893,3403.8066,1.6027460329097,271325549.0,379367046371.3
2020-08-31,000001.SH,3416.5497,3395.6775,-0.23882379216258,323473890.0,436930125416.2
2020-09-01,000001.SH,3389.7424,3410.6068,0.43965600384607,246999249.0,326850955347.9
2020-09-02,000001.SH,3420.4693,3404.8017,-0.17020724875116,261546319.0,345638982329.5
2020-09-03,000001.SH,3404.0319,3384.9806,-0.58215137756775,255346279.0,350706563899.6
2020-09-04,000001.SH,3336.4076,3355.3666,-0.87486468903249,221636550.0,308179657648.7
2020-09-07,000001.SH,3349.9184,3292.5907,-1.8709103202017,260616567.0,357726463915.0
2020-09-08,000001.SH,3301.2173,3316.417,0.72363382427095,271066278.0,320229901327.6
2020-09-09,000001.SH,3280.9974,3254.6279,-1.8631281892476,351509747.0,341054534059.1
2020-09-10,000001.SH,3282.232,3234.8234,-0.60850274158836,312472804.0,309676743626.3
2020-09-11,000001.SH,3225.7836,3260.3461,0.78899824948713,221698830.0,254844994260.0
2020-09-14,000001.SH,3275.9181,3278.8138,0.56643372922892,213924137.0,269219919654.1
2020-09-15,000001.SH,3277.1284,3295.6795,0.51438419589427,197684400.0,251763868533.5
2020-09-16,000001.SH,3293.1678,3283.9244,-0.35668213489814,200443364.0,242270893454.5
2020-09-17,000001.SH,3277.3238,3270.435,-0.4107707229801,202931972.0,279311053428.2
2020-09-18,000001.SH,3270.911,3338.0897,2.0686758795084,256260788.0,337025892904.3
2020-09-21,000001.SH,3348.8988,3316.9351,-0.63373371901899,216503093.0,287691308070.7
2020-09-22,000001.SH,3290.6656,3274.3015,-1.2853311480228,214015065.0,269113293656.5
2020-09-23,000001.SH,3278.8358,3279.7105,0.16519553865153,169178068.0,240742428786.7
2020-09-24,000001.SH,3262.879,3223.1764,-1.7237527519578,206736011.0,258259919724.5
2020-09-25,000001.SH,3234.3739,3219.4179,-0.11660857283517,164822419.0,220674476958.2
2020-09-28,000001.SH,3224.9769,3217.5346,-0.058498152725061,155982783.0,209672387616.8
2020-09-29,000001.SH,3231.8551,3224.3593,0.21210960715077,151349870.0,207307813843.5
2020-09-30,000001.SH,3232.7104,3218.0521,-0.19561095439954,153504457.0,205762857294.2
2020-10-09,000001.SH,3262.6105,3272.0762,1.6787826399703,188325648.0,264171043762.6
2020-10-12,000001.SH,3287.3281,3358.4652,2.6401891251799,259622408.0,355700113686.6
2020-10-13,000001.SH,3353.1213,3359.7499,0.038252592285301,204926103.0,288505837527.6
2020-10-14,000001.SH,3353.6247,3340.7782,-0.5646759599576,198659382.0,281159984704.8
2020-10-15,000001.SH,3342.9222,3332.1832,-0.25727538571702,191031282.0,263848674025.2
2020-10-16,000001.SH,3334.4568,3336.3582,0.12529323117649,194295421.0,253448029476.6
2020-10-19,000001.SH,3351.0961,3312.6671,-0.71008862297819,212303540.0,283882790190.8
2020-10-20,000001.SH,3307.1498,3328.1029,0.46596290946349,165084762.0,227823367094.4
2020-10-21,000001.SH,3332.147,3325.0247,-0.092491130607768,177632115.0,246848139010.5
2020-10-22,000001.SH,3315.8206,3312.5005,-0.37666487109103,165949987.0,236428248945.4
2020-10-23,000001.SH,3308.1581,3277.9972,-1.0416088993798,174208982.0,249912883287.6
2020-10-26,000001.SH,3258.7028,3251.1188,-0.81996409270879,167731795.0,235462468392.9
2020-10-27,000001.SH,3240.7395,3254.3157,0.098332303328931,149115566.0,217487420943.6
2020-10-28,000001.SH,3256.2225,3269.238,0.45853879511443,173181965.0,256213458181.8
2020-10-29,000001.SH,3235.7647,3272.7274,0.10673435216403,184703589.0,278605665229.6
2020-10-30,000001.SH,3278.6312,3224.5325,-1.4726218871758,230188803.0,328917241624.7
2020-11-02,000001.SH,3228.715,3225.1196,0.018207290514212,226779137.0,325321869127.4
2020-11-03,000001.SH,3239.8063,3271.0744,1.4249021958752,215297864.0,303730147810.2
2020-11-04,000001.SH,3273.4326,3277.4402,0.19460884166988,188514128.0,270723846522.5
2020-11-05,000001.SH,3305.5798,3320.1333,1.302635514143,226801462.0,316292709979.3
2020-11-06,000001.SH,3326.4645,3312.159,-0.24018011565981,234864132.0,325485056730.6
2020-11-09,000001.SH,3329.4285,3373.7337,1.8590502448705,310219771.0,429948921889.8
2020-11-10,000001.SH,3387.6219,3360.1485,-0.40267552830268,278701113.0,390008391729.9
2020-11-11,000001.SH,3354.0247,3342.2025,-0.53408353827219,271204653.0,355802065547.2
2020-11-12,000001.SH,3344.4562,3338.6788,-0.10543047586134,216501309.0,286927436428.6
2020-11-13,000001.SH,3327.2293,3310.1046,-0.85585351906269,227898364.0,301527966899.0
2020-11-16,000001.SH,3325.6209,3346.9692,1.1136989447403,279593761.0,333750600125.3
2020-11-17,000001.SH,3347.1513,3339.895,-0.21136137135651,283632479.0,353623369912.1
2020-11-18,000001.SH,3337.3315,3347.3034,0.22181535647078,287531259.0,358745367424.6
2020-11-19,000001.SH,3339.0864,3363.0876,0.47154972566873,253262992.0,319520194519.5
2020-11-20,000001.SH,3359.5966,3377.7267,0.43528750187775,261271219.0,312659789107.0
2020-11-23,000001.SH,3384.1039,3414.4899,1.0884006690062,373872047.0,431504375645.3
2020-11-24,000001.SH,3407.4087,3402.8225,-0.34170257759438,300994144.0,359505804879.5
2020-11-25,000001.SH,3417.515,3362.3274,-1.1900444410486,322110207.0,383477785169.9
2020-11-26,000001.SH,3360.0609,3369.7334,0.22026409444839,255886822.0,317308634999.9
2020-11-27,000001.SH,3373.8434,3408.3071,1.1447107358701,280649894.0,326069547157.5
2020-11-30,000001.SH,3418.1583,3391.7551,-0.48563698969498,384989968.0,454500571790.1
2020-12-01,000001.SH,3388.9867,3451.9384,1.774399926457,316188980.0,385250751317.3
2020-12-02,000001.SH,3453.5181,3449.3805,-0.074100395302529,312811114.0,383340845066.5
2020-12-03,000001.SH,3448.5403,3442.1359,-0.21002611918285,298459930.0,352422286605.3
2020-12-04,000001.SH,3436.7291,3444.5814,0.071046003732735,256276705.0,329393208344.8
2020-12-07,000001.SH,3446.6478,3416.6037,-0.81222351139677,254522508.0,336836800332.2
2020-12-08,000001.SH,3417.6936,3410.1771,-0.18809907628445,226907328.0,304635033509.6
2020-12-09,000001.SH,3416.0782,3371.964,-1.120560571473,260747424.0,339317806321.2
2020-12-10,000001.SH,3365.731,3373.2758,0.038903143687179,247308304.0,321616357218.9
2020-12-11,000001.SH,3381.008,3347.191,-0.77327801065066,298617158.0,379848803590.6
2020-12-14,000001.SH,3349.534,3369.1201,0.65514934761716,239807926.0,316229132861.8
2020-12-15,000001.SH,3366.5813,3367.2326,-0.056023529704396,225667402.0,315289741293.4
2020-12-16,000001.SH,3371.2632,3366.9832,-0.0074066757372121,220813976.0,308823385266.9
2020-12-17,000001.SH,3367.277,3404.8732,1.1253397403349,275463631.0,364740477233.0
2020-12-18,000001.SH,3400.4855,3394.896,-0.29302706485516,280992641.0,354027376853.1
2020-12-21,000001.SH,3394.3945,3420.5693,0.75623229695401,283759794.0,383898951602.5
2020-12-22,000001.SH,3410.9678,3356.7822,-1.8648094631499,323037654.0,432199556488.2
2020-12-23,000001.SH,3362.4721,3382.3195,0.76076726097987,299523527.0,413254779061.7
2020-12-24,000001.SH,3382.193,3363.1133,-0.56784109248106,275044450.0,363321144328.2
2020-12-25,000001.SH,3351.7901,3396.5626,0.99459331328505,294546895.0,359094444683.1
2020-12-28,000001.SH,3396.359,3397.2854,0.02128033795108,316181542.0,398159968832.7
2020-12-29,000001.SH,3399.2939,3379.0362,-0.53717005936564,311769185.0,382102563807.2
2020-12-30,000001.SH,3375.0086,3414.4527,1.0481243142645,291023543.0,377542350937.2
2020-12-31,000001.SH,3419.7267,3473.0693,1.716720222834,335673926.0,450482318883.5
2021-01-04,000001.SH,3474.6793,3502.9584,0.86059613034499,380790800.0,523367700848.6
2021-01-05,000001.SH,3492.1912,3528.6767,0.73418799378263,407995934.0,568019462187.7
2021-01-06,000001.SH,3530.9072,3550.8767,0.62913102807066,370230926.0,521799529791.8
2021-01-07,000001.SH,3552.9087,3576.2046,0.7132858203722,405348226.0,545709628110.3
2021-01-08,000001.SH,3577.6923,3570.1082,-0.17047123086861,345557896.0,502170815613.8
2021-01-11,000001.SH,3571.3212,3531.4978,-1.0814910315603,362479154.0,526895927277.3
2021-01-12,000001.SH,3518.0106,3608.3389,2.1758784615412,323406153.0,485771186330.7
2021-01-13,000001.SH,3613.281,3598.6518,-0.26846425096047,388127791.0,554853439062.3
2021-01-14,000001.SH,3584.9324,3565.9046,-0.90998523391455,347666819.0,511325103695.8
2021-01-15,000001.SH,3566.2847,3566.3778,0.013270125061685,324612744.0,480343780955.9
2021-01-18,000001.SH,3554.7977,3596.2237,0.83686871312399,301652565.0,451740700449.5
2021-01-19,000001.SH,3596.3564,3566.3814,-0.82982323930516,323439541.0,467402582397.1
2021-01-20,000001.SH,3564.121,3583.092,0.46855897128669,272271661.0,397144766184.5
2021-01-21,000001.SH,3590.9247,3621.2641,1.0653396563638,327466995.0,469855226645.9
2021-01-22,000001.SH,3616.5401,3606.7496,-0.40081307519106,324463084.0,485452192409.9
2021-01-25,000001.SH,3605.3611,3624.2381,0.48488256573176,327341070.0,527257347652.8
2021-01-26,000001.SH,3610.9686,3569.429,-1.5122930251189,278139884.0,436326664645.8
2021-01-27,000001.SH,3567.5485,3573.3412,0.10960296450776,264107161.0,396270389618.8
2021-01-28,000001.SH,3534.6685,3505.1759,-1.9076068078805,270862461.0,391574388026.6
2021-01-29,000001.SH,3521.7175,3483.0692,-0.63068732156923,293662664.0,416528620977.0
2021-02-01,000001.SH,3477.1715,3505.2836,0.63778233289193,277567901.0,371473066288.8
2021-02-02,000001.SH,3510.8084,3533.6849,0.81024257209887,264540630.0,384127851092.3
2021-02-03,000001.SH,3531.149,3517.308,-0.46345105643121,297351716.0,413731471970.7
2021-02-04,000001.SH,3503.7785,3501.8592,-0.43922226884879,298834854.0,418742552801.5
2021-02-05,000001.SH,3509.4874,3496.3329,-0.15781045679963,290146174.0,397391919558.5
2021-02-08,000001.SH,3504.5631,3532.4467,1.0329050760584,249799619.0,359187319179.3
2021-02-09,000001.SH,3539.7726,3603.489,2.011135794349,253821760.0,371567972460.7
2021-02-10,000001.SH,3612.6125,3655.088,1.4319177885655,257940824.0,392643389630.2
2021-02-18,000001.SH,3721.0865,3675.3571,0.55454478797774,340309065.0,483546564601.0
2021-02-19,000001.SH,3661.7834,3696.168,0.56622797278664,361059804.0,484990205754.0
2021-02-22,000001.SH,3707.1912,3642.4449,-1.4534810106034,488821478.0,599323102081.0
2021-02-23,000001.SH,3617.7013,3636.3573,-0.16712950139616,398873174.0,479631810240.0
2021-02-24,000001.SH,3638.9359,3564.0799,-1.9876319634487,362158952.0,484430414620.0
2021-02-25,000001.SH,3595.5424,3585.0458,0.58825561121679,366232299.0,444735017112.0
2021-02-26,000001.SH,3514.5648,3509.0804,-2.1189520089255,333280067.0,424485913919.0
2021-03-01,000001.SH,3531.4802,3551.3998,1.2059968759907,315487526.0,402477044217.0
2021-03-02,000001.SH,3566.852,3508.5912,-1.2054007549361,339830486.0,427680453058.0
2021-03-03,000001.SH,3500.1576,3576.9045,1.9470293375871,347656846.0,415490345736.0
2021-03-04,000001.SH,3546.6406,3503.4916,-2.052414315227,393616120.0,462233734231.0
2021-03-05,000001.SH,3463.3086,3501.9867,-0.042954291655784,356409223.0,408849901856.0
2021-03-08,000001.SH,3524.983,3421.4141,-2.3007683038888,387047954.0,453859203342.0
2021-03-09,000001.SH,3415.3391,3359.292,-1.8156849239617,407652539.0,456196190297.0
2021-03-10,000001.SH,3389.8388,3357.7372,-0.046283562131541,299749166.0,339571691506.0
2021-03-11,000001.SH,3369.9024,3436.8313,2.3555774406645,322112044.0,369805365528.0
2021-03-12,000001.SH,3447.2033,3453.0777,0.47271450303656,358027035.0,381964281222.0
2021-03-15,000001.SH,3441.882,3419.9456,-0.95949477186684,367813293.0,381646491325.0
2021-03-16,000001.SH,3424.6524,3446.7334,0.7832814650619,316668747.0,332388484730.0
2021-03-17,000001.SH,3435.7319,3445.5509,-0.034307846379992,280059818.0,306630472148.0
2021-03-18,000001.SH,3449.6413,3463.0681,0.50840055794851,284403891.0,316529174116.0
2021-03-19,000001.SH,3423.8733,3404.6634,-1.6865016313136,309161716.0,339992292814.0
2021-03-22,000001.SH,3406.1227,3443.4392,1.1389026004744,312559084.0,332535035841.0
2021-03-23,000001.SH,3445.3408,3411.5088,-0.92728223573687,326389409.0,343477167707.0
2021-03-24,000001.SH,3394.1283,3367.0606,-1.3028897946856,317398697.0,344800038246.0
2021-03-25,000001.SH,3355.0706,3363.5915,-0.10303051866663,270676097.0,290223442604.0
2021-03-26,000001.SH,3373.3171,3418.3267,1.6272844071582,274614987.0,322408619946.0
2021-03-29,000001.SH,3429.6322,3435.2958,0.49641539528682,284824243.0,327944119662.0
2021-03-30,000001.SH,3432.5288,3456.6766,0.62238599657124,285423081.0,331625651219.0
2021-03-31,000001.SH,3452.2078,3441.9115,-0.4271472778217,283049261.0,314174120172.0
2021-04-01,000001.SH,3444.8102,3466.3315,0.70948947990091,275244295.0,292651912291.0
2021-04-02,000001.SH,3472.6276,3484.3924,0.52103787534459,262654873.0,317953200768.0
2021-04-06,000001.SH,3491.6336,3482.9674,-0.040896656760019,234746671.0,286329672740.0
2021-04-07,000001.SH,3483.4211,3479.6256,-0.095946921581871,295786978.0,323650987028.0
2021-04-08,000001.SH,3467.4871,3482.5548,0.084181470558213,331755329.0,348011326769.0
2021-04-09,000001.SH,3475.4434,3450.6772,-0.91535099462038,280085196.0,306422226255.0
2021-04-12,000001.SH,3445.9696,3412.9477,-1.0933940734879,309577239.0,338890339564.0
2021-04-13,000001.SH,3411.2928,3396.47,-0.4827996631768,270626054.0,290539879926.0
2021-04-14,000001.SH,3397.021,3416.7212,0.59624256949127,233242327.0,269010070614.0
2021-04-15,000001.SH,3409.6139,3398.9875,-0.51902683777651,234005054.0,272569196767.0
2021-04-16,000001.SH,3407.188,3426.6178,0.81289795858325,258579672.0,295951094705.0
2021-04-19,000001.SH,3427.548,3477.5485,1.4863256707532,302735819.0,368472467525.0
2021-04-20,000001.SH,3467.1481,3472.9427,-0.13244387533344,285300082.0,358982768198.0
2021-04-21,000001.SH,3456.2991,3472.9298,-0.0003714429264891,253777859.0,323914146232.0
2021-04-22,000001.SH,3482.8328,3465.1138,-0.22505493776464,251114510.0,317081034873.0
2021-04-23,000001.SH,3462.0858,3474.166,0.26123817347644,249360433.0,323015935280.0
2021-04-26,000001.SH,3484.1072,3441.1658,-0.94987401292857,276970771.0,388161675554.0
2021-04-27,000001.SH,3440.0911,3442.6111,0.042000301176998,253032393.0,327046020018.0
2021-04-28,000001.SH,3432.1612,3457.0683,0.41994868371858,247381120.0,349669207298.0
2021-04-29,000001.SH,3458.0819,3474.9011,0.51583591796552,276631387.0,371611589911.0
2021-04-30,000001.SH,3468.3022,3446.8564,-0.80706469602832,312660354.0,401442334677.0
2021-05-06,000001.SH,3446.0743,3441.2826,-0.16170676561983,310424192.0,400525169566.0
2021-05-07,000001.SH,3446.407,3418.8741,-0.65116709682605,353785389.0,411078841643.0
2021-05-10,000001.SH,3423.5896,3427.9909,0.26666088698615,374170884.0,399717549009.0
2021-05-11,000001.SH,3406.598,3441.8454,0.40415801570536,350934112.0,390326273820.0
2021-05-12,000001.SH,3429.7544,3462.7513,0.60740380727152,311444547.0,343860406433.0
2021-05-13,000001.SH,3432.138,3429.5361,-0.95921413703606,319325327.0,356376917819.0
2021-05-14,000001.SH,3436.0919,3490.3762,1.7740037785285,336982309.0,411116942849.0
2021-05-17,000001.SH,3490.4091,3517.6158,0.7804201736191,322135969.0,424476783398.0
2021-05-18,000001.SH,3520.6488,3529.0144,0.32404334776982,271308558.0,336028774654.0
2021-05-19,000001.SH,3521.1097,3510.9647,-0.51146575089067,278321117.0,349973152293.0
2021-05-20,000001.SH,3500.8773,3506.9444,-0.11450699005889,326009333.0,390355321486.0
2021-05-21,000001.SH,3510.8353,3486.5569,-0.58134654202102,283826285.0,356025931293.0
2021-05-24,000001.SH,3486.2711,3497.2821,0.30761580285696,289509242.0,367181627934.0
2021-05-25,000001.SH,3502.539,3581.3418,2.4035721911023,341241127.0,472213531433.0
2021-05-26,000001.SH,3586.8388,3593.357,0.33549436694369,341980288.0,455831256661.0
2021-05-27,000001.SH,3585.7337,3608.8507,0.43117619540725,309551486.0,429004239271.0
2021-05-28,000001.SH,3610.7668,3600.7844,-0.22351437259513,349208830.0,452445031965.0
2021-05-31,000001.SH,3600.0702,3615.4773,0.40804720215962,331523770.0,449694380976.0
2021-06-01,000001.SH,3608.5978,3624.7138,0.2554711102736,352811413.0,471663104797.0
2021-06-02,000001.SH,3626.3283,3597.1379,-0.7607745472208,348558420.0,454678066376.0
2021-06-03,000001.SH,3595.4215,3584.2121,-0.35933568184862,354233031.0,443506527329.0
2021-06-04,000001.SH,3565.4716,3591.8447,0.21295056729483,330893038.0,435280519933.0
2021-06-07,000001.SH,3597.1413,3599.541,0.21427151346494,303718677.0,432219952222.0
2021-06-08,000001.SH,3598.7527,3580.1063,-0.53992161778405,304491470.0,443161808008.0
2021-06-09,000001.SH,3576.8015,3591.3965,0.31535935120139,298323296.0,403236322754.0
2021-06-10,000001.SH,3587.5282,3610.859,0.54192011380531,318174808.0,442117285384.0
2021-06-11,000001.SH,3614.1134,3589.7481,-0.58465035605102,360554970.0,495372693065.0
2021-06-15,000001.SH,3587.4658,3556.559,-0.92455233836602,349168566.0,444719204218.0
2021-06-16,000001.SH,3556.7139,3518.3292,-1.0749097653097,312597306.0,410609314681.0
2021-06-17,000001.SH,3508.317,3525.6042,0.20677428365714,277229918.0,388761041679.0
2021-06-18,000001.SH,3520.4966,3525.0968,-0.014391859415201,296708585.0,446297401403.0
2021-06-21,000001.SH,3515.5006,3529.1826,0.11590603696331,280898277.0,426562789148.0
2021-06-22,000001.SH,3539.7876,3557.412,0.79988493652892,307536399.0,437092259173.0
2021-06-23,000001.SH,3559.3988,3566.2199,0.24759291305028,310709518.0,470347635637.0
2021-06-24,000001.SH,3568.5758,3566.6539,0.012169748702253,335440754.0,461273595570.0
2021-06-25,000001.SH,3567.3772,3607.5618,1.1469545727439,346087832.0,483898970869.0
2021-06-28,000001.SH,3612.2469,3606.3722,-0.032975180078693,321274974.0,456029594401.0
2021-06-29,000001.SH,3601.6772,3573.1779,-0.92043466839057,306071178.0,440898705225.0
2021-06-30,000001.SH,3572.6236,3591.197,0.50428779378715,268162818.0,414698378934.0
2021-07-01,000001.SH,3600.5464,3588.7816,-0.067258911165283,291883192.0,450639036987.0
2021-07-02,000001.SH,3569.8919,3518.7595,-1.9511385145309,291945548.0,452263194296.0
2021-07-05,000001.SH,3516.9228,3534.3222,0.44227802440036,288094837.0,445431942147.0
2021-07-06,000001.SH,3533.1304,3530.2589,-0.11496688106139,314070211.0,492886901186.0
2021-07-07,000001.SH,3508.5901,3553.7155,0.66444418566582,318839189.0,457607653225.0
2021-07-08,000001.SH,3557.2177,3525.5039,-0.79386208603361,350877857.0,526858672970.0
2021-07-09,000001.SH,3512.2334,3524.0881,-0.040158798292642,349884317.0,493020839328.0
2021-07-12,000001.SH,3545.1977,3547.8362,0.67387929376681,403639558.0,564759282706.0
2021-07-13,000001.SH,3547.5897,3566.5225,0.52669568003167,362416711.0,511917230695.0
2021-07-14,000001.SH,3560.8281,3528.5011,-1.0660636516383,372221722.0,507716415422.0
2021-07-15,000001.SH,3519.063,3564.5902,1.022788401568,363259164.0,507481841308.0
2021-07-16,000001.SH,3559.526,3539.3038,-0.70937747626642,366014779.0,518640630071.0
2021-07-19,000001.SH,3530.4932,3539.1225,-0.0051224763469073,336760946.0,486952459447.0
2021-07-20,000001.SH,3515.0718,3536.7905,-0.065892039622813,293780594.0,422649888643.0
2021-07-21,000001.SH,3543.0534,3562.6611,0.73147108939587,338978748.0,517239989150.0
2021-07-22,000001.SH,3563.6608,3574.7344,0.33888432441694,381067054.0,566769499165.0
2021-07-23,000001.SH,3571.7152,3550.3964,-0.68083379844947,446421246.0,604195152713.0
2021-07-26,000001.SH,3538.0143,3467.4409,-2.336513748155,442882203.0,639061193803.0
2021-07-27,000001.SH,3467.4473,3381.1833,-2.4876444181067,469075443.0,702741087490.0
2021-07-28,000001.SH,3355.8189,3361.5895,-0.57949535004506,395825419.0,564697720125.0
2021-07-29,000001.SH,3403.8383,3411.724,1.4913926878936,344569428.0,539748855383.0
2021-07-30,000001.SH,3398.196,3397.3574,-0.42109502409926,381440956.0,568820969728.0
2021-08-02,000001.SH,3385.6902,3464.2854,1.9700017431195,432927871.0,657885783920.0
2021-08-03,000001.SH,3446.7841,3447.9914,-0.47034231071148,400698081.0,603419198485.0
2021-08-04,000001.SH,3442.9368,3477.2186,0.84765872675901,348744218.0,546820755983.0
2021-08-05,000001.SH,3461.7185,3466.5491,-0.30684007039419,348436922.0,540401110891.0
2021-08-06,000001.SH,3465.4842,3458.2277,-0.24004852549183,336824400.0,516406643136.0
2021-08-09,000001.SH,3441.7502,3494.6348,1.0527675780285,349910094.0,539498929567.0
2021-08-10,000001.SH,3488.6642,3529.9309,1.0100082560844,345112992.0,553440311802.0
2021-08-11,000001.SH,3527.1093,3532.6213,0.076216789399474,383783554.0,541942732600.0
2021-08-12,000001.SH,3522.7238,3524.7374,-0.223174219099,381074593.0,538163449854.0
2021-08-13,000001.SH,3514.4671,3516.2989,-0.23940790596202,378187282.0,532907854295.0
2021-08-16,000001.SH,3514.3445,3517.3447,0.029741498937998,391099721.0,535458941417.0
2021-08-17,000001.SH,3512.109,3446.976,-2.0006199562983,422885804.0,570430624019.0
2021-08-18,000001.SH,3442.3472,3485.2859,1.1114060556267,389203756.0,535463068066.0
2021-08-19,000001.SH,3475.298,3465.5546,-0.56613146141038,382383031.0,537926524372.0
2021-08-20,000001.SH,3442.5062,3427.3338,-1.1028768670965,391136918.0,552667602552.0
2021-08-23,000001.SH,3436.7963,3477.1321,1.4529749042827,384727440.0,564308155514.0
2021-08-24,000001.SH,3482.2658,3514.471,1.0738418595026,430236463.0,616084137942.0
2021-08-25,000001.SH,3517.9151,3540.3837,0.73731437818095,450047019.0,598611868655.0
2021-08-26,000001.SH,3537.3139,3501.6643,-1.0936498210632,502903147.0,622393475972.0
2021-08-27,000001.SH,3494.4176,3522.1567,0.58521886292755,455345906.0,595518692638.0
2021-08-30,000001.SH,3535.0727,3528.1512,0.17019401777325,512785716.0,699116242830.0
2021-08-31,000001.SH,3519.0245,3543.9402,0.44751483439826,524205056.0,703504818921.0
2021-09-01,000001.SH,3543.8663,3567.1008,0.65352682869762,667276305.0,842528984364.0
2021-09-02,000001.SH,3559.9025,3597.0426,0.83938754968741,572684039.0,691113292775.0
2021-09-03,000001.SH,3602.7421,3581.7344,-0.42557738960335,614532353.0,743840780597.0
2021-09-06,000001.SH,3580.1413,3621.8593,1.1202645288272,521713276.0,654085732919.0
2021-09-07,000001.SH,3621.7099,3676.5866,1.511027775154,547721875.0,658867924825.0
2021-09-08,000001.SH,3673.4023,3675.1865,-0.038081518330081,586436193.0,674348482657.0
2021-09-09,000001.SH,3666.8246,3693.1296,0.48822284256868,604810330.0,679465424376.0
2021-09-10,000001.SH,3691.1856,3703.1103,0.27025046724598,635200433.0,759084638082.0
2021-09-13,000001.SH,3699.2534,3715.3723,0.33112705284528,557484019.0,696192354652.0
2021-09-14,000001.SH,3709.6336,3662.6015,-1.4203367990874,564952386.0,693778088252.0
2021-09-15,000001.SH,3651.1583,3656.2232,-0.17414670965433,474970001.0,604231544088.0
2021-09-16,000001.SH,3664.841,3607.0922,-1.3437636958269,546741474.0,673955340425.0
2021-09-17,000001.SH,3595.2715,3613.9663,0.19057178521802,516850210.0,628834394261.0
2021-09-22,000001.SH,3563.2074,3628.4897,0.40186871692744,472296053.0,559874729606.0
2021-09-23,000001.SH,3651.2661,3642.2204,0.37841364135607,534995486.0,633218929071.0
2021-09-24,000001.SH,3637.8677,3613.0673,-0.80042108379822,507304772.0,606788609083.0
2021-09-27,000001.SH,3625.9597,3582.8307,-0.83686788784699,510802795.0,640673648233.0
2021-09-28,000001.SH,3577.8859,3602.2184,0.54112799692155,444168807.0,500081996060.0
2021-09-29,000001.SH,3573.5178,3536.2944,-1.8300944773365,452511151.0,511106926315.0
2021-09-30,000001.SH,3541.9283,3568.1668,0.90129373843987,395629626.0,445734703143.0
2021-10-08,000001.SH,3609.0874,3592.1666,0.6726086908269,407161148.0,492964826435.0
2021-10-11,000001.SH,3600.3569,3591.7087,-0.012747181603433,394361159.0,468673831445.0
2021-10-12,000001.SH,3581.2967,3546.9362,-1.2465515368771,405393748.0,461983492102.0
2021-10-13,000001.SH,3543.4918,3561.7623,0.41799736910971,325050667.0,405020008807.0
2021-10-14,000001.SH,3555.1085,3558.2795,-0.097783055315055,294969196.0,377519263094.0
2021-10-15,000001.SH,3551.9874,3572.3662,0.39588514617809,320292984.0,425924720864.0
2021-10-18,000001.SH,3571.0482,3568.1379,-0.11836132589094,340950616.0,455787893425.0
2021-10-19,000001.SH,3562.2955,3593.1533,0.70107716408606,334197652.0,440181531800.0
2021-10-20,000001.SH,3583.2364,3587.0009,-0.17122564740001,344245008.0,450482950932.0
2021-10-21,000001.SH,3590.0496,3594.7831,0.21695561882909,352310867.0,453571672488.0
2021-10-22,000001.SH,3594.7457,3582.6036,-0.33881042781135,353157203.0,455441250136.0
2021-10-25,000001.SH,3574.2631,3609.8626,0.76087122784112,321196816.0,443961628845.0
2021-10-26,000001.SH,3612.8332,3597.6377,-0.33865277864038,337278291.0,465179593747.0
2021-10-27,000001.SH,3589.8573,3562.3052,-0.9821027837239,350620940.0,470777794112.0
2021-10-28,000001.SH,3548.7021,3518.4166,-1.2320280699138,378171666.0,502982768105.0
2021-10-29,000001.SH,3519.3276,3547.3361,0.8219464403391,358809377.0,527231831380.0
2021-11-01,000001.SH,3530.3963,3544.4795,-0.080528033416401,382251325.0,564100255084.0
2021-11-02,000001.SH,3543.3827,3505.6283,-1.0961045197186,417563173.0,585519469752.0
2021-11-03,000001.SH,3501.1051,3498.5368,-0.20228898768304,306607669.0,449115126720.0
2021-11-04,000001.SH,3505.8944,3526.8657,0.80973565863306,319440829.0,468829179598.0
2021-11-05,000001.SH,3520.2073,3491.5677,-1.0008319851816,354533565.0,485823223513.0
2021-11-08,000001.SH,3491.9709,3498.6308,0.20229022052185,298183722.0,421968075351.0
2021-11-09,000001.SH,3507.1075,3507.0018,0.2392650290508,287315989.0,421200703326.0
2021-11-10,000001.SH,3498.9445,3492.4616,-0.4146048627634,307030708.0,443112742292.0
2021-11-11,000001.SH,3486.451,3532.7858,1.1546068251688,322087957.0,464803859154.0
2021-11-12,000001.SH,3534.1512,3539.1002,0.17873713147284,308683354.0,443398366973.0
2021-11-15,000001.SH,3542.9034,3533.3026,-0.16381565009094,313017612.0,464065405724.0
2021-11-16,000001.SH,3530.4575,3521.7867,-0.32592453304169,310399909.0,444700782765.0
2021-11-17,000001.SH,3518.5646,3537.3662,0.44237488885968,276735671.0,401552317883.0
2021-11-18,000001.SH,3531.4923,3520.7106,-0.47084749099486,312426927.0,432898314219.0
2021-11-19,000001.SH,3519.2758,3560.3734,1.1265566672819,317989976.0,440593605999.0
2021-11-22,000001.SH,3562.7628,3582.0797,0.60966358191531,330009385.0,509123407001.0
2021-11-23,000001.SH,3580.5058,3589.0894,0.19568799655686,360011593.0,508083893762.0
2021-11-24,000001.SH,3590.0189,3592.7025,0.10066898862982,336775246.0,481020419983.0
2021-11-25,000001.SH,3593.3883,3584.1788,-0.23725037071674,306451518.0,450558843114.0
2021-11-26,000001.SH,3576.1136,3564.0894,-0.56050217137606,301000066.0,434625236058.0
2021-11-29,000001.SH,3528.672,3562.6968,-0.039073093957735,333618331.0,490038170242.0
2021-11-30,000001.SH,3570.7468,3563.8872,0.03341289104366,349187938.0,493605518048.0
2021-12-01,000001.SH,3561.886,3576.8853,0.36471693043483,329873517.0,467522790619.0
2021-12-02,000001.SH,3573.2468,3573.8358,-0.085255739120292,354041524.0,468424828238.0
2021-12-03,000001.SH,3576.4496,3607.4322,0.94006557324207,377551048.0,493565554762.0
2021-12-06,000001.SH,3615.2356,3589.3061,-0.50246543788128,418676743.0,528229670826.0
2021-12-07,000001.SH,3611.217,3595.0882,0.16109241839252,403842594.0,524119459397.0
2021-12-08,000001.SH,3602.824,3637.5675,1.1815927075169,361036657.0,486034352142.0
2021-12-09,000001.SH,3641.1579,3673.0412,0.97520389656,431918157.0,568529389584.0
2021-12-10,000001.SH,3654.3684,3666.3479,-0.18222774087042,419988801.0,556324240459.0
2021-12-13,000001.SH,3686.9368,3681.082,0.40187402837575,424092009.0,574187961682.0
2021-12-14,000001.SH,3669.8067,3661.5253,-0.5312758585655,362171934.0,487468521312.0
2021-12-15,000001.SH,3655.0489,3647.6303,-0.37948665819679,377477667.0,481134370303.0
2021-12-16,000001.SH,3648.9271,3675.016,0.75078058212205,381329507.0,465911359475.0
2021-12-17,000001.SH,3670.2578,3632.3638,-1.1605990286845,408487837.0,491952923489.0
2021-12-20,000001.SH,3620.0371,3593.6019,-1.067126040624,423851410.0,491828987624.0
2021-12-21,000001.SH,3591.4519,3625.1251,0.87720345428357,408184348.0,428379392341.0
2021-12-22,000001.SH,3632.6763,3622.6178,-0.069164509660652,394825177.0,432451306637.0
2021-12-23,000001.SH,3625.4695,3643.3391,0.5719979623575,382925734.0,449988152723.0
2021-12-24,000001.SH,3645.3948,3618.0535,-0.69402268924131,390347625.0,476261146267.0
2021-12-27,000001.SH,3613.0469,3615.9741,-0.057472892537384,329235293.0,407482648446.0
2021-12-28,000001.SH,3619.6419,3630.1115,0.39097072072502,316202242.0,408761369696.0
2021-12-29,000001.SH,3630.9159,3597.0002,-0.91212900760762,305131766.0,410425339497.0
2021-12-30,000001.SH,3596.4921,3619.1886,0.61685845889027,307839291.0,413947692796.0
2021-12-31,000001.SH,3626.242,3639.7754,0.56882363079946,329681932.0,433489803104.0
2022-01-04,000001.SH,3649.151,3632.3289,-0.20458679950417,405027769.0,510251060625.0
2022-01-05,000001.SH,3628.2634,3595.1761,-1.0228368912298,423902028.0,538963631684.0
2022-01-06,000001.SH,3581.2184,3586.0792,-0.25303072080391,371540543.0,474284290005.0
2022-01-07,000001.SH,3588.9851,3579.5427,-0.18227427882798,436306961.0,502891435426.0
2022-01-10,000001.SH,3572.7434,3593.5187,0.39044093537423,356222610.0,443400848592.0
2022-01-11,000001.SH,3589.9043,3567.4409,-0.72568983709477,359761863.0,441300566934.0
2022-01-12,000001.SH,3578.1629,3597.4321,0.84069227327634,343132956.0,435817892980.0
2022-01-13,000001.SH,3601.0265,3555.2585,-1.1723251149063,369368365.0,457005419279.0
2022-01-14,000001.SH,3544.0652,3521.2559,-0.95640302948435,376937024.0,463197641866.0
2022-01-17,000001.SH,3522.0851,3541.666,0.57962558188401,312886733.0,438272981569.0
2022-01-18,000001.SH,3541.8899,3569.9144,0.79760203248979,377146435.0,470832038609.0
2022-01-19,000001.SH,3567.6309,3558.1796,-0.32871376411715,333235269.0,420763364210.0
2022-01-20,000001.SH,3556.2262,3555.0629,-0.08759254310828,379509846.0,459701843415.0
2022-01-21,000001.SH,3546.7495,3522.5679,-0.91404852499234,326534880.0,417768922558.0
2022-01-24,000001.SH,3508.2441,3524.105,0.043635780590631,280268342.0,358009694270.0
2022-01-25,000001.SH,3509.2847,3433.0612,-2.5834587788956,327353813.0,383727737454.0
2022-01-26,000001.SH,3442.6916,3455.6679,0.65849976691356,275122828.0,338312361452.0
2022-01-27,000001.SH,3456.1021,3394.2474,-1.7773843371928,280606534.0,346533957924.0
2022-01-28,000001.SH,3407.5933,3361.4397,-0.96656772868119,290855257.0,353774612581.0
2022-02-07,000001.SH,3407.7621,3429.5809,2.0271433100525,320485211.0,357140422917.0
2022-02-08,000001.SH,3428.5424,3452.6288,0.6720325506828,366093865.0,387969865736.0
2022-02-09,000001.SH,3450.818,3479.9458,0.79119423437585,350249936.0,393719989770.0
2022-02-10,000001.SH,3481.9101,3485.9071,0.17130439215461,355666267.0,404969419399.0
2022-02-11,000001.SH,3472.2757,3462.9479,-0.65862914132163,361356090.0,426297923498.0
2022-02-14,000001.SH,3451.8468,3428.8821,-0.9837225677002,315274448.0,361677855098.0
2022-02-15,000001.SH,3428.0447,3446.0885,0.50180786326832,275559322.0,341638876452.0
2022-02-16,000001.SH,3457.073,3465.8305,0.57288139872206,274993913.0,325563412529.0
2022-02-17,000001.SH,3464.2091,3468.0354,0.063618229454677,297262682.0,355783125697.0
2022-02-18,000001.SH,3451.6318,3490.7573,0.65518074008126,295149963.0,327220393283.0
2022-02-21,000001.SH,3488.4057,3490.6123,-0.0041538264490756,301541740.0,345398586146.0
2022-02-22,000001.SH,3473.2874,3457.146,-0.95875156344346,326279484.0,387678927614.0
2022-02-23,000001.SH,3458.5139,3489.1465,0.92563345603569,325604895.0,415630339823.0
2022-02-24,000001.SH,3474.3692,3429.9564,-1.6964062701294,488354901.0,569794044220.0
2022-02-25,000001.SH,3445.3361,3451.4061,0.6253636343599,377542556.0,441659490622.0
2022-02-28,000001.SH,3450.3155,3462.3064,0.31582200657291,345838388.0,413804526724.0
2022-03-01,000001.SH,3471.3646,3488.8347,0.7662031297981,326001662.0,412562471160.0
2022-03-02,000001.SH,3478.2925,3484.1916,-0.13308455112533,329367684.0,380143816188.0
2022-03-03,000001.SH,3495.928,3481.1125,-0.08837344077174,412594289.0,443621777162.0
2022-03-04,000001.SH,3459.9845,3447.649,-0.96128751943525,393526581.0,430669055303.0
2022-03-07,000001.SH,3438.5602,3372.8552,-2.1694145778761,393588999.0,458156894791.0
2022-03-08,000001.SH,3372.5546,3293.5301,-2.3518679366965,415926766.0,485623581004.0
2022-03-09,000001.SH,3303.706,3256.3884,-1.1277170352869,466285569.0,519833299622.0
2022-03-10,000001.SH,3312.1789,3296.0922,1.2192587346153,378336376.0,466084008361.0
2022-03-11,000001.SH,3259.3227,3309.7467,0.41426329032908,384067127.0,458687054696.0
2022-03-14,000001.SH,3271.8902,3223.5328,-2.6048488846594,337968687.0,418055596109.0
2022-03-15,000001.SH,3192.3637,3063.9652,-4.9500845780133,465037164.0,508158410060.0
2022-03-16,000001.SH,3107.669,3170.7103,3.4838874801842,444667189.0,522305342485.0
2022-03-17,000001.SH,3215.0105,3215.0445,1.3982419018224,420813458.0,532549484016.0
2022-03-18,000001.SH,3207.1522,3251.0724,1.1206034628759,373035611.0,428415081637.0
2022-03-21,000001.SH,3255.6152,3253.6857,0.080382706949251,354228488.0,421076289728.0
2022-03-22,000001.SH,3249.5428,3259.8619,0.18982165364036,361196158.0,402798964046.0
2022-03-23,000001.SH,3264.7923,3271.0325,0.3426709579323,349875370.0,405422033502.0
2022-03-24,000001.SH,3256.0573,3250.2644,-0.63490961951616,329006654.0,390727516517.0
2022-03-25,000001.SH,3247.1568,3212.2399,-1.1698894403791,340020006.0,389770395978.0
2022-03-28,000001.SH,3185.1668,3214.5027,0.070443057506383,344994873.0,374472279970.0
2022-03-29,000001.SH,3216.0118,3203.9393,-0.32861692727774,316273649.0,363964468654.0
2022-03-30,000001.SH,3217.5921,3266.5959,1.9556113313383,366753677.0,413008941329.0
2022-03-31,000001.SH,3256.1369,3252.2029,-0.440611585902,398439934.0,428089033635.0
2022-04-01,000001.SH,3234.668,3282.7166,0.93824711859152,378210460.0,405675715433.0
2022-04-06,000001.SH,3269.427,3283.4261,0.021613196826066,429642779.0,433556392484.0
2022-04-07,000001.SH,3267.8103,3236.6951,-1.4232389758978,402626660.0,398081845473.0
2022-04-08,000001.SH,3239.8767,3251.8502,0.46822760661021,413826799.0,414037258375.0
2022-04-11,000001.SH,3239.855,3167.1259,-2.6054182938685,424160185.0,435129505095.0
2022-04-12,000001.SH,3165.1197,3213.3295,1.4588494887431,418321923.0,422455849025.0
2022-04-13,000001.SH,3199.7972,3186.8244,-0.8248484943732,391156925.0,398216898477.0
2022-04-14,000001.SH,3203.6337,3225.6412,1.2180401279719,371242344.0,401191632081.0
2022-04-15,000001.SH,3210.6996,3211.2448,-0.44631126363342,407842082.0,413498819917.0
2022-04-18,000001.SH,3185.9428,3195.524,-0.48955470476745,347365123.0,366380807918.0
2022-04-19,000001.SH,3192.0924,3194.0287,-0.046793577516553,339944104.0,362769876686.0
2022-04-20,000001.SH,3189.8912,3151.0498,-1.3456015595602,362047037.0,373572708096.0
2022-04-21,000001.SH,3138.4276,3079.8077,-2.2609004783104,391934694.0,396542033947.0
2022-04-22,000001.SH,3058.4044,3086.9193,0.23091052080947,342000563.0,348793631075.0
2022-04-25,000001.SH,3034.2667,2928.5118,-5.1315724385798,433606108.0,427077210434.0
2022-04-26,000001.SH,2930.4532,2886.4257,-1.4371156025392,401615154.0,395985961275.0
2022-04-27,000001.SH,2866.8161,2958.282,2.489456077113,423060191.0,422928346515.0
2022-04-28,000001.SH,2945.8109,2975.4848,0.58151318907393,375371775.0,388743021898.0
2022-04-29,000001.SH,2986.0606,3047.0624,2.4055777398023,423932794.0,440422728848.0
2022-05-05,000001.SH,3044.8491,3067.7587,0.67922140353936,383072875.0,409352003239.0
2022-05-06,000001.SH,3011.3187,3001.5605,-2.1578685442242,343264218.0,346214397720.0
2022-05-09,000001.SH,2990.199,3004.1409,0.085968615325256,292061556.0,299983258910.0
2022-05-10,000001.SH,2965.7759,3035.8442,1.055320008459,370660980.0,384012598375.0
2022-05-11,000001.SH,3035.3893,3058.7027,0.75295365947962,423991912.0,472963382231.0
2022-05-12,000001.SH,3044.7997,3054.994,-0.1212507511763,344440477.0,368879652308.0
2022-05-13,000001.SH,3068.0331,3084.2845,0.95877438711827,331737852.0,340942192653.0
2022-05-16,000001.SH,3100.55,3073.7488,-0.34159300155353,338108492.0,348957705494.0
2022-05-17,000001.SH,3076.4982,3093.6965,0.64896975315615,330356537.0,351671298471.0
2022-05-18,000001.SH,3095.8862,3085.9768,-0.24952997166982,315037923.0,338849162214.0
2022-05-19,000001.SH,3046.7104,3096.9648,0.35606230092204,336600749.0,360018210692.0
2022-05-20,000001.SH,3107.0941,3146.5673,1.6016488143488,372336636.0,415306218189.0
2022-05-23,000001.SH,3150.4898,3146.8573,0.0092163927337567,353376325.0,381178569222.0
2022-05-24,000001.SH,3149.059,3070.9272,-2.4128866599703,416312158.0,438605376464.0
2022-05-25,000001.SH,3070.1702,3107.4641,1.1897677027316,342259227.0,342322167669.0
2022-05-26,000001.SH,3111.4817,3123.1079,0.5034265721686,370305518.0,377364655262.0
2022-05-27,000001.SH,3135.0315,3130.2394,0.22834625726508,359463866.0,372631595527.0
2022-05-30,000001.SH,3141.956,3149.0607,0.60127350003965,349362285.0,376667694193.0
2022-05-31,000001.SH,3149.9443,3186.4271,1.1865887500994,374523265.0,432528021880.0
2022-06-01,000001.SH,3179.6949,3182.1566,-0.13402158172707,365664432.0,402419941241.0
2022-06-02,000001.SH,3170.3055,3195.458,0.41799954156877,361770632.0,413729263917.0
2022-06-06,000001.SH,3196.9552,3236.3719,1.2803767096923,422027835.0,517314346904.0
2022-06-07,000001.SH,3235.416,3241.7635,0.16659395664633,402203220.0,482203196910.0
2022-06-08,000001.SH,3245.0173,3263.7934,0.6795653045017,434183270.0,508408534897.0
2022-06-09,000001.SH,3259.4899,3238.9543,-0.76105001008949,422728372.0,468458214290.0
2022-06-10,000001.SH,3214.1848,3284.8341,1.4165003810026,439865730.0,504153681088.0
2022-06-13,000001.SH,3256.275,3255.5511,-0.89146054590702,438578312.0,511966171759.0
2022-06-14,000001.SH,3224.2141,3288.9066,1.0245730745863,450388187.0,513844989479.0
2022-06-15,000001.SH,3289.1036,3305.4066,0.50168648753966,550584131.0,621972527663.0
2022-06-16,000001.SH,3306.8353,3285.3845,-0.6057378841078,433220868.0,506053993841.0
2022-06-17,000001.SH,3265.5124,3316.7857,0.95578462733966,395300700.0,497252170222.0
2022-06-20,000001.SH,3315.7833,3315.4302,-0.040867880008049,413460410.0,527751758046.0
2022-06-21,000001.SH,3313.7874,3306.7186,-0.26275926424268,394456891.0,471793645370.0
2022-06-22,000001.SH,3309.1184,3267.2016,-1.1950517954567,375529782.0,440850994256.0
2022-06-23,000001.SH,3269.0545,3320.1487,1.6205642161782,400614211.0,474200107522.0
2022-06-24,000001.SH,3324.736,3349.747,0.89147513182165,390819734.0,509615998469.0
2022-06-27,000001.SH,3364.003,3379.1852,0.87881860928602,414117738.0,541573846134.0
2022-06-28,000001.SH,3377.6793,3409.2103,0.8885307617943,412056516.0,525512509335.0
2022-06-29,000001.SH,3399.6779,3361.5177,-1.3989339408015,440573559.0,561306976812.0
2022-06-30,000001.SH,3358.9338,3398.6161,1.1036205461599,381243178.0,510307202948.0
2022-07-01,000001.SH,3400.2616,3387.6373,-0.32303736806285,350489299.0,458435288456.0
2022-07-04,000001.SH,3381.8194,3405.4267,0.52512705536688,357737919.0,489347955347.0
2022-07-05,000001.SH,3411.1297,3404.0252,-0.041154901381373,411699672.0,516605703878.0
2022-07-06,000001.SH,3391.0265,3355.3497,-1.4299394728335,384630047.0,487474666924.0
2022-07-07,000001.SH,3353.1283,3364.398,0.26966786800195,334400202.0,438203112921.0
2022-07-08,000001.SH,3380.3686,3356.0778,-0.24730130026234,322921072.0,421883933133.0
2022-07-11,000001.SH,3341.1016,3313.584,-1.2661744611522,342669193.0,424942266313.0
2022-07-12,000001.SH,3307.2211,3281.4665,-0.96926771737188,334600539.0,410950560718.0
2022-07-13,000001.SH,3279.6025,3284.2918,0.08609870007815,331845669.0,394134617511.0
2022-07-14,000001.SH,3277.4545,3281.744,-0.077575323849112,355926432.0,431969353548.0
2022-07-15,000001.SH,3261.3826,3228.0609,-1.6358101058462,380156371.0,460877019141.0
2022-07-18,000001.SH,3235.0881,3278.1033,1.5502309761256,348346022.0,423357272300.0
2022-07-19,000001.SH,3278.7221,3279.4313,0.040511230991408,315651918.0,396042358323.0
2022-07-20,000001.SH,3291.5507,3304.7243,0.77126177334465,301515123.0,383422746838.0
2022-07-21,000001.SH,3297.6614,3272.0012,-0.99019152671827,332358707.0,420696576742.0
2022-07-22,000001.SH,3276.1966,3269.9739,-0.061959023731415,300690066.0,383576011593.0
2022-07-25,000001.SH,3269.707,3250.388,-0.59896196724995,271245744.0,348281870965.0
2022-07-26,000001.SH,3254.1852,3277.4356,0.83213450209636,259468676.0,334421587036.0
2022-07-27,000001.SH,3271.7825,3275.7553,-0.051268741939582,249131485.0,339768241053.0
2022-07-28,000001.SH,3287.5019,3282.5758,0.20821152300357,288055056.0,395925555549.0
2022-07-29,000001.SH,3282.8114,3253.2382,-0.89373716823235,307331047.0,410553093404.0
2022-08-01,000001.SH,3246.6161,3259.9585,0.20657263891714,292204805.0,399000239744.0
2022-08-02,000001.SH,3231.2621,3186.2664,-2.2605226416226,394176168.0,475962696161.0
2022-08-03,000001.SH,3188.8906,3163.6741,-0.70905245085595,324885673.0,455409764943.0
2022-08-04,000001.SH,3179.4278,3189.0391,0.8017576778847,260898943.0,371146916078.0
2022-08-05,000001.SH,3195.2274,3227.0267,1.1911926699174,274683729.0,414055641493.0
2022-08-08,000001.SH,3218.8511,3236.9337,0.30700086863242,254268050.0,392277178490.0
2022-08-09,000001.SH,3235.7351,3247.4318,0.32432236718348,259605467.0,391415560267.0
2022-08-10,000001.SH,3242.3622,3230.02,-0.53617138318347,257583592.0,390066120147.0
2022-08-11,000001.SH,3243.4716,3281.6654,1.5989188921431,300605376.0,427399149616.0
2022-08-12,000001.SH,3275.77,3276.8877,-0.14558766411712,299932928.0,403906156289.0
2022-08-15,000001.SH,3268.3653,3276.087,-0.02443477083454,287106773.0,387257744646.0
2022-08-16,000001.SH,3278.6756,3277.8847,0.05487339011449,303592274.0,409210082291.0
2022-08-17,000001.SH,3282.1008,3292.526,0.44666915831419,326124759.0,423859011368.0
2022-08-18,000001.SH,3286.3669,3277.5438,-0.45503664967262,301694778.0,418075199680.0
2022-08-19,000001.SH,3275.6229,3258.0784,-0.59390205555758,333535471.0,457863361108.0
2022-08-22,000001.SH,3249.7046,3277.7943,0.60513890641797,314537869.0,427653295826.0
2022-08-23,000001.SH,3274.427,3276.2234,-0.047925521134751,316566356.0,418311743963.0
2022-08-24,000001.SH,3279.1716,3215.2033,-1.8625134049162,366140577.0,458360278355.0
2022-08-25,000001.SH,3223.4645,3246.2481,0.96556258199908,336196165.0,419464277028.0
2022-08-26,000001.SH,3250.6276,3236.2226,-0.30883344991406,309927554.0,397556251309.0
2022-08-29,000001.SH,3203.1022,3240.7275,0.13920241456814,297015097.0,363729979752.0
2022-08-30,000001.SH,3240.1835,3227.2203,-0.41679530290652,294318914.0,353775673849.0
2022-08-31,000001.SH,3216.5257,3202.1378,-0.77721685129459,344408829.0,431758007417.0
2022-09-01,000001.SH,3196.5367,3184.9797,-0.53583265529672,274660541.0,336978641199.0
2022-09-02,000001.SH,3189.6439,3186.4781,0.047045825755183,250456911.0,313337604115.0
2022-09-05,000001.SH,3183.946,3199.9118,0.42158457012462,280675633.0,339591536253.0
2022-09-06,000001.SH,3207.933,3243.4466,1.3604999987812,318869689.0,378636070328.0
2022-09-07,000001.SH,3232.1368,3246.2943,0.087798578216142,301014466.0,368608741475.0
2022-09-08,000001.SH,3245.557,3235.5862,-0.32985610700791,281680358.0,328657091591.0
2022-09-09,000001.SH,3241.1809,3262.0542,0.81802796661699,283827665.0,338566713310.0
2022-09-13,000001.SH,3272.0492,3263.7972,0.053432588581757,276189823.0,339021890620.0
2022-09-14,000001.SH,3224.6783,3237.5419,-0.80444030039611,255193365.0,306452822218.0
2022-09-15,000001.SH,3248.9721,3199.9187,-1.1620915238194,325206121.0,392490591521.0
2022-09-16,000001.SH,3189.8265,3126.3977,-2.2975896231364,316475893.0,355085342918.0
2022-09-19,000001.SH,3122.7549,3115.6019,-0.34531115475168,249113662.0,289918817139.0
2022-09-20,000001.SH,3127.8356,3122.4058,0.21838155895334,219942534.0,268600300238.0
2022-09-21,000001.SH,3116.0065,3117.1774,-0.16744780579129,232972496.0,269513754503.0
2022-09-22,000001.SH,3098.7682,3108.9096,-0.26523354108753,221140689.0,269978597650.0
2022-09-23,000001.SH,3106.8055,3088.3695,-0.66068501959659,243057719.0,285552915206.0
2022-09-26,000001.SH,3067.5689,3051.226,-1.2026896393064,262698628.0,293536440839.0
2022-09-27,000001.SH,3056.3917,3093.8618,1.3973333997547,232735303.0,290065702696.0
2022-09-28,000001.SH,3089.0975,3045.0668,-1.5771551269679,230098650.0,276039741572.0
2022-09-29,000001.SH,3067.4727,3041.2046,-0.12683465597536,230030416.0,276441059418.0
2022-09-30,000001.SH,3042.1664,3024.3905,-0.55287631749604,204115336.0,240262768409.0
2022-10-10,000001.SH,3026.9354,2974.1454,-1.6613297786777,243404828.0,290120024167.0
2022-10-11,000001.SH,2978.0617,2979.7926,0.18987639272782,208635950.0,246715637025.0
2022-10-12,000001.SH,2976.7168,3025.5055,1.534096701898,248013557.0,306871328765.0
2022-10-13,000001.SH,3008.3016,3016.3561,-0.30240896934414,249683281.0,317764786735.0
2022-10-14,000001.SH,3035.0341,3071.9868,1.8443014735561,277304061.0,372050694579.0
2022-10-17,000001.SH,3060.5176,3084.9423,0.4217303277475,262608618.0,349214469685.0
2022-10-18,000001.SH,3094.9272,3080.9574,-0.12917259424918,245634757.0,326002905366.0
2022-10-19,000001.SH,3073.2616,3044.3777,-1.1872835372537,230895310.0,313108348652.0
2022-10-20,000001.SH,3029.3028,3035.0504,-0.30637788471516,244736145.0,340091337760.0
2022-10-21,000001.SH,3038.0358,3038.9291,0.12779688930371,245254122.0,315110985797.0
2022-10-24,000001.SH,3034.7458,2977.5554,-2.0195831485506,298085356.0,394725942513.0
2022-10-25,000001.SH,2969.156,2976.283,-0.042733042011587,255554160.0,337519280757.0
2022-10-26,000001.SH,2977.5643,2999.5036,0.7801879055184,268689492.0,372845274629.0
2022-10-27,000001.SH,3005.0373,2982.9029,-0.55344824390276,265608254.0,381330371123.0
2022-10-28,000001.SH,2967.0221,2915.9257,-2.2453697705011,292531308.0,385261361878.0
2022-10-31,000001.SH,2893.1962,2893.4829,-0.76966295814738,301994203.0,396654162134.0
2022-11-01,000001.SH,2899.4985,2969.1995,2.6167979081542,319809578.0,431015902874.0
2022-11-02,000001.SH,2960.6465,3003.3699,1.1508286997893,325078248.0,457581522045.0
2022-11-03,000001.SH,2981.2038,2997.8057,-0.1852652249062,259348567.0,370653283763.0
2022-11-04,000001.SH,2996.9971,3070.7964,2.4348042303075,329806740.0,458770093695.0
2022-11-07,000001.SH,3062.859,3077.817,0.22862473070503,320567097.0,424429131519.0
2022-11-08,000001.SH,3077.3056,3064.4928,-0.43291072861057,256522007.0,338966942022.0
2022-11-09,000001.SH,3064.4633,3048.1676,-0.5327211080411,235637324.0,306860895708.0
2022-11-10,000001.SH,3031.6915,3036.1318,-0.3948536163169,270371798.0,335925917722.0
2022-11-11,000001.SH,3099.65,3087.2926,1.6850651872228,409604534.0,513784597274.0
2022-11-14,000001.SH,3100.8669,3083.4013,-0.12604247488561,361788216.0,454546731409.0
2022-11-15,000001.SH,3081.1349,3134.0778,1.6435259335202,331470577.0,446460007889.0
2022-11-16,000001.SH,3133.6504,3119.9804,-0.44981014829945,303429844.0,386992905051.0
2022-11-17,000001.SH,3110.9649,3115.4347,-0.14569642809295,287028407.0,377900109273.0
2022-11-18,000001.SH,3116.7291,3097.2432,-0.58391530401841,299954276.0,389207386467.0
2022-11-21,000001.SH,3078.0569,3085.0444,-0.39385993324643,256045549.0,345025496475.0
2022-11-22,000001.SH,3084.2328,3088.9426,0.12635798693852,327565927.0,374142821130.0
2022-11-23,000001.SH,3084.7403,3096.9073,0.25784551645602,326155449.0,356400844278.0
2022-11-24,000001.SH,3104.0955,3089.3096,-0.24533185090816,267482928.0,308190185805.0
2022-11-25,000001.SH,3085.4611,3101.6932,0.40085331687054,311431979.0,325426338447.0
2022-11-28,000001.SH,3055.2899,3078.5485,-0.74619565855193,305811284.0,338549350775.0
2022-11-29,000001.SH,3096.1126,3149.7478,2.3127555079935,391449748.0,439102619264.0
2022-11-30,000001.SH,3141.3992,3151.3353,0.050400860665736,372718321.0,404504379283.0
2022-12-01,000001.SH,3187.9899,3165.4711,0.4485654065437,387013056.0,462184974023.0
2022-12-02,000001.SH,3160.5789,3156.1442,-0.29464492662719,307812484.0,366318678808.0
2022-12-05,000001.SH,3181.9155,3211.8144,1.7638674430655,447398437.0,479203617374.0
2022-12-06,000001.SH,3200.275,3212.5334,0.022386100516879,373590296.0,435248700179.0
2022-12-07,000001.SH,3204.9352,3199.6194,-0.40198803847455,354113078.0,402146133138.0
2022-12-08,000001.SH,3196.0156,3197.3499,-0.070930311273893,320969294.0,364935622701.0
2022-12-09,000001.SH,3197.1183,3206.9502,0.30025803556877,373343209.0,447750222047.0
2022-12-12,000001.SH,3195.868,3179.0417,-0.87025049531483,333381792.0,394919615250.0
2022-12-13,000001.SH,3179.4354,3176.3255,-0.085440842125484,285821200.0,333539763010.0
2022-12-14,000001.SH,3178.5542,3176.5253,0.0062902873146933,265623569.0,333950671128.0
2022-12-15,000001.SH,3177.1995,3168.6478,-0.2479910989533,243023333.0,305204998562.0
2022-12-16,000001.SH,3156.1349,3167.8576,-0.024938082421163,259771795.0,307227738355.0
2022-12-19,000001.SH,3165.3092,3107.115,-1.9174662396441,278513541.0,307934621462.0
2022-12-20,000001.SH,3098.9532,3073.7659,-1.0733139906312,218836766.0,261716073427.0
2022-12-21,000001.SH,3078.3312,3068.4105,-0.17422927360863,189067920.0,226852792581.0
2022-12-22,000001.SH,3085.8004,3054.4313,-0.45558441414536,223639537.0,266315477432.0
2022-12-23,000001.SH,3038.8416,3045.8664,-0.28040899135627,192020305.0,233335246196.0
2022-12-26,000001.SH,3048.1963,3065.5626,0.64665344481295,206503893.0,255470265307.0
2022-12-27,000001.SH,3077.7469,3095.5678,0.97878281787492,222218322.0,267946785442.0
2022-12-28,000001.SH,3088.6174,3087.3997,-0.26386435470739,224554151.0,260508525683.0
2022-12-29,000001.SH,3076.7264,3073.7016,-0.44367757112887,215570676.0,253916981220.0
2022-12-30,000001.SH,3084.5226,3089.2579,0.5061096366674,217545344.0,250355950865.0
2023-01-03,000001.SH,3087.513,3116.5119,0.88221834764912,281370362.0,331392138948.0
2023-01-04,000001.SH,3117.5711,3123.5164,0.22475447631052,273313626.0,316391228728.0
2023-01-05,000001.SH,3132.7614,3155.2162,1.0148754141326,257003018.0,335635934528.0
2023-01-06,000001.SH,3155.0747,3157.6365,0.076707897227462,257380255.0,338539843687.0
2023-01-09,000001.SH,3169.3737,3176.0845,0.58423444243819,258115218.0,342693770974.0
2023-01-10,000001.SH,3178.022,3169.5072,-0.20708831896632,232984175.0,310357698608.0
2023-01-11,000001.SH,3172.3759,3161.8376,-0.24198083538034,237742869.0,309248892854.0
2023-01-12,000001.SH,3167.273,3163.4509,0.05102412597029,216671305.0,275371843343.0
2023-01-13,000001.SH,3170.3548,3195.3059,1.0069699517069,220226897.0,288062499132.0
2023-01-16,000001.SH,3198.5189,3227.5916,1.0104103021874,306749549.0,413219640960.0
2023-01-17,000001.SH,3229.4354,3224.2448,-0.1036934164781,226592230.0,302611778529.0
2023-01-18,000001.SH,3227.5947,3224.406,0.0049996203762198,212109730.0,266068176682.0
2023-01-19,000001.SH,3221.5179,3240.2794,0.4922891223996,226465030.0,296815557256.0
2023-01-20,000001.SH,3247.2031,3264.8138,0.75716927373609,273219182.0,329028168425.0
2023-01-30,000001.SH,3308.8694,3269.318,0.13796192603696,353325829.0,453177014110.0
2023-01-31,000001.SH,3266.1442,3255.6692,-0.41748156649186,300162957.0,375260749569.0
2023-02-01,000001.SH,3262.1961,3284.9213,0.89849730433301,339509410.0,413395187749.0
2023-02-02,000001.SH,3291.7828,3285.6705,0.022807243509919,333413133.0,428662803430.0
2023-02-03,000001.SH,3275.6578,3263.4059,-0.67762729098977,293342814.0,378648522965.0
2023-02-06,000001.SH,3244.7007,3238.6978,-0.75712616686757,267053107.0,349127264895.0
2023-02-07,000001.SH,3245.2297,3248.094,0.29012277712358,250946450.0,321257641943.0
2023-02-08,000001.SH,3251.5006,3232.1063,-0.49221789763474,234530481.0,293332736126.0
2023-02-09,000001.SH,3227.7278,3270.3826,1.1842525105068,254754529.0,351760831733.0
2023-02-10,000001.SH,3266.4367,3260.6734,-0.29688269500944,260626926.0,341749872024.0
2023-02-13,000001.SH,3256.9881,3284.1599,0.7202959977531,297213188.0,397011413406.0
2023-02-14,000001.SH,3288.9742,3293.2825,0.27777575629005,270974168.0,355558052443.0
2023-02-15,000001.SH,3294.015,3280.4919,-0.38838453731193,269939123.0,357621816131.0
2023-02-16,000001.SH,3281.7352,3249.0295,-0.95907568008322,380863545.0,468382512227.0
2023-02-17,000001.SH,3244.7325,3224.0243,-0.7696205897792,278451237.0,355625842543.0
2023-02-20,000001.SH,3230.4728,3290.3383,2.0568703529933,325007733.0,397720315305.0
2023-02-21,000001.SH,3291.6312,3306.5236,0.49190382642417,324409449.0,390691271556.0
2023-02-22,000001.SH,3292.0489,3291.1477,-0.4650170952961,255403985.0,320515620001.0
2023-02-23,000001.SH,3293.5219,3287.477,-0.11153252101084,262324304.0,334364534378.0
2023-02-24,000001.SH,3287.2553,3267.1597,-0.6180210538355,234206306.0,308004347731.0
2023-02-27,000001.SH,3256.9998,3258.0344,-0.27930376344934,242855344.0,324605090925.0
2023-02-28,000001.SH,3265.742,3279.6053,0.662083248722,251625032.0,318030137286.0
2023-03-01,000001.SH,3279.1364,3312.3478,0.99836709008855,318398704.0,384387413830.0
2023-03-02,000001.SH,3308.0113,3310.6536,-0.051148010483679,328520016.0,389390626879.0
2023-03-03,000001.SH,3314.7727,3328.3927,0.53581866734713,343996919.0,388860006705.0
2023-03-06,000001.SH,3332.0235,3322.0259,-0.19128752445587,340530446.0,431616811145.0
2023-03-07,000001.SH,3320.211,3285.0988,-1.1115837477366,389957956.0,430081145229.0
2023-03-08,000001.SH,3271.8798,3283.2479,-0.056342293266807,260443547.0,312822175701.0
2023-03-09,000001.SH,3285.9427,3276.0937,-0.21790008607026,264021859.0,328825695493.0
2023-03-10,000001.SH,3255.5121,3230.0766,-1.4046332069196,281135410.0,342198577588.0
2023-03-13,000001.SH,3228.1239,3268.6955,1.1956032250133,294928087.0,364414206512.0
2023-03-14,000001.SH,3261.9219,3245.3123,-0.7153679503031,319906033.0,409976276121.0
2023-03-15,000001.SH,3261.0284,3263.3148,0.55472319258766,305168798.0,373276384410.0
2023-03-16,000001.SH,3244.4699,3226.8912,-1.1161534277968,327389632.0,392910208397.0
2023-03-17,000001.SH,3245.2604,3250.546,0.73305229503864,343001022.0,431983057737.0
2023-03-20,000001.SH,3253.9302,3234.9103,-0.48101765057316,392517391.0,480292404944.0
2023-03-21,000001.SH,3240.8388,3255.6505,0.64113678824418,301810779.0,388047055875.0
2023-03-22,000001.SH,3263.4129,3265.7475,0.31013771287796,290840462.0,382509081309.0
2023-03-23,000001.SH,3258.7791,3286.6491,0.64002498662252,306118393.0,426564792579.0
2023-03-24,000001.SH,3282.739,3265.6537,-0.63880868815598,324513337.0,430761598863.0
2023-03-27,000001.SH,3261.8235,3251.3971,-0.43656190489517,337861206.0,453585768741.0
2023-03-28,000001.SH,3256.6023,3245.376,-0.18518500862291,295682660.0,396882943368.0
2023-03-29,000001.SH,3253.6212,3240.0568,-0.16390088544441,296900508.0,405542776865.0
2023-03-30,000001.SH,3243.0683,3261.2485,0.65405334869439,299898295.0,401634271105.0
2023-03-31,000001.SH,3263.4061,3272.8602,0.3560507578616,283613746.0,396689286254.0
2023-04-03,000001.SH,3277.34,3296.396,0.71912023617752,357676775.0,513390565537.0
2023-04-04,000001.SH,3297.183,3312.5578,0.49028696794923,385871617.0,555811064016.0
2023-04-06,000001.SH,3302.751,3312.628,0.0021192083048366,327155424.0,506500167165.0
2023-04-07,000001.SH,3312.4813,3327.6457,0.45334701028911,283032247.0,436372798926.0
2023-04-10,000001.SH,3331.5051,3315.3578,-0.36926707672033,340819845.0,516434325402.0
2023-04-11,000001.SH,3317.0771,3313.5705,-0.053909716773267,320566055.0,466895849255.0
2023-04-12,000001.SH,3316.8623,3327.1816,0.41076838413428,343025315.0,482066170135.0
2023-04-13,000001.SH,3321.2733,3318.3638,-0.26502310544155,347862106.0,477587943380.0
2023-04-14,000001.SH,3326.3704,3338.1525,0.5963390752997,338299275.0,478345417461.0
2023-04-17,000001.SH,3337.0605,3385.6095,1.4216546428002,402809926.0,523790271022.0
2023-04-18,000001.SH,3379.2267,3393.3312,0.22807414735811,348399486.0,474287388944.0
2023-04-19,000001.SH,3391.3549,3370.1283,-0.68377940826997,346123443.0,476496941017.0
2023-04-20,000001.SH,3367.0525,3367.031,-0.091904512952813,350354965.0,499672394216.0
2023-04-21,000001.SH,3363.9987,3301.2575,-1.9534569179791,387395098.0,530517857772.0
2023-04-24,000001.SH,3300.8125,3275.413,-0.78286834638013,354255626.0,473265986269.0
2023-04-25,000001.SH,3276.403,3264.8717,-0.32183117060352,380895729.0,494240131388.0
2023-04-26,000001.SH,3255.2171,3264.1006,-0.023618079693604,357917842.0,480418149403.0
2023-04-27,000001.SH,3256.2278,3285.8844,0.66737526410797,341590534.0,466175350420.0
2023-04-28,000001.SH,3283.1224,3323.2746,1.1379036949687,401554785.0,514904620688.0
2023-05-04,000001.SH,3306.4827,3350.4587,0.81799138716975,483364916.0,550494850347.0
2023-05-05,000001.SH,3350.6538,3334.5028,-0.47623031437456,436504494.0,499294430532.0
2023-05-08,000001.SH,3340.9904,3395.0036,1.8143874403104,534103659.0,564661993453.0
2023-05-09,000001.SH,3402.3938,3357.6707,-1.0996424274778,573013309.0,619108477501.0
2023-05-10,000001.SH,3347.7015,3319.1506,-1.1472268558081,451739731.0,489553667297.0
2023-05-11,000001.SH,3323.6583,3309.5512,-0.28921254733064,354258271.0,401313953404.0
2023-05-12,000001.SH,3304.4582,3272.3619,-1.1236961676254,347314983.0,387081199285.0
2023-05-15,000001.SH,3269.8781,3310.7367,1.1726942548744,388045887.0,431706863269.0
2023-05-16,000001.SH,3310.1607,3290.9874,-0.59652282224678,322479410.0,385386011202.0
2023-05-17,000001.SH,3281.9664,3284.232,-0.20526970112374,285744050.0,340482661498.0
2023-05-18,000001.SH,3288.4112,3297.3199,0.39850717001722,309967472.0,368435070988.0
2023-05-19,000001.SH,3288.8911,3283.5417,-0.41786057822293,285404064.0,359507956518.0
2023-05-22,000001.SH,3278.596,3296.4696,0.39371816109415,273889998.0,342448401631.0
2023-05-23,000001.SH,3294.7877,3246.238,-1.523799885793,275279083.0,324667932873.0
2023-05-24,000001.SH,3237.7045,3204.7494,-1.2780517016928,288720257.0,342677325735.0
2023-05-25,000001.SH,3197.3644,3201.2605,-0.10886654663233,283588925.0,347709231731.0
2023-05-26,000001.SH,3198.8825,3212.5038,0.35121477930334,261700479.0,333319265973.0
2023-05-29,000001.SH,3219.7553,3221.4484,0.27843079905463,297389487.0,377875996064.0
2023-05-30,000001.SH,3214.6728,3224.2133,0.085827853086198,303532460.0,376622572865.0
2023-05-31,000001.SH,3214.6551,3204.5644,-0.60941687697894,294573338.0,384999190216.0
2023-06-01,000001.SH,3196.1547,3204.6345,0.0021875047978412,312330759.0,400981483178.0
2023-06-02,000001.SH,3212.4489,3230.0686,0.79366617316265,294667098.0,377507927729.0
2023-06-05,000001.SH,3231.8108,3232.441,0.073447356505052,278060203.0,357810090575.0
2023-06-06,000001.SH,3228.4068,3195.3404,-1.1477579946548,308285872.0,387492228836.0
2023-06-07,000001.SH,3197.4677,3197.7587,0.075682077565189,258063400.0,331083866652.0
2023-06-08,000001.SH,3194.8348,3213.5855,0.49493415497549,293530741.0,353551633156.0
2023-06-09,000001.SH,3213.033,3231.4055,0.55452079927544,314155501.0,413341768413.0
2023-06-12,000001.SH,3225.3049,3228.8336,-0.079590753930446,313784444.0,403241619623.0
2023-06-13,000001.SH,3223.8958,3233.6734,0.14989313788113,280628454.0,377193491389.0
2023-06-14,000001.SH,3238.1189,3228.9887,-0.14487239187483,303537260.0,404009517761.0
2023-06-15,000001.SH,3230.4512,3252.9751,0.74284558505888,313255752.0,437522981548.0
2023-06-16,000001.SH,3256.2989,3273.3341,0.62585784932691,326281846.0,444375632396.0
2023-06-19,000001.SH,3271.1635,3255.8057,-0.53549070961012,327753047.0,455226178219.0
2023-06-20,000001.SH,3252.5435,3240.3648,-0.47425741652827,298260596.0,433243981460.0
2023-06-21,000001.SH,3230.1142,3197.9011,-1.3104604765488,294377372.0,406234561360.0
2023-06-26,000001.SH,3177.2293,3150.6189,-1.4785385326644,308129811.0,398859657408.0
2023-06-27,000001.SH,3153.3132,3189.4427,1.2322594776537,287604327.0,354487810600.0
2023-06-28,000001.SH,3183.4865,3189.3758,-0.0020975451291305,276231948.0,360118192478.0
2023-06-29,000001.SH,3185.4242,3182.3812,-0.21930937081795,250340074.0,340636710911.0
2023-06-30,000001.SH,3178.9242,3202.0623,0.61843942517007,265379873.0,359739563354.0
2023-07-03,000001.SH,3209.1623,3243.975,1.3089283116072,312371395.0,421353472356.0
2023-07-04,000001.SH,3241.2305,3245.3492,0.042361608828681,279248721.0,387115944060.0
2023-07-05,000001.SH,3240.0486,3222.9469,-0.69028935314573,264016426.0,351234984741.0
2023-07-06,000001.SH,3215.8633,3205.5748,-0.53901291392669,246119032.0,320808312589.0
2023-07-07,000001.SH,3197.4716,3196.6092,-0.27968774898031,255688469.0,313607453159.0
2023-07-10,000001.SH,3208.7349,3203.6958,0.22169115949488,236560367.0,311462495601.0
2023-07-11,000001.SH,3211.1222,3221.3666,0.55157546481161,227600467.0,309950254680.0
2023-07-12,000001.SH,3220.3758,3196.1337,-0.78329799532906,271423386.0,365433182294.0
2023-07-13,000001.SH,3202.6992,3236.48,1.2623470663946,276620508.0,373242517825.0
2023-07-14,000001.SH,3240.9695,3237.7012,0.03773235119636,273327494.0,368337829108.0
2023-07-17,000001.SH,3219.0162,3209.6298,-0.86701638804717,250208376.0,322074497063.0
2023-07-18,000001.SH,3206.786,3197.8201,-0.36794586092141,235030259.0,307331649310.0
2023-07-19,000001.SH,3195.0085,3198.8358,0.031762262048447,217355860.0,281206091159.0
2023-07-20,000001.SH,3201.9111,3169.522,-0.91638964400736,238932891.0,302376024110.0
2023-07-21,000001.SH,3163.421,3167.7452,-0.056058926235568,225331363.0,280673190404.0
2023-07-24,000001.SH,3157.4694,3164.1608,-0.11315304021295,216595211.0,260119088909.0
2023-07-25,000001.SH,3201.4575,3231.5213,2.1288583058105,348617714.0,410846601111.0
2023-07-26,000001.SH,3228.0873,3223.0279,-0.26282976999099,317206051.0,328306929373.0
2023-07-27,000001.SH,3225.4763,3216.6709,-0.1972368901926,327118867.0,332145068268.0
2023-07-28,000001.SH,3206.741,3275.9257,1.8421157103762,411068434.0,436923617408.0
2023-07-31,000001.SH,3287.2089,3291.0398,0.46136882774845,459030994.0,511505348418.0
2023-08-01,000001.SH,3288.7604,3290.9493,-0.0027498907791936,459890833.0,441023318589.0
2023-08-02,000001.SH,3281.8583,3261.6903,-0.88907477243724,405341499.0,388952703974.0
2023-08-03,000001.SH,3254.5651,3280.4626,0.57553900810263,384691317.0,389530671967.0
2023-08-04,000001.SH,3296.0944,3288.0842,0.23233308619339,470927697.0,497188089389.0
2023-08-07,000001.SH,3276.7756,3268.8311,-0.58554157463486,360341484.0,393056934182.0
2023-08-08,000001.SH,3260.7218,3260.6196,-0.251206004495,316520733.0,355750325341.0
2023-08-09,000001.SH,3251.1521,3244.4867,-0.49478019453726,271218538.0,309778299574.0
2023-08-10,000001.SH,3242.2057,3254.5597,0.31046513459278,287412142.0,307263291733.0
2023-08-11,000001.SH,3254.4751,3189.248,-2.0067752943662,330137750.0,339187129841.0
2023-08-14,000001.SH,3159.7138,3178.4272,-0.33929001444855,299840327.0,322632054397.0
2023-08-15,000001.SH,3180.5579,3176.1758,-0.070833775900235,273251922.0,300827985375.0
2023-08-16,000001.SH,3164.7019,3150.1277,-0.82010888691992,281728292.0,303611332638.0
2023-08-17,000001.SH,3137.3514,3163.7393,0.43209676864846,294692586.0,320785474108.0
2023-08-18,000001.SH,3165.0998,3131.953,-1.0047066773169,294390352.0,320449006937.0
2023-08-21,000001.SH,3125.9897,3092.9777,-1.2444407690665,265753423.0,293721061621.0
2023-08-22,000001.SH,3103.7807,3120.3338,0.88445836515407,309316335.0,348637687607.0
2023-08-23,000001.SH,3116.2661,3078.4021,-1.3438209719742,272244124.0,297986364377.0
2023-08-24,000001.SH,3085.9107,3082.2439,0.12479851153948,300024637.0,332447831262.0
2023-08-25,000001.SH,3068.615,3064.0747,-0.58947963203041,293347686.0,317757173400.0
2023-08-28,000001.SH,3219.0432,3098.6363,1.1279620565386,485607764.0,517234120909.0
2023-08-29,000001.SH,3091.9379,3135.8867,1.2021546381549,398875780.0,443979436975.0
2023-08-30,000001.SH,3144.4067,3137.1375,0.039886645139309,347511867.0,414729469599.0
2023-08-31,000001.SH,3134.5529,3119.8764,-0.55021815269492,313448242.0,362507128777.0
2023-09-01,000001.SH,3126.0234,3133.2467,0.42855223367182,292310992.0,334739632925.0
2023-09-04,000001.SH,3145.9435,3177.0603,1.3983450457316,366391140.0,404500273018.0
2023-09-05,000001.SH,3169.7384,3154.3693,-0.71421370252243,294061849.0,342760613428.0
2023-09-06,000001.SH,3147.1363,3158.0769,0.11753855200151,267002230.0,324001129693.0
2023-09-07,000001.SH,3152.2028,3122.3523,-1.1312137459351,269264733.0,317186963334.0
2023-09-08,000001.SH,3114.2296,3116.7191,-0.18041525935431,228125064.0,270006714934.0
2023-09-11,000001.SH,3119.6101,3142.779,0.83613245736519,290442917.0,351883735977.0
2023-09-12,000001.SH,3140.3409,3137.0593,-0.18199497960245,234672051.0,281897501761.0
2023-09-13,000001.SH,3137.7718,3123.0669,-0.44603555948082,249701038.0,282015557211.0
2023-09-14,000001.SH,3124.8482,3126.5511,0.11156341223431,263990138.0,281641855533.0
2023-09-15,000001.SH,3133.5883,3117.7434,-0.2817065743784,292026365.0,326091455872.0
2023-09-18,000001.SH,3110.4404,3125.9319,0.26264188387024,259444257.0,299644725427.0
2023-09-19,000001.SH,3123.9862,3124.9567,-0.03119709677616,253652761.0,274062664357.0
2023-09-20,000001.SH,3118.6671,3108.5679,-0.5244488667635,228124462.0,243019998657.0
2023-09-21,000001.SH,3103.1754,3084.701,-0.76777798548328,228659100.0,243536277537.0
2023-09-22,000001.SH,3084.7567,3132.4316,1.5473331126744,285978351.0,321443778943.0
2023-09-25,000001.SH,3131.2079,3115.6071,-0.53710670011118,258071885.0,294635829638.0
2023-09-26,000001.SH,3114.0214,3102.2726,-0.42799042279755,222644313.0,270006131019.0
2023-09-27,000001.SH,3104.0395,3107.3156,0.1625582484273,240495830.0,293421022407.0
2023-09-28,000001.SH,3117.7549,3110.4753,0.10168584098764,236329981.0,288396222754.0
2023-10-09,000001.SH,3099.9998,3096.9224,-0.43571797532037,264422205.0,302662162124.0
2023-10-10,000001.SH,3104.3651,3075.2361,-0.70025325787949,255327379.0,293653291717.0
2023-10-11,000001.SH,3085.6989,3078.9556,0.12095006298865,259918692.0,326562386171.0
2023-10-12,000001.SH,3101.7051,3107.9007,0.94009475160994,274827998.0,325865894368.0
2023-10-13,000001.SH,3091.9972,3088.0991,-0.6371374735364,255085235.0,309538085325.0
2023-10-16,000001.SH,3091.0647,3073.813,-0.46261792570063,263882363.0,314394203030.0
2023-10-17,000001.SH,3076.4283,3083.4964,0.31502892336001,259019588.0,300026228452.0
2023-10-18,000001.SH,3076.5796,3058.7098,-0.80384721707474,268647155.0,310306035777.0
2023-10-19,000001.SH,3043.1955,3005.3934,-1.7431009636808,304038910.0,355069176976.0
2023-10-20,000001.SH,2995.3575,2983.0585,-0.74316061251748,267113594.0,307388393327.0
2023-10-23,000001.SH,2969.7858,2939.2913,-1.4671921452429,278904128.0,304028962456.0
2023-10-24,000001.SH,2944.3105,2962.2437,0.78088211263716,310985389.0,339902176878.0
2023-10-25,000001.SH,2986.4066,2974.1135,0.40070302115926,332392004.0,362846635549.0
2023-10-26,000001.SH,2960.1038,2988.2992,0.47697238185429,291814511.0,332258828045.0
2023-10-27,000001.SH,2978.4026,3017.7842,0.98668165490257,321803717.0,385692318100.0
2023-10-30,000001.SH,3009.6104,3021.5534,0.12489958692208,360604238.0,439587974770.0
2023-10-31,000001.SH,3019.646,3018.7706,-0.092098322670715,319859967.0,386277226427.0
2023-11-01,000001.SH,3038.1821,3023.0765,0.14263753595587,280110445.0,347121456483.0
2023-11-02,000001.SH,3028.6647,3009.4058,-0.45221151366828,268794581.0,311936400778.0
2023-11-03,000001.SH,3012.4654,3030.7977,0.71083467706482,268486347.0,329300477501.0
2023-11-06,000001.SH,3047.1301,3058.4105,0.91107367542215,372949630.0,447638159949.0
2023-11-07,000001.SH,3052.9202,3057.2697,-0.037300421248231,326853455.0,401065573919.0
2023-11-08,000001.SH,3051.1531,3052.3726,-0.16017886809265,335677834.0,415289260078.0
2023-11-09,000001.SH,3047.6532,3053.2792,0.029701485329799,315621764.0,388556747092.0
2023-11-10,000001.SH,3043.5585,3038.9699,-0.46865350538529,285546497.0,346913084540.0
2023-11-13,000001.SH,3044.0319,3046.5329,0.24886722306793,290430588.0,344120017222.0
2023-11-14,000001.SH,3046.8171,3056.0703,0.31305750875035,294844733.0,358249840158.0
2023-11-15,000001.SH,3077.0291,3072.8348,0.5485639515557,304250107.0,389515977975.0
2023-11-16,000001.SH,3066.8554,3050.9257,-0.71299309679779,271079460.0,329364382654.0
2023-11-17,000001.SH,3043.617,3054.3655,0.11274610850078,267606393.0,328568598825.0
2023-11-20,000001.SH,3056.9268,3068.3191,0.45684119991534,287556998.0,367109310168.0
2023-11-21,000001.SH,3074.8281,3067.9328,-0.012589955197297,330733102.0,391558034862.0
2023-11-22,000001.SH,3060.4984,3043.611,-0.79277486130075,289056490.0,330385482669.0
2023-11-23,000001.SH,3041.6779,3061.8562,0.59945899788114,276592059.0,315612515641.0
2023-11-24,000001.SH,3060.3306,3040.9717,-0.68208624559181,287788413.0,311509355932.0
2023-11-27,000001.SH,3038.1864,3031.7002,-0.30488609940039,310517868.0,350705835458.0
2023-11-28,000001.SH,3028.5983,3038.5545,0.22608765866757,268920746.0,317303697729.0
2023-11-29,000001.SH,3038.4641,3021.6874,-0.55510276350154,277956448.0,322141206079.0
2023-11-30,000001.SH,3021.1025,3029.6727,0.26426625070483,282945357.0,326755696100.0
2023-12-01,000001.SH,3027.353,3031.6358,0.064795778105006,286089700.0,335547176426.0
2023-12-04,000001.SH,3033.298,3022.9138,-0.28769946574718,288162053.0,344279695967.0
2023-12-05,000001.SH,3017.0102,2972.2959,-1.6744738139738,293943278.0,340454488083.0
2023-12-06,000001.SH,2966.9475,2968.9334,-0.11312803681491,294104187.0,336218906356.0
2023-12-07,000001.SH,2965.6523,2966.2061,-0.091861272469097,296243687.0,348039623969.0
2023-12-08,000001.SH,2965.3901,2969.5594,0.11305013498557,369138705.0,423492311947.0
2023-12-11,000001.SH,2956.2905,2991.4385,0.73677933500842,360216344.0,405351583216.0
2023-12-12,000001.SH,2986.3282,3003.4378,0.40112140028952,287638762.0,333170576419.0
2023-12-13,000001.SH,2997.3358,2968.7606,-1.1545835908438,282754098.0,331476614721.0
2023-12-14,000001.SH,2979.699,2958.9856,-0.32926198225617,271457650.0,312658124560.0
2023-12-15,000001.SH,2966.3015,2942.5568,-0.55521730149684,289327642.0,322083690788.0
2023-12-18,000001.SH,2936.5751,2930.8036,-0.39942134676889,293086999.0,304915893000.0
2023-12-19,000001.SH,2928.7631,2932.3908,0.054155795359332,265926980.0,283234126182.0
2023-12-20,000001.SH,2932.1186,2902.1096,-1.0326454441202,265562454.0,290838402139.0
2023-12-21,000001.SH,2892.0201,2918.7149,0.57218032013678,282541827.0,315943775544.0
2023-12-22,000001.SH,2919.2879,2914.7752,-0.1349806382254,296628367.0,327498019581.0
2023-12-25,000001.SH,2909.8751,2918.8126,0.13851497021109,229814178.0,261487251019.0
2023-12-26,000001.SH,2917.9708,2898.8787,-0.6829455238065,228140855.0,260220552773.0
2023-12-27,000001.SH,2900.1491,2914.6138,0.54279953141882,247900882.0,279048608009.0
2023-12-28,000001.SH,2913.1096,2954.7035,1.3754721122915,339213116.0,392449073493.0
2023-12-29,000001.SH,2950.8372,2974.9348,0.68471506531873,290672687.0,349002967266.0
2024-01-02,000001.SH,2972.775,2962.2762,-0.42550848509353,304141793.0,345950729195.0
2024-01-03,000001.SH,2957.1117,2967.2472,0.16781014545504,285455945.0,321018391310.0
2024-01-04,000001.SH,2965.5087,2954.3486,-0.43469920537797,264980924.0,296291346879.0
2024-01-05,000001.SH,2949.8221,2929.1833,-0.85180536921065,301040239.0,325917001165.0
2024-01-08,000001.SH,2923.457,2887.5379,-1.4217410020056,270275055.0,290730589589.0
2024-01-09,000001.SH,2887.1095,2893.2513,0.19786406959369,262955975.0,294446373683.0
2024-01-10,000001.SH,2886.9807,2877.7023,-0.53742307140759,244046526.0,281192192419.0
2024-01-11,000001.SH,2873.7982,2886.6502,0.31093904327769,267050764.0,298552532937.0
2024-01-12,000001.SH,2880.0399,2881.9769,-0.16189353320329,261602931.0,282877466333.0
2024-01-15,000001.SH,2872.5562,2886.2908,0.14968544681951,244611236.0,269229737082.0
2024-01-16,000001.SH,2881.5602,2893.9886,0.26670216320545,286286714.0,300837919169.0
2024-01-17,000001.SH,2887.2917,2833.6152,-2.0861657851728,261251308.0,283073939818.0
2024-01-18,000001.SH,2822.6672,2845.7839,0.42944080762976,390396855.0,400709904734.0
2024-01-19,000001.SH,2836.9749,2832.2793,-0.47454762815967,266664388.0,296717043828.0
2024-01-22,000001.SH,2826.5034,2756.3399,-2.681211559891,350165758.0,359918989570.0
2024-01-23,000001.SH,2746.8923,2770.9763,0.53100853055169,308749417.0,312191330217.0
2024-01-24,000001.SH,2782.1415,2820.7719,1.7970417141424,369070600.0,357316181644.0
2024-01-25,000001.SH,2823.8259,2906.1087,3.0252995642788,442009045.0,437679811286.0
2024-01-26,000001.SH,2897.9149,2910.2227,0.14156387199142,421109084.0,402400231263.0
2024-01-29,000001.SH,2910.6072,2883.356,-0.92318364501794,410581311.0,397014731370.0
2024-01-30,000001.SH,2866.2795,2830.5266,-1.8322191224393,335661226.0,329254005892.0
2024-01-31,000001.SH,2815.5042,2788.5482,-1.4830597246463,377103965.0,355636999834.0
2024-02-01,000001.SH,2773.4239,2770.7403,-0.6386082908662,352889185.0,337547960521.0
2024-02-02,000001.SH,2773.2949,2730.152,-1.4648900873171,426230199.0,392661142298.0
2024-02-05,000001.SH,2716.081,2702.185,-1.0243751996226,478990292.0,424877418269.0
2024-02-06,000001.SH,2680.4846,2789.486,3.2307558512833,502849313.0,441215054099.0
2024-02-07,000001.SH,2791.5145,2829.6956,1.4414698621897,547117439.0,495919878083.0
2024-02-08,000001.SH,2832.4855,2865.9032,1.2795581263229,531108893.0,482939732025.0
2024-02-19,000001.SH,2886.5871,2910.544,1.5576520518906,458967704.0,442148454575.0
2024-02-20,000001.SH,2902.8765,2922.7302,0.41869148860145,350138735.0,357057491973.0
2024-02-21,000001.SH,2906.0243,2950.9556,0.96572033915412,444245463.0,450922050718.0
2024-02-22,000001.SH,2945.4465,2988.3578,1.2674606151309,354132536.0,365264217873.0
2024-02-23,000001.SH,2992.9115,3004.881,0.55291906477864,380083270.0,398232220674.0
2024-02-26,000001.SH,3002.1179,2977.0221,-0.92712157320039,409026558.0,427564895757.0
2024-02-27,000001.SH,2966.4166,3015.4807,1.2918479846018,372984687.0,412614978517.0
2024-02-28,000001.SH,3016.2555,2957.8524,-1.9110817058123,544109093.0,576555221675.0
2024-02-29,000001.SH,2943.6242,3015.1712,1.9378519360871,409696374.0,452808746135.0
2024-03-01,000001.SH,3013.8229,3027.0204,0.39298597704832,379132184.0,442984248197.0
2024-03-04,000001.SH,3026.6071,3039.3055,0.40584794208853,387760002.0,461727516645.0
2024-03-05,000001.SH,3027.1028,3047.7931,0.27926116673694,383509955.0,458900476786.0
2024-03-06,000001.SH,3041.7518,3039.9309,-0.25796370495097,340982739.0,401334635600.0
2024-03-07,000001.SH,3040.2111,3027.4013,-0.4121672634072,377154391.0,423391257040.0
2024-03-08,000001.SH,3026.1654,3046.0192,0.61497958661774,319204392.0,370647474769.0
2024-03-11,000001.SH,3042.6188,3068.4554,0.73657447727183,361608821.0,427851361288.0
2024-03-12,000001.SH,3068.182,3055.935,-0.40803591279182,415743914.0,494558502794.0
2024-03-13,000001.SH,3053.3413,3043.8346,-0.39596391938964,365047453.0,442453946274.0
2024-03-14,000001.SH,3042.4131,3038.2339,-0.18400145658374,364072290.0,436338838340.0
2024-03-15,000001.SH,3031.5229,3054.6359,0.53985310347568,360268463.0,405917703991.0
2024-03-18,000001.SH,3057.2093,3084.9262,0.99161736428226,406653508.0,485520636503.0
2024-03-19,000001.SH,3077.9805,3062.7558,-0.71866873184843,384123680.0,446930657774.0
2024-03-20,000001.SH,3058.6478,3079.6859,0.5527734205907,349187729.0,407432569666.0
2024-03-21,000001.SH,3084.4116,3077.113,-0.083544234170118,366877968.0,437634616256.0
2024-03-22,000001.SH,3070.5481,3048.0336,-0.94502216850664,394740486.0,456762466560.0
2024-03-25,000001.SH,3040.501,3026.3055,-0.71285631496976,387485389.0,443472341342.0
2024-03-26,000001.SH,3026.9218,3031.4809,0.17101379883822,345928787.0,396410716143.0
2024-03-27,000001.SH,3026.8138,2993.1388,-1.2647976769374,343198010.0,376242896147.0
2024-03-28,000001.SH,2988.5899,3010.6636,0.58549907541874,353200026.0,392929088720.0
2024-03-29,000001.SH,3008.3757,3041.1669,1.0131753012857,334822785.0,364571210090.0
2024-04-01,000001.SH,3049.0207,3077.3786,1.1907172868414,375393640.0,420902006773.0
2024-04-02,000001.SH,3076.8752,3074.9586,-0.078638357984295,367304262.0,396705813295.0
2024-04-03,000001.SH,3074.8929,3069.2959,-0.18415532488795,363211380.0,392704394041.0
2024-04-08,000001.SH,3057.3255,3047.0526,-0.72470366900761,402936740.0,421808399733.0
2024-04-09,000001.SH,3044.6136,3048.5369,0.048712647756723,333489965.0,347834663476.0
2024-04-10,000001.SH,3045.9609,3027.3349,-0.69548116671969,348991721.0,364717833491.0
2024-04-11,000001.SH,3013.5727,3034.2464,0.22830311902394,340894392.0,364147836455.0
2024-04-12,000001.SH,3035.5773,3019.4735,-0.48687212745807,334229771.0,363119193014.0
2024-04-15,000001.SH,3013.6722,3057.3776,1.2553214989302,461239244.0,459849043272.0
2024-04-16,000001.SH,3043.5505,3007.0681,-1.6455114997899,448070473.0,435170805476.0
2024-04-17,000001.SH,3008.0614,3071.3806,2.1387111252984,413358368.0,416254660835.0
2024-04-18,000001.SH,3060.0309,3074.2246,0.092596795069945,416321349.0,441432075756.0
2024-04-19,000001.SH,3060.2989,3065.261,-0.29157271072517,375543855.0,396614941121.0
2024-04-22,000001.SH,3059.0649,3044.5952,-0.67419381253341,357216399.0,382192259190.0
2024-04-23,000001.SH,3038.6118,3021.9775,-0.74288036715029,325595128.0,348651765385.0
2024-04-24,000001.SH,3029.4028,3044.8223,0.7559553305741,305264093.0,335157362713.0
2024-04-25,000001.SH,3037.9273,3052.9,0.2652929860636,292280148.0,315797661219.0
2024-04-26,000001.SH,3054.9793,3088.6357,1.1705493137672,439382563.0,484160092982.0
2024-04-29,000001.SH,3086.6819,3113.0432,0.79023563704843,506925445.0,554918811232.0
2024-04-30,000001.SH,3110.1594,3104.8245,-0.2640085431516,440213213.0,473803228531.0
2024-05-06,000001.SH,3132.5115,3140.7204,1.1561329794969,450656899.0,511256135581.0
2024-05-07,000001.SH,3139.6637,3147.738,0.22343918293394,379102564.0,426951665906.0
2024-05-08,000001.SH,3141.4874,3128.4798,-0.6118107669698,334000320.0,367220116483.0
2024-05-09,000001.SH,3128.1644,3154.3201,0.82596985283395,360881462.0,398979066896.0
2024-05-10,000001.SH,3158.5891,3154.5472,0.0071996497755591,384287495.0,406707822845.0
2024-05-13,000001.SH,3139.4753,3148.0207,-0.20689181635957,397030565.0,425963088195.0
2024-05-14,000001.SH,3148.8488,3145.7743,-0.071359124163319,343526194.0,370069674871.0
2024-05-15,000001.SH,3141.2518,3119.9021,-0.82244298327443,321027962.0,333005622198.0
2024-05-16,000001.SH,3127.1841,3122.401,0.080095461969786,367417361.0,377502921478.0
2024-05-17,000001.SH,3121.7126,3154.0263,1.0128519687254,383915244.0,389572549318.0
2024-05-20,000001.SH,3156.1482,3171.1451,0.54276021731335,426867280.0,448816915043.0
2024-05-21,000001.SH,3164.6826,3157.9657,-0.41560381453375,335783572.0,346584200831.0
2024-05-22,000001.SH,3157.1889,3158.5399,0.018182591406867,354098082.0,364137830725.0
2024-05-23,000001.SH,3149.8752,3116.387,-1.3345691786259,353943727.0,356689462882.0
2024-05-24,000001.SH,3110.7533,3088.8705,-0.8829615833977,306532279.0,322748606369.0
2024-05-27,000001.SH,3094.14,3124.0427,1.1386751241271,319396765.0,345383767845.0
2024-05-28,000001.SH,3122.3877,3109.5721,-0.46320109517069,310066974.0,320985406528.0
2024-05-29,000001.SH,3108.0267,3111.0176,0.046485495544556,289970346.0,297512177292.0
2024-05-30,000001.SH,3103.7078,3091.6778,-0.621655113748,302380762.0,318475183005.0
2024-05-31,000001.SH,3094.7587,3086.8134,-0.15733851696965,276072816.0,301121881320.0
2024-06-03,000001.SH,3085.9814,3078.4887,-0.26968588383088,357563362.0,367608352547.0
2024-06-04,000001.SH,3071.3196,3091.1992,0.41288116470917,309287598.0,325589691920.0
2024-06-05,000001.SH,3086.0509,3065.4034,-0.83449167559308,290542344.0,299722764400.0
2024-06-06,000001.SH,3069.4393,3048.7939,-0.54183733207838,369867104.0,371317019032.0
2024-06-07,000001.SH,3053.9153,3051.2787,0.081501081460433,316342484.0,318911097486.0
2024-06-11,000001.SH,3042.1338,3028.0451,-0.7614381472266,310481942.0,332683377773.0
2024-06-12,000001.SH,3025.2963,3037.4675,0.31117105884587,279452106.0,312058601483.0
2024-06-13,000001.SH,3038.0859,3028.9187,-0.28144498665418,297862463.0,336871037065.0
2024-06-14,000001.SH,3020.9588,3032.6333,0.12263782451473,348746753.0,396194698300.0
2024-06-17,000001.SH,3017.7169,3015.8907,-0.55208125558735,295763448.0,338146875648.0
2024-06-18,000001.SH,3015.0713,3030.2464,0.47600199834828,273625999.0,317319995692.0
2024-06-19,000001.SH,3029.0993,3018.0491,-0.40251842226427,261296248.0,300290286695.0
2024-06-20,000001.SH,3015.7224,3005.4369,-0.41789247232592,295515907.0,324101266446.0
2024-06-21,000001.SH,2998.2413,2998.1377,-0.24286651967306,255001251.0,280275384755.0
2024-06-24,000001.SH,2982.8263,2963.0989,-1.1686854809904,298653884.0,318595817741.0
2024-06-25,000001.SH,2962.7654,2949.9963,-0.44219246276255,273209938.0,296569297319.0
2024-06-26,000001.SH,2943.4471,2972.5251,0.76368909344056,282388409.0,276215175476.0
2024-06-27,000001.SH,2962.6964,2945.8524,-0.89730781415436,270548519.0,266670979388.0
2024-06-28,000001.SH,2940.3032,2967.4028,0.73155056920026,315201432.0,313347004249.0
2024-07-01,000001.SH,2965.2452,2994.7303,0.92092317227713,297782235.0,294321888832.0
2024-07-02,000001.SH,2992.8556,2997.0111,0.076160447570187,281364683.0,282559369535.0
2024-07-03,000001.SH,2995.6642,2982.3756,-0.48833652968454,246284642.0,257840296827.0
2024-07-04,000001.SH,2984.8303,2957.567,-0.83184022830658,274268789.0,259006711039.0
2024-07-05,000001.SH,2954.3723,2949.9333,-0.25810742410907,272324556.0,271508929397.0
2024-07-08,000001.SH,2939.8367,2922.4498,-0.93166513290318,277533424.0,270872022899.0
2024-07-09,000001.SH,2919.5729,2959.3724,1.2634126341537,315062031.0,320361092785.0
2024-07-10,000001.SH,2949.0261,2939.3636,-0.67611632790791,301549456.0,306035255362.0
2024-07-11,000001.SH,2957.2502,2970.3874,1.0554597600651,328372424.0,337653177135.0
2024-07-12,000001.SH,2965.6121,2971.295,0.030554937042892,303713014.0,302581575979.0
2024-07-15,000001.SH,2963.8472,2974.0107,0.091397858509496,268992597.0,268733339474.0
2024-07-16,000001.SH,2963.9001,2976.3043,0.077121444115852,260783630.0,279121370473.0
2024-07-17,000001.SH,2970.8081,2962.8549,-0.45188255784195,282307991.0,305469105978.0
2024-07-18,000001.SH,2951.1434,2977.1334,0.48191695111362,278022665.0,301283750605.0
2024-07-19,000001.SH,2963.5144,2982.3086,0.17383164624063,280932413.0,319112460470.0
2024-07-22,000001.SH,2978.1932,2964.2155,-0.6066810121528,278749559.0,316415459855.0
2024-07-23,000001.SH,2960.5004,2915.3685,-1.6478896355545,296295994.0,307194049862.0
2024-07-24,000001.SH,2909.1521,2901.9518,-0.46020597396179,306118853.0,288660361551.0
2024-07-25,000001.SH,2891.8918,2886.7416,-0.52413689296976,274639500.0,273281622459.0
2024-07-26,000001.SH,2885.9953,2890.8973,0.14395815683677,278387536.0,275443434963.0
2024-07-29,000001.SH,2889.4726,2891.8453,0.032792586578564,256899727.0,260094898442.0
2024-07-30,000001.SH,2885.2152,2879.2996,-0.43383026056062,262478837.0,269477482590.0
2024-07-31,000001.SH,2877.5409,2938.7493,2.0647278247807,412723417.0,418871723403.0
2024-08-01,000001.SH,2940.12,2932.3871,-0.21649345862881,346621137.0,352586120370.0
2024-08-02,000001.SH,2913.0198,2905.3375,-0.92244301579419,312205039.0,314917985410.0
2024-08-05,000001.SH,2889.3634,2860.6978,-1.5364720966153,355540572.0,356863001419.0
2024-08-06,000001.SH,2878.6508,2867.2837,0.23022005330308,297300803.0,295835558778.0
2024-08-07,000001.SH,2864.0101,2869.8338,0.088937833392626,263097150.0,263793649805.0
2024-08-08,000001.SH,2864.758,2869.9014,0.0023555371046334,289128632.0,271107919481.0
2024-08-09,000001.SH,2879.8726,2862.1941,-0.26855626468561,284253916.0,252884027038.0
2024-08-12,000001.SH,2858.8946,2858.2046,-0.13938607448042,244241371.0,217626684527.0
2024-08-13,000001.SH,2860.4099,2867.946,0.34082234700762,231674601.0,210908509414.0
2024-08-14,000001.SH,2866.2434,2850.6539,-0.60294370953986,217885170.0,207457552385.0
2024-08-15,000001.SH,2844.2005,2877.3579,0.93676752551406,271900000.0,254987115635.0
2024-08-16,000001.SH,2877.9403,2879.4298,0.072007031172588,263653441.0,243608265392.0
2024-08-19,000001.SH,2877.9542,2893.6738,0.49468127335489,261687730.0,242994885290.0
2024-08-20,000001.SH,2895.5506,2866.661,-0.9335122708026,263658002.0,237307803964.0
2024-08-21,000001.SH,2858.9388,2856.5839,-0.35152743906587,229200027.0,209909187787.0
2024-08-22,000001.SH,2856.2001,2848.7718,-0.27347700167323,245399415.0,230124077190.0
2024-08-23,000001.SH,2844.7703,2854.3675,0.19642499971391,226692565.0,214581900323.0
2024-08-26,000001.SH,2855.4741,2855.5203,0.040387231146666,227351523.0,216806649037.0
2024-08-27,000001.SH,2850.8773,2848.7312,-0.23775351903469,230693006.0,215686326236.0
2024-08-28,000001.SH,2844.3269,2837.4293,-0.39673451816024,228730623.0,213862368728.0
2024-08-29,000001.SH,2829.4506,2823.106,-0.50479848079385,277510534.0,257644228808.0
2024-08-30,000001.SH,2819.6498,2842.2142,0.67685024933529,397516975.0,384092892138.0
2024-09-02,000001.SH,2832.3499,2811.035,-1.0970038781736,340714193.0,314813036716.0
2024-09-03,000001.SH,2809.1733,2802.9787,-0.28659550663723,275736139.0,252782482525.0
2024-09-04,000001.SH,2786.5046,2784.2783,-0.66716168767177,257453500.0,234711697258.0
2024-09-05,000001.SH,2785.2635,2788.3141,0.14494959070723,242040948.0,227514507238.0
2024-09-06,000001.SH,2791.7645,2765.8066,-0.80720819795733,253645375.0,228570135027.0
2024-09-09,000001.SH,2754.7237,2736.4876,-1.0600524273823,261468847.0,236605848474.0
2024-09-10,000001.SH,2737.881,2744.1921,0.28154704592852,262159015.0,226408492962.0
2024-09-11,000001.SH,2732.7314,2721.7952,-0.81615641995326,242264900.0,219755948411.0
2024-09-12,000001.SH,2722.1382,2717.1231,-0.17165508999355,240084315.0,218571098697.0
2024-09-13,000001.SH,2718.9864,2704.0896,-0.47968014404647,251270038.0,227818801149.0
2024-09-18,000001.SH,2705.3451,2717.2813,0.48784256261332,247817132.0,213090588645.0
2024-09-19,000001.SH,2723.2053,2736.0222,0.68969303987776,315208389.0,280536046232.0
2024-09-20,000001.SH,2734.2277,2736.8139,0.028936168719692,285644627.0,255433329893.0
2024-09-23,000001.SH,2735.3895,2748.9177,0.44225878858624,257642154.0,235214505877.0
2024-09-24,000001.SH,2770.7543,2863.1255,4.154646026689,477619545.0,442795296869.0
2024-09-25,000001.SH,2901.4185,2896.3057,1.1588803913765,568259816.0,516698093562.0
2024-09-26,000001.SH,2893.7451,3000.9526,3.6131165297917,576319261.0,524669070871.0
2024-09-27,000001.SH,3049.1026,3087.5286,2.8849505986866,492287163.0,480612559540.0
2024-09-30,000001.SH,3194.7224,3336.4974,8.0636921063662,1102337917.0,1167772549990.0
2024-10-08,000001.SH,3674.4048,3489.7751,4.5939703115009,1313460195.0,1510513250817.0
2024-10-09,000001.SH,3427.2199,3258.8578,-6.6169679530351,992757256.0,1264311454430.0
2024-10-10,000001.SH,3277.6916,3301.9259,1.3215703980701,834500257.0,947788514989.0
2024-10-11,000001.SH,3287.8727,3217.7377,-2.5496695731421,606027433.0,664332794462.0
2024-10-14,000001.SH,3241.4275,3284.3225,2.0693047789445,631466859.0,701499242569.0
2024-10-15,000001.SH,3265.7461,3201.2919,-2.5280891264485,566054558.0,619091471860.0
2024-10-16,000001.SH,3169.1685,3202.948,0.051732239724834,515813997.0,533062408932.0
2024-10-17,000001.SH,3220.7334,3169.3843,-1.0479002468975,528611772.0,557347351398.0
2024-10-18,000001.SH,3165.9745,3261.5633,2.9084197836154,693014623.0,827948922139.0
2024-10-21,000001.SH,3276.0598,3268.11,0.20072276383538,668150299.0,855781454017.0
2024-10-22,000001.SH,3263.8224,3285.8669,0.5433385045179,574913781.0,698861461335.0
2024-10-23,000001.SH,3285.2474,3302.8028,0.51541649480689,650444128.0,760066419550.0
2024-10-24,000001.SH,3287.8243,3280.2625,-0.68245975811817,519827074.0,585248946960.0
2024-10-25,000001.SH,3280.7616,3299.7003,0.59256843011802,595651707.0,677255321349.0
2024-10-28,000001.SH,3300.4634,3322.1975,0.68179525273857,672373131.0,717510218019.0
2024-10-29,000001.SH,3328.0885,3286.407,-1.0773140368687,725326154.0,806573822262.0
2024-10-30,000001.SH,3273.6421,3266.2378,-0.61371583008435,669018090.0,730619786746.0
2024-10-31,000001.SH,3267.975,3279.8244,0.41597093757228,784649094.0,864970968963.0
2024-11-01,000001.SH,3275.5768,3272.0142,-0.23812860225078,852055320.0,878112793945.0
2024-11-04,000001.SH,3275.6787,3310.2072,1.1672626604127,665077454.0,692341763272.0
2024-11-05,000001.SH,3306.8098,3386.9869,2.3194832033475,821124902.0,929931429369.0
2024-11-06,000001.SH,3395.2217,3383.8062,-0.093909427284761,895855930.0,1026807640358.0
2024-11-07,000001.SH,3359.9851,3470.6609,2.5667752485352,959556680.0,1048841306121.0
2024-11-08,000001.SH,3502.1331,3452.2971,-0.52911536243717,964034562.0,1107932295571.0
2024-11-11,000001.SH,3432.3672,3470.0657,0.51468919056823,818025436.0,1024334899511.0
2024-11-12,000001.SH,3469.8908,3421.9701,-1.3860141034217,817926524.0,1039600859287.0
2024-11-13,000001.SH,3406.9164,3439.2778,0.50578174251142,673662348.0,829435316989.0
2024-11-14,000001.SH,3429.5054,3379.8389,-1.7282378294652,631556690.0,762884198784.0
2024-11-15,000001.SH,3369.8092,3330.7263,-1.4531047618867,630285583.0,745937122428.0
2024-11-18,000001.SH,3344.6904,3323.8486,-0.20649249984906,743950692.0,755809644463.0
2024-11-19,000001.SH,3324.8831,3346.0098,0.66673313579927,625024151.0,651575376256.0
2024-11-20,000001.SH,3337.6778,3367.9893,0.65688689853808,566154289.0,627858323157.0
2024-11-21,000001.SH,3362.9444,3370.4039,0.07169262681445,530331830.0,614517433700.0
2024-11-22,000001.SH,3368.043,3267.1916,-3.0623125020713,630687790.0,707626460332.0
2024-11-25,000001.SH,3274.884,3263.7597,-0.10504128377411,538897390.0,596502088292.0
2024-11-26,000001.SH,3256.8576,3259.7572,-0.1226346412697,472219304.0,509490596261.0
2024-11-27,000001.SH,3250.591,3309.7789,1.534522264419,511202303.0,571617596024.0
2024-11-28,000001.SH,3308.2797,3295.6983,-0.42542418770027,511953047.0,558164131747.0
2024-11-29,000001.SH,3295.2096,3326.4557,0.93325896973033,580227102.0,663851511036.0
2024-12-02,000001.SH,3328.482,3363.9823,1.1281256503732,668477762.0,709509517836.0
2024-12-03,000001.SH,3366.2853,3378.8063,0.4406681925764,663030139.0,683982592769.0
2024-12-04,000001.SH,3376.5715,3364.6498,-0.41897933006695,621028862.0,653467546718.0
2024-12-05,000001.SH,3353.0573,3368.8553,0.12499071968798,543885746.0,565551128328.0
2024-12-06,000001.SH,3370.9405,3404.0764,1.0454916244102,698186572.0,685981058114.0
2024-12-09,000001.SH,3402.6288,3402.5343,-0.045301568437187,694905205.0,649443191295.0
2024-12-10,000001.SH,3490.2892,3422.6607,0.59151203854139,794668034.0,860483994842.0
2024-12-11,000001.SH,3416.0874,3432.4902,0.28718885281268,681544610.0,692929618703.0
2024-12-12,000001.SH,3432.2786,3461.4998,0.84514735103977,700096689.0,734168982735.0
2024-12-13,000001.SH,3442.9259,3391.8782,-2.0113131307995,777464144.0,850714862974.0
2024-12-16,000001.SH,3390.083,3386.3312,-0.16353771193789,625578996.0,675237492921.0
2024-12-17,000001.SH,3381.8141,3361.485,-0.73372031654789,568941505.0,584789337298.0
2024-12-18,000001.SH,3371.2955,3382.2081,0.61648646357189,512524979.0,539790684420.0
2024-12-19,000001.SH,3355.9041,3370.0331,-0.35997193667651,513909063.0,559130979000.0
2024-12-20,000001.SH,3364.481,3368.0693,-0.058272424683306,490964621.0,596821938644.0
2024-12-23,000001.SH,3367.9037,3351.2571,-0.49916431351339,556747248.0,623117789296.0
2024-12-24,000001.SH,3353.5354,3393.5281,1.2613475701402,471992673.0,530758037565.0
2024-12-25,000001.SH,3395.1072,3393.3501,-0.0052452785052784,471315592.0,522168241894.0
2024-12-26,000001.SH,3389.3383,3398.0765,0.13928418408699,422177271.0,518937022553.0
2024-12-27,000001.SH,3397.2939,3400.142,0.060784387873543,500488130.0,586090438939.0
2024-12-30,000001.SH,3395.3962,3407.3259,0.21128235232529,455262383.0,522245330170.0
2024-12-31,000001.SH,3406.9652,3351.763,-1.6306893332393,502731062.0,562584237431.0
2025-01-02,000001.SH,3347.9392,3262.5607,-2.6613546363511,561375199.0,603340526740.0
2025-01-03,000001.SH,3267.0766,3211.4299,-1.5671984279097,517592014.0,523159754707.0
2025-01-06,000001.SH,3209.7832,3206.9228,-0.14034558250829,430978403.0,444188212831.0
2025-01-07,000001.SH,3203.3068,3229.6439,0.70850162030717,409660529.0,436388386572.0
2025-01-08,000001.SH,3218.8577,3230.1679,0.016224698952101,472864390.0,508148444864.0
2025-01-09,000001.SH,3220.7205,3211.3933,-0.58122675294989,382943557.0,434445510330.0
2025-01-10,000001.SH,3211.7068,3168.5238,-1.3349190209745,403663348.0,465939368047.0
2025-01-13,000001.SH,3148.8259,3160.755,-0.24518673332988,372742023.0,411773991804.0
2025-01-14,000001.SH,3165.1613,3240.94,2.5368938750393,469212704.0,538983836003.0
2025-01-15,000001.SH,3234.7152,3227.1167,-0.42652131788925,404723199.0,466216166944.0
2025-01-16,000001.SH,3239.0261,3236.032,0.2762620886936,430655539.0,499055442444.0
2025-01-17,000001.SH,3226.7616,3241.8212,0.17889810731166,383599260.0,456553132960.0
2025-01-20,000001.SH,3256.1492,3244.3776,0.078856909196594,403337948.0,469741031398.0
2025-01-21,000001.SH,3256.8325,3242.6226,-0.054093580229368,384583718.0,468263378898.0
2025-01-22,000001.SH,3235.4925,3213.6237,-0.89430388846362,364817518.0,452312867431.0
2025-01-23,000001.SH,3237.5988,3230.1637,0.51468378204953,458246803.0,539800587227.0
2025-01-24,000001.SH,3222.8774,3252.6264,0.6954043846137,398653033.0,480685057973.0
2025-01-27,000001.SH,3256.6136,3250.6007,-0.062278901751524,387467642.0,450231535760.3
2025-02-05,000001.SH,3270.1604,3229.4876,-0.6495137960193,406388181.0,521103029344.0
2025-02-06,000001.SH,3226.575,3270.6594,1.2748709733396,460842730.0,590421697754.0
2025-02-07,000001.SH,3269.2269,3303.6666,1.0091909906608,600558451.0,757613811179.0
2025-02-10,000001.SH,3308.04,3322.1698,0.56008072969591,546589749.0,677038155520.0
2025-02-11,000001.SH,3323.6694,3318.0569,-0.1238016190503,511943541.0,632166670871.0
2025-02-12,000001.SH,3312.2572,3346.3854,0.85376775787058,513437828.0,647387578503.0
2025-02-13,000001.SH,3343.2347,3332.4826,-0.41545722737137,568631161.0,705799791954.0
2025-02-14,000001.SH,3328.483,3346.7242,0.42735707007143,532332965.0,667555376412.0
2025-02-17,000001.SH,3355.4171,3355.8296,0.27206902797667,589546569.0,750113054935.0
2025-02-18,000001.SH,3348.9827,3324.4906,-0.93386744070676,562679240.0,696798784144.0
2025-02-19,000001.SH,3320.7801,3351.5392,0.81361637779936,502912965.0,675146370380.0
2025-02-20,000001.SH,3347.5893,3350.7833,-0.022553816467374,504357114.0,670099045657.0
2025-02-21,000001.SH,3356.6947,3379.1128,0.84545903043028,608190206.0,855656954774.0
2025-02-24,000001.SH,3374.0813,3373.0276,-0.18008277202229,598188203.0,802847050068.0
2025-02-25,000001.SH,3345.6534,3346.0398,-0.80010611238402,527578562.0,727509770070.0
2025-02-26,000001.SH,3351.2093,3380.2144,1.0213446953022,553992031.0,747887357858.0
2025-02-27,000001.SH,3378.4494,3388.0622,0.23216870503836,575815020.0,774059980112.0
2025-02-28,000001.SH,3374.6636,3320.8973,-1.9823986702487,568319504.0,758054890359.0
2025-03-03,000001.SH,3328.3955,3316.9253,-0.11960622811191,502417862.0,643980682982.0
2025-03-04,000001.SH,3300.498,3324.2099,0.21961905503268,429996111.0,568728427191.0
2025-03-05,000001.SH,3324.6962,3341.9649,0.53411188023958,460952696.0,587767599800.0
2025-03-06,000001.SH,3353.5703,3381.0983,1.1709698088092,539992709.0,736438106672.0
2025-03-07,000001.SH,3373.1808,3372.5458,-0.25295035048227,517663551.0,687879051004.0
2025-03-10,000001.SH,3373.2588,3366.163,-0.18925762253547,450380832.0,595026433923.0
2025-03-11,000001.SH,3335.4394,3379.8284,0.40596370407493,448468323.0,592285777947.0
2025-03-12,000001.SH,3385.6853,3371.9235,-0.23388465520912,502195100.0,648501625854.0
2025-03-13,000001.SH,3371.0945,3358.7285,-0.3913196725845,519013479.0,636211623471.0
2025-03-14,000001.SH,3361.6861,3419.5616,1.8111943254717,582663388.0,750041647164.0
2025-03-17,000001.SH,3430.8093,3426.1285,0.19203923684252,515685138.0,639349980361.0
2025-03-18,000001.SH,3434.5653,3429.7593,0.10597384190349,454916063.0,586338207326.0
2025-03-19,000001.SH,3424.1726,3426.4291,-0.097097192797184,440316299.0,559970207907.0
2025-03-20,000001.SH,3425.2157,3408.9482,-0.51017836615969,451630682.0,565607596559.0
2025-03-21,000001.SH,3401.7593,3364.8307,-1.2941675089108,520862630.0,623164007297.0
2025-03-24,000001.SH,3364.8342,3370.0283,0.15446839569075,513310260.0,586745474406.0
2025-03-25,000001.SH,3370.0008,3369.9763,-0.0015430137485829,456357393.0,516435662209.0
2025-03-26,000001.SH,3365.6658,3368.6973,-0.037952789163532,428533770.0,485185602279.0
2025-03-27,000001.SH,3362.7123,3373.7489,0.14995707687955,414776314.0,496457111680.0
2025-03-28,000001.SH,3372.0388,3351.3068,-0.66519769743386,412284289.0,468807615343.0
2025-03-31,000001.SH,3343.3442,3335.7462,-0.46431439819236,472571978.0,531475775844.0
2025-04-01,000001.SH,3340.7121,3348.4351,0.38039164970045,422588670.0,499415666019.0
2025-04-02,000001.SH,3344.1711,3350.1266,0.050516135134287,350127364.0,411666039518.0
2025-04-03,000001.SH,3319.6057,3342.0077,-0.24234606536959,400517827.0,486510412986.0
2025-04-07,000001.SH,3193.1024,3096.5762,-7.3438340671687,662199584.0,735367327482.0
2025-04-08,000001.SH,3094.2619,3145.5491,1.5815176774917,662242387.0,730166160655.0
2025-04-09,000001.SH,3110.0101,3186.8099,1.311720106356,684797174.0,755430247444.0
2025-04-10,000001.SH,3227.8362,3223.6379,1.1556384332809,591208273.0,682356544756.0
2025-04-11,000001.SH,3219.5053,3238.2268,0.45256013400264,475531804.0,580791402194.0
2025-04-14,000001.SH,3251.9779,3262.8075,0.75907901200744,471373220.0,543811431534.0
2025-04-15,000001.SH,3260.685,3267.6623,0.14879210618463,396662895.0,456332610420.0
2025-04-16,000001.SH,3267.665,3276.0039,0.25527729716746,429534854.0,489200692652.0
2025-04-17,000001.SH,3261.7177,3280.3412,0.13239605728185,382012698.0,442596764018.0
2025-04-18,000001.SH,3270.3534,3276.7304,-0.11007391548172,358836193.0,380313472554.0
2025-04-21,000001.SH,3273.1383,3291.4341,0.44873084462487,379307588.0,429391687760.0
2025-04-22,000001.SH,3289.1664,3299.7571,0.25286849887105,403167615.0,452675441997.0
2025-04-23,000001.SH,3308.1514,3296.3552,-0.10309546723908,411633212.0,486209315161.0
2025-04-24,000001.SH,3295.1487,3297.2881,0.02830095494564,392844749.0,434706037225.0
2025-04-25,000001.SH,3300.3916,3295.06,-0.067573713076521,411043192.0,445417627333.0
2025-04-28,000001.SH,3292.0559,3288.4147,-0.20167462807961,410665863.0,441916383127.0
2025-04-29,000001.SH,3281.4453,3286.6548,-0.053518189174863,388961672.0,430881033504.0
2025-04-30,000001.SH,3284.0812,3279.0314,-0.23195012752784,435794335.0,505572584225.0
2025-05-06,000001.SH,3295.2504,3316.1135,1.1308857853572,474369617.0,551825065625.0
2025-05-07,000001.SH,3354.9737,3342.6651,0.80068429503394,511159606.0,595230089057.0
2025-05-08,000001.SH,3331.2052,3351.9958,0.27913954048223,428377766.0,501611375480.0
2025-05-09,000001.SH,3350.405,3341.9989,-0.29823724719464,398909191.0,464862361534.0
2025-05-12,000001.SH,3352.9698,3369.2445,0.81524862261324,418239910.0,522080702357.0
2025-05-13,000001.SH,3386.2344,3374.8707,0.16698699070371,426240700.0,506608943780.0
2025-05-14,000001.SH,3374.2353,3403.9481,0.86158560089428,464934441.0,534872944627.0
2025-05-15,000001.SH,3398.4272,3380.8214,-0.67940812611098,424100916.0,461292249434.0
2025-05-16,000001.SH,3374.7061,3367.4619,-0.39515544950112,395401030.0,435647042664.0
2025-05-19,000001.SH,3365.8823,3367.5829,0.0035932106611242,403074805.0,437177569219.0
2025-05-20,000001.SH,3371.6886,3380.478,0.3829185615594,405544534.0,450290477203.0
2025-05-21,000001.SH,3380.2094,3387.5736,0.20989931009757,412496165.0,465956993372.0
2025-05-22,000001.SH,3381.865,3380.1885,-0.21800559550942,394217206.0,438334515335.0
2025-05-23,000001.SH,3376.8691,3348.3717,-0.94127294971863,400227004.0,468587869622.0
2025-05-26,000001.SH,3346.561,3346.8388,-0.045780460992433,347562101.0,400526568363.0
2025-05-27,000001.SH,3346.5029,3340.687,-0.18380927100523,344071157.0,394408732880.0
2025-05-28,000001.SH,3341.8518,3339.9319,-0.022603135223379,341555443.0,389341214708.0
2025-05-29,000001.SH,3340.4012,3363.4455,0.70401435430464,393233806.0,453741382171.0
2025-05-30,000001.SH,3358.8093,3347.4873,-0.47445989536623,385602170.0,443358967723.0
2025-06-03,000001.SH,3340.0666,3361.9755,0.43280821408942,398060772.0,468292670251.0
2025-06-04,000001.SH,3363.391,3376.2029,0.42318571328078,386494643.0,446844610692.0
2025-06-05,000001.SH,3378.2169,3384.0985,0.2338603524095,406252093.0,498241228901.0
2025-06-06,000001.SH,3384.2949,3385.3579,0.037215228812043,380122886.0,452743716106.0
2025-06-09,000001.SH,3388.7783,3399.7716,0.42576591384917,427347947.0,511879936968.0
2025-06-10,000001.SH,3402.013,3384.8163,-0.43989131505187,481618568.0,557427629005.0
2025-06-11,000001.SH,3385.4568,3402.3159,0.51700294636374,424090313.0,501807385818.0
2025-06-12,000001.SH,3397.972,3402.658,0.010054915829534,409490610.0,501624560637.0
2025-06-13,000001.SH,3397.4844,3376.996,-0.75417511839273,510065221.0,605384839391.0
2025-06-16,000001.SH,3369.3661,3388.7293,0.34744785010109,405383278.0,481594409526.0
2025-06-17,000001.SH,3388.1801,3387.4049,-0.039082496202927,390012447.0,458038158678.0
2025-06-18,000001.SH,3386.136,3388.8086,0.041438801721042,378684891.0,441011095449.0
2025-06-19,000001.SH,3384.2932,3362.1082,-0.78789932249345,415327655.0,473258595431.0
2025-06-20,000001.SH,3358.9128,3359.8954,-0.06581584733056,350223662.0,410873272620.0
2025-06-23,000001.SH,3349.4603,3381.5816,0.64544271229396,384561397.0,442789178470.0
2025-06-24,000001.SH,3380.08,3420.566,1.1528451657059,460963800.0,544882077637.0
2025-06-25,000001.SH,3419.0914,3455.9736,1.0351386291041,509384064.0,620173277605.0
2025-06-26,000001.SH,3451.7193,3448.4534,-0.21760004185217,496541077.0,603095111897.0
2025-06-27,000001.SH,3450.6863,3424.2267,-0.70253812912188,523129432.0,605731616258.0
2025-06-30,000001.SH,3423.4738,3444.4256,0.5898820892904,457348049.0,567137246034.0
2025-07-01,000001.SH,3445.8457,3457.7474,0.38676405145753,444356739.0,553556536157.0
2025-07-02,000001.SH,3458.171,3454.7924,-0.085460262366198,498116776.0,543130721694.0
2025-07-03,000001.SH,3456.1519,3461.1506,0.1840400019405,438543465.0,500211767756.0
2025-07-04,000001.SH,3459.5924,3472.3192,0.32268460089544,500195210.0,567241277895.0
2025-07-07,000001.SH,3467.9849,3473.1271,0.02326687016563,436631340.0,476197431423.0
2025-07-08,000001.SH,3474.6316,3497.4753,0.70104546418701,493484773.0,567506524761.0
2025-07-09,000001.SH,3498.724,3493.0495,-0.12654270925087,523920088.0,595962525112.0
2025-07-10,000001.SH,3491.4973,3509.6818,0.47615414553959,564159805.0,613160543948.0
2025-07-11,000001.SH,3511.3656,3510.1772,0.014115239734846,664185249.0,753549049071.0
2025-07-14,000001.SH,3513.2515,3519.6498,0.26986102012172,572084705.0,623102482278.0
2025-07-15,000001.SH,3519.8052,3504.9988,-0.41626300434777,572074726.0,646851665147.0
2025-07-16,000001.SH,3502.8987,3503.7769,-0.034861638183728,470878578.0,572419318650.0
2025-07-17,000001.SH,3500.3715,3516.8255,0.3724152642253,472211056.0,609791010258.0
2025-07-18,000001.SH,3519.4752,3534.4827,0.50207779714973,493484088.0,643627574929.0
2025-07-21,000001.SH,3542.8164,3559.7912,0.71604537772954,633649736.0,730905862905.0
2025-07-22,000001.SH,3561.6316,3581.8611,0.61997737395384,716155230.0,840573441871.0
2025-07-23,000001.SH,3588.8777,3582.298,0.012197569581905,767672388.0,857045959534.0
2025-07-24,000001.SH,3578.9121,3605.7269,0.65401873322656,773265835.0,852239625257.0
2025-07-25,000001.SH,3604.4505,3593.6553,-0.33478963700773,697189549.0,821609575947.0
2025-07-28,000001.SH,3594.2313,3597.9369,0.11914331349477,594187877.0,761265438432.0
2025-07-29,000001.SH,3595.8099,3609.7113,0.32725421060052,610642058.0,793606423705.0
2025-07-30,000001.SH,3608.354,3615.7167,0.16636787545863,637221916.0,819627949114.0
2025-07-31,000001.SH,3604.6959,3573.2082,-1.1756590332423,654509349.0,845893058058.0
2025-08-01,000001.SH,3568.2608,3559.9518,-0.37099433500685,509563080.0,684645226021.0
2025-08-04,000001.SH,3547.1629,3583.3088,0.65610438882908,458573618.0,639775598457.0
2025-08-05,000001.SH,3588.8077,3617.5976,0.95690329563559,499797780.0,656382505102.0
2025-08-06,000001.SH,3615.808,3633.9949,0.45326489601829,512467273.0,707221251608.0
2025-08-07,000001.SH,3637.7811,3639.6666,0.15607341661376,535501202.0,749699997336.0
2025-08-08,000001.SH,3634.8546,3635.1281,-0.12469548721853,526407572.0,713569731142.0
2025-08-11,000001.SH,3637.0534,3647.5467,0.34162757565545,551393348.0,751329446778.0
2025-08-12,000001.SH,3647.9625,3665.9177,0.50365359270109,536623739.0,778161034248.0
2025-08-13,000001.SH,3668.6581,3683.4648,0.47865504454724,613528884.0,887022595719.0
2025-08-14,000001.SH,3685.5223,3666.4426,-0.46212468217425,647829587.0,949464273624.0
2025-08-15,000001.SH,3659.8146,3696.7705,0.82717509337253,678521703.0,960624988909.0
2025-08-18,000001.SH,3712.4952,3728.0273,0.8455163770648,776016669.0,1133941943158.0
2025-08-19,000001.SH,3728.4851,3727.2879,-0.019833545746845,696099750.0,1060899235668.0
2025-08-20,000001.SH,3716.6847,3766.2104,1.044257944228,679836426.0,1017500164064.0
2025-08-21,000001.SH,3770.6757,3771.0989,0.12979890873861,691552959.0,997741900750.0
2025-08-22,000001.SH,3772.2769,3825.7592,1.4494528372088,698136277.0,1095091495710.0
2025-08-25,000001.SH,3848.1629,3883.5617,1.5108765862734,885474802.0,1360903869037.0
2025-08-26,000001.SH,3871.471,3868.382,-0.39087057635778,734565305.0,1114187895250.0
2025-08-27,000001.SH,3869.6116,3800.3499,-1.7586706793693,858633499.0,1326848744018.0
2025-08-28,000001.SH,3796.7112,3843.5974,1.1379873205886,788351947.0,1265185534195.0
2025-08-29,000001.SH,3842.8234,3857.9274,0.37282780969724,739462366.0,1221691851556.0
2025-09-01,000001.SH,3869.7457,3875.5304,0.45628126646448,747709536.0,1208347980856.0
2025-09-02,000001.SH,3877.0858,3858.1334,-0.44889339534016,762618833.0,1222777663997.0
2025-09-03,000001.SH,3865.286,3813.5566,-1.1553981000242,645668510.0,1012296084003.0
2025-09-04,000001.SH,3807.7571,3765.8759,-1.2502948035438,710227933.0,1107892043204.0
2025-09-05,000001.SH,3761.8801,3812.5143,1.2384476078991,626223380.0,979061710221.0
2025-09-08,000001.SH,3811.6692,3826.8407,0.37577301677269,660066898.0,1025883749952.0
2025-09-09,000001.SH,3816.6574,3807.2923,-0.51082345810737,600239380.0,917795306226.0
2025-09-10,000001.SH,3806.5842,3812.2212,0.1294594586289,534539825.0,821113584522.0
2025-09-11,000001.SH,3806.0564,3875.3094,1.6548934778496,617012930.0,1016794001382.0
2025-09-12,000001.SH,3875.5072,3870.5984,-0.1215644872123,700641784.0,1093807300664.0
2025-09-15,000001.SH,3876.0974,3860.5036,-0.26080721781934,644793944.0,986171993940.0
2025-09-16,000001.SH,3865.9801,3861.8651,0.035267419514904,673439723.0,989786137922.0
2025-09-17,000001.SH,3854.0726,3876.3409,0.3748396079397,663434713.0,1006679080914.0
2025-09-18,000001.SH,3876.0592,3831.6562,-1.1527546506552,876027389.0,1365962423640.0
2025-09-19,000001.SH,3830.4437,3820.0894,-0.30187468280688,682292613.0,1016348310666.0
2025-09-22,000001.SH,3822.0096,3828.5764,0.22216757544994,568325686.0,941799982065.0
2025-09-23,000001.SH,3830.1379,3821.8327,-0.1761411891898,701902868.0,1071697826138.0
2025-09-24,000001.SH,3804.4833,3853.6422,0.83231011132434,602056670.0,1015707870455.0
2025-09-25,000001.SH,3852.431,3853.3021,-0.0088254171598986,589950531.0,1001211369114.0
2025-09-26,000001.SH,3839.8553,3828.106,-0.65388332775672,551275335.0,927864903417.0
2025-09-29,000001.SH,3828.1656,3862.5317,0.89928805524193,608466399.0,968212397572.0
2025-09-30,000001.SH,3869.7046,3882.7774,0.52415621598652,569734631.0,973274951649.0
2025-10-09,000001.SH,3898.307,3933.9724,1.3185149372715,725218501.0,1216888716062.0
2025-10-10,000001.SH,3915.4752,3897.0281,-0.93910928302395,718917673.0,1132127151735.0
2025-10-13,000001.SH,3800.1055,3889.5022,-0.19311895646839,709506101.0,1085413591326.0
2025-10-14,000001.SH,3910.7825,3865.2289,-0.62407214990134,800839631.0,1209983827684.0
2025-10-15,000001.SH,3867.5364,3912.2095,1.2154674720558,645012955.0,961552165635.0
2025-10-16,000001.SH,3900.6834,3916.228,0.1027168918229,595451491.0,869264580465.0
2025-10-17,000001.SH,3912.0403,3839.7553,-1.9527131719604,617563018.0,873181597949.0
2025-10-20,000001.SH,3865.5523,3863.8926,0.62861557870629,549261712.0,772503219632.0
2025-10-21,000001.SH,3870.7488,3916.3322,1.3571702277646,599415713.0,837938398315.0
2025-10-22,000001.SH,3896.0736,3913.7576,-0.065740082008363,543117344.0,741524798447.0
2025-10-23,000001.SH,3904.159,3922.4101,0.22107909800035,565189264.0,718931051972.0
2025-10-24,000001.SH,3929.115,3950.3115,0.71133306535183,567858443.0,858491253211.0
2025-10-27,000001.SH,3969.2197,3996.9445,1.1804891842074,637589545.0,1043404043204.0
2025-10-28,000001.SH,3986.8912,3988.2239,-0.21818166351822,577357684.0,940760864469.0
2025-10-29,000001.SH,3990.2655,4016.331,0.70475230841479,612917466.0,968215713264.0
2025-10-30,000001.SH,4007.8207,3986.9008,-0.73276331059368,668485609.0,1070058589395.0
2025-10-31,000001.SH,3985.0641,3954.79,-0.80540754864029,675615406.0,1031104616829.0
2025-11-03,000001.SH,3954.0783,3976.5207,0.5494779748103,641245945.0,941703699264.0
2025-11-04,000001.SH,3973.4575,3960.186,-0.41077869907731,615493792.0,852938368430.0
2025-11-05,000001.SH,3922.5844,3969.2483,0.22883521127543,614991618.0,827133576950.0
2025-11-06,000001.SH,3973.3493,4007.7599,0.97024920310477,627367547.0,930275554355.0
2025-11-07,000001.SH,3994.3167,3997.5557,-0.25461106090712,596507034.0,875486746391.0
2025-11-10,000001.SH,4001.7939,4018.5972,0.52635914491449,634049993.0,960588645762.0
2025-11-11,000001.SH,4023.877,4002.7576,-0.39415744379656,581994921.0,858362142553.0
2025-11-12,000001.SH,3996.5648,4000.1396,-0.065404909855144,586193228.0,840467209890.0
2025-11-13,000001.SH,3996.5143,4029.5012,0.73401438289804,613031061.0,876400923597.0
2025-11-14,000001.SH,4007.1258,3990.4921,-0.96808756379078,622017118.0,837969502203.0
2025-11-17,000001.SH,3988.5564,3972.0348,-0.46253192682677,592017950.0,805733125739.0
2025-11-18,000001.SH,3962.4437,3939.8131,-0.81121394001886,594411046.0,790948598391.0
2025-11-19,000001.SH,3937.9198,3946.7424,0.17587890146363,531149601.0,720908759224.0
2025-11-20,000001.SH,3960.6993,3931.0512,-0.3975734519689,534749540.0,711341284004.0
2025-11-21,000001.SH,3896.6646,3834.8908,-2.4461752113531,631646251.0,824931134790.0
2025-11-24,000001.SH,3848.6565,3836.7655,0.048885355483912,504601716.0,715539247361.0
2025-11-25,000001.SH,3850.571,3870.0228,0.86680564657914,478727611.0,722788782820.0
2025-11-26,000001.SH,3867.429,3864.1844,-0.15086216029529,457589755.0,701019872529.0
2025-11-27,000001.SH,3867.1971,3875.2594,0.28660640522227,444021947.0,698519107249.0
2025-11-28,000001.SH,3870.9438,3888.5962,0.34415244564016,449931973.0,645755815105.0
2025-12-01,000001.SH,3894.2132,3914.0061,0.6534466088302,537554133.0,785658341860.0
2025-12-02,000001.SH,3908.4559,3897.7116,-0.4163125857162,455584494.0,627440672463.0
2025-12-03,000001.SH,3894.1556,3877.9996,-0.50573264579144,485617270.0,647166528203.0
2025-12-04,000001.SH,3879.7417,3875.7933,-0.05689273407868,445040290.0,623712571515.0
2025-12-05,000001.SH,3873.1207,3902.8076,0.69700053405842,500368768.0,716742448877.0
2025-12-08,000001.SH,3909.226,3924.0778,0.54499740135793,547349789.0,839439003433.0
2025-12-09,000001.SH,3916.5087,3909.5216,-0.37094575443942,524538256.0,781160399409.0
2025-12-10,000001.SH,3901.1275,3900.496,-0.23086200623626,497331504.0,730359828445.0
2025-12-11,000001.SH,3903.8948,3873.3176,-0.69679343345052,525658600.0,764350151579.0
2025-12-12,000001.SH,3869.4127,3889.3457,0.41380804920309,573947130.0,909950905461.0
2025-12-15,000001.SH,3865.4021,3867.9209,-0.55085872155822,500922790.0,764604815504.0
2025-12-16,000001.SH,3861.5145,3824.8119,-1.1145264113338,512494827.0,733294004020.0
2025-12-17,000001.SH,3822.5086,3870.2775,1.1887015934038,512313692.0,766820526343.0
2025-12-18,000001.SH,3857.2568,3876.3705,0.15743057183884,461172625.0,704895595179.0
2025-12-19,000001.SH,3878.227,3890.4475,0.36314898176013,513511893.0,738066004816.0
2025-12-22,000001.SH,3900.535,3917.3638,0.69185614251316,522938992.0,789756386752.0
2025-12-23,000001.SH,3919.1063,3919.9786,0.066748970315186,521156952.0,806853443041.0
2025-12-24,000001.SH,3920.3466,3940.947,0.53491108344316,474896447.0,773928624468.0
2025-12-25,000001.SH,3937.7196,3959.6211,0.47384803703272,469313093.0,785018650091.0
2025-12-26,000001.SH,3957.8326,3963.6789,0.10247950239481,555489592.0,893644363935.0
2025-12-29,000001.SH,3964.6513,3965.2796,0.04038419963837,563687197.0,903819726765.0
2025-12-30,000001.SH,3947.8707,3965.1159,-0.0041283343550367,525932588.0,887533318588.0
2025-12-31,000001.SH,3968.7256,3968.8401,0.093924114551106,490751490.0,829511897495.0
2026-01-05,000001.SH,3986.9721,4023.4167,1.3751272065609,596950455.0,1067334169202.0
2026-01-06,000001.SH,4026.0158,4083.6672,1.4974958969574,702472270.0,1175768705035.0
2026-01-07,000001.SH,4083.843,4085.7723,0.051549254552384,683384352.0,1197422798277.0
2026-01-08,000001.SH,4077.715,4082.9788,-0.068371406796219,666131337.0,1183188755951.0
2026-01-09,000001.SH,4086.7624,4120.426,0.91715391713522,729837985.0,1289205972263.0
2026-01-12,000001.SH,4134.893,4165.287,1.0887466490115,839456089.0,1446230122005.0
2026-01-13,000001.SH,4169.7041,4138.7585,-0.63689488863553,868382717.0,1481574218613.0
2026-01-14,000001.SH,4138.6454,4126.0932,-0.30601688888104,952551289.0,1607041237768.0
2026-01-15,000001.SH,4106.2241,4112.6012,-0.32699212901929,680250791.0,1175915097396.0
2026-01-16,000001.SH,4127.0632,4101.9127,-0.25989634005846,763588465.0,1338017280024.0
2026-01-19,000001.SH,4090.7185,4114.0001,0.29467716365588,688905870.0,1190137813599.0
2026-01-20,000001.SH,4116.3659,4113.649,-0.0085342730059695,734362496.0,1221485626209.0
2026-01-21,000001.SH,4103.5291,4116.94,0.080001964192843,666989507.0,1180184557006.0
2026-01-22,000001.SH,4126.0717,4122.576,0.13689779302104,709695409.0,1201764210237.0
2026-01-23,000001.SH,4130.1076,4136.1642,0.32960459673758,782115454.0,1336857054838.0
2026-01-26,000001.SH,4144.7782,4132.6052,-0.086045906978263,887439731.0,1451859840027.0
2026-01-27,000001.SH,4125.2155,4139.9041,0.17661740347226,754990869.0,1289432378945.0
2026-01-28,000001.SH,4150.2152,4151.2378,0.27376721117767,823026748.0,1365526057112.0
2026-01-29,000001.SH,4155.9185,4157.9845,0.16252260952142,905908371.0,1485795395416.0
2026-01-30,000001.SH,4131.9929,4117.9476,-0.96289199731262,804342746.0,1269855689028.0
2026-02-02,000001.SH,4079.7075,4015.7464,-2.4818479963174,732953698.0,1163532654162.0
2026-02-03,000001.SH,4043.9061,4067.7379,1.2946908201175,637684249.0,1110720213016.0
2026-02-04,000001.SH,4064.6772,4102.202,0.84725468668963,674254244.0,1063544769928.0
2026-02-05,000001.SH,4075.0254,4075.9167,-0.64076074264505,596722236.0,946988891271.0
2026-02-06,000001.SH,4040.2992,4065.5834,-0.25352088279921,556709801.0,898655032959.0
2026-02-09,000001.SH,4103.5396,4123.0897,1.414466125575,572632582.0,949726335966.0
2026-02-10,000001.SH,4127.7658,4128.3731,0.12814176708305,524620969.0,882201747044.0
2026-02-11,000001.SH,4124.4277,4131.985,0.08748966996224,500685278.0,822607547251.0
2026-02-12,000001.SH,4136.99,4134.0178,0.049196693598838,529370116.0,897955034839.0
2026-02-13,000001.SH,4115.9243,4082.0726,-1.256530632258,500799472.0,846808337462.0
2026-02-24,000001.SH,4129.1338,4117.4089,0.8656460446098,566322249.0,938611376000.0
2026-02-25,000001.SH,4123.780800000001,4147.2305,0.72428074850665,724787214.0,1085969561174.0
2026-02-26,000001.SH,4151.068,4146.6311,-0.014453018707305,651702826.0,1067198717434.0
2026-02-27,000001.SH,4128.8974,4162.8815,0.39189403658311,682047646.0,1072367831610.0
2026-03-02,000001.SH,4151.8011,4182.5909,0.47345570610164,861579218.0,1345892469395.0
2026-03-03,000001.SH,4189.4079,4122.676,-1.43248291388,921139170.0,1425790202336.0
2026-03-04,000001.SH,4087.632,4082.474,-0.97514332923568,765169531.0,1113081986078.0
2026-03-05,000001.SH,4109.777,4108.567,0.63914675267987,689746535.0,1068043734805.0
2026-03-06,000001.SH,4085.8954,4124.194,0.38035159217314,646765760.0,978805927054.0
2026-03-09,000001.SH,4098.6987,4096.6023,-0.66902041950502,797803556.0,1194106193208.0
2026-03-10,000001.SH,4098.5869,4123.138,0.64774898944914,674922194.0,1036427205293.0
2026-03-11,000001.SH,4123.6663,4133.4331,0.24969089077301,707727169.0,1063600874394.0
2026-03-12,000001.SH,4133.1996,4129.1026,-0.10476763250384,786151182.0,1078215329773.0
2026-03-13,000001.SH,4117.5738,4095.4485,-0.81504634929634,792054764.0,1063918169396.0
2026-03-16,000001.SH,4092.2491,4084.7858,-0.26035487932518,732227098.0,1037223833963.0
2026-03-17,000001.SH,4086.2953,4049.9073,-0.85386362242055,678771224.0,951228129261.0
2026-03-18,000001.SH,4053.3052,4062.9844,0.32289874881827,623873102.0,876327491360.0
2026-03-19,000001.SH,4028.542,4006.5523,-1.3889322341479,667255422.0,935264956107.0
2026-03-20,000001.SH,4004.5732,3957.0527,-1.235466213682,666798387.0,964863108629.0
2026-03-23,000001.SH,3904.9513,3813.2829,-3.6332546190249,804738850.0,1086248286014.0
2026-03-24,000001.SH,3849.6312,3881.2797,1.7831564503121,680622039.0,931418842711.0
2026-03-25,000001.SH,3892.269,3931.8375,1.3026064573496,688343626.0,967854261245.0
2026-03-26,000001.SH,3924.9621,3889.0835,-1.0873796284816,615973981.0,848361335072.0
2026-03-27,000001.SH,3852.0936,3913.7238,0.63357600833204,561342963.0,799696430886.0
2026-03-30,000001.SH,3884.2769,3923.2869,0.24434785101595,595589479.0,839822434665.0
2026-03-31,000001.SH,3924.067,3891.8605,-0.80102222450263,606704983.0,891945339554.0
2026-04-01,000001.SH,3939.5658,3948.5521,1.4566709161338,564611598.0,897278213909.0
2026-04-02,000001.SH,3940.7989,3919.2852,-0.74120587138764,544212835.0,811896566972.0
2026-04-03,000001.SH,3927.5923,3880.0967,-0.99988895934391,492699082.0,713830332060.0
2026-04-07,000001.SH,3884.1505,3890.1645,0.25947291468277,473615076.0,723905837261.0
2026-04-08,000001.SH,3930.2507,3994.9975,2.6948217742463,644135352.0,1074211701270.0
2026-04-09,000001.SH,3967.6296,3966.1712,-0.72155990085099,541569801.0,902481840101.0
2026-04-10,000001.SH,3985.464,3986.2247,0.50561357512757,546415541.0,955664107214.0
2026-04-13,000001.SH,3971.1985,3988.558,0.058534081131949,545781768.0,919436481788.0
2026-04-14,000001.SH,4006.7267,4026.6256,0.95442011874968,570259003.0,998435132020.0
2026-04-15,000001.SH,4039.4711,4027.2095,0.014500975705317,569458589.0,1028851871452.0
2026-04-16,000001.SH,4030.1378,4055.5468,0.70364603579725,545876967.0,976565489655.0
2026-04-17,000001.SH,4043.3813,4051.4254,-0.10162378103983,548791406.0,1013520660231.0
2026-04-20,000001.SH,4053.3745,4082.1271,0.7577999585035,589841379.0,1084578006427.0
2026-04-21,000001.SH,4075.8454,4085.0766,0.072253997186901,576689450.0,1033349016214.0
2026-04-22,000001.SH,4074.8131,4106.2581,0.5185092490065,582466346.0,1093625892374.0
2026-04-23,000001.SH,4110.7883,4093.2501,-0.31678476323736,671166092.0,1234396207619.0
2026-04-24,000001.SH,4081.0326,4079.9004,-0.32613936783389,605031798.0,1143000195131.0
2026-04-27,000001.SH,4074.8109,4086.3442,0.1579401301071,589950867.0,1136051921710.0
2026-04-28,000001.SH,4076.1431,4078.6374,-0.18859889482633,600507498.0,1113955561936.0
2026-04-29,000001.SH,4061.8221,4107.5144,0.70800606104382,614221451.0,1126615371065.0
2026-04-30,000001.SH,4107.2974,4112.1593,0.11308298760925,656912728.0,1276194739058.0
2026-05-06,000001.SH,4135.4505,4160.1737,1.1676201357277,701177480.0,1465903193400.0
2026-05-07,000001.SH,4168.4467,4180.0922,0.47879010436511,685574249.0,1359099509979.0
2026-05-08,000001.SH,4163.8537,4179.9524,-0.0033444238383049,697019094.0,1331673066131.0
2026-05-11,000001.SH,4201.3465,4225.0207,1.0782012732968,762736287.0,1584366746239.0
2026-05-12,000001.SH,4229.2833,4214.4891,-0.24926741779041,718984002.0,1465272590579.0
2026-05-13,000001.SH,4192.3145,4242.572,0.66634173997509,705018739.0,1447463947685.0
2026-05-14,000001.SH,4256.1569,4177.9175,-1.5239458517145,764235004.0,1498116800622.0
2026-05-15,000001.SH,4174.175,4135.3894,-1.0179257967636,733162357.0,1519240026459.0
2026-05-18,000001.SH,4120.1401,4131.5276,-0.093384192550275,627233137.0,1315084195447.0
2026-05-19,000001.SH,4122.9608,4169.5378,0.9200035357382,617611067.0,1306522478007.0
2026-05-20,000001.SH,4152.6984,4162.1845,-0.17635767686288,624152035.0,1358926939220.0
2026-05-21,000001.SH,4174.3772,4077.2765,-2.0399864542286,727218701.0,1595726694715.0
2026-05-22,000001.SH,4096.1723,4112.8996,0.87369841118207,589459644.0,1285847521737.0
2026-05-25,000001.SH,4126.3376,4152.5686,0.96450202674531,615930861.0,1445655378392.0
2026-05-26,000001.SH,4137.3196,4145.373,-0.1732807014916,654777756.0,1461685377748.0
2026-05-27,000001.SH,4138.8053,4093.7266,-1.2458806481347,660467399.0,1473449050998.0
2026-05-28,000001.SH,4080.3044,4098.6358,0.11992007477979,621179950.0,1361325732878.0
2026-05-29,000001.SH,4110.5212,4068.5691,-0.73357823107874,731597710.0,1532067352982.0
2026-06-01,000001.SH,4067.1578,4057.74,-0.26616482930081,676025806.0,1319801913951.0
2026-06-02,000001.SH,4061.4629,4075.1016,0.42786378624555,642244656.0,1280966176161.0
2026-06-03,000001.SH,4068.3408,4083.974,0.2177221790004,668452583.0,1429755844608.0
2026-06-04,000001.SH,4053.6702,4057.7811,-0.64135814772572,621194774.0,1274652182407.0
2026-06-05,000001.SH,4044.8292,4027.7362,-0.74042683081156,662918577.0,1363887868515.0
2026-06-08,000001.SH,3938.7093,3959.3378,-1.6981847023646,659293555.0,1267277235712.0
2026-06-09,000001.SH,3977.5394,4010.0307,1.2803378383123,576570090.0,1173088930413.0
2026-06-10,000001.SH,3985.1244,3993.2258,-0.41907160461389,598694739.0,1227070067091.0
2026-06-11,000001.SH,3979.7057,3987.0147,-0.15554091631883,568545244.0,1185554610734.0
2026-06-12,000001.SH,4017.8648,4031.5129,1.1160781524081,743131092.0,1537401519425.0
2026-06-15,000001.SH,4053.5822,4096.4717,1.6112760050948,678907811.0,1403586231239.0
2026-06-16,000001.SH,4094.2124,4091.8917,-0.11180353082874,615668296.0,1369612989674.0
2026-06-17,000001.SH,4074.2913,4108.0762,0.39552610837673,608077413.0,1403145909875.0
2026-06-18,000001.SH,4094.2301,4090.4813,-0.42830023454776,658116068.0,1560473972715.0
2026-06-22,000001.SH,4093.9546,4163.0965,1.7752238593537,743699355.0,1704000421651.0
2026-06-23,000001.SH,4153.593,4106.2517,-1.3654451680378,709003913.0,1594542362380.0
2026-06-24,000001.SH,4090.1001,4110.8134,0.11109158262267,644527518.0,1514193285000.0
2026-06-25,000001.SH,4103.4817,4120.2806,0.2302999206921,670459917.0,1618996555016.0
2026-06-26,000001.SH,4098.6864,4027.2648,-2.2575112966821,660108666.0,1621195708660.0
2026-06-29,000001.SH,4026.6858,4073.9017,1.1580291417639,659199936.0,1666220369467.0
2026-06-30,000001.SH,4058.1695,4094.3972,0.50309264948636,598412203.0,1530325961725.0
2026-07-01,000001.SH,4090.7598,4112.4453,0.44079993020707,672331791.0,1698487572313.0
2019-01-02,000300.SH,3017.0674,2969.5353,-1.3657599133956,68663021.0,76105571277.8
2019-01-03,000300.SH,2963.0186,2964.8421,-0.15804493046438,70867103.0,76664797393.4
2019-01-04,000300.SH,2940.1916,3035.8741,2.3958105559821,103318972.0,107141037088.1
2019-01-07,000300.SH,3055.1535,3054.303,0.60703768973818,101164359.0,105703940790.6
2019-01-08,000300.SH,3049.8747,3047.7035,-0.21607221025549,86170585.0,79628882664.2
2019-01-09,000300.SH,3065.2307,3078.4759,1.0096913955048,107364350.0,117129678905.7
2019-01-10,000300.SH,3077.4817,3072.6864,-0.18806384029188,85271756.0,90206871737.0
2019-01-11,000300.SH,3082.2615,3094.7782,0.71897346894887,71786424.0,77420239578.5
2019-01-14,000300.SH,3092.4984,3067.7845,-0.87223375167888,66121702.0,68115969094.5
2019-01-15,000300.SH,3071.5185,3127.9904,1.9625205095078,88772962.0,99976891144.1
2019-01-16,000300.SH,3126.1347,3128.6517,0.021141369231816,80214341.0,85781591791.1
2019-01-17,000300.SH,3132.6285,3111.4168,-0.55087308056694,80174871.0,82888206986.1
2019-01-18,000300.SH,3124.5025,3168.1739,1.8241561207743,103963834.0,106780658490.8
2019-01-21,000300.SH,3170.8773,3185.6364,0.55118502175654,93915022.0,105536986579.7
2019-01-22,000300.SH,3181.9494,3143.3171,-1.3284409984768,72990528.0,78150876312.7
2019-01-23,000300.SH,3136.096,3141.0532,-0.072022641304639,59870478.0,62669652004.0
2019-01-24,000300.SH,3146.6046,3158.7817,0.56441259893338,72934636.0,80963877218.7
2019-01-25,000300.SH,3165.1814,3184.4696,0.81322175571677,83967729.0,93207954747.8
2019-01-28,000300.SH,3203.1189,3183.7777,-0.021727323130979,82622431.0,97371496147.1
2019-01-29,000300.SH,3177.261,3193.9698,0.32012599372122,77658334.0,85943908590.0
2019-01-30,000300.SH,3181.6551,3168.4829,-0.7979693483639,63746517.0,73005123447.1
2019-01-31,000300.SH,3182.6987,3201.6331,1.0462483480659,86247839.0,97509924771.0
2019-02-01,000300.SH,3225.7335,3247.3971,1.4293955169317,82019641.0,94766412762.8
2019-02-11,000300.SH,3239.8079,3306.4725,1.8191615678908,98818434.0,114752354821.1
2019-02-12,000300.SH,3306.3523,3330.3353,0.72169963609255,122232462.0,122834101006.8
2019-02-13,000300.SH,3337.7794,3397.0276,2.0025701316021,163828332.0,168866262062.0
2019-02-14,000300.SH,3392.8547,3402.1403,0.15050510628763,151127290.0,138649287970.7
2019-02-15,000300.SH,3391.242,3338.7047,-1.8645791885773,143668603.0,141555060947.5
2019-02-18,000300.SH,3366.423,3445.7448,3.2060367603041,182886089.0,180449742544.2
2019-02-19,000300.SH,3454.7216,3439.6078,-0.17810372956232,179083785.0,185762746553.0
2019-02-20,000300.SH,3449.9321,3451.9273,0.35816583506991,147390311.0,145570263069.9
2019-02-21,000300.SH,3450.1411,3442.7056,-0.2671464141206,180143287.0,185197154784.6
2019-02-22,000300.SH,3439.3781,3520.1182,2.248597730808,187237974.0,202869288708.4
2019-02-25,000300.SH,3575.8528,3729.4831,5.9476667573265,342557122.0,376382393433.2
2019-02-26,000300.SH,3734.7059,3684.6935,-1.2009599936249,358038698.0,387632860075.2
2019-02-27,000300.SH,3682.8116,3678.3921,-0.17101558107886,286236007.0,307306148138.8
2019-02-28,000300.SH,3675.2642,3669.3703,-0.24526477207256,184810220.0,206010958184.6
2019-03-01,000300.SH,3699.2157,3749.7143,2.1895854991795,204711004.0,235620623488.1
2019-03-04,000300.SH,3783.0367,3794.104,1.1838155242921,323490126.0,376397284705.9
2019-03-05,000300.SH,3785.3762,3816.0132,0.57745385998908,230853166.0,261464122211.6
2019-03-06,000300.SH,3822.8588,3848.0903,0.84059195602363,318077371.0,331155616598.0
2019-03-07,000300.SH,3841.1456,3808.8497,-1.0197421822456,329846548.0,359339152916.1
2019-03-08,000300.SH,3721.4016,3657.579,-3.9715586571977,317990077.0,349296691226.9
2019-03-11,000300.SH,3663.9772,3729.9546,1.9787843270097,230912865.0,268718458804.5
2019-03-12,000300.SH,3758.3151,3755.3519,0.6809010490369,274926382.0,325180619758.7
2019-03-13,000300.SH,3758.713,3724.1941,-0.82969055443246,233682248.0,286171048159.7
2019-03-14,000300.SH,3710.2934,3698.4858,-0.69030505150095,190817237.0,231820149389.5
2019-03-15,000300.SH,3713.936,3745.005,1.2577904179056,175174544.0,224194362924.7
2019-03-18,000300.SH,3753.6436,3851.7479,2.8502738981657,216928060.0,276473448869.6
2019-03-19,000300.SH,3856.5885,3833.9626,-0.46174621137588,181727110.0,224096889633.7
2019-03-20,000300.SH,3825.3356,3835.4397,0.038526719066067,175632090.0,215406993601.5
2019-03-21,000300.SH,3840.2783,3836.8913,0.037847029637824,196310310.0,231993445601.5
2019-03-22,000300.SH,3838.1255,3833.8013,-0.080533946843886,171356993.0,198518386318.6
2019-03-25,000300.SH,3776.4426,3742.8252,-2.3729998735198,198586329.0,223396564361.0
2019-03-26,000300.SH,3766.5287,3700.4388,-1.1324707336052,173046579.0,196547811178.8
2019-03-27,000300.SH,3724.4058,3743.3878,1.1606461374256,138758454.0,177507528442.3
2019-03-28,000300.SH,3731.0612,3728.3953,-0.40050619388138,133272129.0,172604392907.5
2019-03-29,000300.SH,3739.7739,3872.3412,3.8608003824058,215639103.0,283022298648.2
2019-04-01,000300.SH,3901.1698,3973.928,2.6233948599364,271382704.0,340799403573.1
2019-04-02,000300.SH,3986.3443,3971.2852,-0.066503469614952,226000341.0,281892057021.0
2019-04-03,000300.SH,3947.8697,4022.1566,1.2809807767017,231917368.0,284826495445.4
2019-04-04,000300.SH,4039.7415,4062.2309,0.99633863087281,260410939.0,313539431377.5
2019-04-08,000300.SH,4097.1027,4057.2286,-0.12314169536744,267505576.0,324670452522.6
2019-04-09,000300.SH,4063.8139,4075.4301,0.44861904010043,182956808.0,243187913127.9
2019-04-10,000300.SH,4062.4425,4085.847,0.25560247003133,194687613.0,278282025051.5
2019-04-11,000300.SH,4083.4618,3997.5778,-2.1603647909479,169049641.0,236259156718.9
2019-04-12,000300.SH,3986.7822,3988.6168,-0.22416074053644,135862118.0,178795939061.6
2019-04-15,000300.SH,4056.4919,3975.5244,-0.32824411710847,182645571.0,236298721390.8
2019-04-16,000300.SH,3958.0963,4085.7891,2.7735888125853,202041966.0,250569206656.0
2019-04-17,000300.SH,4080.7172,4087.2398,0.035505993199695,180367117.0,228824429886.6
2019-04-18,000300.SH,4085.1148,4072.0753,-0.37102056013449,146562123.0,187812687766.5
2019-04-19,000300.SH,4076.2953,4120.6078,1.1918369977097,150794910.0,194701690762.6
2019-04-22,000300.SH,4125.9717,4025.6109,-2.3054098960838,189353745.0,244380549238.8
2019-04-23,000300.SH,4021.6277,4019.0053,-0.1640893808192,155611650.0,204121505815.8
2019-04-24,000300.SH,4033.6292,4030.0887,0.27577470475095,145498695.0,186497961651.9
2019-04-25,000300.SH,4013.6027,3941.816,-2.1903413689133,159722071.0,197530997751.6
2019-04-26,000300.SH,3921.8909,3889.2748,-1.3329186344568,142008068.0,186572137127.3
2019-04-29,000300.SH,3896.5824,3900.3339,0.28434864000867,153870927.0,203946553151.5
2019-04-30,000300.SH,3887.1799,3913.211,0.33015378503876,116233376.0,161665923923.7
2019-05-06,000300.SH,3775.0765,3684.6168,-5.8416016923187,197472882.0,254115400089.2
2019-05-07,000300.SH,3702.2656,3720.6684,0.97843553229199,132847654.0,183659159180.7
2019-05-08,000300.SH,3648.5489,3667.4574,-1.430146260817,112867355.0,145058486354.4
2019-05-09,000300.SH,3637.346,3599.7001,-1.8475279358391,101037394.0,141829095759.5
2019-05-10,000300.SH,3643.0557,3730.4513,3.6322803669117,148003847.0,195067170793.0
2019-05-13,000300.SH,3675.7597,3668.7255,-1.6546469860094,103391860.0,135053926707.4
2019-05-14,000300.SH,3630.4388,3645.1503,-0.64259918056012,102313460.0,135262868907.9
2019-05-15,000300.SH,3674.9931,3727.0923,2.2479731494199,110161769.0,152534546781.4
2019-05-16,000300.SH,3720.039,3743.9635,0.45266386346268,116258274.0,139851940057.3
2019-05-17,000300.SH,3744.8751,3648.7609,-2.5428292770482,128453245.0,154092349651.9
2019-05-20,000300.SH,3635.7357,3617.7924,-0.84874018464735,108963477.0,134194262583.5
2019-05-21,000300.SH,3619.4369,3666.7762,1.3539693432934,111022920.0,133071381088.8
2019-05-22,000300.SH,3663.1533,3649.3796,-0.47443855449917,98346128.0,121775244162.9
2019-05-23,000300.SH,3629.5284,3583.9646,-1.79249645611,99897781.0,125611969476.7
2019-05-24,000300.SH,3584.9016,3593.9139,0.27760597858584,80934048.0,101337496380.1
2019-05-27,000300.SH,3592.6027,3637.1971,1.2043471603479,108830871.0,133399053907.7
2019-05-28,000300.SH,3633.0182,3672.2605,0.96402254362295,117886240.0,148966334657.2
2019-05-29,000300.SH,3642.5415,3663.909,-0.22742123005707,93355441.0,120002034236.9
2019-05-30,000300.SH,3648.8495,3641.1833,-0.62025830881717,94202561.0,112864079304.9
2019-05-31,000300.SH,3640.9963,3629.7893,-0.31292025314958,89222267.0,108264201339.4
2019-06-03,000300.SH,3640.6126,3632.0127,0.061254244151315,100723180.0,123902446407.3
2019-06-04,000300.SH,3632.5602,3598.4666,-0.92362287169315,87097094.0,109467236536.2
2019-06-05,000300.SH,3627.7947,3597.105,-0.037838339252619,88642020.0,114634228238.8
2019-06-06,000300.SH,3601.0356,3564.6778,-0.90148049612119,85534403.0,104367267723.8
2019-06-10,000300.SH,3578.0084,3610.7435,1.2922822926661,92375061.0,117346608912.5
2019-06-11,000300.SH,3617.5239,3719.2759,3.0058186077189,143482806.0,180899072311.2
2019-06-12,000300.SH,3706.8635,3691.0957,-0.75767974083343,119178853.0,132296097905.4
2019-06-13,000300.SH,3689.5834,3685.3933,-0.1544907112541,96331718.0,110459901917.9
2019-06-14,000300.SH,3690.4763,3654.8799,-0.82795505163588,101817004.0,116584260575.4
2019-06-17,000300.SH,3654.4433,3654.8248,-0.0015075734773129,72976678.0,93092581297.8
2019-06-18,000300.SH,3661.1299,3667.6185,0.35004961113321,70692266.0,89472839848.3
2019-06-19,000300.SH,3761.3381,3715.9381,1.3174652707199,125595715.0,172574177791.6
2019-06-20,000300.SH,3718.9416,3828.5183,3.0296575715295,168872073.0,227726981966.3
2019-06-21,000300.SH,3832.7321,3833.9383,0.14156912871488,153635155.0,199961617615.6
2019-06-24,000300.SH,3836.3051,3841.2659,0.19112461981978,100084621.0,143644731703.7
2019-06-25,000300.SH,3837.4259,3801.3098,-1.0401805300695,124075912.0,169358793347.0
2019-06-26,000300.SH,3779.5125,3794.331,-0.18358935122835,81820283.0,112106859021.6
2019-06-27,000300.SH,3807.5376,3834.8172,1.0670181383754,105316358.0,156483418190.2
2019-06-28,000300.SH,3832.0599,3825.5873,-0.24068683117411,84766139.0,116512050673.5
2019-07-01,000300.SH,3899.3313,3935.8116,2.8812386532128,158370340.0,217470251110.9
2019-07-02,000300.SH,3931.0486,3937.1691,0.034490980208506,131863496.0,173997045122.5
2019-07-03,000300.SH,3927.4365,3893.5341,-1.1082836142344,111992603.0,163145730935.4
2019-07-04,000300.SH,3895.1978,3873.1019,-0.52477259670076,99342256.0,142669255176.9
2019-07-05,000300.SH,3875.3736,3893.2025,0.51897937412903,74006527.0,116236522103.4
2019-07-08,000300.SH,3875.7547,3802.7897,-2.3223246157887,109539086.0,147198419380.3
2019-07-09,000300.SH,3798.0954,3793.1297,-0.25402403924676,74842732.0,113147602951.3
2019-07-10,000300.SH,3807.9497,3786.739,-0.16848092486792,72833948.0,101355477029.9
2019-07-11,000300.SH,3806.1855,3785.221,-0.040087262417611,75311965.0,113674616215.1
2019-07-12,000300.SH,3783.0733,3808.7311,0.62110244025382,75465967.0,107007923971.2
2019-07-15,000300.SH,3792.6409,3824.1878,0.40582282114902,101205222.0,142493046609.8
2019-07-16,000300.SH,3819.2474,3806.8449,-0.45350544761426,80730952.0,108449682783.9
2019-07-17,000300.SH,3800.1064,3804.6384,-0.057961384242374,95183885.0,116766781137.8
2019-07-18,000300.SH,3793.1893,3768.4019,-0.95242953969029,87496445.0,111669365488.3
2019-07-19,000300.SH,3787.5079,3807.9551,1.0496014238821,88086149.0,117797528165.8
2019-07-22,000300.SH,3813.5022,3781.6832,-0.68992147517706,92101377.0,117810448145.9
2019-07-23,000300.SH,3783.5411,3789.9135,0.21763589292726,71313346.0,103866608768.6
2019-07-24,000300.SH,3803.5867,3819.8325,0.78943754257188,90940684.0,129940587223.4
2019-07-25,000300.SH,3821.3898,3851.0665,0.81767983281989,93740417.0,125899502555.2
2019-07-26,000300.SH,3835.2281,3858.5688,0.19481096989626,83259300.0,110929728703.6
2019-07-29,000300.SH,3857.9394,3854.2704,-0.11139881709509,84814370.0,111679108840.3
2019-07-30,000300.SH,3861.5698,3870.3176,0.4163485779306,94123955.0,120480280020.1
2019-07-31,000300.SH,3856.745,3835.3589,-0.90325145409254,82151155.0,111083892777.4
2019-08-01,000300.SH,3819.3242,3803.4694,-0.831460648963,84114180.0,117649163850.3
2019-08-02,000300.SH,3729.1309,3747.4379,-1.4731681553689,108335897.0,141874787569.4
2019-08-05,000300.SH,3724.4097,3675.6884,-1.9146281249917,101325981.0,133061101375.6
2019-08-06,000300.SH,3609.1118,3636.3289,-1.0708062195914,129833871.0,167267479638.6
2019-08-07,000300.SH,3654.6323,3621.431,-0.4096961636226,84238716.0,108667668029.8
2019-08-08,000300.SH,3651.3571,3669.2936,1.3216488178292,88457707.0,114981616120.9
2019-08-09,000300.SH,3686.7493,3633.5296,-0.97468351946544,85295580.0,116355689959.4
2019-08-12,000300.SH,3647.8661,3699.1047,1.8047217779649,82083056.0,121129345184.0
2019-08-13,000300.SH,3675.5868,3665.7515,-0.9016560142242,76500302.0,103764319440.6
2019-08-14,000300.SH,3712.0657,3682.4015,0.45420427434866,91202590.0,128301671072.6
2019-08-15,000300.SH,3618.0092,3694.0006,0.31498737983894,88598832.0,119241082583.3
2019-08-16,000300.SH,3697.9407,3710.5386,0.44769889858708,88319169.0,132696910341.1
2019-08-19,000300.SH,3736.0344,3791.0946,2.1710055785432,139327013.0,195448939475.6
2019-08-20,000300.SH,3786.026,3787.7324,-0.08868678718806,108602088.0,149115340694.9
2019-08-21,000300.SH,3778.3091,3781.7579,-0.15773289580858,82299880.0,121688505094.9
2019-08-22,000300.SH,3793.8552,3793.5061,0.31065447103317,85807792.0,120708136081.1
2019-08-23,000300.SH,3796.8821,3820.8638,0.72117189952588,87954583.0,137802154001.2
2019-08-26,000300.SH,3756.3618,3765.9105,-1.438242839224,93859269.0,142350985497.0
2019-08-27,000300.SH,3791.4587,3816.9459,1.3551941821241,124731478.0,181748784078.5
2019-08-28,000300.SH,3818.8125,3802.5844,-0.37625631529124,88750812.0,137667277244.2
2019-08-29,000300.SH,3805.494,3790.1867,-0.32603352604087,84083387.0,126475676638.3
2019-08-30,000300.SH,3816.678,3799.5863,0.2479983373906,96695150.0,152408668676.4
2019-09-02,000300.SH,3803.689,3848.3198,1.2826001609702,110289349.0,164994458613.0
2019-09-03,000300.SH,3852.5794,3853.6106,0.13748337651148,97714631.0,146270633848.5
2019-09-04,000300.SH,3848.6483,3886.0012,0.84052602512564,126628615.0,176839744818.6
2019-09-05,000300.SH,3909.2087,3925.323,1.0118833725527,181656231.0,244681225480.7
2019-09-06,000300.SH,3946.6854,3948.5075,0.59063929261363,121882376.0,181718270030.7
2019-09-09,000300.SH,3980.9577,3972.9484,0.61899084654138,146809754.0,209545387190.9
2019-09-10,000300.SH,3976.8697,3959.265,-0.34441423905733,130889386.0,184494349873.8
2019-09-11,000300.SH,3969.6757,3930.0999,-0.73662914707653,131594875.0,190165007511.9
2019-09-12,000300.SH,3944.6917,3972.3799,1.0757996253479,110241273.0,156750653137.8
2019-09-16,000300.SH,3981.3616,3957.7154,-0.36916156986898,110259805.0,154736552348.1
2019-09-17,000300.SH,3947.1577,3891.2208,-1.6801258625115,113694317.0,154899299888.1
2019-09-18,000300.SH,3902.9947,3910.0837,0.4847553240875,82056152.0,130159557671.9
2019-09-19,000300.SH,3923.9631,3924.3823,0.36568526653279,85984238.0,127421791159.0
2019-09-20,000300.SH,3933.4594,3935.6511,0.2871483749175,103455955.0,153162588494.8
2019-09-23,000300.SH,3925.1858,3890.6616,-1.1431272451971,94036225.0,139223506453.0
2019-09-24,000300.SH,3895.8661,3901.0758,0.26767169881853,87783230.0,142341399678.9
2019-09-25,000300.SH,3887.5548,3870.9837,-0.77137952561701,89520835.0,133224463638.3
2019-09-26,000300.SH,3884.7022,3841.1388,-0.77099007159343,102698301.0,150806750012.6
2019-09-27,000300.SH,3843.4584,3852.6534,0.29977047431871,74003947.0,109130484004.3
2019-09-30,000300.SH,3842.0741,3814.5282,-0.9895829196574,65931313.0,100487271138.0
2019-10-08,000300.SH,3818.5894,3837.6791,0.60691385110221,76657860.0,118365682514.5
2019-10-09,000300.SH,3822.6068,3843.2392,0.14488183756688,75854512.0,112406207027.5
2019-10-10,000300.SH,3838.4865,3874.6391,0.81701654167141,79222694.0,127474042852.5
2019-10-11,000300.SH,3885.5198,3911.7253,0.95715237065564,93412577.0,139817298256.0
2019-10-14,000300.SH,3944.8593,3953.2411,1.0613168567844,122393611.0,167857131154.3
2019-10-15,000300.SH,3953.1645,3936.2498,-0.42980682357067,85273949.0,125117107010.6
2019-10-16,000300.SH,3939.276,3922.6854,-0.34460211341262,83229707.0,128558533503.4
2019-10-17,000300.SH,3929.386,3925.2216,0.064654687831963,64863745.0,99991850408.9
2019-10-18,000300.SH,3935.4199,3869.3777,-1.4226941989721,82321140.0,122186927130.1
2019-10-21,000300.SH,3865.3436,3880.8398,0.29622592800905,74182918.0,110858235839.2
2019-10-22,000300.SH,3896.3149,3895.8809,0.38757332884496,68918566.0,102843371160.8
2019-10-23,000300.SH,3892.6766,3871.0848,-0.63646966209876,70198625.0,99733598352.8
2019-10-24,000300.SH,3877.9239,3870.6678,-0.010772174249449,71334575.0,105096951646.5
2019-10-25,000300.SH,3871.7687,3896.7923,0.67493521402172,77453620.0,126677483957.3
2019-10-28,000300.SH,3904.9824,3926.585,0.76454421242826,97406020.0,150762201736.5
2019-10-29,000300.SH,3929.7077,3910.226,-0.41662156810562,82257075.0,139611420265.5
2019-10-30,000300.SH,3904.7172,3891.2255,-0.48591820523929,77872923.0,122610501731.0
2019-10-31,000300.SH,3906.8593,3886.7519,-0.1149663518601,86714539.0,135012425538.5
2019-11-01,000300.SH,3883.8084,3952.3872,1.688692813143,100689612.0,151471061323.2
2019-11-04,000300.SH,3964.0052,3978.1216,0.65111029607625,104193855.0,154485361811.7
2019-11-05,000300.SH,3982.1155,4002.8128,0.62067484312194,112911880.0,163317856088.8
2019-11-06,000300.SH,4006.327,3984.8816,-0.44796499101832,97312952.0,139859763470.3
2019-11-07,000300.SH,3984.5529,3991.8749,0.17549580394056,87254898.0,117751554346.6
2019-11-08,000300.SH,4017.6742,3973.0107,-0.47256490928611,97106948.0,139026673427.0
2019-11-11,000300.SH,3948.6186,3902.9783,-1.76270353362,94155621.0,130330082289.2
2019-11-12,000300.SH,3905.9584,3903.6888,0.018204046894129,76543069.0,108828235839.0
2019-11-13,000300.SH,3905.2831,3899.9815,-0.094969148155458,76749078.0,112057146508.0
2019-11-14,000300.SH,3905.9284,3905.857,0.15065456079728,87008446.0,119791566838.8
2019-11-15,000300.SH,3908.4891,3877.0892,-0.73652978078819,83730917.0,115423020916.5
2019-11-18,000300.SH,3874.4405,3907.9291,0.79543952715867,76645993.0,107085819889.1
2019-11-19,000300.SH,3904.0996,3947.0392,1.0007883715188,82161025.0,123227172612.2
2019-11-20,000300.SH,3940.1344,3907.8641,-0.99251864536842,76815333.0,118003062733.2
2019-11-21,000300.SH,3894.539,3889.598,-0.46741901797455,69130538.0,104147769297.8
2019-11-22,000300.SH,3894.1742,3849.9948,-1.0181823417227,91042639.0,146981162089.7
2019-11-25,000300.SH,3850.966,3878.2061,0.7327620286656,106066289.0,140851076272.2
2019-11-26,000300.SH,3893.4349,3891.6533,0.34673763212327,111513537.0,140213633064.6
2019-11-27,000300.SH,3883.429,3875.6186,-0.41202796765067,76437305.0,107238822033.2
2019-11-28,000300.SH,3877.9012,3862.3029,-0.3435761196935,65230119.0,87081788912.3
2019-11-29,000300.SH,3857.1883,3828.6706,-0.87078359390198,74144331.0,116200556869.0
2019-12-02,000300.SH,3835.5128,3836.0589,0.19297298649824,77412173.0,109992592541.0
2019-12-03,000300.SH,3829.212,3851.0873,0.39176666447953,73611240.0,108703714965.2
2019-12-04,000300.SH,3841.6627,3849.819,-0.032933556193343,79683385.0,109646342795.8
2019-12-05,000300.SH,3863.6086,3879.3638,0.76743348193773,89051193.0,129357592811.8
2019-12-06,000300.SH,3885.0582,3902.3853,0.59343493384147,78648887.0,116424775801.9
2019-12-09,000300.SH,3909.5297,3895.4468,-0.17780151027116,95353806.0,130873098246.3
2019-12-10,000300.SH,3886.444,3900.3843,0.12675054373737,86262928.0,121118412751.4
2019-12-11,000300.SH,3907.1592,3902.7492,0.060632486906483,99765480.0,127690403434.4
2019-12-12,000300.SH,3908.4537,3891.0242,-0.30042924613245,84708330.0,117874313734.4
2019-12-13,000300.SH,3928.0044,3968.2211,1.9839737825326,148571349.0,201018885799.2
2019-12-16,000300.SH,3970.7092,3987.5464,0.4870015937368,148486670.0,202154895254.4
2019-12-17,000300.SH,3987.7426,4041.7996,1.3605659861412,201162937.0,251637865287.6
2019-12-18,000300.SH,4039.724,4032.7826,-0.22309369321527,151351764.0,197620207485.1
2019-12-19,000300.SH,4034.6159,4027.1495,-0.13968270940268,117900558.0,152553809116.6
2019-12-20,000300.SH,4032.1519,4017.2527,-0.24575198909303,121267662.0,158460232416.6
2019-12-23,000300.SH,4014.6929,3967.0962,-1.2485273829052,122816246.0,162048261474.0
2019-12-24,000300.SH,3971.56,3992.9581,0.65191007972027,95989045.0,122499163329.3
2019-12-25,000300.SH,3988.6574,3990.8671,-0.052367191130803,94938890.0,131896466969.0
2019-12-26,000300.SH,3993.6686,4025.9879,0.88002930490971,108860640.0,140814968242.6
2019-12-27,000300.SH,4029.2454,4022.0278,-0.098363435220464,150926411.0,195090417041.7
2019-12-30,000300.SH,4015.5195,4081.6334,1.4819788167551,155971488.0,216814660017.4
2019-12-31,000300.SH,4077.7519,4096.5821,0.3662430829775,123264258.0,173119348509.7
2020-01-02,000300.SH,4121.3487,4152.2408,1.3586618952419,182116772.0,270105532027.6
2020-01-03,000300.SH,4161.2185,4144.9649,-0.17522827674155,142826244.0,215216288331.3
2020-01-06,000300.SH,4120.5211,4129.2954,-0.37803697686318,175309953.0,250182071293.9
2020-01-07,000300.SH,4137.4019,4160.2274,0.74908663594278,139489031.0,196389059714.7
2020-01-08,000300.SH,4139.6315,4112.3172,-1.1516245482158,167585850.0,212406263857.3
2020-01-09,000300.SH,4145.5345,4164.3697,1.2657705490228,136886324.0,200150352941.6
2020-01-10,000300.SH,4177.5777,4163.1849,-0.028450884175821,113031719.0,177827413709.3
2020-01-13,000300.SH,4166.9254,4203.9883,0.98010059558008,119691982.0,199795489709.1
2020-01-14,000300.SH,4215.1578,4189.8862,-0.33544574802932,129320783.0,196221263395.6
2020-01-15,000300.SH,4186.881,4166.7344,-0.552563933598,104633136.0,163081930622.4
2020-01-16,000300.SH,4174.8172,4149.0434,-0.42457709807471,100267642.0,156242505812.0
2020-01-17,000300.SH,4162.1939,4154.853,0.14002263750725,98725682.0,166591591594.3
2020-01-20,000300.SH,4170.7365,4185.8304,0.74557150397378,122409147.0,202692287441.8
2020-01-21,000300.SH,4165.0203,4114.3085,-1.7086669350005,130527507.0,204586880493.9
2020-01-22,000300.SH,4093.8009,4131.9311,0.42832471118779,126758763.0,208136150791.5
2020-01-23,000300.SH,4093.3229,4003.9013,-3.0985463431372,160357603.0,250409357700.7
2020-02-03,000300.SH,3639.9089,3688.3578,-7.8809010601735,157559647.0,243303105385.9
2020-02-04,000300.SH,3652.0035,3785.6376,2.6374827301191,213933328.0,298165767621.4
2020-02-05,000300.SH,3801.099,3828.5272,1.132955780025,174925524.0,264042920865.7
2020-02-06,000300.SH,3841.7537,3899.7751,1.8609741103576,176462235.0,262820088451.9
2020-02-07,000300.SH,3879.5531,3899.8693,0.0024155239105968,151731759.0,237508816255.6
2020-02-10,000300.SH,3872.3738,3916.0052,0.41375489173445,148406969.0,229625441895.6
2020-02-11,000300.SH,3926.4204,3952.4643,0.93102787503959,143441674.0,219307119361.3
2020-02-12,000300.SH,3945.6663,3984.4325,0.80881691961139,126710321.0,200776706549.8
2020-02-13,000300.SH,3985.8757,3959.9188,-0.61523692520829,145001843.0,228605964793.4
2020-02-14,000300.SH,3954.234,3987.7342,0.70242349413831,143239803.0,222895073624.8
2020-02-17,000300.SH,3999.6511,4077.4241,2.2491443888111,182778969.0,273067817277.8
2020-02-18,000300.SH,4069.8315,4057.5108,-0.48837941581795,163236220.0,242552517334.4
2020-02-19,000300.SH,4049.5862,4051.3107,-0.15280550824412,169046441.0,257554535729.8
2020-02-20,000300.SH,4062.8968,4144.6561,2.3040790231171,212232624.0,310835589162.3
2020-02-21,000300.SH,4134.8747,4149.4903,0.1166369388283,217213604.0,326564003558.5
2020-02-24,000300.SH,4131.8364,4132.8388,-0.40129025003384,212869303.0,326387800605.7
2020-02-25,000300.SH,4066.302,4123.8543,-0.21739294549791,244167831.0,372213717029.5
2020-02-26,000300.SH,4070.0994,4073.0152,-1.2328054364093,261094061.0,366022417907.4
2020-02-27,000300.SH,4084.0782,4084.8759,0.29120195770446,181290981.0,282050206371.0
2020-02-28,000300.SH,3988.7274,3940.0488,-3.5454467539638,230275093.0,330358907265.5
2020-03-02,000300.SH,3968.8435,4069.6662,3.2897409798579,219313559.0,317426205457.1
2020-03-03,000300.SH,4125.1356,4091.3615,0.53309777593061,219369777.0,330802584618.9
2020-03-04,000300.SH,4078.4998,4115.0524,0.57904685274082,182424730.0,281784863844.9
2020-03-05,000300.SH,4150.21,4206.7251,2.2277407694736,231823115.0,362838831775.5
2020-03-06,000300.SH,4158.2021,4138.5072,-1.6216391225564,172475717.0,253168631958.9
2020-03-09,000300.SH,4063.076,3997.1325,-3.4160795950772,208102035.0,305428730303.8
2020-03-10,000300.SH,3975.2288,4082.7315,2.1415101951211,197416402.0,296184435851.3
2020-03-11,000300.SH,4090.9348,4028.4289,-1.3300556257496,161656111.0,244990872685.9
2020-03-12,000300.SH,3976.1139,3950.9111,-1.9242687887578,157060458.0,233152848759.1
2020-03-13,000300.SH,3771.0139,3895.3128,-1.4072273101766,188296722.0,280213453213.7
2020-03-16,000300.SH,3899.8598,3727.8398,-4.2993466404033,185968260.0,282836238271.2
2020-03-17,000300.SH,3739.7833,3709.6822,-0.48708101673253,166246129.0,250824025696.9
2020-03-18,000300.SH,3729.6853,3636.2565,-1.979298927547,155037547.0,244127161535.3
2020-03-19,000300.SH,3623.789,3589.0926,-1.297045464202,180807407.0,271827467961.6
2020-03-20,000300.SH,3629.5126,3653.2239,1.7868388238297,139603000.0,211223073323.1
2020-03-23,000300.SH,3542.6837,3530.3058,-3.3646473187696,137108790.0,197669624970.1
2020-03-24,000300.SH,3598.6548,3625.1146,2.6855690518368,143103021.0,208553840688.5
2020-03-25,000300.SH,3711.4753,3722.5181,2.6869081600896,153495958.0,231561518761.2
2020-03-26,000300.SH,3692.6083,3698.0472,-0.65737490974187,112310665.0,169336311861.4
2020-03-27,000300.SH,3746.3914,3710.0605,0.32485523711001,124060995.0,186103426334.7
2020-03-30,000300.SH,3657.4624,3674.1108,-0.96897880775799,126876673.0,180640799409.3
2020-03-31,000300.SH,3708.1404,3686.1551,0.32781537236166,111453025.0,161595510008.2
2020-04-01,000300.SH,3682.2966,3675.0758,-0.30056521495799,119352620.0,170422568804.4
2020-04-02,000300.SH,3656.3225,3734.5306,1.6177843188976,115168209.0,168893255656.6
2020-04-03,000300.SH,3721.4815,3713.2183,-0.57068216283996,99825083.0,150132815028.5
2020-04-07,000300.SH,3779.9076,3798.0214,2.2838167096182,142778030.0,207642820316.9
2020-04-08,000300.SH,3776.4171,3780.3445,-0.46542391783258,111389513.0,161576772320.2
2020-04-09,000300.SH,3798.4879,3792.8105,0.3297583064189,100485032.0,154595318812.8
2020-04-10,000300.SH,3794.8429,3769.1782,-0.62308148535236,102444956.0,162251233800.7
2020-04-13,000300.SH,3751.7093,3753.2566,-0.42241568732409,79053343.0,119874303204.6
2020-04-14,000300.SH,3777.8343,3825.6991,1.9301238289969,110637585.0,170612579792.4
2020-04-15,000300.SH,3820.8506,3797.3623,-0.74069599462226,108461984.0,169700216633.0
2020-04-16,000300.SH,3777.7986,3802.3806,0.13215225737086,95947965.0,147164302056.9
2020-04-17,000300.SH,3831.9232,3839.4871,0.97587548179685,132004301.0,203595267033.5
2020-04-20,000300.SH,3845.4598,3853.4551,0.3637985917442,100013115.0,151924090116.6
2020-04-21,000300.SH,3838.2314,3808.0474,-1.1783632823437,102921888.0,155077454132.0
2020-04-22,000300.SH,3789.1297,3839.3834,0.82288891677137,85899464.0,135547280790.2
2020-04-23,000300.SH,3851.9132,3829.7525,-0.25084496640789,95508450.0,142122548831.8
2020-04-24,000300.SH,3826.3116,3796.9721,-0.85594042957084,94844135.0,138961200282.7
2020-04-27,000300.SH,3808.0171,3822.769,0.67940715181973,95462735.0,145301151875.0
2020-04-28,000300.SH,3835.348,3849.1465,0.69001030404924,122093476.0,184179759240.3
2020-04-29,000300.SH,3837.5135,3867.032,0.46466145157116,95854590.0,151282103744.2
2020-04-30,000300.SH,3880.4094,3912.5772,1.1777818233726,132917125.0,202268288802.3
2020-05-06,000300.SH,3867.2587,3936.2539,0.60514333110156,139855675.0,214935962364.4
2020-05-07,000300.SH,3937.5918,3924.8946,-0.28858148606725,105514646.0,167207801840.2
2020-05-08,000300.SH,3942.9972,3963.6217,0.98670420347084,116943341.0,190299584716.9
2020-05-11,000300.SH,3974.7605,3960.1803,-0.086824633137924,122673803.0,193758093899.8
2020-05-12,000300.SH,3961.3427,3960.2378,0.0014519540941076,98250554.0,157465780059.9
2020-05-13,000300.SH,3946.6428,3968.2529,0.20238936156814,88190669.0,145563383275.8
2020-05-14,000300.SH,3952.1986,3925.2177,-1.084487331944,88530004.0,143499177719.8
2020-05-15,000300.SH,3941.125,3912.8159,-0.31595190248939,92618382.0,153301505149.4
2020-05-18,000300.SH,3914.6602,3922.9117,0.25801878386356,112801762.0,188528121367.6
2020-05-19,000300.SH,3963.7754,3956.2495,0.84982284969605,94015291.0,159886222402.2
2020-05-20,000300.SH,3955.7145,3935.222,-0.53150085706171,100791150.0,157102533276.1
2020-05-21,000300.SH,3950.5981,3913.7949,-0.54449532961547,94861033.0,149154142257.8
2020-05-22,000300.SH,3907.5761,3824.064,-2.2926827361342,103378360.0,157286504986.3
2020-05-25,000300.SH,3828.3206,3829.3245,0.13756307425818,79033326.0,127011917716.3
2020-05-26,000300.SH,3850.0009,3872.7701,1.1345499708891,77448076.0,125445619316.8
2020-05-27,000300.SH,3873.6984,3845.6135,-0.70121900600297,83711831.0,123737501164.5
2020-05-28,000300.SH,3848.4892,3856.6324,0.28653165483219,93064054.0,139108407792.3
2020-05-29,000300.SH,3838.3769,3867.0232,0.26942676724907,93813832.0,135658136028.2
2020-06-01,000300.SH,3901.7263,3971.3402,2.6976047105174,136456652.0,208436512945.1
2020-06-02,000300.SH,3969.9521,3983.5677,0.30789354183255,144303060.0,195563304256.3
2020-06-03,000300.SH,4001.1708,3983.6477,0.0020082500417886,136597483.0,200882767676.9
2020-06-04,000300.SH,3998.1636,3982.1851,-0.036715094058138,104277737.0,149057855837.5
2020-06-05,000300.SH,3988.2239,4001.2509,0.47877734262026,102443942.0,154311342981.8
2020-06-08,000300.SH,4023.606,4021.9549,0.51743818414387,137925813.0,193047518687.6
2020-06-09,000300.SH,4027.5613,4047.0293,0.62343811960696,115304479.0,166533966010.0
2020-06-10,000300.SH,4046.2317,4039.7051,-0.18097719233216,112265728.0,166778642366.2
2020-06-11,000300.SH,4031.7396,3995.8846,-1.0847450226008,127308941.0,197079441861.1
2020-06-12,000300.SH,3931.6236,4003.0829,0.18014283996089,134166649.0,193504046742.3
2020-06-15,000300.SH,3982.9672,3954.9883,-1.2014390209106,131297860.0,211125336143.8
2020-06-16,000300.SH,3995.5786,4014.5702,1.5065000318711,111051539.0,185104029158.9
2020-06-17,000300.SH,4018.6094,4017.5941,0.075323131726522,105605799.0,176977503611.2
2020-06-18,000300.SH,4009.7831,4044.3842,0.66681947785617,138148761.0,210192918146.2
2020-06-19,000300.SH,4047.0483,4098.7095,1.3432279752255,152946990.0,255549797299.6
2020-06-22,000300.SH,4097.5071,4102.0459,0.081401231289998,155829465.0,259200520725.7
2020-06-23,000300.SH,4098.0373,4121.7944,0.48143049788886,129229510.0,234806510834.5
2020-06-24,000300.SH,4128.1003,4138.9895,0.41717510218365,121712465.0,224551430008.0
2020-06-29,000300.SH,4127.9348,4109.7164,-0.70725233779886,130865854.0,226522059762.9
2020-06-30,000300.SH,4130.0028,4163.9637,1.3199767263746,125933521.0,227935704488.9
2020-07-01,000300.SH,4172.6425,4247.7835,2.0129810449596,169990456.0,305711799761.9
2020-07-02,000300.SH,4239.408,4335.8445,2.0731047144941,252939368.0,399571526695.3
2020-07-03,000300.SH,4353.1937,4419.5955,1.9315960247191,290485539.0,442335024266.1
2020-07-06,000300.SH,4465.8081,4670.0949,5.6679259448065,405821025.0,597438217715.6
2020-07-07,000300.SH,4739.6104,4698.1264,0.60023405520089,406008553.0,635254742706.0
2020-07-08,000300.SH,4692.8621,4774.0042,1.6150651033995,348074847.0,532849825964.5
2020-07-09,000300.SH,4770.0769,4840.7712,1.3985534407364,351046893.0,556718732098.9
2020-07-10,000300.SH,4796.0873,4753.1333,-1.8104119442786,316949651.0,510472055095.9
2020-07-13,000300.SH,4742.3738,4852.9612,2.1002545836448,321645446.0,541105098721.0
2020-07-14,000300.SH,4836.1655,4806.6902,-0.95345909627301,297241985.0,511211048184.9
2020-07-15,000300.SH,4821.5155,4744.4687,-1.2944770187186,272389006.0,486748347680.4
2020-07-16,000300.SH,4741.5295,4516.2532,-4.8101381720571,284657133.0,511237962884.2
2020-07-17,000300.SH,4524.7717,4544.7007,0.62989161015153,207375563.0,372973887045.7
2020-07-20,000300.SH,4597.2038,4680.3046,2.9837806480854,246068914.0,416714222275.7
2020-07-21,000300.SH,4697.5026,4691.0425,0.22942737530372,200415659.0,356069805762.6
2020-07-22,000300.SH,4682.6575,4714.4454,0.4988848427615,224199211.0,386470859914.3
2020-07-23,000300.SH,4668.7401,4712.4357,-0.042628556054538,234314569.0,405175268660.9
2020-07-24,000300.SH,4679.0273,4505.5906,-4.3893458323474,243905203.0,437726712279.7
2020-07-27,000300.SH,4535.0053,4528.45,0.50735634968697,171420551.0,301893370163.2
2020-07-28,000300.SH,4567.6691,4568.2576,0.87905574755159,162768498.0,292835785345.2
2020-07-29,000300.SH,4559.1634,4679.008,2.4243466480524,186695305.0,350432649160.5
2020-07-30,000300.SH,4689.7632,4656.1506,-0.48850953022521,166967566.0,324009242692.4
2020-07-31,000300.SH,4652.1824,4695.0462,0.83535957793117,184839026.0,351119312415.0
2020-08-03,000300.SH,4735.8985,4771.3108,1.6243631425821,214776239.0,401914824928.3
2020-08-04,000300.SH,4778.4866,4775.8024,0.094137652906605,239974985.0,426411345935.8
2020-08-05,000300.SH,4761.7637,4777.1089,0.027356659479894,196700548.0,347407839399.1
2020-08-06,000300.SH,4779.2377,4762.7642,-0.3002799454708,227854406.0,404323404006.9
2020-08-07,000300.SH,4742.2939,4707.9262,-1.1513901947949,213518216.0,397041212825.1
2020-08-10,000300.SH,4681.7553,4724.8697,0.35989306714282,203788832.0,371297560017.6
2020-08-11,000300.SH,4730.3748,4681.7837,-0.91189816303295,205546511.0,350828586241.1
2020-08-12,000300.SH,4668.8899,4647.6446,-0.72919003071416,202887239.0,347298673201.7
2020-08-13,000300.SH,4666.4901,4635.7126,-0.25673219505639,152550092.0,250945872578.9
2020-08-14,000300.SH,4627.61,4704.6288,1.4866365960651,147292921.0,254343934256.2
2020-08-17,000300.SH,4727.1204,4815.2261,2.3508188361216,268001556.0,416469154934.0
2020-08-18,000300.SH,4816.5703,4812.7564,-0.051289388051781,189139854.0,314395904535.5
2020-08-19,000300.SH,4804.6655,4740.6784,-1.4976448839173,192442948.0,319403284708.3
2020-08-20,000300.SH,4708.1253,4679.1544,-1.2977889409246,158368639.0,260486563515.1
2020-08-21,000300.SH,4717.7874,4718.8431,0.8482024016989,142657864.0,251775160233.8
2020-08-24,000300.SH,4746.4035,4755.8491,0.78421764012455,151143512.0,272428686418.6
2020-08-25,000300.SH,4769.2107,4761.9507,0.12829675357025,141701351.0,262308788274.5
2020-08-26,000300.SH,4761.7186,4706.1302,-1.1722191916015,151305180.0,277456360643.0
2020-08-27,000300.SH,4718.062,4731.3451,0.53578840636411,119042850.0,223631511405.6
2020-08-28,000300.SH,4727.292,4844.2652,2.3866384212811,159399765.0,305047882508.6
2020-08-31,000300.SH,4870.9337,4816.2153,-0.5790331214732,202567029.0,357005064604.8
2020-09-01,000300.SH,4803.3922,4842.1223,0.53791199907529,138395402.0,262018070577.3
2020-09-02,000300.SH,4859.0754,4843.887,0.036444763074235,157989524.0,280778613751.4
2020-09-03,000300.SH,4841.502,4817.0952,-0.55310538829663,145671201.0,279411988792.3
2020-09-04,000300.SH,4737.2368,4770.219,-0.97312172696939,120032796.0,238463337878.7
2020-09-07,000300.SH,4759.5213,4669.3677,-2.1141859524689,148607791.0,282316394067.8
2020-09-08,000300.SH,4683.8256,4694.3894,0.53586912849036,139199227.0,249198138075.5
2020-09-09,000300.SH,4634.247,4584.5887,-2.3389772480314,162277107.0,244905191934.1
2020-09-10,000300.SH,4632.0994,4581.9775,-0.056956036208881,150652878.0,226146354804.6
2020-09-11,000300.SH,4572.2572,4627.2826,0.98876740446673,115302424.0,198240927301.5
2020-09-14,000300.SH,4652.0539,4651.0507,0.51365135987156,107235179.0,211653411810.9
2020-09-15,000300.SH,4649.4472,4688.4826,0.80480524540402,101915925.0,194573684119.3
2020-09-16,000300.SH,4683.006,4657.3584,-0.66384377751557,108753641.0,196120184850.9
2020-09-17,000300.SH,4642.0542,4632.7142,-0.52914544863027,105983631.0,214146647269.6
2020-09-18,000300.SH,4636.6422,4737.0887,2.2529881079217,160426475.0,281885944229.3
2020-09-21,000300.SH,4750.7481,4691.4281,-0.96389582065458,124535827.0,224137912695.2
2020-09-22,000300.SH,4654.2179,4635.7608,-1.1865747233769,119672947.0,202909215534.6
2020-09-23,000300.SH,4639.6592,4652.3273,0.35736313228241,95826528.0,190393472276.3
2020-09-24,000300.SH,4623.9535,4563.0657,-1.9186440300535,112593683.0,193515873700.2
2020-09-25,000300.SH,4582.482,4570.0216,0.15243918140385,93015155.0,167457376964.1
2020-09-28,000300.SH,4582.6471,4581.9085,0.26010599162156,85048389.0,159314675407.1
2020-09-29,000300.SH,4608.2926,4591.7993,0.21586637969746,85993858.0,159937888502.2
2020-09-30,000300.SH,4607.5753,4587.3953,-0.095910115235209,89081200.0,165532220885.2
2020-10-09,000300.SH,4663.61,4681.1412,2.0435539967528,111337512.0,229926731489.9
2020-10-12,000300.SH,4705.1883,4823.1578,3.0338029538609,155784558.0,307848558046.0
2020-10-13,000300.SH,4812.8989,4839.201,0.33262855301977,116516338.0,242172567248.5
2020-10-14,000300.SH,4830.4575,4807.1021,-0.66330991417798,111906923.0,229836207247.8
2020-10-15,000300.SH,4810.7821,4798.7361,-0.174034164991,109964962.0,213878285046.5
2020-10-16,000300.SH,4798.9162,4791.676,-0.14712415629606,116716102.0,204175130717.5
2020-10-19,000300.SH,4823.4944,4755.4879,-0.75522844198982,129246361.0,225392198224.7
2020-10-20,000300.SH,4751.3694,4793.4672,0.79864150216847,98048156.0,185849198017.6
2020-10-21,000300.SH,4801.6313,4792.8284,-0.013326470659896,103805703.0,189978697043.6
2020-10-22,000300.SH,4780.5954,4777.9845,-0.30971065018728,101350891.0,194614971169.8
2020-10-23,000300.SH,4775.466500000001,4718.4881,-1.245219610905,106825184.0,200985821991.5
2020-10-26,000300.SH,4684.0465,4691.2359,-0.57756212207041,108343275.0,205518988284.4
2020-10-27,000300.SH,4680.1371,4699.2792,0.17145375273071,92656304.0,186675545690.4
2020-10-28,000300.SH,4703.0036,4737.2718,0.80847718092597,108463402.0,226754264067.1
2020-10-29,000300.SH,4683.607,4772.9198,0.75250062704866,117117250.0,252303504992.9
2020-10-30,000300.SH,4776.4726,4695.3338,-1.6255458555997,139802303.0,280783321713.1
2020-11-02,000300.SH,4702.7457,4720.8313,0.54303913387371,142867693.0,279027685157.1
2020-11-03,000300.SH,4743.1742,4777.5608,1.2016845422966,136055408.0,252390556313.5
2020-11-04,000300.SH,4781.448,4813.6564,0.75552361363982,114661806.0,230513773046.3
2020-11-05,000300.SH,4861.3377,4885.1118,1.4844308372322,139244594.0,281951932371.0
2020-11-06,000300.SH,4897.6295,4885.7178,0.012405038509061,153639034.0,305365103652.9
2020-11-09,000300.SH,4918.8609,4981.3497,1.9573766622378,197131984.0,371923282063.4
2020-11-10,000300.SH,4995.4126,4953.8756,-0.55153927458655,176267214.0,334271459963.7
2020-11-11,000300.SH,4937.7582,4904.8981,-0.98867036548112,164470515.0,303858557977.1
2020-11-12,000300.SH,4916.7736,4908.463,0.072680408997679,118114619.0,227645907147.2
2020-11-13,000300.SH,4886.9778,4856.8513,-1.0514839370287,133693079.0,255353111737.8
2020-11-16,000300.SH,4880.958,4904.1716,0.97429995437578,148770980.0,266705031671.5
2020-11-17,000300.SH,4903.12,4894.786,-0.19137992642834,151487464.0,288911408551.0
2020-11-18,000300.SH,4889.6749,4891.6716,-0.063626887876209,164216616.0,290727223227.2
2020-11-19,000300.SH,4880.9224,4927.9891,0.74243536708393,133681378.0,247727135000.5
2020-11-20,000300.SH,4928.2223,4943.2882,0.31045320290989,129400341.0,229053679195.4
2020-11-23,000300.SH,4954.5987,5005.0273,1.2489480180419,205915187.0,333633826416.7
2020-11-24,000300.SH,4997.0485,4974.2855,-0.61421842793944,156637911.0,264804443317.7
2020-11-25,000300.SH,4992.7466,4910.7,-1.2782840872322,170340527.0,277070642970.7
2020-11-26,000300.SH,4908.3208,4919.5912,0.18105769034965,137202338.0,239748145475.7
2020-11-27,000300.SH,4930.5928,4980.765,1.2434732381829,162952922.0,253178971224.0
2020-11-30,000300.SH,4994.1063,4960.2519,-0.41184637299692,262638950.0,396495834420.8
2020-12-01,000300.SH,4963.1302,5067.0983,2.1540518940177,204065638.0,328451014444.2
2020-12-02,000300.SH,5072.9755,5067.1447,0.0009157114635051,195435476.0,310609728842.5
2020-12-03,000300.SH,5065.4531,5057.0603,-0.19901543368201,177865748.0,275335207429.1
2020-12-04,000300.SH,5049.5231,5065.9163,0.17512150290159,144347167.0,257798820735.3
2020-12-07,000300.SH,5065.7285,5022.2351,-0.86225664644321,139896217.0,264657773932.9
2020-12-08,000300.SH,5029.1063,5009.8786,-0.2460358735496,123073029.0,234880648439.1
2020-12-09,000300.SH,5022.3846,4942.6986,-1.340950656968,138916965.0,260772774152.9
2020-12-10,000300.SH,4931.2933,4940.5249,-0.043978000196075,125914270.0,229651278357.4
2020-12-11,000300.SH,4957.8236,4889.6292,-1.0301678673859,159357697.0,275212730069.9
2020-12-14,000300.SH,4903.627,4934.8352,0.92452818303687,120801552.0,247878279710.9
2020-12-15,000300.SH,4931.6019,4945.1,0.20800694620967,118342633.0,248093390249.2
2020-12-16,000300.SH,4957.2971,4953.867,0.17728660694424,106778968.0,229696035696.9
2020-12-17,000300.SH,4960.729,5017.4784,1.2840756524146,133385479.0,270180356109.3
2020-12-18,000300.SH,5014.3211,4999.9678,-0.34899203552126,128049618.0,258938551535.8
2020-12-21,000300.SH,4995.7622,5046.8396,0.93744203712672,140811782.0,298204296843.3
2020-12-22,000300.SH,5034.9831,4964.7727,-1.6261047805046,162344970.0,326758817663.3
2020-12-23,000300.SH,4977.2994,5007.1235,0.85302596028211,140292819.0,308729037473.7
2020-12-24,000300.SH,5006.0051,5000.0154,-0.14195974994424,114418667.0,246674476188.8
2020-12-25,000300.SH,4985.7695,5042.0137,0.83996341291269,121006979.0,243992268243.3
2020-12-28,000300.SH,5042.9432,5064.4147,0.4442867737547,136914407.0,281019254170.5
2020-12-29,000300.SH,5071.449,5042.9361,-0.42410823900342,141198662.0,279035233253.8
2020-12-30,000300.SH,5037.9848,5113.7105,1.403436383023,148626448.0,296577812603.0
2020-12-31,000300.SH,5122.4799,5211.2885,1.9081643358575,171602509.0,358731371834.7
2021-01-04,000300.SH,5212.9313,5267.7181,1.0828339286915,211711382.0,452796175554.0
2021-01-05,000300.SH,5245.8355,5368.5049,1.9132914496696,224931159.0,498041939761.3
2021-01-06,000300.SH,5386.5144,5417.6677,0.91576334409232,193773444.0,444434377137.3
2021-01-07,000300.SH,5428.3944,5513.6568,1.7717790258712,219872080.0,473385353695.8
2021-01-08,000300.SH,5526.2876,5495.4306,-0.33056464450236,204324956.0,473567653978.6
2021-01-11,000300.SH,5504.2358,5441.1583,-0.98758958033242,231835983.0,522298482544.3
2021-01-12,000300.SH,5419.4996,5596.3525,2.852227254627,224220186.0,486233760739.8
2021-01-13,000300.SH,5609.2637,5577.9711,-0.32845322020013,261569886.0,546959736365.5
2021-01-14,000300.SH,5556.2125,5470.4563,-1.9274893697459,243683380.0,501890111879.0
2021-01-15,000300.SH,5471.391,5458.0812,-0.22621696109701,238637435.0,475709920372.3
2021-01-18,000300.SH,5438.1618,5518.5205,1.1073360359681,207051869.0,422717209153.0
2021-01-19,000300.SH,5525.969,5437.5234,-1.4677321575593,211043425.0,433205176449.9
2021-01-20,000300.SH,5439.9111,5476.4336,0.71558680556667,170913260.0,373770384496.4
2021-01-21,000300.SH,5492.9587,5564.9693,1.6166670951694,209950197.0,453183684478.9
2021-01-22,000300.SH,5562.379,5569.776,0.086374241094198,199300020.0,456622193435.6
2021-01-25,000300.SH,5564.1237,5625.9232,1.0080692652631,197047019.0,508166980802.0
2021-01-26,000300.SH,5600.9017,5512.9678,-2.0077664764425,171904590.0,415008069865.0
2021-01-27,000300.SH,5505.7708,5528.0034,0.27273150407298,160190841.0,376892605839.1
2021-01-28,000300.SH,5450.3695,5377.1427,-2.7290269032758,170485585.0,376166523177.5
2021-01-29,000300.SH,5413.9684,5351.9646,-0.46824310613888,182178784.0,390287690019.0
2021-02-01,000300.SH,5356.8535,5417.6484,1.2272839024384,166313706.0,346859083730.0
2021-02-02,000300.SH,5429.7032,5501.091500000001,1.5402088478093,165210565.0,380016716111.9
2021-02-03,000300.SH,5499.2961,5485.2008,-0.28886449171043,188054317.0,404343602637.7
2021-02-04,000300.SH,5453.9764,5473.9475,-0.20515748484539,180575654.0,397995205379.9
2021-02-05,000300.SH,5494.7011,5483.414,0.17293735462387,189699598.0,395400134490.2
2021-02-08,000300.SH,5506.1423,5564.5618,1.4798773173063,164033775.0,367582771658.8
2021-02-09,000300.SH,5584.165,5686.2502,2.1868460513818,164887260.0,378769121171.9
2021-02-10,000300.SH,5709.684,5807.7191,2.1361863394615,170169786.0,417056463360.9
2021-02-18,000300.SH,5922.0714,5768.3814,-0.6773347560835,218848686.0,507481235978.0
2021-02-19,000300.SH,5734.0193,5778.842,0.18134376482109,214475780.0,456433793702.0
2021-02-22,000300.SH,5785.5097,5597.3327,-3.1409285805011,282124382.0,543633153217.0
2021-02-23,000300.SH,5542.6841,5579.6681,-0.31558960216891,233807727.0,424904470814.0
2021-02-24,000300.SH,5591.4795,5437.5683,-2.5467428788461,225428610.0,472369211004.0
2021-02-25,000300.SH,5494.4706,5469.5584,0.58831628836736,230736028.0,412206157141.0
2021-02-26,000300.SH,5343.9041,5336.7609,-2.4279382408642,212264543.0,405717700128.0
2021-03-01,000300.SH,5389.2499,5418.7837,1.5369397568476,177463523.0,358146545967.0
2021-03-02,000300.SH,5453.2847,5349.6301,-1.2761830666908,196511115.0,376444604695.0
2021-03-03,000300.SH,5327.3467,5452.2125,1.9175606178827,194709054.0,337610313596.0
2021-03-04,000300.SH,5388.4785,5280.7058,-3.1456349142665,212775211.0,384382456961.0
2021-03-05,000300.SH,5191.9699,5262.7958,-0.33915920860427,202627956.0,352539774295.0
2021-03-08,000300.SH,5299.7907,5080.0246,-3.4728917280051,230231635.0,407133802142.0
2021-03-09,000300.SH,5066.1546,4970.9994,-2.1461549615331,230711004.0,414415213806.0
2021-03-10,000300.SH,5047.0589,5003.6121,0.65605922221597,169928490.0,309577408715.0
2021-03-11,000300.SH,5024.5586,5128.2156,2.4902709784398,189600766.0,333859199679.0
2021-03-12,000300.SH,5153.674,5146.3786,0.35417777676897,201020589.0,323237751413.0
2021-03-15,000300.SH,5116.1228,5035.5441,-2.1536406202218,204153084.0,330740513808.0
2021-03-16,000300.SH,5054.4089,5079.3624,0.87018004668055,161390054.0,271755048564.0
2021-03-17,000300.SH,5062.7706,5100.8581,0.42319681698633,149162376.0,263492417709.0
2021-03-18,000300.SH,5114.5872,5141.7681,0.80202191862581,142901518.0,260930046845.0
2021-03-19,000300.SH,5068.5319,5007.0907,-2.619281876987,164174849.0,282974489237.0
2021-03-22,000300.SH,5008.3953,5057.152,0.99980813209556,167402632.0,264209098943.0
2021-03-23,000300.SH,5057.0632,5009.2459,-0.94729405008986,158013967.0,255755377660.0
2021-03-24,000300.SH,4985.4013,4928.6853,-1.6082380783103,159385982.0,265970020152.0
2021-03-25,000300.SH,4904.0683,4926.3469,-0.047444700922588,132945189.0,219782049462.0
2021-03-26,000300.SH,4953.9453,5037.9899,2.2662431669195,145926697.0,273901922431.0
2021-03-29,000300.SH,5052.2634,5046.8773,0.1764076581416,143388215.0,266176599971.0
2021-03-30,000300.SH,5043.0952,5094.7291,0.94814668864645,138618560.0,254928014461.0
2021-03-31,000300.SH,5085.9497,5048.3607,-0.91012493677042,141335743.0,241058485554.0
2021-04-01,000300.SH,5059.9359,5110.7768,1.2363637170379,120324890.0,211493324391.0
2021-04-02,000300.SH,5129.8545,5161.5569,0.99358868499207,127002254.0,248060376224.0
2021-04-06,000300.SH,5178.6401,5140.3418,-0.411021333505,109834210.0,213852444065.0
2021-04-07,000300.SH,5141.6556,5103.7428,-0.71199545524385,145763748.0,246271190297.0
2021-04-08,000300.SH,5078.2627,5112.2086,0.16587434617591,141771047.0,228422004675.0
2021-04-09,000300.SH,5100.0422,5035.3374,-1.5036788600528,128416509.0,221519791678.0
2021-04-12,000300.SH,5026.9791,4947.7459,-1.7395358650644,152644314.0,267218195773.0
2021-04-13,000300.SH,4949.8074,4939.6438,-0.16375335685691,132919358.0,225753230649.0
2021-04-14,000300.SH,4945.6857,4980.6279,0.82969747737682,120860838.0,221036276090.0
2021-04-15,000300.SH,4969.9099,4948.9741,-0.63553834246481,108829384.0,213820884104.0
2021-04-16,000300.SH,4966.8999,4966.1811,0.34768822087793,111239924.0,213389173714.0
2021-04-19,000300.SH,4966.409,5087.0165,2.4331653954384,154769824.0,307899776738.0
2021-04-20,000300.SH,5065.7757,5083.3654,-0.071772914438159,136541700.0,276640588159.0
2021-04-21,000300.SH,5055.2398,5098.7449,0.30254563246624,124637277.0,242574995256.0
2021-04-22,000300.SH,5114.279900000001,5089.2435,-0.18634782061758,121167645.0,241488845756.0
2021-04-23,000300.SH,5088.8263,5135.4534,0.90799153155082,122056991.0,264345183119.0
2021-04-26,000300.SH,5156.5941,5077.2372,-1.1336136357503,151381967.0,325760384278.0
2021-04-27,000300.SH,5076.6415,5090.5195,0.26160487439903,123961837.0,254738009834.0
2021-04-28,000300.SH,5073.9728,5119.2421,0.56423710782367,120620318.0,272182521893.0
2021-04-29,000300.SH,5128.2795,5164.1692,0.87761233249742,140092480.0,294112454366.0
2021-04-30,000300.SH,5156.3557,5123.489,-0.78773948769922,160121621.0,315075102885.0
2021-05-06,000300.SH,5098.8006,5061.1244,-1.2172291186728,158822630.0,323258264642.0
2021-05-07,000300.SH,5073.4554,4996.0527,-1.2857162728503,172258321.0,304638402155.0
2021-05-10,000300.SH,5001.4371,4992.422,-0.072671371140673,170820585.0,282656808853.0
2021-05-11,000300.SH,4956.0794,5023.0595,0.6136800935498,151526497.0,270931616513.0
2021-05-12,000300.SH,5003.8171,5044.5481,0.42779903363676,126619086.0,228344006493.0
2021-05-13,000300.SH,4992.3519,4992.9738,-1.02237700935,132279406.0,237821404345.0
2021-05-14,000300.SH,5007.6286,5110.5901,2.3556362342618,159426180.0,318802786823.0
2021-05-17,000300.SH,5115.3063,5184.9853,1.4557066511752,153889634.0,335439913424.0
2021-05-18,000300.SH,5190.9345,5187.6013,0.050453373512939,118404261.0,238182265922.0
2021-05-19,000300.SH,5173.1666,5172.272,-0.29549880789798,118729983.0,250736278156.0
2021-05-20,000300.SH,5167.0546,5186.412,0.27338082761309,138454775.0,277088462047.0
2021-05-21,000300.SH,5199.1285,5134.1483,-1.007704362862,124768485.0,268053627531.0
2021-05-24,000300.SH,5138.8149,5155.5875,0.41758045828166,126742336.0,278513133226.0
2021-05-25,000300.SH,5165.0361,5318.478,3.1594944320119,182996839.0,404683305641.0
2021-05-26,000300.SH,5326.1169,5320.5927,0.039761375340842,169607096.0,346444644793.0
2021-05-27,000300.SH,5311.3726,5338.2329,0.33154576932754,148462855.0,311893705935.0
2021-05-28,000300.SH,5338.7278,5321.0886,-0.321160584807,164605806.0,330711896344.0
2021-05-31,000300.SH,5318.0825,5331.5696,0.19697097319522,144603269.0,321450798234.0
2021-06-01,000300.SH,5320.4745,5341.6798,0.18962896029717,143831474.0,321845842153.0
2021-06-02,000300.SH,5348.344,5289.9736,-0.96797640322806,137754319.0,296176177154.0
2021-06-03,000300.SH,5285.7098,5255.2855,-0.65573295110585,141968878.0,285448632489.0
2021-06-04,000300.SH,5228.2761,5282.2772,0.51361053552658,144732087.0,292326048776.0
2021-06-07,000300.SH,5284.8907,5277.6271,-0.088032108576217,127704971.0,280463260583.0
2021-06-08,000300.SH,5276.9711,5232.1165,-0.86233072435147,130559532.0,304042218266.0
2021-06-09,000300.SH,5224.9496,5236.4493,0.082811611706279,121820321.0,255075448703.0
2021-06-10,000300.SH,5236.4691,5271.4661,0.66871267138974,138991967.0,301454334610.0
2021-06-11,000300.SH,5275.7456,5224.703,-0.88709856258014,180807173.0,365363494542.0
2021-06-15,000300.SH,5218.5648,5166.5597,-1.1128536875685,142880058.0,330616618622.0
2021-06-16,000300.SH,5163.2493,5080.4909,-1.6658822310715,125147985.0,298286772933.0
2021-06-17,000300.SH,5074.3839,5101.8924,0.42124866319512,120452518.0,281927280723.0
2021-06-18,000300.SH,5104.9297,5102.4657,0.011237006880036,148585805.0,356697096116.0
2021-06-21,000300.SH,5088.0893,5090.3854,-0.23675416377615,132184516.0,331527114639.0
2021-06-22,000300.SH,5106.0743,5122.1583,0.6241747432326,130416753.0,313690367125.0
2021-06-23,000300.SH,5127.191,5147.3938,0.49267317646157,136356058.0,358765666330.0
2021-06-24,000300.SH,5156.5638,5155.9738,0.16668629472258,126685625.0,312607422609.0
2021-06-25,000300.SH,5159.8017,5239.9684,1.6290734448651,154931061.0,368265641241.0
2021-06-28,000300.SH,5253.6081,5251.7604,0.22503952504752,133193783.0,337452771676.0
2021-06-29,000300.SH,5248.5249,5190.5445,-1.1656262917097,125162997.0,314896843024.0
2021-06-30,000300.SH,5189.3797,5224.041,0.64533691985494,103752671.0,281015504941.0
2021-07-01,000300.SH,5241.2039,5229.6642,0.10764080909778,127240620.0,324097400268.0
2021-07-02,000300.SH,5186.6613,5081.1172,-2.8404691834707,130426424.0,342578961248.0
2021-07-05,000300.SH,5073.7787,5085.7924,0.092011260830602,131211589.0,335197786630.0
2021-07-06,000300.SH,5089.778,5083.1043,-0.052855087046029,140655220.0,362828901849.0
2021-07-07,000300.SH,5052.4204,5140.4899,1.1289479147615,148549060.0,336731403376.0
2021-07-08,000300.SH,5149.3095,5088.2566,-1.0161152150109,173901008.0,397879869880.0
2021-07-09,000300.SH,5063.148,5069.4361,-0.36988111016256,160653226.0,352845583769.0
2021-07-12,000300.SH,5108.3783,5132.7088,1.2481210681401,206212039.0,437203145943.0
2021-07-13,000300.SH,5128.6138,5142.0991,0.18295018022452,166482209.0,361328491653.0
2021-07-14,000300.SH,5130.7522,5083.0849,-1.1476674963343,188352720.0,372568110292.0
2021-07-15,000300.SH,5073.2634,5151.4626,1.3452008247983,181077103.0,372484081123.0
2021-07-16,000300.SH,5140.904000000001,5094.7727,-1.1004622260094,169955982.0,362594258079.0
2021-07-19,000300.SH,5083.7276,5113.4945,0.36747076076621,153199589.0,340322623792.0
2021-07-20,000300.SH,5080.2158,5108.9941,-0.088010263822517,129300044.0,283543130755.0
2021-07-21,000300.SH,5122.7843,5144.0428,0.68601958260238,167976469.0,390275519305.0
2021-07-22,000300.SH,5150.3859,5151.7517,0.14986072821944,185556864.0,418221654806.0
2021-07-23,000300.SH,5145.4308,5089.2282,-1.2136357425767,216536847.0,435521169695.0
2021-07-26,000300.SH,5067.3072,4925.299,-3.2211013842924,228111710.0,495153655117.0
2021-07-27,000300.SH,4924.2816,4751.313,-3.5324961997231,236631225.0,521146117041.0
2021-07-28,000300.SH,4714.2948,4760.4826,0.1929908637886,192634393.0,419706155163.0
2021-07-29,000300.SH,4845.7603,4850.2746,1.886195319777,173322054.0,415676120878.0
2021-07-30,000300.SH,4825.7002,4811.1695,-0.80624507321709,182349776.0,420943935062.0
2021-08-02,000300.SH,4794.8192,4933.736,2.5475406759209,227194918.0,524659449296.0
2021-08-03,000300.SH,4909.2325,4934.4583,0.014640021273947,203533360.0,471194128402.0
2021-08-04,000300.SH,4927.7358,4978.8479,0.8995840536336,175466461.0,425801406612.0
2021-08-05,000300.SH,4946.1668,4948.6703,-0.60611612578083,167381829.0,398772206808.0
2021-08-06,000300.SH,4943.0427,4921.5647,-0.54773501479781,154179688.0,371773603785.0
2021-08-09,000300.SH,4890.2573,4985.5627,1.300358806621,182436871.0,408897062935.0
2021-08-10,000300.SH,4977.8164,5043.148,1.1550411350759,167051902.0,410098755610.0
2021-08-11,000300.SH,5037.0819,5015.3406,-0.55138972721006,182266074.0,373386347207.0
2021-08-12,000300.SH,4998.0733,4973.3509,-0.83722529233608,168223733.0,361828381964.0
2021-08-13,000300.SH,4958.7577,4945.9829,-0.55029296243706,158314321.0,352459069036.0
2021-08-16,000300.SH,4935.9229,4941.0676,-0.099379639990257,161953373.0,340735120175.0
2021-08-17,000300.SH,4935.0044,4837.4034,-2.0980121785826,187573472.0,388457131504.0
2021-08-18,000300.SH,4838.4706,4894.2384,1.1749071826427,197474378.0,395792165760.0
2021-08-19,000300.SH,4886.564,4862.1394,-0.65585280847782,201711719.0,397424964846.0
2021-08-20,000300.SH,4817.4937,4769.2678,-1.9100974357091,177635810.0,404938035667.0
2021-08-23,000300.SH,4777.7347,4835.8782,1.3966588330393,167579093.0,389599126282.0
2021-08-24,000300.SH,4844.5925,4888.3902,1.0858834285777,197883163.0,417481426158.0
2021-08-25,000300.SH,4890.5211,4898.1572,0.19979992595517,189448016.0,371868197459.0
2021-08-26,000300.SH,4892.2044,4801.6094,-1.9711045615277,197617387.0,368987718506.0
2021-08-27,000300.SH,4794.974,4827.0433,0.52969531424193,183310211.0,368421410281.0
2021-08-30,000300.SH,4847.0348,4813.2703,-0.28532994514468,219635757.0,477182071720.0
2021-08-31,000300.SH,4803.0854,4805.6099,-0.15915166866901,235118658.0,460805653996.0
2021-09-01,000300.SH,4804.6863,4869.4587,1.3286305240881,326721080.0,568819748406.0
2021-09-02,000300.SH,4865.8218,4869.4113,-0.000973414149716,267858013.0,465954132797.0
2021-09-03,000300.SH,4875.0656,4843.0624,-0.54111058558557,268091896.0,466430119700.0
2021-09-06,000300.SH,4841.0623,4933.7262,1.8720345209676,240507245.0,452756275292.0
2021-09-07,000300.SH,4932.9759,4992.8294,1.1979424395298,244178519.0,417759639121.0
2021-09-08,000300.SH,4986.7953,4972.1324,-0.41453449220595,264615315.0,428591077708.0
2021-09-09,000300.SH,4952.4924,4970.0133,-0.042619540863409,256530217.0,401675689276.0
2021-09-10,000300.SH,4967.9759,5013.5219,0.87542220460457,288304352.0,472762533239.0
2021-09-13,000300.SH,5006.7748,4991.6598,-0.43606272069938,249915298.0,433329627421.0
2021-09-14,000300.SH,4989.8348,4917.1617,-1.4924514687479,245590402.0,417245830782.0
2021-09-15,000300.SH,4903.8471,4867.3187,-1.0136538727209,187984730.0,363256653878.0
2021-09-16,000300.SH,4866.7936,4807.6978,-1.2249228718062,216752099.0,393517267166.0
2021-09-17,000300.SH,4797.1129,4855.9402,1.0034407736693,201958127.0,360397420087.0
2021-09-22,000300.SH,4770.7323,4821.7675,-0.70372983588225,191220376.0,311952989432.0
2021-09-23,000300.SH,4848.2223,4853.1957,0.65179832913968,228151064.0,362140919563.0
2021-09-24,000300.SH,4845.638,4849.4277,-0.077639564380229,207693290.0,361849453197.0
2021-09-27,000300.SH,4870.8482,4877.3698,0.57619376406004,215967030.0,426083025418.0
2021-09-28,000300.SH,4869.0845,4883.828,0.13241153049334,176890880.0,321272191534.0
2021-09-29,000300.SH,4846.0212,4833.9281,-1.0217374567655,188171366.0,331841767749.0
2021-09-30,000300.SH,4843.9531,4866.3826,0.67138979580602,146113896.0,283254685232.0
2021-10-08,000300.SH,4915.7305,4929.9409,1.3060687008046,168968077.0,343635835306.0
2021-10-11,000300.SH,4941.2918,4936.1918,0.12679462344062,163511624.0,315186321382.0
2021-10-12,000300.SH,4920.6596,4883.8369,-1.0606334219023,168079337.0,299424238601.0
2021-10-13,000300.SH,4880.144,4940.1089,1.1522088299058,131142813.0,280044666628.0
2021-10-14,000300.SH,4934.2575,4913.6123,-0.53635659732117,119557013.0,249151666554.0
2021-10-15,000300.SH,4896.5578,4932.1084,0.37642571026616,142822001.0,300728491201.0
2021-10-18,000300.SH,4922.5137,4874.7753,-1.1624460646485,141245199.0,302539444437.0
2021-10-19,000300.SH,4869.3907,4922.7232,0.9835920026919,135266493.0,282928243807.0
2021-10-20,000300.SH,4926.7727,4910.1846,-0.25470861331388,141533183.0,279747732455.0
2021-10-21,000300.SH,4914.7378,4928.0156,0.36314316981077,148898154.0,274802962495.0
2021-10-22,000300.SH,4934.8698,4959.7254,0.643459813723,143926228.0,289252612200.0
2021-10-25,000300.SH,4940.8962,4979.5235,0.39917734155201,141861490.0,299408232158.0
2021-10-26,000300.SH,4983.2383,4963.0984,-0.32985284636171,140888943.0,301786229740.0
2021-10-27,000300.SH,4949.2269,4898.1644,-1.3083359378891,147111593.0,299460469415.0
2021-10-28,000300.SH,4882.5858,4864.138,-0.69467656087655,156649472.0,316631709566.0
2021-10-29,000300.SH,4861.2667,4908.7701,0.9175747069676,159887353.0,368731987310.0
2021-11-01,000300.SH,4878.1276,4890.6851,-0.36842222454052,171583974.0,379730767559.0
2021-11-02,000300.SH,4886.1849,4839.8457,-1.0395148933224,185437688.0,385731879818.0
2021-11-03,000300.SH,4835.8093,4821.1119,-0.38707432346449,142763820.0,302269934656.0
2021-11-04,000300.SH,4841.0912,4868.7419,0.98794636979905,132592970.0,308688054574.0
2021-11-05,000300.SH,4858.8999,4842.3458,-0.54215443213369,147789359.0,312070841453.0
2021-11-08,000300.SH,4841.1527,4848.1795,0.12047260234905,137398264.0,295893824000.0
2021-11-09,000300.SH,4858.2525,4846.7444,-0.029600801703002,118375526.0,261645065376.0
2021-11-10,000300.SH,4832.8006,4821.1925,-0.52719718415519,135118179.0,301058966271.0
2021-11-11,000300.SH,4814.7655,4898.6529,1.6066647411403,160484863.0,323624626069.0
2021-11-12,000300.SH,4902.9289,4888.3749,-0.20981278342869,132662969.0,271773244503.0
2021-11-15,000300.SH,4894.4119,4882.3777,-0.12268289815496,121823149.0,272997748910.0
2021-11-16,000300.SH,4880.8964,4883.3206,0.019312311704193,127254406.0,284094590893.0
2021-11-17,000300.SH,4883.2481,4885.7544,0.049839037805541,108459223.0,246177916949.0
2021-11-18,000300.SH,4871.4216,4837.6185,-0.98522963004445,114480565.0,244484713797.0
2021-11-19,000300.SH,4832.0595,4890.0575,1.0839837825161,127198312.0,266280681864.0
2021-11-22,000300.SH,4895.3875,4912.399,0.45687601832904,138092836.0,316148811480.0
2021-11-23,000300.SH,4905.7587,4913.3457,0.019271643040386,154304411.0,301022146081.0
2021-11-24,000300.SH,4914.0266,4916.6579,0.067412313365215,137150673.0,289707337709.0
2021-11-25,000300.SH,4917.6055,4896.4416,-0.41117971620519,115984031.0,255450994352.0
2021-11-26,000300.SH,4886.9516,4860.1265,-0.74166308855802,120368974.0,243041335647.0
2021-11-29,000300.SH,4820.0053,4851.423,-0.17907970090903,133626862.0,285995221657.0
2021-11-30,000300.SH,4857.183,4832.026,-0.39982083607222,129630596.0,279268234018.0
2021-12-01,000300.SH,4831.8885,4843.851,0.24472136532378,123086789.0,255968912362.0
2021-12-02,000300.SH,4839.9137,4856.163,0.25417792578673,148088521.0,278051726156.0
2021-12-03,000300.SH,4856.9802,4901.0175,0.92366133509111,144059626.0,300052698342.0
2021-12-06,000300.SH,4909.4292,4892.6209,-0.17132360780185,173615683.0,333405791015.0
2021-12-07,000300.SH,4930.8261,4922.1015,0.60255230483931,179053460.0,340617766238.0
2021-12-08,000300.SH,4934.4056,4995.9298,1.499934529997,157490559.0,329064831239.0
2021-12-09,000300.SH,5000.6871,5078.6901,1.6565545016265,220568776.0,425680958779.0
2021-12-10,000300.SH,5046.2677,5055.1172,-0.46415314846638,193695154.0,356917625380.0
2021-12-13,000300.SH,5090.0207,5083.8007,0.56741513332273,211801596.0,426376532477.0
2021-12-14,000300.SH,5066.3497,5049.6953,-0.67086422172292,159107790.0,318685538074.0
2021-12-15,000300.SH,5036.284,5005.8991,-0.86730381534111,150529752.0,291072568761.0
2021-12-16,000300.SH,5006.6105,5034.7321,0.57598044674933,144053867.0,291474766866.0
2021-12-17,000300.SH,5021.3385,4954.7599,-1.5884102353728,149005399.0,297943311187.0
2021-12-20,000300.SH,4934.9662,4880.4178,-1.5004178103565,169675690.0,317536919390.0
2021-12-21,000300.SH,4876.5141,4913.4853,0.67755469623933,143339898.0,259023177323.0
2021-12-22,000300.SH,4924.5771,4914.4544,0.019723270567215,133256740.0,244642450514.0
2021-12-23,000300.SH,4924.2912,4948.7389,0.69762576289243,139555406.0,263359754801.0
2021-12-24,000300.SH,4953.0616,4921.3449,-0.55355516937861,142673323.0,290483663506.0
2021-12-27,000300.SH,4918.1462,4919.3238,-0.041068042193099,124100952.0,254421525173.0
2021-12-28,000300.SH,4923.6917,4955.9644,0.74483001098646,130457757.0,276316732181.0
2021-12-29,000300.SH,4958.6455,4883.4804,-1.4625609497921,113587002.0,273225467112.0
2021-12-30,000300.SH,4882.1561,4921.5109,0.77875811685453,121617178.0,268022477312.0
2021-12-31,000300.SH,4937.463,4940.3733,0.38326441581182,121313737.0,266975388723.0
2022-01-04,000300.SH,4957.9835,4917.7653,-0.45761724119107,151534776.0,336516961627.0
2022-01-05,000300.SH,4907.9347,4868.1202,-1.0095052726489,178816100.0,363944528848.0
2022-01-06,000300.SH,4842.156,4818.2318,-1.0247980318974,157665826.0,321750076549.0
2022-01-07,000300.SH,4824.3181,4822.3689,0.085863448910881,187139413.0,332218950735.0
2022-01-10,000300.SH,4812.23,4844.0451,0.44949277936825,156211696.0,305033816784.0
2022-01-11,000300.SH,4840.0087,4797.7735,-0.95522644906836,146928004.0,286445756034.0
2022-01-12,000300.SH,4818.8902,4845.5787,0.99640385274544,143200204.0,293153042845.0
2022-01-13,000300.SH,4853.0314,4765.9191,-1.6439646310976,142519653.0,288799117043.0
2022-01-14,000300.SH,4743.9124,4726.7317,-0.82224224074638,146863126.0,281828448517.0
2022-01-17,000300.SH,4728.7595,4767.2762,0.85777028554424,115295691.0,263788241676.0
2022-01-18,000300.SH,4766.7811,4813.3472,0.96640089785442,150870802.0,282749393139.0
2022-01-19,000300.SH,4815.8106,4780.3784,-0.68494539517117,133927360.0,275534557469.0
2022-01-20,000300.SH,4778.2616,4823.5091,0.9022444750399,164971315.0,304344267971.0
2022-01-21,000300.SH,4808.7733,4779.3142,-0.91623958996989,138952585.0,274699155294.0
2022-01-24,000300.SH,4753.9413,4786.7377,0.15532563228423,114463880.0,246261594853.0
2022-01-25,000300.SH,4761.95,4678.4511,-2.2622213036657,133667586.0,250555769168.0
2022-01-26,000300.SH,4697.0991,4712.3109,0.72373952994828,107070842.0,226553448357.0
2022-01-27,000300.SH,4708.0989,4619.8765,-1.9615513908473,121263804.0,250535654824.0
2022-01-28,000300.SH,4641.8137,4563.772,-1.2144155801568,126480112.0,263967891828.0
2022-02-07,000300.SH,4638.5754,4634.0899,1.540784684248,144849720.0,266031793985.0
2022-02-08,000300.SH,4626.4365,4608.7729,-0.54632086442691,155830708.0,281364873763.0
2022-02-09,000300.SH,4608.1491,4652.0609,0.93925218142123,148335547.0,273771960506.0
2022-02-10,000300.SH,4657.2107,4639.8625,-0.26221496799408,151576666.0,287224388086.0
2022-02-11,000300.SH,4617.8741,4601.3953,-0.82905905078006,155974584.0,307938016715.0
2022-02-14,000300.SH,4579.4202,4551.6878,-1.0802701519689,143673894.0,275737553467.0
2022-02-15,000300.SH,4553.8112,4600.1025,1.0636647794693,115025600.0,249977008675.0
2022-02-16,000300.SH,4619.8458,4617.9893,0.38883481400687,107258955.0,210190931036.0
2022-02-17,000300.SH,4616.8955,4629.1649,0.24200142689806,110014643.0,227946249307.0
2022-02-18,000300.SH,4604.5669,4651.2358,0.47677929986898,104550228.0,195825700478.0
2022-02-21,000300.SH,4646.0522,4634.3141,-0.36381083926127,112516512.0,215039182297.0
2022-02-22,000300.SH,4601.9184,4574.1527,-1.2981726896759,123317237.0,246872960668.0
2022-02-23,000300.SH,4582.0064,4623.0465,1.0689149052676,122952916.0,259050146194.0
2022-02-24,000300.SH,4592.069,4529.3189,-2.0273990322183,184403058.0,342346666857.0
2022-02-25,000300.SH,4564.6321,4573.4247,0.97378438069352,149722583.0,271727599672.0
2022-02-28,000300.SH,4563.7427,4581.6459,0.179760257122,135406978.0,248363727483.0
2022-03-01,000300.SH,4597.855,4619.6862,0.83027586221798,123139220.0,260431185064.0
2022-03-02,000300.SH,4594.017,4578.6007,-0.88935694376817,113298325.0,215299655365.0
2022-03-03,000300.SH,4595.0249,4551.6283,-0.58909701385403,138285877.0,242701771996.0
2022-03-04,000300.SH,4513.3636,4496.4301,-1.2127132613179,127266806.0,249970282271.0
2022-03-07,000300.SH,4462.5174,4352.7775,-3.1948144818264,162197706.0,306898527658.0
2022-03-08,000300.SH,4361.6424,4265.391,-2.0076031912957,167863277.0,315176698371.0
2022-03-09,000300.SH,4280.9789,4226.3463,-0.91538384171579,194232900.0,341009391866.0
2022-03-10,000300.SH,4326.2035,4292.8374,1.5732525278395,145266383.0,301636182195.0
2022-03-11,000300.SH,4231.1961,4306.5217,0.31877051760684,152399921.0,295008832432.0
2022-03-14,000300.SH,4248.1526,4174.7577,-3.0596385941815,130187236.0,260691659461.0
2022-03-15,000300.SH,4125.4866,3983.812,-4.573815146206,202524699.0,346988947368.0
2022-03-16,000300.SH,4053.099,4156.081,4.3242251391381,196021982.0,378883588290.0
2022-03-17,000300.SH,4237.6722,4237.6956,1.9637393977644,179407344.0,385039197286.0
2022-03-18,000300.SH,4218.4736,4265.9017,0.66559995484339,149458305.0,275791291073.0
2022-03-21,000300.SH,4280.1397,4258.7459,-0.16774413718911,127036360.0,251214543321.0
2022-03-22,000300.SH,4252.5658,4255.295,-0.081030896912629,126382470.0,226213533985.0
2022-03-23,000300.SH,4269.6088,4276.5174,0.49872923028837,117089078.0,226390778403.0
2022-03-24,000300.SH,4249.5328,4251.3061,-0.58952876001393,108918272.0,219594430540.0
2022-03-25,000300.SH,4249.0731,4174.5742,-1.8049017924162,108808046.0,217013187265.0
2022-03-28,000300.SH,4128.8379,4148.4663,-0.62540270574182,118449021.0,213468973998.0
2022-03-29,000300.SH,4155.4182,4134.1441,-0.3452408423807,100266972.0,199463853668.0
2022-03-30,000300.SH,4162.1666,4254.0989,2.9015631071012,138346024.0,268869181171.0
2022-03-31,000300.SH,4234.7159,4222.5968,-0.74051169802375,134029185.0,238877216806.0
2022-04-01,000300.SH,4198.8191,4276.158,1.2684422059904,133803053.0,244758870755.0
2022-04-06,000300.SH,4258.8325,4263.8411,-0.28803659733809,159062195.0,253690929898.0
2022-04-07,000300.SH,4240.0237,4209.0998,-1.2838494380102,134880353.0,216996185504.0
2022-04-08,000300.SH,4213.2107,4230.7669,0.51476802712066,142843793.0,229081764759.0
2022-04-11,000300.SH,4203.7902,4100.0703,-3.0891940655014,148197071.0,265224932472.0
2022-04-12,000300.SH,4102.9711,4179.9727,1.9488056095038,144285684.0,252830412756.0
2022-04-13,000300.SH,4154.4121,4139.737,-0.96258284174919,125097489.0,221281029560.0
2022-04-14,000300.SH,4172.6443,4191.5684,1.2520457217451,124791316.0,245993822041.0
2022-04-15,000300.SH,4162.3718,4188.7472,-0.067306548069222,124762263.0,226229740275.0
2022-04-18,000300.SH,4152.9306,4166.3844,-0.53387800533773,117504610.0,212855328187.0
2022-04-19,000300.SH,4161.9328,4134.9017,-0.75563598980448,110217471.0,208570579129.0
2022-04-20,000300.SH,4130.5427,4070.7889,-1.5505277912653,117331658.0,216536635695.0
2022-04-21,000300.SH,4048.7338,3995.83,-1.8413850936854,132783828.0,227026679682.0
2022-04-22,000300.SH,3967.2016,4013.2498,0.43594947733012,122101811.0,206371766716.0
2022-04-25,000300.SH,3933.4459,3814.9127,-4.9420571826852,168364502.0,272889272275.0
2022-04-26,000300.SH,3822.4887,3784.1198,-0.80717181287005,157577611.0,259626354225.0
2022-04-27,000300.SH,3758.0835,3895.5361,2.9443121753175,172734046.0,296924102939.0
2022-04-28,000300.SH,3883.4196,3921.1073,0.65642313005392,153056586.0,268502242453.0
2022-04-29,000300.SH,3939.6238,4016.241,2.4261947639127,179458377.0,321414877428.0
2022-05-05,000300.SH,3995.3533,4010.2102,-0.15016031159485,154170716.0,290538230663.0
2022-05-06,000300.SH,3928.8548,3908.815,-2.5284260660451,123005551.0,214825174047.0
2022-05-09,000300.SH,3883.9514,3877.4364,-0.80276503236915,92936694.0,171756502864.0
2022-05-10,000300.SH,3820.6278,3919.8684,1.0943312958015,136416918.0,239060211933.0
2022-05-11,000300.SH,3917.9322,3976.4231,1.4427703746381,165632256.0,309294912797.0
2022-05-12,000300.SH,3949.949,3958.74,-0.44469865392343,113376066.0,202029156415.0
2022-05-13,000300.SH,3983.8201,3988.6002,0.75428545446279,109968357.0,195727044922.0
2022-05-16,000300.SH,4014.9955,3956.5378,-0.80385093497212,112425294.0,199717909541.0
2022-05-17,000300.SH,3961.7605,4005.8934,1.2474441669684,109661454.0,210117539691.0
2022-05-18,000300.SH,4015.0134,3991.9069,-0.34914808267239,108074233.0,201800666052.0
2022-05-19,000300.SH,3938.2964,3999.5984,0.19267733924356,116293420.0,210206681642.0
2022-05-20,000300.SH,4020.8162,4077.5998,1.9502308031726,147069173.0,265609089943.0
2022-05-23,000300.SH,4080.9694,4053.9823,-0.5792010289975,130477810.0,225981540919.0
2022-05-24,000300.SH,4052.8675,3959.1541,-2.3391370011655,145554336.0,247713039713.0
2022-05-25,000300.SH,3959.7672,3983.1784,0.60680386247152,107734015.0,188700537391.0
2022-05-26,000300.SH,3987.6815,3993.0446,0.2476966635489,126263689.0,216987025401.0
2022-05-27,000300.SH,4022.7095,4001.2988,0.2067144454134,112769337.0,206944426227.0
2022-05-30,000300.SH,4020.8584,4029.0179,0.69275256324271,111152241.0,211144721616.0
2022-05-31,000300.SH,4031.7621,4091.5176,1.551239074912,135415513.0,267770088726.0
2022-06-01,000300.SH,4086.6177,4083.1772,-0.20384612301313,114850879.0,225416237873.0
2022-06-02,000300.SH,4063.9996,4089.5682,0.15652027053835,113893638.0,222657537906.0
2022-06-06,000300.SH,4090.5286,4166.085,1.8710239384197,167871011.0,324075626903.0
2022-06-07,000300.SH,4165.6899,4179.1285,0.3130877070439,142992881.0,285733722333.0
2022-06-08,000300.SH,4187.1483,4219.8122,0.97349722555792,157374057.0,319480252837.0
2022-06-09,000300.SH,4211.7225,4175.6747,-1.0459588699232,168449154.0,285172804212.0
2022-06-10,000300.SH,4145.6505,4238.9936,1.516375305768,184796214.0,324091440663.0
2022-06-13,000300.SH,4194.4574,4189.3527,-1.171053902983,168475622.0,336585670508.0
2022-06-14,000300.SH,4143.2232,4222.3114,0.7867253573565,171385904.0,335418557932.0
2022-06-15,000300.SH,4228.2926,4278.2178,1.3240709815955,257046590.0,459766820665.0
2022-06-16,000300.SH,4282.0827,4250.0614,-0.65813386125411,184074416.0,337235911542.0
2022-06-17,000300.SH,4219.2339,4309.0444,1.3878152442692,158649098.0,346675726829.0
2022-06-20,000300.SH,4322.8324,4330.4328,0.49636063160546,165666382.0,359569296860.0
2022-06-21,000300.SH,4327.9159,4325.5657,-0.11239292294293,164667615.0,317163317740.0
2022-06-22,000300.SH,4331.902,4270.6227,-1.2701922432943,158565854.0,298656263311.0
2022-06-23,000300.SH,4277.9555,4343.8781,1.7153329887934,170882360.0,327144780544.0
2022-06-24,000300.SH,4354.553,4394.7723,1.1716304838296,168972199.0,356054750522.0
2022-06-27,000300.SH,4414.3321,4444.2639,1.1261470816133,177385676.0,381432966328.0
2022-06-28,000300.SH,4442.5811,4490.5166,1.0407280269743,174756489.0,361685970664.0
2022-06-29,000300.SH,4472.7346,4421.357,-1.5401256951149,187276688.0,395926107699.0
2022-06-30,000300.SH,4418.0656,4485.0108,1.4396892175864,156666289.0,354343886760.0
2022-07-01,000300.SH,4489.5204,4466.7179,-0.40786746823442,144779599.0,318492130200.0
2022-07-04,000300.SH,4447.2159,4496.0303,0.65624023402062,146345651.0,356968521261.0
2022-07-05,000300.SH,4505.4572,4489.5383,-0.14439404467537,154962415.0,361891850839.0
2022-07-06,000300.SH,4475.4815,4423.9698,-1.4604731181378,149800235.0,344672707728.0
2022-07-07,000300.SH,4425.2814,4443.4736,0.44086648150266,132660906.0,328133133657.0
2022-07-08,000300.SH,4468.0627,4428.781,-0.33065572843733,123195739.0,304031107303.0
2022-07-11,000300.SH,4406.1476,4354.6167,-1.6745984956131,134448578.0,299195233430.0
2022-07-12,000300.SH,4352.6456,4313.6184,-0.94149044162714,130187838.0,291072311850.0
2022-07-13,000300.SH,4313.3589,4321.4617,0.18182646847017,131113179.0,286075545407.0
2022-07-14,000300.SH,4308.8229,4322.0742,0.014173445063743,145250926.0,301569861037.0
2022-07-15,000300.SH,4299.4714,4248.5273,-1.7016575050933,150214453.0,316793192670.0
2022-07-18,000300.SH,4262.1539,4292.5858,1.0370299374091,122601192.0,281055128640.0
2022-07-19,000300.SH,4288.4441,4269.3401,-0.54153140049057,103805730.0,231117731807.0
2022-07-20,000300.SH,4291.280800000001,4283.8027,0.33875492842559,94490144.0,212301881408.0
2022-07-21,000300.SH,4270.3624,4236.0578,-1.1145447945117,117156344.0,239228146812.0
2022-07-22,000300.SH,4251.7867,4238.2341,0.051375597377356,103840624.0,224295333457.0
2022-07-25,000300.SH,4233.9277,4212.6441,-0.60378920550895,83636664.0,188136426673.0
2022-07-26,000300.SH,4220.0911,4245.9758,0.79122990712649,85823274.0,197601406374.0
2022-07-27,000300.SH,4236.154000000001,4225.0357,-0.49317520839379,78904940.0,194245303807.0
2022-07-28,000300.SH,4242.2743,4225.6733,0.015090996745898,107531930.0,243871486472.0
2022-07-29,000300.SH,4226.4245,4170.1019,-1.315089834323,114179286.0,253198574648.0
2022-08-01,000300.SH,4160.6478,4188.6784,0.44546873063222,107749029.0,251125308598.0
2022-08-02,000300.SH,4144.3765,4107.024,-1.9494072402407,142224425.0,281013555280.0
2022-08-03,000300.SH,4114.8251,4066.9754,-0.97512456708314,116666124.0,268695834765.0
2022-08-04,000300.SH,4089.4419,4101.5367,0.84980351737559,89532644.0,216898674902.0
2022-08-05,000300.SH,4109.6287,4156.9111,1.35008910197,102571004.0,247325902015.0
2022-08-08,000300.SH,4142.1111,4148.0746,-0.21257370647162,90208138.0,224080812055.0
2022-08-09,000300.SH,4143.666,4156.2907,0.1980702082841,84136959.0,214223692260.0
2022-08-10,000300.SH,4149.2071,4109.7373,-1.1200708362387,85565839.0,217447368470.0
2022-08-11,000300.SH,4130.741,4193.5428,2.0391936000386,121385051.0,269630998407.0
2022-08-12,000300.SH,4185.4203,4191.152,-0.057011460572195,106808295.0,219208055255.0
2022-08-15,000300.SH,4180.0006,4185.6794,-0.13057507816467,105898495.0,245539800985.0
2022-08-16,000300.SH,4190.5269,4177.837,-0.18736265371876,93906139.0,233818584732.0
2022-08-17,000300.SH,4182.5668,4216.9586,0.93640800251421,112864659.0,252044325052.0
2022-08-18,000300.SH,4205.7851,4180.0996,-0.8740659678281,101052650.0,233115491390.0
2022-08-19,000300.SH,4174.5458,4151.0738,-0.69438058365881,117402978.0,262494128152.0
2022-08-22,000300.SH,4135.1623,4181.3965,0.73047846077802,112442720.0,259747163698.0
2022-08-23,000300.SH,4175.5314,4161.0823,-0.48582333677277,103153512.0,239101330833.0
2022-08-24,000300.SH,4168.5764,4082.4195,-1.8904408595812,119069679.0,262844309316.0
2022-08-25,000300.SH,4093.2949,4116.2396,0.82843274680615,111320745.0,242149581478.0
2022-08-26,000300.SH,4127.8142,4107.5455,-0.21121462414384,99000493.0,225519196800.0
2022-08-29,000300.SH,4063.8825,4089.5205,-0.43882654495246,94354432.0,203086114712.0
2022-08-30,000300.SH,4088.5262,4075.7937,-0.33565793349122,93301662.0,192649001278.0
2022-08-31,000300.SH,4057.1443,4078.8402,0.074746177658597,132449765.0,292974665546.0
2022-09-01,000300.SH,4066.1869,4043.7395,-0.86055590017966,97387071.0,210898503454.0
2022-09-02,000300.SH,4054.8423,4023.6131,-0.49771752112123,86789278.0,184468327006.0
2022-09-05,000300.SH,4010.4052,4015.4264,-0.20346638199384,93767109.0,201118696559.0
2022-09-06,000300.SH,4024.4726,4052.2802,0.91780539172628,113506265.0,235921838118.0
2022-09-07,000300.SH,4032.7231,4054.983,0.066698250530652,107678059.0,215147152182.0
2022-09-08,000300.SH,4059.1689,4037.6839,-0.42661337914364,100886049.0,186889047981.0
2022-09-09,000300.SH,4050.5853,4093.7874,1.3894970827211,118427114.0,221442547204.0
2022-09-13,000300.SH,4112.0123,4111.1145,0.42325353778751,111789737.0,218521062136.0
2022-09-14,000300.SH,4058.0441,4065.359,-1.1129707041728,90793681.0,185484965111.0
2022-09-15,000300.SH,4078.6495,4027.1186,-0.94064017470536,123951196.0,254367492776.0
2022-09-16,000300.SH,4013.5829,3932.6826,-2.3450017091625,137193655.0,241251840050.0
2022-09-19,000300.SH,3928.4239,3928.0001,-0.1190663085803,97719575.0,183574440582.0
2022-09-20,000300.SH,3945.6467,3932.8361,0.12311608647871,84824134.0,179248153538.0
2022-09-21,000300.SH,3921.3177,3903.7348,-0.7399571011871,86458391.0,168939074343.0
2022-09-22,000300.SH,3875.1771,3869.344,-0.88097172994436,80946919.0,161134102784.0
2022-09-23,000300.SH,3865.1049,3856.0212,-0.34431676273807,94342462.0,172904807364.0
2022-09-26,000300.SH,3829.5958,3836.6773,-0.50165439961794,104526031.0,192906200254.0
2022-09-27,000300.SH,3844.0692,3892.295,1.4496319510635,88860160.0,185955247353.0
2022-09-28,000300.SH,3879.4398,3828.7098,-1.6336171847201,86592213.0,172438042788.0
2022-09-29,000300.SH,3864.316,3827.1434,-0.040911954204525,85654142.0,171635940008.0
2022-09-30,000300.SH,3833.3504,3804.8853,-0.58158521052543,78559966.0,158692748773.0
2022-10-10,000300.SH,3806.5596,3720.9365,-2.2063424618871,102647595.0,194635904094.0
2022-10-11,000300.SH,3732.0191,3727.6867,0.18141131943532,83944625.0,166800394853.0
2022-10-12,000300.SH,3722.8659,3784.3064,1.5188964244232,108089319.0,210931362292.0
2022-10-13,000300.SH,3756.4176,3752.6729,-0.83591275801557,99018915.0,198368891549.0
2022-10-14,000300.SH,3783.316,3842.4698,2.3928784200723,116242293.0,256551271975.0
2022-10-17,000300.SH,3822.2428,3846.4119,0.10259286878456,104192019.0,220488874407.0
2022-10-18,000300.SH,3865.8258,3838.2667,-0.21176099210799,88346907.0,186556295766.0
2022-10-19,000300.SH,3827.4658,3776.5335,-1.6083613991701,81574844.0,186736408230.0
2022-10-20,000300.SH,3746.5793,3754.9269,-0.57212785216919,90290895.0,203781618922.0
2022-10-21,000300.SH,3753.8903,3742.8929,-0.32048559986614,98750038.0,180686357677.0
2022-10-24,000300.SH,3727.915,3633.3733,-2.9260682292031,130056864.0,259450743134.0
2022-10-25,000300.SH,3621.9356,3627.4542,-0.16290921717292,110953882.0,219302759597.0
2022-10-26,000300.SH,3633.3107,3656.9027,0.81182279296593,121301548.0,242453810572.0
2022-10-27,000300.SH,3667.6645,3631.1448,-0.70436383226713,117998675.0,257473315676.0
2022-10-28,000300.SH,3605.1598,3541.3295,-2.4734706255724,118772162.0,245816451978.0
2022-10-31,000300.SH,3504.507,3508.7034,-0.9212952367183,138465655.0,256574822102.0
2022-11-01,000300.SH,3519.8174,3634.1732,3.575959142058,149286698.0,295089928407.0
2022-11-02,000300.SH,3620.3693,3677.8051,1.2006004556965,141592919.0,291648245712.0
2022-11-03,000300.SH,3645.0604,3647.8966,-0.81321601299645,110566035.0,215379297964.0
2022-11-04,000300.SH,3646.7709,3767.1746,3.2697746970131,149734949.0,311145477555.0
2022-11-07,000300.SH,3754.5227,3775.2971,0.21561251766775,129826371.0,251195699937.0
2022-11-08,000300.SH,3773.6612,3749.3251,-0.68794585729424,99016451.0,193351324897.0
2022-11-09,000300.SH,3750.7821,3714.2704,-0.93496026791595,89434525.0,172029529944.0
2022-11-10,000300.SH,3685.8274,3685.6885,-0.76951586508079,103509302.0,183155308703.0
2022-11-11,000300.SH,3787.7568,3788.4387,2.7878156279349,189685586.0,344471326267.0
2022-11-14,000300.SH,3818.1447,3794.0171,0.14724799427268,169665048.0,315536856085.0
2022-11-15,000300.SH,3788.926,3865.9726,1.8965518104808,151515650.0,296268142769.0
2022-11-16,000300.SH,3860.811,3834.3899,-0.81694060635608,120610964.0,235844588245.0
2022-11-17,000300.SH,3821.2709,3818.664,-0.41012782763693,105940632.0,219540811335.0
2022-11-18,000300.SH,3823.8207,3801.5686,-0.44768013106155,115078777.0,224276131008.0
2022-11-21,000300.SH,3769.627,3769.1269,-0.85337668245681,95866966.0,188230373665.0
2022-11-22,000300.SH,3766.0817,3769.5727,0.011827672875646,144486334.0,203490828432.0
2022-11-23,000300.SH,3760.2157,3773.5287,0.10494558176314,144527911.0,201070601178.0
2022-11-24,000300.SH,3791.5399,3756.8082,-0.44309984975071,101073447.0,160698921546.0
2022-11-25,000300.SH,3751.2822,3775.7764,0.50490200697497,142929711.0,191711040707.0
2022-11-28,000300.SH,3701.902,3733.2424,-1.1264967914943,127825748.0,196305561706.0
2022-11-29,000300.SH,3766.5702,3848.4224,3.0852537193942,178701392.0,289062336431.0
2022-11-30,000300.SH,3836.5598,3853.0365,0.11989588253099,157511400.0,250051468093.0
2022-12-01,000300.SH,3921.2954,3894.7687,1.0830990051613,169964585.0,306678195716.0
2022-12-02,000300.SH,3886.4034,3870.9478,-0.61161269987612,116786350.0,201253166363.0
2022-12-05,000300.SH,3907.6375,3946.8759,1.9614860215888,201747221.0,296615512327.0
2022-12-06,000300.SH,3929.0063,3968.1979,0.54022473825438,155108323.0,275583430841.0
2022-12-07,000300.SH,3956.6722,3958.4409,-0.24587987408592,143001356.0,255490829027.0
2022-12-08,000300.SH,3953.199,3959.1798,0.018666440112819,115199986.0,198037690481.0
2022-12-09,000300.SH,3961.9919,3998.2442,0.98667910964792,153774954.0,268166789657.0
2022-12-12,000300.SH,3976.1722,3953.4433,-1.1205143497738,125935368.0,227606300937.0
2022-12-13,000300.SH,3953.5482,3945.6813,-0.196335179513,100994100.0,184020700110.0
2022-12-14,000300.SH,3952.7885,3954.8857,0.23327783721406,98528006.0,196175108617.0
2022-12-15,000300.SH,3954.672,3951.9885,-0.07325622583732,88864725.0,181994889123.0
2022-12-16,000300.SH,3931.2318,3954.227,0.056642371302445,93178567.0,167488442589.0
2022-12-19,000300.SH,3952.7707,3893.2207,-1.5428122866998,106919075.0,180801387702.0
2022-12-20,000300.SH,3881.2257,3829.0173,-1.649107639852,83096822.0,164046440874.0
2022-12-21,000300.SH,3839.0009,3830.5384,0.039725597479017,64839215.0,123450040360.0
2022-12-22,000300.SH,3859.2041,3836.028,0.14331144676685,83705173.0,163970306951.0
2022-12-23,000300.SH,3811.6164,3828.2188,-0.20357515638571,65278148.0,130559415566.0
2022-12-26,000300.SH,3830.5682,3843.4887,0.39887741003727,73005712.0,148692832422.0
2022-12-27,000300.SH,3860.9054,3887.854,1.1542976567096,77515350.0,152032206631.0
2022-12-28,000300.SH,3874.9132,3871.2644,-0.42670326612058,84424656.0,160671122031.0
2022-12-29,000300.SH,3854.2363,3856.7007,-0.37620008594608,79394815.0,149011372437.0
2022-12-30,000300.SH,3873.9358,3871.6338,0.38719883033703,78773272.0,148295049382.0
2023-01-03,000300.SH,3864.8356,3887.8992,0.42011721253182,115051875.0,207540165953.0
2023-01-04,000300.SH,3886.2504,3892.9477,0.12985161755223,110660743.0,198997711686.0
2023-01-05,000300.SH,3913.4928,3968.5782,1.9427566417088,116502395.0,256312608292.0
2023-01-06,000300.SH,3969.5493,3980.8888,0.31020177452974,110953038.0,235744305582.0
2023-01-09,000300.SH,3998.5278,4013.1196,0.8096382898211,117054425.0,233212426458.0
2023-01-10,000300.SH,4014.7125,4017.4737,0.10849664186435,101751141.0,214871166240.0
2023-01-11,000300.SH,4019.8844,4010.0309,-0.18526070251561,99997889.0,203000262961.0
2023-01-12,000300.SH,4021.7547,4017.8692,0.19546732171066,90552627.0,183686268107.0
2023-01-13,000300.SH,4032.2906,4074.3772,1.4064171128318,95871896.0,212173997498.0
2023-01-16,000300.SH,4077.8793,4137.9643,1.5606581540855,151395455.0,319007749371.0
2023-01-17,000300.SH,4138.843300000001,4137.2422,-0.017450609711639,95479040.0,204381576523.0
2023-01-18,000300.SH,4140.1019,4130.3143,-0.16745212547623,84200645.0,172126171819.0
2023-01-19,000300.SH,4125.5772,4156.0077,0.622068882264,94608398.0,192699589774.0
2023-01-20,000300.SH,4166.8444,4181.5267,0.61402677381951,123553809.0,222342455101.0
2023-01-30,000300.SH,4267.6248,4201.345,0.47394890483421,164607064.0,330193322092.0
2023-01-31,000300.SH,4200.5813,4156.8578,-1.0588799539195,124550835.0,249365321627.0
2023-02-01,000300.SH,4170.1322,4195.9332,0.94002253336644,141008954.0,265553944709.0
2023-02-02,000300.SH,4207.4123,4181.1493,-0.35233878365843,133823736.0,262497434837.0
2023-02-03,000300.SH,4162.0258,4141.6319,-0.94513247828772,117041221.0,226914770044.0
2023-02-06,000300.SH,4103.8307,4086.8779,-1.3220392666958,110192717.0,226345113969.0
2023-02-07,000300.SH,4098.3117,4094.2335,0.17998090914338,91360072.0,183537351577.0
2023-02-08,000300.SH,4099.8573,4076.1411,-0.44189956435069,84786099.0,170591751817.0
2023-02-09,000300.SH,4067.5631,4130.8565,1.3423333161848,102289961.0,211722604859.0
2023-02-10,000300.SH,4124.0986,4106.3097,-0.5942302764572,96716733.0,195348320573.0
2023-02-13,000300.SH,4098.8795,4143.574,0.90748878488147,128892577.0,251990181554.0
2023-02-14,000300.SH,4151.247,4145.2902,0.041418350438553,102499890.0,204915435750.0
2023-02-15,000300.SH,4146.8547,4123.6893,-0.52109500077945,121664508.0,219855528966.0
2023-02-16,000300.SH,4125.4087,4093.4876,-0.73239513946892,159310585.0,281315625589.0
2023-02-17,000300.SH,4086.2237,4034.507,-1.4408398354498,116142589.0,225737746955.0
2023-02-20,000300.SH,4039.9623,4133.4896,2.4534001304249,161794481.0,280122962150.0
2023-02-21,000300.SH,4130.0632,4144.3536,0.26282877305414,145776173.0,249674201048.0
2023-02-22,000300.SH,4118.9669,4106.9506,-0.90250503721498,104290295.0,191586158991.0
2023-02-23,000300.SH,4106.2136,4103.6463,-0.080456287932944,103564906.0,197193582430.0
2023-02-24,000300.SH,4100.9897,4061.0457,-1.0381157849788,100989425.0,191210465053.0
2023-02-27,000300.SH,4040.4571,4043.8444,-0.42356824499661,93787630.0,187959491145.0
2023-02-28,000300.SH,4058.1298,4069.4587,0.63341457945316,110323591.0,198799712379.0
2023-03-01,000300.SH,4068.7331,4126.9415,1.4125416729257,156015794.0,255374791016.0
2023-03-02,000300.SH,4119.9919,4117.7377,-0.22301745735917,148217637.0,235953764970.0
2023-03-03,000300.SH,4126.0183,4130.5513,0.31118057859782,160331741.0,226914545628.0
2023-03-06,000300.SH,4131.1525,4109.0102,-0.52150665699275,162971807.0,283079861972.0
2023-03-07,000300.SH,4103.6419,4048.8519,-1.4640581812136,195912068.0,272491994009.0
2023-03-08,000300.SH,4030.7387,4034.1077,-0.36415755291025,117936493.0,191659655191.0
2023-03-09,000300.SH,4035.8433,4019.8505,-0.35341644448412,116539629.0,201737990687.0
2023-03-10,000300.SH,3991.7959,3967.1352,-1.31137463943,123855409.0,218286956131.0
2023-03-13,000300.SH,3962.6426,4008.686,1.0473754461406,143561370.0,242865516758.0
2023-03-14,000300.SH,3999.8803,3984.6956,-0.59846044314771,150544174.0,267224848811.0
2023-03-15,000300.SH,4011.8444,3986.902,0.055371858266916,142026007.0,232101093979.0
2023-03-16,000300.SH,3958.1962,3939.1505,-1.1977093994284,152515644.0,246264286428.0
2023-03-17,000300.SH,3971.1585,3958.8194,0.49931831749002,177433818.0,305541015556.0
2023-03-20,000300.SH,3962.6625,3939.077,-0.49869413088154,205264970.0,319760032638.0
2023-03-21,000300.SH,3948.1573,3982.3782,1.0992727484129,145090679.0,251631985017.0
2023-03-22,000300.SH,3993.7849,3999.4427,0.4285002363663,149228970.0,265180992104.0
2023-03-23,000300.SH,3985.9928,4039.0895,0.99130811400298,158887421.0,296479529467.0
2023-03-24,000300.SH,4035.1564,4027.0457,-0.29818106283607,159442330.0,295785588943.0
2023-03-27,000300.SH,4023.3028,4012.4771,-0.3617689265359,168482279.0,315474696948.0
2023-03-28,000300.SH,4015.6973,3999.5147,-0.32305231100259,131895117.0,248736920972.0
2023-03-29,000300.SH,4013.5926,4006.144,0.16575260993539,133743510.0,263866922733.0
2023-03-30,000300.SH,4009.5573,4038.5257,0.80830094974121,149901037.0,280004715991.0
2023-03-31,000300.SH,4045.4538,4050.9257,0.30704274086951,138842546.0,279863685781.0
2023-04-03,000300.SH,4059.6227,4090.5676,0.97858867172015,182124313.0,382895558426.0
2023-04-04,000300.SH,4089.2932,4103.1052,0.30650025194548,197146631.0,394443175146.0
2023-04-06,000300.SH,4084.132,4096.64,-0.15756846790084,150703374.0,328981851588.0
2023-04-07,000300.SH,4096.9009,4123.279900000001,0.6502865763162,128676738.0,286567771883.0
2023-04-10,000300.SH,4132.0096,4104.8118,-0.44789828602225,152453002.0,340822557208.0
2023-04-11,000300.SH,4108.5062,4100.1479,-0.1136203126292,153901333.0,324192951999.0
2023-04-12,000300.SH,4102.3968,4097.2876,-0.069760898137364,165965278.0,325425226403.0
2023-04-13,000300.SH,4081.3871,4068.9786,-0.69092050067464,156444295.0,300291020753.0
2023-04-14,000300.SH,4078.9703,4091.9988,0.56574885893968,150695682.0,306201501439.0
2023-04-17,000300.SH,4090.0719,4149.3836,1.4023660026489,188773095.0,341831272793.0
2023-04-18,000300.SH,4139.3088,4162.032,0.30482599873389,170184130.0,331545662316.0
2023-04-19,000300.SH,4159.3938,4124.5589,-0.90035588385674,162554592.0,312219504523.0
2023-04-20,000300.SH,4122.9461,4113.0192,-0.27978022086193,162706677.0,332172409512.0
2023-04-21,000300.SH,4114.2642,4032.5672,-1.9560326876179,180802435.0,347852011603.0
2023-04-24,000300.SH,4031.303,3982.6429,-1.2380277258616,170099217.0,328375614674.0
2023-04-25,000300.SH,3985.1055,3962.6658,-0.50160409812287,172555409.0,331110619768.0
2023-04-26,000300.SH,3950.2553,3959.2323,-0.086646216796786,162702006.0,322062811334.0
2023-04-27,000300.SH,3948.0313,3988.4185,0.73716816262587,153828195.0,304804002557.0
2023-04-28,000300.SH,3993.2561,4029.0858,1.0196347248916,179508488.0,328936294025.0
2023-05-04,000300.SH,4013.4713,4030.2471,0.028822915610291,227582846.0,345492506049.0
2023-05-05,000300.SH,4031.0946,4016.8774,-0.33173400211615,206626924.0,307694489937.0
2023-05-08,000300.SH,4028.1056,4062.6624,1.139815718548,255583085.0,359539954170.0
2023-05-09,000300.SH,4065.439,4027.8754,-0.85626115524638,279306048.0,396422120421.0
2023-05-10,000300.SH,4017.9358,3996.8695,-0.76978299775609,207552709.0,309484851741.0
2023-05-11,000300.SH,4005.7823,3990.6637,-0.15526651545665,144804619.0,241052071432.0
2023-05-12,000300.SH,3987.769,3937.7622,-1.3256316236319,144421728.0,228992923388.0
2023-05-15,000300.SH,3938.83,3998.8872,1.5522775854774,176257362.0,279531163508.0
2023-05-16,000300.SH,4002.5237,3978.2054,-0.51718888194696,136833271.0,234840652671.0
2023-05-17,000300.SH,3971.7017,3960.165,-0.45348085847955,118448185.0,205195685976.0
2023-05-18,000300.SH,3965.5162,3956.0701,-0.10340225722918,136533947.0,229134184413.0
2023-05-19,000300.SH,3946.2215,3944.5403,-0.29144579617029,120212479.0,207094944781.0
2023-05-22,000300.SH,3941.0015,3969.3277,0.62839768679762,109116605.0,202185550246.0
2023-05-23,000300.SH,3968.2346,3913.1882,-1.4143327092898,118685077.0,189955815340.0
2023-05-24,000300.SH,3903.7818,3859.0935,-1.3823689849622,137258265.0,211768410520.0
2023-05-25,000300.SH,3851.4053,3850.4996,-0.22269219442338,124150770.0,213313620055.0
2023-05-26,000300.SH,3848.4174,3850.9511,0.011725751120715,100326439.0,191537814873.0
2023-05-29,000300.SH,3862.0838,3833.9416,-0.44169607866483,131859967.0,230095604813.0
2023-05-30,000300.SH,3827.7924,3837.7531,0.099414659837275,137619629.0,244566265535.0
2023-05-31,000300.SH,3827.1634,3798.5434,-1.0216837555287,126387368.0,235606123948.0
2023-06-01,000300.SH,3788.5902,3806.8679,0.21914979304962,134561881.0,241829546409.0
2023-06-02,000300.SH,3821.6198,3861.8337,1.4438588741154,125015110.0,232696547131.0
2023-06-05,000300.SH,3860.5557,3844.2492,-0.45534068440078,116163989.0,211144360144.0
2023-06-06,000300.SH,3840.4587,3808.1629,-0.93870865603615,125781258.0,222091722592.0
2023-06-07,000300.SH,3815.4823,3789.3418,-0.49423043326218,98862432.0,189879792180.0
2023-06-08,000300.SH,3791.0826,3820.1867,0.81399096803566,118700934.0,199119300650.0
2023-06-09,000300.SH,3822.4088,3836.7026,0.43233227318445,134319863.0,247296087071.0
2023-06-12,000300.SH,3827.3253,3844.4324,0.20146987676345,126758543.0,240791270474.0
2023-06-13,000300.SH,3838.1287,3864.9074,0.53258837377398,110924946.0,225435215315.0
2023-06-14,000300.SH,3872.7155,3864.0247,-0.022838839554089,124955759.0,243932581184.0
2023-06-15,000300.SH,3871.7746,3925.4994,1.5909499750351,128369938.0,282635910894.0
2023-06-16,000300.SH,3932.2114,3963.3509,0.96424674017272,139760076.0,280374762838.0
2023-06-19,000300.SH,3957.0327,3930.9079,-0.81857500934373,134905848.0,268213068580.0
2023-06-20,000300.SH,3926.094,3924.2377,-0.16968599035353,122520318.0,266274081287.0
2023-06-21,000300.SH,3909.1044,3864.0323,-1.5341935071874,118346575.0,243630705592.0
2023-06-26,000300.SH,3833.4436,3809.6962,-1.4062020133734,133990419.0,247713845780.0
2023-06-27,000300.SH,3811.6872,3845.4334,0.93805905048282,116992681.0,210097713688.0
2023-06-28,000300.SH,3836.6086,3840.7986,-0.12052737670609,107021541.0,206187959877.0
2023-06-29,000300.SH,3836.7305,3821.8435,-0.49351975914593,98289274.0,204110031408.0
2023-06-30,000300.SH,3816.3345,3842.4516,0.53921883509882,101268429.0,208146272909.0
2023-07-03,000300.SH,3853.2919,3892.8821,1.3124563494827,133158051.0,256876520212.0
2023-07-04,000300.SH,3888.0328,3899.0133,0.1574977058771,109494527.0,216335611422.0
2023-07-05,000300.SH,3895.1945,3868.8054,-0.77475755212222,97636384.0,188400265051.0
2023-07-06,000300.SH,3857.0304,3842.7547,-0.67335255477053,100121842.0,184742420862.0
2023-07-07,000300.SH,3831.5955,3825.6988,-0.44384566103061,100906920.0,173918560673.0
2023-07-10,000300.SH,3841.5591,3844.3269,0.48692019350817,92033441.0,185360813111.0
2023-07-11,000300.SH,3853.7955,3869.4861,0.65445006770886,86510716.0,177585694368.0
2023-07-12,000300.SH,3864.6013,3843.4369,-0.67319533723096,111522024.0,214046519056.0
2023-07-13,000300.SH,3855.662,3898.4229,1.4306466173544,120300232.0,235278706835.0
2023-07-14,000300.SH,3904.6033,3899.1027,0.017437820817231,122364846.0,220230466523.0
2023-07-17,000300.SH,3881.6225,3867.1749,-0.81884993693549,98340144.0,174623552807.0
2023-07-18,000300.SH,3871.0444,3854.9393,-0.31639634400813,91438615.0,167104315117.0
2023-07-19,000300.SH,3848.4826,3850.8663,-0.10565665716189,79585700.0,151311481030.0
2023-07-20,000300.SH,3857.7725,3823.6946,-0.70559967246851,92042076.0,174320872140.0
2023-07-21,000300.SH,3816.9835,3821.91,-0.046672137466208,79507563.0,157144211209.0
2023-07-24,000300.SH,3803.3492,3805.221,-0.43666648351217,75483545.0,151448369566.0
2023-07-25,000300.SH,3866.6445,3915.1153,2.8879873205788,163066320.0,299853562168.0
2023-07-26,000300.SH,3908.174,3907.0128,-0.20695431370821,107881717.0,192912604792.0
2023-07-27,000300.SH,3914.2298,3902.3458,-0.11945187382032,110667109.0,196845425513.0
2023-07-28,000300.SH,3889.7929,3992.7376,2.3163452095916,179735481.0,310092467405.0
2023-07-31,000300.SH,4018.8895,4014.6301,0.54830800801936,199606830.0,366544120004.0
2023-08-01,000300.SH,4009.1831,3998.001,-0.41421250739887,142286859.0,255620773638.0
2023-08-02,000300.SH,3985.6951,3969.895,-0.70300132491213,125855690.0,204875690924.0
2023-08-03,000300.SH,3962.1296,4004.9839,0.88387476243075,129006640.0,224809824820.0
2023-08-04,000300.SH,4033.7239,4020.5792,0.38939732067337,178267189.0,316529733838.0
2023-08-07,000300.SH,4002.9677,3990.1531,-0.75675912565036,121310662.0,227090572751.0
2023-08-08,000300.SH,3980.0423,3979.7322,-0.26116541743724,109871699.0,202611335314.0
2023-08-09,000300.SH,3967.3566,3967.5652,-0.30572408867109,94640269.0,174394242765.0
2023-08-10,000300.SH,3962.8569,3975.7166,0.20545094003749,97176849.0,175646730198.0
2023-08-11,000300.SH,3977.9834,3884.2538,-2.300536210252,126082931.0,203546314647.0
2023-08-14,000300.SH,3840.8872,3855.9061,-0.72981070392465,115966336.0,197623765246.0
2023-08-15,000300.SH,3858.3662,3846.5357,-0.24301421655471,103097111.0,177437071693.0
2023-08-16,000300.SH,3830.8274,3818.3338,-0.73317660875993,94616946.0,169323869028.0
2023-08-17,000300.SH,3801.1969,3831.1008,0.33436050038371,98415493.0,174093848243.0
2023-08-18,000300.SH,3832.4554,3784.0038,-1.2293333550503,95549638.0,168445686988.0
2023-08-21,000300.SH,3773.225,3729.555,-1.438920330894,98708369.0,173379942907.0
2023-08-22,000300.SH,3748.0675,3758.2271,0.76878072585068,120318327.0,203463879672.0
2023-08-23,000300.SH,3751.7736,3696.6339,-1.6388897839622,97081638.0,160476231587.0
2023-08-24,000300.SH,3711.5403,3723.4293,0.7248594457785,119614521.0,196257391084.0
2023-08-25,000300.SH,3703.5136,3709.1517,-0.38345296364295,105182610.0,175601437173.0
2023-08-28,000300.SH,3911.5485,3752.6194,1.1719040771506,197990379.0,335047670967.0
2023-08-29,000300.SH,3743.0534,3790.1067,0.99896355063345,152486146.0,262134936751.0
2023-08-30,000300.SH,3803.1191,3788.5097,-0.042136016909491,129671661.0,226727480839.0
2023-08-31,000300.SH,3786.9261,3765.2678,-0.6134839776179,118961646.0,193577001342.0
2023-09-01,000300.SH,3778.9129,3791.4912,0.69645511004556,105319045.0,172219141586.0
2023-09-04,000300.SH,3812.9873,3848.9517,1.515511891469,142385201.0,237934727924.0
2023-09-05,000300.SH,3839.5779,3820.3174,-0.74395061907376,104052333.0,181377877955.0
2023-09-06,000300.SH,3808.1,3812.0283,-0.2169741184332,93442393.0,166081524007.0
2023-09-07,000300.SH,3802.2272,3758.4748,-1.404855782419,95103903.0,164405748828.0
2023-09-08,000300.SH,3747.6509,3739.9927,-0.49174468324226,71638166.0,129197657303.0
2023-09-11,000300.SH,3740.5846,3767.537,0.7364800471402,105358016.0,186871759441.0
2023-09-12,000300.SH,3764.3331,3760.6048,-0.1839981929839,79385378.0,140117510233.0
2023-09-13,000300.SH,3759.6091,3736.6513,-0.63695871472589,81576901.0,138238089913.0
2023-09-14,000300.SH,3736.9355,3733.5077,-0.084128802706313,100386075.0,151578100464.0
2023-09-15,000300.SH,3740.7853,3708.7766,-0.66240924051127,109395689.0,180398970938.0
2023-09-18,000300.SH,3698.9344,3727.711,0.51052953688285,86727741.0,156966973911.0
2023-09-19,000300.SH,3723.4244,3720.5021,-0.19338677274069,83199038.0,135216895229.0
2023-09-20,000300.SH,3715.9578,3705.6898,-0.3981263711691,75448209.0,117691805957.0
2023-09-21,000300.SH,3698.313,3672.4448,-0.89713391552633,83031005.0,135011796555.0
2023-09-22,000300.SH,3672.6402,3738.9327,1.8104533524915,110231166.0,192236467363.0
2023-09-25,000300.SH,3738.0622,3714.6037,-0.65069371267367,92596479.0,155793827362.0
2023-09-26,000300.SH,3711.7106,3692.8928,-0.58447419303438,78044525.0,137808437775.0
2023-09-27,000300.SH,3694.9607,3700.495,0.20586029467197,91629210.0,164790435266.0
2023-09-28,000300.SH,3711.2117,3689.5172,-0.29665760931984,85221719.0,153500421344.0
2023-10-09,000300.SH,3678.929,3684.7272,-0.12982728471899,102148058.0,178072374748.0
2023-10-10,000300.SH,3696.2542,3657.1259,-0.7490730928466,99163730.0,161938958925.0
2023-10-11,000300.SH,3674.7514,3667.5483,0.28498882141301,102091587.0,187667554127.0
2023-10-12,000300.SH,3697.9337,3702.3824,0.94979253579292,114363225.0,194598219817.0
2023-10-13,000300.SH,3677.9585,3663.4104,-1.0526195241205,98287987.0,170152309003.0
2023-10-16,000300.SH,3664.039,3626.5972,-1.004888777954,91853118.0,159537973598.0
2023-10-17,000300.SH,3635.2994,3639.4018,0.35307477764556,90745188.0,147056233347.0
2023-10-18,000300.SH,3631.0671,3610.5767,-0.79202851413658,94545879.0,158982356667.0
2023-10-19,000300.SH,3588.5154,3533.5445,-2.1335151251599,111737520.0,189194781844.0
2023-10-20,000300.SH,3518.3464,3510.5889,-0.64964796679368,98518605.0,169591289145.0
2023-10-23,000300.SH,3500.199,3474.2438,-1.0352992342681,96561652.0,152054894179.0
2023-10-24,000300.SH,3481.7644,3487.1302,0.37091236947735,115547289.0,186529203442.0
2023-10-25,000300.SH,3524.2965,3504.4576,0.49689569950672,128009617.0,203691741119.0
2023-10-26,000300.SH,3484.7807,3514.1448,0.27642508786523,105143566.0,176088467226.0
2023-10-27,000300.SH,3501.171,3562.3851,1.3727465072014,120225108.0,224301960437.0
2023-10-30,000300.SH,3554.1055,3583.7718,0.60034778384852,144010426.0,242973328094.0
2023-10-31,000300.SH,3581.6759,3572.5056,-0.31436711455791,112587267.0,196317658324.0
2023-11-01,000300.SH,3605.7576,3571.0268,-0.041393916919259,97645538.0,182943566435.0
2023-11-02,000300.SH,3580.0672,3554.1889,-0.47151424346633,90359643.0,149465055434.0
2023-11-03,000300.SH,3558.5303,3584.1364,0.84259730820722,97542101.0,165865989200.0
2023-11-06,000300.SH,3608.3187,3632.6084,1.3524038873074,152982463.0,254465948110.0
2023-11-07,000300.SH,3623.7849,3619.7593,-0.35371552848911,110288591.0,190433605311.0
2023-11-08,000300.SH,3610.6434,3611.0723,-0.2399883329259,110594230.0,192594372353.0
2023-11-09,000300.SH,3603.1082,3612.8263,0.048572829738146,111872057.0,189355228592.0
2023-11-10,000300.SH,3596.0688,3586.4893,-0.72898605725938,102107034.0,166924677328.0
2023-11-13,000300.SH,3593.9109,3579.4141,-0.19727369603473,96707649.0,164821249625.0
2023-11-14,000300.SH,3581.1034,3582.0584,0.073875218852156,100884158.0,165935163426.0
2023-11-15,000300.SH,3616.8765,3607.2454,0.70314319833535,104929218.0,188932150501.0
2023-11-16,000300.SH,3600.9813,3572.3641,-0.96697884762706,87464780.0,146629217158.0
2023-11-17,000300.SH,3561.3112,3568.0685,-0.12024530198363,87319207.0,139621898705.0
2023-11-20,000300.SH,3569.7314,3576.3233,0.2313520606457,91080445.0,157449634694.0
2023-11-21,000300.SH,3587.8779,3581.0674,0.13265299588546,108594314.0,175922105930.0
2023-11-22,000300.SH,3569.4389,3544.4162,-1.023471381745,84784381.0,136041195539.0
2023-11-23,000300.SH,3541.4416,3561.5204,0.48256748177598,84800167.0,141499811491.0
2023-11-24,000300.SH,3560.6462,3538.0087,-0.66015907138985,85018403.0,140101998555.0
2023-11-27,000300.SH,3534.4445,3511.9424,-0.7367505908055,99102314.0,155975437036.0
2023-11-28,000300.SH,3510.6554,3518.5232,0.18738348328265,89335789.0,147740535862.0
2023-11-29,000300.SH,3518.8836,3488.3073,-0.85876654159905,98841412.0,155948235976.0
2023-11-30,000300.SH,3485.5171,3496.2028,0.22634187074058,101350820.0,153790180653.0
2023-12-01,000300.SH,3494.2234,3482.8813,-0.38102766807463,108530941.0,176078323469.0
2023-12-04,000300.SH,3481.0449,3460.138,-0.65300244369511,97156826.0,164664395293.0
2023-12-05,000300.SH,3450.0898,3394.2571,-1.9039963145979,100472007.0,164840691112.0
2023-12-06,000300.SH,3387.8798,3399.598,0.1573510739655,105805519.0,172142987725.0
2023-12-07,000300.SH,3394.3064,3391.2823,-0.24460833310292,97713248.0,160949948197.0
2023-12-08,000300.SH,3391.8585,3399.4618,0.2411919526723,129522054.0,203034222561.0
2023-12-11,000300.SH,3378.0517,3419.4548,0.58812250809819,139626249.0,219761181423.0
2023-12-12,000300.SH,3409.9976,3426.803,0.21489390647889,105590013.0,166979964780.0
2023-12-13,000300.SH,3418.6413,3369.605,-1.6691359264014,95285367.0,165455928376.0
2023-12-14,000300.SH,3387.3847,3351.9639,-0.52353614147652,83655135.0,150245775736.0
2023-12-15,000300.SH,3365.9388,3341.5517,-0.31062983703375,97787783.0,164907019372.0
2023-12-18,000300.SH,3329.191,3329.3657,-0.36468087565427,90526826.0,142303319419.0
2023-12-19,000300.SH,3325.6596,3334.0412,0.14043215498977,83808118.0,135293655396.0
2023-12-20,000300.SH,3334.332,3297.5022,-1.095937266762,92412868.0,141290542802.0
2023-12-21,000300.SH,3285.6049,3330.8698,1.0119053142709,102546198.0,171120780580.0
2023-12-22,000300.SH,3329.4668,3337.2281,0.19089007922195,105220133.0,167336342309.0
2023-12-25,000300.SH,3330.3333,3347.4508,0.30632308292023,74542693.0,121838327071.0
2023-12-26,000300.SH,3345.3952,3324.7902,-0.67695095025744,74732935.0,121689997435.0
2023-12-27,000300.SH,3326.9267,3336.3572,0.34790165105756,94403928.0,140924923675.0
2023-12-28,000300.SH,3335.5572,3414.5403,2.343367191019,148064851.0,245855634464.0
2023-12-29,000300.SH,3411.1094,3431.1099,0.48526590826882,114928932.0,193573180515.0
2024-01-02,000300.SH,3426.2684,3386.3522,-1.3044671055276,116180726.0,184096097449.0
2024-01-03,000300.SH,3379.7501,3378.2971,-0.23786952816072,105613851.0,165099018643.0
2024-01-04,000300.SH,3375.0207,3347.0519,-0.9248801711371,106721013.0,165512262699.0
2024-01-05,000300.SH,3341.3061,3329.1114,-0.53600901736839,126400574.0,182251664948.0
2024-01-08,000300.SH,3322.6051,3286.0564,-1.2932880527819,117429485.0,170761644873.0
2024-01-09,000300.SH,3286.7083,3292.4994,0.19607088910587,109330465.0,172276323045.0
2024-01-10,000300.SH,3281.6692,3277.129,-0.46683076084996,94199366.0,159777649838.0
2024-01-11,000300.SH,3275.3086,3295.6717,0.56582148581884,108789735.0,180978533556.0
2024-01-12,000300.SH,3284.358,3284.1667,-0.34909423775431,96853555.0,156536022292.0
2024-01-15,000300.SH,3270.1029,3280.9195,-0.098874396357537,88851530.0,144331722431.0
2024-01-16,000300.SH,3272.571,3300.8762,0.60826545729026,113276665.0,175650587489.0
2024-01-17,000300.SH,3291.1392,3229.082,-2.1750043215798,108769728.0,173516385175.0
2024-01-18,000300.SH,3214.2844,3274.7286,1.4136091929533,174909168.0,256784536828.0
2024-01-19,000300.SH,3261.2393,3269.7763,-0.15122779945794,118501408.0,191261807099.0
2024-01-22,000300.SH,3262.4685,3218.9016,-1.5559076625517,148705628.0,225510031844.0
2024-01-23,000300.SH,3208.4316,3231.9329,0.40483685490727,122012000.0,193791168624.0
2024-01-24,000300.SH,3245.9592,3277.1089,1.3978012971742,154371954.0,219036341625.0
2024-01-25,000300.SH,3274.3391,3342.9189,2.008172508396,196833614.0,265521114954.0
2024-01-26,000300.SH,3326.6465,3333.8213,-0.27214539963862,180664005.0,238144899501.0
2024-01-29,000300.SH,3335.3936,3303.9604,-0.89569587908027,184164795.0,244698013593.0
2024-01-30,000300.SH,3283.8977,3245.0387,-1.7833658054739,143649350.0,199592929912.0
2024-01-31,000300.SH,3231.5425,3215.3518,-0.91483962887716,153143469.0,215333349921.0
2024-02-01,000300.SH,3202.2564,3217.7109,0.0733698875501,145516792.0,203815063233.0
2024-02-02,000300.SH,3219.8734,3179.6276,-1.1835525683802,173758089.0,234495151557.0
2024-02-05,000300.SH,3164.25,3200.4218,0.65398224622281,203042970.0,279713141507.0
2024-02-06,000300.SH,3185.2498,3311.6922,3.4767417219818,202713099.0,285042020946.0
2024-02-07,000300.SH,3314.0306,3343.6303,0.96440424022498,216647933.0,297997664575.0
2024-02-08,000300.SH,3351.4052,3364.9297,0.63701420578706,189977578.0,270239765211.0
2024-02-19,000300.SH,3393.1916,3403.8078,1.1553911512624,183319800.0,267674145147.0
2024-02-20,000300.SH,3395.1916,3410.8542,0.20701521396126,140734581.0,218459281946.0
2024-02-21,000300.SH,3390.3619,3456.8713,1.3491371164443,188879362.0,291823544608.0
2024-02-22,000300.SH,3450.3518,3486.6747,0.86214953967191,141020784.0,225098128873.0
2024-02-23,000300.SH,3491.3367,3489.7416,0.087960600396699,144821273.0,232926057114.0
2024-02-26,000300.SH,3485.5427,3453.3585,-1.0425728942223,151248331.0,238951637715.0
2024-02-27,000300.SH,3440.0516,3494.7874,1.199669828661,139528246.0,244488721251.0
2024-02-28,000300.SH,3499.8257,3450.2598,-1.2741147000816,189837548.0,328300591256.0
2024-02-29,000300.SH,3437.8984,3516.0826,1.9077635834844,155944532.0,281971899288.0
2024-03-01,000300.SH,3515.0587,3537.8038,0.61776705700827,162709570.0,288575619225.0
2024-03-04,000300.SH,3538.366,3540.8686,0.086630016056844,163244613.0,297719931809.0
2024-03-05,000300.SH,3524.9644,3565.5143,0.69603543040259,166422389.0,299895929709.0
2024-03-06,000300.SH,3556.5323,3551.0481,-0.4057254797716,143076613.0,248294165707.0
2024-03-07,000300.SH,3548.1007,3529.7195,-0.60062830464053,148110510.0,251839533036.0
2024-03-08,000300.SH,3529.5509,3544.9099,0.4303571431101,125792664.0,225379101014.0
2024-03-11,000300.SH,3545.9427,3589.2635,1.2511911797815,148202825.0,286418582155.0
2024-03-12,000300.SH,3592.5826,3597.4939,0.22930609580489,180685560.0,339997042337.0
2024-03-13,000300.SH,3594.4211,3572.361,-0.69862244936677,144590590.0,266898756380.0
2024-03-14,000300.SH,3571.7885,3562.2229,-0.28379270739994,140962722.0,263803609335.0
2024-03-15,000300.SH,3554.9068,3569.993,0.21812503647651,138316044.0,243991558366.0
2024-03-18,000300.SH,3577.0564,3603.528,0.93935758417453,160379438.0,295314840611.0
2024-03-19,000300.SH,3593.3396,3577.6303,-0.71867625282778,145571786.0,259553448413.0
2024-03-20,000300.SH,3568.7158,3585.3838,0.21672166629403,129528966.0,223752103886.0
2024-03-21,000300.SH,3593.07,3581.0902,-0.11975286997169,130743377.0,233162492630.0
2024-03-22,000300.SH,3571.2736,3545.0023,-1.007735018794,139227358.0,248850931022.0
2024-03-25,000300.SH,3536.7136,3525.7634,-0.54270486651025,137015724.0,233747256235.0
2024-03-26,000300.SH,3526.6818,3543.7467,0.51005407793388,126209535.0,226730734844.0
2024-03-27,000300.SH,3538.7244,3502.7866,-1.1558416407132,128626763.0,216404726566.0
2024-03-28,000300.SH,3498.482,3520.9648,0.51896395858087,143334717.0,232530806335.0
2024-03-29,000300.SH,3516.883,3537.4843,0.46917538056614,128643290.0,201749384357.0
2024-04-01,000300.SH,3551.5815,3595.6466,1.6441712546965,162776561.0,251637272845.0
2024-04-02,000300.SH,3593.2206,3580.6759,-0.4163562681605,141272972.0,220207515543.0
2024-04-03,000300.SH,3578.6835,3567.8031,-0.35950754437172,135592331.0,214222897580.0
2024-04-08,000300.SH,3553.5554,3536.4077,-0.87996448010261,155304283.0,243249251687.0
2024-04-09,000300.SH,3533.3849,3533.4871,-0.082586631626223,129670942.0,195893525575.0
2024-04-10,000300.SH,3528.9679,3504.7086,-0.81445040509699,128790274.0,199754768626.0
2024-04-11,000300.SH,3485.0294,3504.2447,-0.013236478490672,126534395.0,200293481886.0
2024-04-12,000300.SH,3505.7499,3475.8389,-0.81061119961172,128921116.0,208566204703.0
2024-04-15,000300.SH,3473.5047,3549.0759,2.1070309098618,183941250.0,267472484531.0
2024-04-16,000300.SH,3533.3636,3511.1146,-1.0696108246093,176153065.0,253315972272.0
2024-04-17,000300.SH,3509.1318,3565.403,1.5461870711939,168466398.0,244987812753.0
2024-04-18,000300.SH,3550.5562,3569.8018,0.12337455261019,178574105.0,261329927268.0
2024-04-19,000300.SH,3550.6087,3541.6619,-0.78827625668182,147281505.0,226229520121.0
2024-04-22,000300.SH,3536.1844,3530.9045,-0.30373876173781,150579042.0,229511183118.0
2024-04-23,000300.SH,3525.6681,3506.2249,-0.6989597141469,143113504.0,213257232211.0
2024-04-24,000300.SH,3514.0108,3521.6219,0.43913326837648,121739851.0,195299919746.0
2024-04-25,000300.SH,3510.6396,3530.2813,0.2458923827115,115187722.0,184524622001.0
2024-04-26,000300.SH,3531.9647,3584.2686,1.5292634045904,197216133.0,308045062251.0
2024-04-29,000300.SH,3584.5427,3623.9124,1.1060499204775,222721381.0,358709708838.0
2024-04-30,000300.SH,3619.2586,3604.3943,-0.53859193726648,191296899.0,286674161758.0
2024-05-06,000300.SH,3654.0485,3657.8767,1.4838110247816,208018007.0,333270472130.0
2024-05-07,000300.SH,3657.0007,3659.0076,0.030916843096437,164834286.0,247368347983.0
2024-05-08,000300.SH,3650.7484,3630.2233,-0.78666958767727,130035336.0,199923460350.0
2024-05-09,000300.SH,3630.4142,3664.561,0.94588396256506,146559017.0,232694927941.0
2024-05-10,000300.SH,3669.0869,3666.2771,0.046829620246454,150720536.0,233730562075.0
2024-05-13,000300.SH,3646.3491,3664.6907,-0.043270051791767,157267455.0,249688465073.0
2024-05-14,000300.SH,3668.2254,3657.0454,-0.20862060746355,133406490.0,214643548214.0
2024-05-15,000300.SH,3651.0536,3626.0559,-0.84739172229035,123522764.0,191480969435.0
2024-05-16,000300.SH,3636.6007,3640.3592,0.39445889402863,154630503.0,240288953464.0
2024-05-17,000300.SH,3638.5613,3677.9696,1.0331507945699,164570417.0,247729525192.0
2024-05-20,000300.SH,3682.0615,3690.9623,0.35325740593398,184609423.0,279971341520.0
2024-05-21,000300.SH,3682.2868,3676.1611,-0.40101195289912,130678283.0,196575354878.0
2024-05-22,000300.SH,3675.6471,3684.451,0.22550426312928,151914605.0,230839373505.0
2024-05-23,000300.SH,3672.8403,3641.7917,-1.1578197131676,142572990.0,214205039031.0
2024-05-24,000300.SH,3630.827,3601.4754,-1.1070457434455,124791177.0,195344742156.0
2024-05-27,000300.SH,3606.645,3635.7079,0.95051322577408,131272644.0,206143742536.0
2024-05-28,000300.SH,3633.2535,3609.1724,-0.72985786344387,123532238.0,184381267979.0
2024-05-29,000300.SH,3609.0708,3613.5223,0.12052347513242,115906321.0,179072813278.0
2024-05-30,000300.SH,3607.0522,3594.3121,-0.53161979932987,122602995.0,193069647051.0
2024-05-31,000300.SH,3599.8196,3579.9247,-0.40028243512855,112462019.0,180707602932.0
2024-06-03,000300.SH,3577.3798,3588.7483,0.24647445796835,141054591.0,222756928174.0
2024-06-04,000300.SH,3583.8104,3615.6714,0.75020864517024,124545096.0,195790966234.0
2024-06-05,000300.SH,3610.3601,3594.7936,-0.57742526049243,110906766.0,182639598875.0
2024-06-06,000300.SH,3602.1554,3592.2454,-0.070885850024885,137893517.0,226764072639.0
2024-06-07,000300.SH,3594.6335,3574.1143,-0.50472888071621,131103026.0,213001530098.0
2024-06-11,000300.SH,3555.8186,3542.8771,-0.87398436026514,134522306.0,219282337214.0
2024-06-12,000300.SH,3539.0947,3544.1225,0.035152221340102,122813729.0,200722600631.0
2024-06-13,000300.SH,3548.2162,3526.1306,-0.50765457458087,123245462.0,214792338449.0
2024-06-14,000300.SH,3514.7998,3541.5331,0.43681025314264,171516942.0,283768816845.0
2024-06-17,000300.SH,3521.4365,3536.1986,-0.15062685705239,137433438.0,232293851894.0
2024-06-18,000300.SH,3533.4875,3545.5902,0.26558463090845,123671838.0,208824124156.0
2024-06-19,000300.SH,3543.3599,3528.749,-0.47499003127886,106642797.0,184790298729.0
2024-06-20,000300.SH,3525.1687,3503.2817,-0.72170902492639,111617396.0,186515776575.0
2024-06-21,000300.SH,3496.3428,3495.6198,-0.21870636323651,109186615.0,182736735067.0
2024-06-24,000300.SH,3473.6392,3476.8102,-0.53809055550034,117990184.0,195787549314.0
2024-06-25,000300.SH,3475.1648,3457.9023,-0.54382893837575,118448118.0,190886336762.0
2024-06-26,000300.SH,3451.5389,3480.2648,0.64670710910484,105898861.0,171538111702.0
2024-06-27,000300.SH,3467.2888,3454.1175,-0.75130202736298,114918101.0,174112508796.0
2024-06-28,000300.SH,3443.6744,3461.657,0.21827572455194,135409153.0,205118806812.0
2024-07-01,000300.SH,3458.2636,3478.1827,0.47739276306115,121829770.0,188018227775.0
2024-07-02,000300.SH,3472.4527,3471.7857,-0.18391788332453,121650121.0,186104752422.0
2024-07-03,000300.SH,3471.5556,3463.4141,-0.24113239477886,103857108.0,163035359363.0
2024-07-04,000300.SH,3468.2958,3445.8128,-0.50820662767412,104429909.0,159477153570.0
2024-07-05,000300.SH,3443.3588,3431.0605,-0.42812250276626,116609659.0,181416567403.0
2024-07-08,000300.SH,3420.8033,3401.7604,-0.85396628826568,115528218.0,177559765828.0
2024-07-09,000300.SH,3396.8044,3439.8111,1.1185590848785,131629443.0,215048837820.0
2024-07-10,000300.SH,3425.8818,3428.9657,-0.31529056929899,127203456.0,198149476849.0
2024-07-11,000300.SH,3451.0442,3468.169,1.1432981088146,145892466.0,237551298482.0
2024-07-12,000300.SH,3459.9564,3472.4014,0.12203557554434,130874589.0,205055553856.0
2024-07-15,000300.SH,3462.6113,3476.2467,0.11073892551708,118517083.0,171584915380.0
2024-07-16,000300.SH,3466.8523,3498.2827,0.63390207605231,120659017.0,200456285078.0
2024-07-17,000300.SH,3494.209,3501.5836,0.0943577258636,131802062.0,222830802528.0
2024-07-18,000300.SH,3483.2975,3520.931,0.55253285970382,123768199.0,215783795703.0
2024-07-19,000300.SH,3500.8052,3539.0156,0.51363119583997,132447975.0,228065104129.0
2024-07-22,000300.SH,3538.4012,3514.9249,-0.68071754190629,132126337.0,217457320404.0
2024-07-23,000300.SH,3509.7887,3439.8779,-2.1350954041721,128897660.0,202857560169.0
2024-07-24,000300.SH,3432.3459,3418.1663,-0.63117356578267,127036263.0,184884499787.0
2024-07-25,000300.SH,3404.611,3399.2716,-0.55277298825396,131022242.0,190131464835.0
2024-07-26,000300.SH,3403.7084,3409.2931,0.29481315938391,124195558.0,187853329478.0
2024-07-29,000300.SH,3404.3663,3390.742,-0.54413332781507,109787786.0,166697103823.0
2024-07-30,000300.SH,3380.6893,3369.3821,-0.62994766337281,104952164.0,165442824490.0
2024-07-31,000300.SH,3364.0268,3442.0844,2.1577339061664,171959177.0,258249147336.0
2024-08-01,000300.SH,3443.1397,3419.2666,-0.66290646446671,136323464.0,206038002518.0
2024-08-02,000300.SH,3393.9167,3384.3919,-1.0199467920986,116615255.0,179671192428.0
2024-08-05,000300.SH,3362.1117,3343.3205,-1.2135533121918,142812516.0,223631266563.0
2024-08-06,000300.SH,3367.3517,3342.9789,-0.010217387175407,119340279.0,181724693848.0
2024-08-07,000300.SH,3338.5909,3341.489,-0.044568034814699,95084377.0,145078975326.0
2024-08-08,000300.SH,3332.4281,3342.9369,0.043330982086133,92495695.0,149482926227.0
2024-08-09,000300.SH,3358.128,3331.6274,-0.33831030433151,91511626.0,142852166559.0
2024-08-12,000300.SH,3327.5561,3325.8645,-0.17297552541439,79938754.0,117544892727.0
2024-08-13,000300.SH,3328.0138,3334.3903,0.25634838701336,84489679.0,125259155343.0
2024-08-14,000300.SH,3332.7866,3309.2389,-0.75430281811941,78742407.0,118181952004.0
2024-08-15,000300.SH,3301.4455,3341.953,0.98856870079704,104766399.0,149249335426.0
2024-08-16,000300.SH,3342.0346,3345.634,0.11014517559044,96519083.0,135885323083.0
2024-08-19,000300.SH,3344.2614,3356.9677,0.33876090451018,105571110.0,143421671337.0
2024-08-20,000300.SH,3361.6394,3332.7034,-0.72280409489791,101668331.0,137910585092.0
2024-08-21,000300.SH,3322.9134,3321.635,-0.33211476304791,89954751.0,130005992563.0
2024-08-22,000300.SH,3322.8723,3313.1357,-0.25587700033268,100366504.0,147702791561.0
2024-08-23,000300.SH,3305.9307,3327.1905,0.42421443830388,89525774.0,132680886500.0
2024-08-26,000300.SH,3330.7184,3324.2231,-0.089186357078141,93990772.0,139070603958.0
2024-08-27,000300.SH,3315.686,3305.3338,-0.56823201788112,95808157.0,129755962864.0
2024-08-28,000300.SH,3298.9089,3286.4956,-0.56993336043699,92696650.0,135982310965.0
2024-08-29,000300.SH,3273.541,3277.6812,-0.26820057206224,130702333.0,174340106393.0
2024-08-30,000300.SH,3273.7532,3321.4323,1.3348186516736,188695443.0,268376041211.0
2024-09-02,000300.SH,3307.5432,3265.011,-1.6987038995195,147612353.0,194409996348.0
2024-09-03,000300.SH,3261.741,3273.4282,0.25780005029079,122897306.0,155089488535.0
2024-09-04,000300.SH,3253.898,3252.1649,-0.64957282398922,104832482.0,140070063077.0
2024-09-05,000300.SH,3252.96,3257.7578,0.17197467446991,97109450.0,134618198894.0
2024-09-06,000300.SH,3261.1542,3231.3457,-0.81074473983302,88400417.0,121541545906.0
2024-09-09,000300.SH,3214.7996,3192.9516,-1.1881768020054,108673069.0,146516054461.0
2024-09-10,000300.SH,3193.4557,3195.7552,0.087805903478154,97290078.0,133610476132.0
2024-09-11,000300.SH,3187.0508,3186.1299,-0.30119015373894,102482110.0,141513837135.0
2024-09-12,000300.SH,3189.4271,3172.4747,-0.42858265132252,92868657.0,136387244637.0
2024-09-13,000300.SH,3174.0344,3159.247,-0.41695210366848,88336677.0,137448911397.0
2024-09-18,000300.SH,3158.8179,3171.0102,0.37234189033021,84722814.0,123452147969.0
2024-09-19,000300.SH,3178.3959,3196.0357,0.78919645228513,125439272.0,181785109713.0
2024-09-20,000300.SH,3192.4322,3201.0497,0.15688185210197,118064098.0,163985054957.0
2024-09-23,000300.SH,3200.8678,3212.7639,0.36594870738808,95344855.0,143876166861.0
2024-09-24,000300.SH,3244.6468,3351.909,4.3310091974079,204072217.0,307879526848.0
2024-09-25,000300.SH,3403.7021,3401.533,1.4804697860234,241564255.0,356862584940.0
2024-09-26,000300.SH,3399.3188,3545.3204,4.2271352357893,243134010.0,373983643045.0
2024-09-27,000300.SH,3617.9203,3703.6849,4.4668600332991,265487774.0,466692757482.0
2024-09-30,000300.SH,3846.6515,4017.8545,8.4826222662732,510217707.0,862528807419.0
2024-10-08,000300.SH,4450.3675,4256.0962,5.9295751003427,589867894.0,1130387437130.0
2024-10-09,000300.SH,4168.8436,3955.9839,-7.0513514238705,482269295.0,1029032062193.0
2024-10-10,000300.SH,3979.6116,3997.7879,1.0567282642379,395053099.0,717952217513.0
2024-10-11,000300.SH,3969.7576,3887.167,-2.7670527493467,274096505.0,484998267296.0
2024-10-14,000300.SH,3915.2186,3961.3424,1.908212330471,307578993.0,534076602216.0
2024-10-15,000300.SH,3942.5342,3855.9949,-2.6593888980665,242486448.0,434410916724.0
2024-10-16,000300.SH,3806.1373,3831.589,-0.63293392841366,218866407.0,377301324426.0
2024-10-17,000300.SH,3853.841,3788.2217,-1.1318359041118,212313820.0,369170521635.0
2024-10-18,000300.SH,3780.3143,3925.234,3.616797295681,312958834.0,620673701894.0
2024-10-21,000300.SH,3946.9016,3935.1974,0.25382945322496,291185634.0,600109598949.0
2024-10-22,000300.SH,3923.7443,3957.7755,0.57374758379339,223433396.0,442881846814.0
2024-10-23,000300.SH,3955.3191,3973.2089,0.38995137546331,245873949.0,469120806272.0
2024-10-24,000300.SH,3950.8987,3928.8334,-1.1168680307748,174724062.0,340486884485.0
2024-10-25,000300.SH,3931.3205,3956.421,0.70218299406638,210694885.0,412231378430.0
2024-10-28,000300.SH,3953.1063,3964.1569,0.19552772568946,216160415.0,390450182338.0
2024-10-29,000300.SH,3970.008,3924.649,-0.99662805980258,217293984.0,429625020405.0
2024-10-30,000300.SH,3904.1595,3889.4487,-0.89690313707035,219436626.0,385010582233.0
2024-10-31,000300.SH,3888.4229,3891.0396,0.040902969102026,300636718.0,515533818945.0
2024-11-01,000300.SH,3882.4579,3890.0203,-0.026196083946304,307986481.0,476472952028.0
2024-11-04,000300.SH,3897.7144,3944.7619,1.4072317308987,229239060.0,381048606068.0
2024-11-05,000300.SH,3937.6228,4044.5725,2.5302059422142,316862794.0,580971852724.0
2024-11-06,000300.SH,4051.2891,4024.2831,-0.50164510587955,335807938.0,639124093912.0
2024-11-07,000300.SH,3987.2665,4145.6952,3.0169870504389,341436414.0,658145920948.0
2024-11-08,000300.SH,4192.0794,4104.047,-1.0046131707898,332350385.0,688446559772.0
2024-11-11,000300.SH,4066.9336,4131.1312,0.65993883598312,289594227.0,625605935910.0
2024-11-12,000300.SH,4133.3528,4085.743,-1.0986869649649,297778086.0,660380524821.0
2024-11-13,000300.SH,4059.5898,4110.8901,0.61548413593316,240484099.0,512734303119.0
2024-11-14,000300.SH,4101.2228,4039.6191,-1.7337121223455,230152784.0,464157560755.0
2024-11-15,000300.SH,4025.6482,3968.8308,-1.7523508590203,247399463.0,474079686588.0
2024-11-18,000300.SH,3982.1036,3950.3806,-0.46487746466794,306777946.0,472408054831.0
2024-11-19,000300.SH,3954.6038,3976.8912,0.67108976790743,242946465.0,402610970340.0
2024-11-20,000300.SH,3966.1238,3985.7727,0.22332770883951,184599372.0,347577693100.0
2024-11-21,000300.SH,3979.4554,3989.2979,0.088444581900018,166125927.0,324235010779.0
2024-11-22,000300.SH,3984.2435,3865.6989,-3.0982644840838,216285809.0,397566831848.0
2024-11-25,000300.SH,3875.6126,3848.0909,-0.45549331325313,190702953.0,349006773180.0
2024-11-26,000300.SH,3836.259,3840.1847,-0.20545772450439,149892441.0,264403254830.0
2024-11-27,000300.SH,3829.3442,3907.0447,1.7410620900604,174136096.0,320632355477.0
2024-11-28,000300.SH,3904.2525,3872.5505,-0.88287190571431,150117291.0,286432871224.0
2024-11-29,000300.SH,3869.8903,3916.5832,1.1370465020405,187656713.0,375262017919.0
2024-12-02,000300.SH,3909.7029,3947.632,0.79275221320461,197289784.0,368591235991.0
2024-12-03,000300.SH,3946.7034,3951.8912,0.10789252898953,182496867.0,327295048701.0
2024-12-04,000300.SH,3948.13,3930.5568,-0.53985291902774,174626318.0,312040419082.0
2024-12-05,000300.SH,3916.5638,3921.5881,-0.22817886768612,138534038.0,257716297997.0
2024-12-06,000300.SH,3923.8954,3973.1405,1.3145796724546,192057907.0,351751735425.0
2024-12-09,000300.SH,3970.6628,3966.5708,-0.16535282354097,175959958.0,308227216703.0
2024-12-10,000300.SH,4094.05,3995.6369,0.73277653332193,253463795.0,487278042807.0
2024-12-11,000300.SH,3988.0179,3988.8308,-0.17033830076001,177252846.0,310713317895.0
2024-12-12,000300.SH,3987.1525,4028.5048,0.99462729780366,181621777.0,333667518401.0
2024-12-13,000300.SH,4000.9854,3933.1808,-2.3662377167827,230353079.0,421478609274.0
2024-12-16,000300.SH,3930.7807,3911.8416,-0.54254307353478,178511251.0,327619081581.0
2024-12-17,000300.SH,3908.1263,3922.0334,0.26053713422342,160939090.0,306037370847.0
2024-12-18,000300.SH,3934.5425,3941.89,0.50628329682251,157738321.0,276825381224.0
2024-12-19,000300.SH,3911.8901,3945.4635,0.090654483001808,161081040.0,321771606933.0
2024-12-20,000300.SH,3937.4722,3927.7441,-0.44910819730052,154986496.0,332143276398.0
2024-12-23,000300.SH,3928.1493,3933.5718,0.14837270075717,190067362.0,354063425209.0
2024-12-24,000300.SH,3934.9422,3983.6882,1.2740685196086,161494589.0,310384873294.0
2024-12-25,000300.SH,3987.9557,3985.6291,0.048721182546366,159390747.0,299295145793.0
2024-12-26,000300.SH,3981.7317,3987.4801,0.046441852805624,143425286.0,305769929403.0
2024-12-27,000300.SH,3987.0189,3981.0307,-0.16174124605664,169268666.0,345011075199.0
2024-12-30,000300.SH,3976.7004,3999.0549,0.45275209759122,164612485.0,322699390192.0
2024-12-31,000300.SH,3995.8705,3934.9109,-1.6039789801335,183928397.0,347880439530.0
2025-01-02,000300.SH,3931.8155,3820.3952,-2.9102488699299,217898724.0,388636586639.0
2025-01-03,000300.SH,3825.2426,3775.1648,-1.1839194018462,175342676.0,304322755436.0
2025-01-06,000300.SH,3775.9902,3768.9697,-0.16410144531968,150946670.0,262803541116.0
2025-01-07,000300.SH,3760.866,3796.1055,0.71997925586932,146455779.0,266855795347.0
2025-01-08,000300.SH,3781.261,3789.2153,-0.18150707349941,169166968.0,300965725433.0
2025-01-09,000300.SH,3780.7341,3779.8773,-0.24643624763153,129794002.0,251486002820.0
2025-01-10,000300.SH,3778.8928,3732.4806,-1.253921655076,137523171.0,275354209064.0
2025-01-13,000300.SH,3704.4442,3722.513,-0.26705028286014,136446199.0,247861953197.0
2025-01-14,000300.SH,3728.5561,3820.5395,2.6333420460855,170664657.0,345461480064.0
2025-01-15,000300.SH,3810.0353,3796.026,-0.64162404288714,141475520.0,278850595532.0
2025-01-16,000300.SH,3812.1935,3800.3836,0.1147937342895,144505871.0,305734630771.0
2025-01-17,000300.SH,3788.3729,3812.3429,0.31468665426301,126621961.0,265437489594.0
2025-01-20,000300.SH,3835.3042,3829.6764,0.45466791562741,139581277.0,292175449109.0
2025-01-21,000300.SH,3850.3563,3832.6145,0.076719275811405,141218406.0,285073351693.0
2025-01-22,000300.SH,3823.9447,3797.0166,-0.92881504257734,137255062.0,298745637551.0
2025-01-23,000300.SH,3829.0462,3803.7439,0.17717331022466,180569551.0,345198071114.0
2025-01-24,000300.SH,3793.8498,3832.8637,0.76555627207184,148971722.0,296474375469.0
2025-01-27,000300.SH,3836.9578,3817.0802,-0.41179392838832,146670772.0,282940127540.6
2025-02-05,000300.SH,3844.6998,3795.0848,-0.57623625513553,157168308.0,346016202025.0
2025-02-06,000300.SH,3789.6086,3842.8314,1.2581168146757,167288176.0,371891971101.0
2025-02-07,000300.SH,3844.0574,3892.7028,1.2977774668959,221857707.0,487381557078.0
2025-02-10,000300.SH,3898.1023,3901.0618,0.21473511925955,188903040.0,384968342874.0
2025-02-11,000300.SH,3905.1594,3883.1352,-0.45953129991429,166574909.0,337866056116.0
2025-02-12,000300.SH,3875.9596,3919.8617,0.94579503695879,164228540.0,354830596298.0
2025-02-13,000300.SH,3913.9044,3905.1398,-0.3755719238768,172485874.0,376473453307.0
2025-02-14,000300.SH,3900.8274,3939.0085,0.86728521217089,172976452.0,360974236854.0
2025-02-17,000300.SH,3954.4147,3947.3983,0.21299268584975,213588246.0,430929575563.0
2025-02-18,000300.SH,3942.5761,3912.7829,-0.87691682899087,209425101.0,400186229941.0
2025-02-19,000300.SH,3906.2201,3940.1602,0.69968870493683,182829517.0,363680372563.0
2025-02-20,000300.SH,3934.6503,3928.8959,-0.28588431505906,163895236.0,325972429363.0
2025-02-21,000300.SH,3938.0518,3978.444,1.2611202042793,227400330.0,504645493577.0
2025-02-24,000300.SH,3972.4831,3969.7169,-0.2193596290409,220810618.0,455088749685.0
2025-02-25,000300.SH,3933.636,3925.6505,-1.1100640451212,178108580.0,377981451250.0
2025-02-26,000300.SH,3931.842,3959.9413,0.87350618706377,191062501.0,386458193763.0
2025-02-27,000300.SH,3961.0635,3968.1159,0.20643235292401,202887963.0,428272792668.0
2025-02-28,000300.SH,3950.1866,3890.0487,-1.9673618908157,198104147.0,420308043450.0
2025-03-03,000300.SH,3899.6962,3888.4738,-0.040485354335014,177623166.0,356057735014.0
2025-03-04,000300.SH,3865.9939,3885.2208,-0.083657500791188,149850967.0,297739246802.0
2025-03-05,000300.SH,3887.7992,3902.5706,0.44655891886505,158652751.0,290860484505.0
2025-03-06,000300.SH,3923.3827,3956.2369,1.3751525725121,193960915.0,397419427643.0
2025-03-07,000300.SH,3944.9145,3944.0143,-0.30894509881347,166732375.0,340626700286.0
2025-03-10,000300.SH,3945.5795,3928.8018,-0.38571107614898,152765232.0,292574987481.0
2025-03-11,000300.SH,3890.4305,3941.4157,0.32106226381794,144754402.0,287480453120.0
2025-03-12,000300.SH,3946.8623,3927.2315,-0.35987576748122,156732190.0,309627267365.0
2025-03-13,000300.SH,3925.7439,3911.5793,-0.39855557279982,156536443.0,295173112580.0
2025-03-14,000300.SH,3919.6159,4006.5567,2.4281087692636,216139003.0,450895278803.0
2025-03-17,000300.SH,4020.6402,3996.7876,-0.24382782352737,162202911.0,318904417418.0
2025-03-18,000300.SH,4011.7794,4007.7229,0.27360222995088,140208496.0,292739319545.0
2025-03-19,000300.SH,4004.8251,4010.168,0.061009707033386,144419428.0,286075300795.0
2025-03-20,000300.SH,4011.0588,3974.9918,-0.87717522058927,133754670.0,260020676826.0
2025-03-21,000300.SH,3966.5146,3914.6956,-1.5168886637703,165905294.0,309348613935.0
2025-03-24,000300.SH,3916.1136,3934.8486,0.51480375638912,152234674.0,266051442613.0
2025-03-25,000300.SH,3937.8975,3932.2951,-0.064894491747408,140475399.0,239246310986.0
2025-03-26,000300.SH,3930.2073,3919.3566,-0.32903176569835,131164187.0,220943164486.0
2025-03-27,000300.SH,3911.3841,3932.4117,0.33309293673355,126793738.0,232173613774.0
2025-03-28,000300.SH,3930.7763,3915.1662,-0.43854767292041,126356214.0,213379194289.0
2025-03-31,000300.SH,3905.9815,3887.3056,-0.71160708324464,166798523.0,268480316572.0
2025-04-01,000300.SH,3892.7794,3887.6841,0.0097368213088213,140380274.0,246041674670.0
2025-04-02,000300.SH,3884.4181,3884.3858,-0.084839712156652,113043175.0,198267515342.0
2025-04-03,000300.SH,3843.4177,3861.5034,-0.58908669679515,142599789.0,263684681545.0
2025-04-07,000300.SH,3675.2017,3589.4406,-7.0455149670463,312578586.0,512971787745.0
2025-04-08,000300.SH,3597.9859,3650.759,1.7082996163803,280197312.0,464021087838.0
2025-04-09,000300.SH,3606.1036,3686.7943,0.98706323808282,262305708.0,455031069290.0
2025-04-10,000300.SH,3749.1262,3735.1151,1.3106454027012,227252227.0,403842564856.0
2025-04-11,000300.SH,3730.3148,3750.5167,0.41234606130344,168759691.0,318535141904.0
2025-04-14,000300.SH,3772.0407,3759.1422,0.22998164492907,164462403.0,292571297039.0
2025-04-15,000300.SH,3756.4788,3761.2348,0.05566695508354,134006040.0,228604621376.0
2025-04-16,000300.SH,3757.8757,3772.8204,0.30802650236034,156359006.0,261711094769.0
2025-04-17,000300.SH,3755.0862,3772.2221,-0.015858162768631,122371002.0,209012323066.0
2025-04-18,000300.SH,3760.0425,3772.523,0.0079767307444645,102948509.0,173109384097.0
2025-04-21,000300.SH,3768.1421,3784.8806,0.32756857943609,121355730.0,208085677382.0
2025-04-22,000300.SH,3780.1122,3783.9522,-0.024529175372132,125688257.0,210200698794.0
2025-04-23,000300.SH,3803.4295,3786.8824,0.077437553254499,131986870.0,247117386122.0
2025-04-24,000300.SH,3787.459,3784.3574,-0.066677539286673,117164560.0,205483051375.0
2025-04-25,000300.SH,3792.0838,3786.9937,0.069663082033428,124591133.0,220535052619.0
2025-04-28,000300.SH,3786.3867,3781.6188,-0.1419305239404,125145091.0,210635318523.0
2025-04-29,000300.SH,3776.0025,3775.0767,-0.17299734177332,111514694.0,197462744363.0
2025-04-30,000300.SH,3775.8306,3770.5705,-0.11936711113711,143681658.0,244820462218.0
2025-05-06,000300.SH,3794.3757,3808.5424,1.0070598069974,158520459.0,267937090757.0
2025-05-07,000300.SH,3861.5767,3831.627,0.60612690041209,161172299.0,286010735453.0
2025-05-08,000300.SH,3820.5481,3852.8963,0.55509839553798,124959833.0,246987280588.0
2025-05-09,000300.SH,3848.6187,3846.1566,-0.17492554886567,119389526.0,216697939672.0
2025-05-12,000300.SH,3866.5305,3890.6096,1.1557771724635,153332460.0,296122947808.0
2025-05-13,000300.SH,3915.5924,3896.2583,0.14518804456762,147320299.0,267586397720.0
2025-05-14,000300.SH,3894.8386,3943.2108,1.2050664094832,172033779.0,319465226851.0
2025-05-15,000300.SH,3934.0273,3907.1992,-0.91325576608787,138081749.0,241464943554.0
2025-05-16,000300.SH,3898.6662,3889.0854,-0.46360062727286,118405345.0,208835664039.0
2025-05-19,000300.SH,3882.5677,3877.1453,-0.30701562891881,98643414.0,184888170554.0
2025-05-20,000300.SH,3883.1024,3898.1705,0.54228558315831,104885234.0,201636702522.0
2025-05-21,000300.SH,3899.4365,3916.3807,0.46714734514563,109791343.0,217037739435.0
2025-05-22,000300.SH,3912.6007,3913.8651,-0.064232774918949,107597052.0,197511410271.0
2025-05-23,000300.SH,3910.3739,3882.2741,-0.80715607699407,120277419.0,232945378295.0
2025-05-26,000300.SH,3875.7891,3860.1067,-0.5709900802728,109601207.0,208876792149.0
2025-05-27,000300.SH,3857.6271,3839.3969,-0.5365084856333,98572425.0,178466763541.0
2025-05-28,000300.SH,3843.0747,3836.2366,-0.08231240693037,89031026.0,162496372728.0
2025-05-29,000300.SH,3838.0092,3858.6998,0.58555303914257,108471886.0,209459602501.0
2025-05-30,000300.SH,3850.493,3840.2323,-0.47859385174249,111672228.0,199389751071.0
2025-06-03,000300.SH,3833.4584,3852.0127,0.30676269245483,131403090.0,226782772063.0
2025-06-04,000300.SH,3855.4878,3868.7429,0.43432359400061,116803873.0,211736178154.0
2025-06-05,000300.SH,3872.6373,3877.5557,0.22779492532315,122878184.0,231749275335.0
2025-06-06,000300.SH,3878.1027,3873.9841,-0.092109573048809,110987971.0,202034736311.0
2025-06-09,000300.SH,3877.7977,3885.2459,0.29070330980449,136306293.0,262023668466.0
2025-06-10,000300.SH,3887.5512,3865.4652,-0.50912350232452,145563859.0,263647551795.0
2025-06-11,000300.SH,3870.6719,3894.6252,0.75437233272724,142414772.0,257217704405.0
2025-06-12,000300.SH,3885.5196,3892.1992,-0.062290974751561,133998697.0,260239581458.0
2025-06-13,000300.SH,3881.4923,3864.1822,-0.71982441186463,172539536.0,309172346180.0
2025-06-16,000300.SH,3853.6193,3873.7951,0.24876932562858,137341835.0,246860982863.0
2025-06-17,000300.SH,3875.1768,3870.3786,-0.088195165510943,122342526.0,220399818949.0
2025-06-18,000300.SH,3871.6502,3874.9708,0.11864989125353,127528621.0,230553858264.0
2025-06-19,000300.SH,3870.049,3843.0912,-0.82270555432315,130280658.0,234840180806.0
2025-06-20,000300.SH,3839.7833,3846.6443,0.092454220186086,118151020.0,213522822875.0
2025-06-23,000300.SH,3831.1703,3857.9016,0.29265248154086,133800892.0,232482215850.0
2025-06-24,000300.SH,3862.3876,3904.0342,1.1957951441789,163656188.0,294228720613.0
2025-06-25,000300.SH,3907.0682,3960.0662,1.4352333286425,187213671.0,361727254624.0
2025-06-26,000300.SH,3953.1603,3946.0195,-0.35470871673813,165316263.0,328102847496.0
2025-06-27,000300.SH,3949.7879,3921.7578,-0.61483984050256,194557913.0,343468229814.0
2025-06-30,000300.SH,3920.3149,3936.0791,0.3651755342974,145170236.0,288821434921.0
2025-07-01,000300.SH,3935.9078,3942.762,0.16978571391007,128959362.0,236070338399.0
2025-07-02,000300.SH,3943.3232,3943.6849,0.023407448889891,147063062.0,246637847454.0
2025-07-03,000300.SH,3949.3998,3968.0676,0.61827201255353,141004006.0,269609569539.0
2025-07-04,000300.SH,3967.4637,3982.2034,0.35623889068825,157197133.0,290512992198.0
2025-07-07,000300.SH,3977.2881,3965.1746,-0.42762255689903,131135273.0,225106992876.0
2025-07-08,000300.SH,3965.426,3998.4527,0.83925938595491,156402895.0,292089834224.0
2025-07-09,000300.SH,3997.5044,3991.4006,-0.17637072460554,173293796.0,305398796563.0
2025-07-10,000300.SH,3993.4196,4010.0243,0.46659561057339,209778904.0,347836703626.0
2025-07-11,000300.SH,4011.4652,4014.807,0.11926860393339,262052773.0,443780794880.0
2025-07-14,000300.SH,4021.2135,4017.6678,0.071256227260747,207917175.0,321415945157.0
2025-07-15,000300.SH,4023.9896,4019.0644,0.03476146036763,191042931.0,353524574441.0
2025-07-16,000300.SH,4019.3925,4007.2019,-0.29515575814113,151027308.0,300656795665.0
2025-07-17,000300.SH,4005.067,4034.491,0.68100137405105,161249041.0,325516865723.0
2025-07-18,000300.SH,4039.8712,4058.5486,0.59629826910012,186211063.0,354244444630.0
2025-07-21,000300.SH,4069.7685,4085.6072,0.66670631959415,223268476.0,377938564878.0
2025-07-22,000300.SH,4087.3354,4118.9582,0.81630461195585,257596985.0,450874014479.0
2025-07-23,000300.SH,4129.1476,4119.7685,0.019672450184129,300506154.0,470330899421.0
2025-07-24,000300.SH,4116.8312,4149.0368,0.71043554995869,319632392.0,487000043884.0
2025-07-25,000300.SH,4145.3195,4127.1634,-0.5271922389312,273594963.0,430445513471.0
2025-07-28,000300.SH,4128.1993,4135.8242,0.20984873048641,222759815.0,406792873973.0
2025-07-29,000300.SH,4132.6833,4152.0247,0.39171152390858,230807880.0,428764310974.0
2025-07-30,000300.SH,4148.9405,4151.2379,-0.018949790929709,249853048.0,445168467668.0
2025-07-31,000300.SH,4141.5612,4075.5912,-1.8222684852632,267087406.0,492142571739.0
2025-08-01,000300.SH,4069.9254,4054.9286,-0.50698411558057,196221826.0,359685164163.0
2025-08-04,000300.SH,4037.9378,4070.7023,0.38900068425372,162275902.0,295976826632.0
2025-08-05,000300.SH,4080.3877,4103.45,0.80447297754984,178851999.0,306934255766.0
2025-08-06,000300.SH,4100.4283,4113.4852,0.24455519136337,176676155.0,307674626125.0
2025-08-07,000300.SH,4120.2822,4114.666,0.028705585229773,198641902.0,358108366984.0
2025-08-08,000300.SH,4109.2734,4104.9669,-0.23572022613743,173171201.0,308507687635.0
2025-08-11,000300.SH,4110.2939,4122.5106,0.42737738031455,190443716.0,360685826235.0
2025-08-12,000300.SH,4123.5762,4143.8252,0.51702959841997,177287823.0,383088423330.0
2025-08-13,000300.SH,4150.5037,4176.5776,0.79039048268733,213934999.0,462776745465.0
2025-08-14,000300.SH,4179.965,4173.3131,-0.078162081796333,221103595.0,485075642622.0
2025-08-15,000300.SH,4162.4205,4202.3533,0.69585481137275,261327566.0,518686873501.0
2025-08-18,000300.SH,4218.2471,4239.4125,0.88186778584277,301479102.0,635365867185.0
2025-08-19,000300.SH,4241.7651,4223.3741,-0.37831657098714,250818771.0,553536203260.0
2025-08-20,000300.SH,4208.4005,4271.3958,1.1370458515621,246481773.0,538815306147.0
2025-08-21,000300.SH,4284.3712,4288.0707,0.39038526937728,259030014.0,558521268967.0
2025-08-22,000300.SH,4287.3633,4377.9977,2.0971435942043,290434897.0,675935075409.0
2025-08-25,000300.SH,4416.2924,4469.2217,2.0836922778648,358090006.0,823681964473.0
2025-08-26,000300.SH,4453.3526,4452.5905,-0.37212743328441,270621395.0,627950450229.0
2025-08-27,000300.SH,4458.8399,4386.1266,-1.492701832787,333133898.0,785098482974.0
2025-08-28,000300.SH,4378.0351,4463.782,1.7704778516881,296834536.0,739423602221.0
2025-08-29,000300.SH,4455.8034,4496.7591,0.73877039694143,351938947.0,831194066158.0
2025-09-01,000300.SH,4516.8787,4523.7111,0.59936499600346,320366708.0,770378288127.0
2025-09-02,000300.SH,4521.9828,4490.4528,-0.73519946930299,303932566.0,777999297964.0
2025-09-03,000300.SH,4501.3388,4459.8296,-0.68196240699824,254320217.0,655697116709.0
2025-09-04,000300.SH,4461.2503,4365.2085,-2.1216303869547,307934609.0,773124596998.0
2025-09-05,000300.SH,4365.6083,4460.3249,2.1789657928138,249625657.0,664166970947.0
2025-09-08,000300.SH,4467.1693,4467.5733,0.16250834104037,267638382.0,683630879769.0
2025-09-09,000300.SH,4448.739,4436.2584,-0.70093757611096,221375460.0,562861103958.0
2025-09-10,000300.SH,4438.2998,4445.3649,0.20527433658959,203597646.0,535539349489.0
2025-09-11,000300.SH,4438.839,4548.0345,2.3095876786178,253264051.0,693156671398.0
2025-09-12,000300.SH,4544.5905,4521.998,-0.57247806717386,266442003.0,689576075691.0
2025-09-15,000300.SH,4534.8866,4533.0557,0.24453128904525,231885678.0,613314652419.0
2025-09-16,000300.SH,4539.9217,4523.3367,-0.2144028364796,249269206.0,613728334806.0
2025-09-17,000300.SH,4517.2855,4551.023,0.61207692100392,235716472.0,608454200521.0
2025-09-18,000300.SH,4546.0319,4498.109,-1.1626836427766,309859826.0,839987127411.0
2025-09-19,000300.SH,4499.0906,4501.9195,0.084713376220976,225044000.0,603887059817.0
2025-09-22,000300.SH,4512.0251,4522.608,0.45954842151221,196459956.0,563149164266.0
2025-09-23,000300.SH,4536.7569,4519.7781,-0.062572303414307,252827062.0,680513630696.0
2025-09-24,000300.SH,4495.2659,4566.0708,1.0242250609604,220482608.0,629161495484.0
2025-09-25,000300.SH,4563.9827,4593.4875,0.60044404042092,229823333.0,669866986619.0
2025-09-26,000300.SH,4576.9142,4550.0487,-0.94566056835901,208482114.0,598723903174.0
2025-09-29,000300.SH,4555.0342,4620.0528,1.5385351809531,274358877.0,693395231241.0
2025-09-30,000300.SH,4629.8987,4640.6935,0.4467632924022,247980359.0,664624101862.0
2025-10-09,000300.SH,4662.1133,4709.482,1.4822892311246,347678696.0,862208005908.0
2025-10-10,000300.SH,4679.4983,4616.8341,-1.967263066299,319020899.0,792743047251.0
2025-10-13,000300.SH,4490.8661,4593.9785,-0.49504919399204,315010354.0,714001634395.0
2025-10-14,000300.SH,4634.0543,4539.0644,-1.1953495211177,372954030.0,808959003201.0
2025-10-15,000300.SH,4544.2431,4606.2879,1.4809990358365,284771855.0,607326345326.0
2025-10-16,000300.SH,4588.9206,4618.4218,0.26342035633508,248235518.0,560567191741.0
2025-10-17,000300.SH,4610.6967,4514.2345,-2.2559069853689,256905617.0,559085965219.0
2025-10-20,000300.SH,4558.2421,4538.2201,0.53133261021331,218420405.0,505798833703.0
2025-10-21,000300.SH,4556.1224,4607.8715,1.5347735117563,215711175.0,551390253216.0
2025-10-22,000300.SH,4576.0277,4592.57,-0.33207306236731,185333960.0,440935302747.0
2025-10-23,000300.SH,4578.7018,4606.3447,0.299934459355,200463917.0,420800208776.0
2025-10-24,000300.SH,4622.7873,4660.6835,1.1796511885009,208814483.0,551986648561.0
2025-10-27,000300.SH,4699.3819,4716.0186,1.1872743557892,262200674.0,672670372523.0
2025-10-28,000300.SH,4697.7277,4691.973,-0.50987076259624,220906645.0,571563257096.0
2025-10-29,000300.SH,4701.0362,4747.8378,1.1906462377341,246211324.0,645898688765.0
2025-10-30,000300.SH,4735.9807,4709.911,-0.79882257140293,273289118.0,719956285438.0
2025-10-31,000300.SH,4702.4946,4640.6676,-1.4701636612666,281464740.0,680712251493.0
2025-11-03,000300.SH,4636.7323,4653.4028,0.27442603301301,239869809.0,557602941096.0
2025-11-04,000300.SH,4649.3481,4618.699,-0.74577253445587,233224032.0,505177700977.0
2025-11-05,000300.SH,4562.1117,4627.257,0.18529027329991,203045871.0,468361161389.0
2025-11-06,000300.SH,4642.0112,4693.4032,1.4294905167359,224241008.0,553641780921.0
2025-11-07,000300.SH,4673.7616,4678.7944,-0.3112624118891,212497377.0,507573849500.0
2025-11-10,000300.SH,4688.124,4695.0507,0.34744634216028,236026764.0,593977127605.0
2025-11-11,000300.SH,4706.3374,4652.1655,-0.91341292651003,186638858.0,477629076357.0
2025-11-12,000300.SH,4643.5592,4645.9079,-0.13450940212681,209460592.0,492308866409.0
2025-11-13,000300.SH,4643.7862,4702.0738,1.2089327039824,207367474.0,510060678210.0
2025-11-14,000300.SH,4663.3175,4628.1398,-1.5723700465952,192092676.0,444720433579.0
2025-11-17,000300.SH,4616.8058,4598.0525,-0.65009488261353,188955466.0,438940097528.0
2025-11-18,000300.SH,4584.7896,4568.1928,-0.64939884875173,177713185.0,420150126547.0
2025-11-19,000300.SH,4568.0365,4588.2922,0.43998580795452,172924974.0,385230481970.0
2025-11-20,000300.SH,4619.5401,4564.9483,-0.50877099762739,194562593.0,415064817730.0
2025-11-21,000300.SH,4513.3858,4453.6076,-2.4390352898411,222851013.0,481295814463.0
2025-11-24,000300.SH,4473.1563,4448.0478,-0.12483811999962,185833729.0,425807469500.0
2025-11-25,000300.SH,4475.8359,4490.4047,0.95225820190151,169571929.0,411523796962.0
2025-11-26,000300.SH,4490.2021,4517.6255,0.60619925861026,156200368.0,427361377738.0
2025-11-27,000300.SH,4520.014,4515.4027,-0.049202838969287,150311772.0,417789843568.0
2025-11-28,000300.SH,4511.4972,4526.6616,0.24934431651026,142902096.0,341832317979.0
2025-12-01,000300.SH,4539.1877,4576.4856,1.1006786988451,200382317.0,463861587251.0
2025-12-02,000300.SH,4571.9098,4554.3347,-0.48401550744527,148493132.0,364366426478.0
2025-12-03,000300.SH,4554.5894,4531.0486,-0.51129531608646,169762790.0,374486168903.0
2025-12-04,000300.SH,4533.6004,4546.5664,0.3424770151439,147198110.0,348767399212.0
2025-12-05,000300.SH,4547.9056,4584.5368,0.83514451697,196799968.0,412146806538.0
2025-12-08,000300.SH,4593.1399,4621.7545,0.81180938497429,199620990.0,496716196112.0
2025-12-09,000300.SH,4611.379,4598.2232,-0.50914214504469,184160344.0,452113884581.0
2025-12-10,000300.SH,4586.254,4591.8273,-0.13909503131558,169111106.0,401452781498.0
2025-12-11,000300.SH,4597.1901,4552.1848,-0.86332732940544,168419405.0,432431093510.0
2025-12-12,000300.SH,4558.7375,4580.95,0.63189877528697,212826520.0,523863221652.0
2025-12-15,000300.SH,4550.0028,4552.0596,-0.63066394525154,167589967.0,424383389792.0
2025-12-16,000300.SH,4542.4226,4497.5545,-1.1973722839657,165165201.0,390500134303.0
2025-12-17,000300.SH,4499.7729,4579.875,1.8303391320772,178424830.0,452504741114.0
2025-12-18,000300.SH,4553.9788,4552.7926,-0.59133491634598,151681328.0,382102395685.0
2025-12-19,000300.SH,4561.3729,4568.1781,0.33793544647741,154876220.0,371577144281.0
2025-12-22,000300.SH,4587.6683,4611.6235,0.95104435617341,165252856.0,448240599514.0
2025-12-23,000300.SH,4616.026,4620.7341,0.19755732444333,169256412.0,433141326006.0
2025-12-24,000300.SH,4623.6831,4634.0586,0.28836327110882,153711241.0,406375640662.0
2025-12-25,000300.SH,4629.3195,4642.5357,0.18293035828248,139434186.0,385356060832.0
2025-12-26,000300.SH,4639.7895,4657.24,0.31672992843112,175396565.0,460426934268.0
2025-12-29,000300.SH,4658.2654,4639.3721,-0.38365856172326,200397133.0,482613536467.0
2025-12-30,000300.SH,4617.3163,4651.2818,0.25670930770998,180374974.0,457185489037.0
2025-12-31,000300.SH,4656.48,4629.9395,-0.45884770946364,170760224.0,444491545749.0
2026-01-05,000300.SH,4661.616,4717.7457,1.8964869843332,234144839.0,630577351311.0
2026-01-06,000300.SH,4719.2088,4790.6938,1.5462490909588,296970686.0,725414566873.0
2026-01-07,000300.SH,4796.9335,4776.6658,-0.29281771254093,259095564.0,664897929361.0
2026-01-08,000300.SH,4761.0105,4737.6536,-0.81672450268554,238804957.0,630655637962.0
2026-01-09,000300.SH,4725.9571,4758.9221,0.4489247588722,254688038.0,668788811127.0
2026-01-12,000300.SH,4769.6501,4789.9155,0.65126932840528,294833165.0,799954082388.0
2026-01-13,000300.SH,4798.0488,4761.0324,-0.60299811134455,301449497.0,801054979640.0
2026-01-14,000300.SH,4767.6956,4741.9306,-0.40121130030538,364951023.0,891334219174.0
2026-01-15,000300.SH,4721.7966,4751.4293,0.20031292739713,254003636.0,674058683640.0
2026-01-16,000300.SH,4778.4302,4731.8728,-0.41159193929287,325278929.0,785624166096.0
2026-01-19,000300.SH,4720.1945,4734.4556,0.054583039510279,267612492.0,655149256236.0
2026-01-20,000300.SH,4736.9096,4718.8782,-0.32902198934974,282719579.0,671960685391.0
2026-01-21,000300.SH,4714.5541,4723.0692,0.088813481136254,266353332.0,665330511237.0
2026-01-22,000300.SH,4741.7548,4723.7091,0.013548393489558,274199932.0,690235248161.0
2026-01-23,000300.SH,4729.585,4702.4966,-0.44906448621063,314635445.0,755617735528.0
2026-01-26,000300.SH,4715.3753,4706.964,0.095000600319404,363004481.0,796832970315.0
2026-01-27,000300.SH,4705.1744,4705.6918,-0.027028037605564,301475697.0,715267914840.0
2026-01-28,000300.SH,4725.6014,4717.9914,0.26137708381157,382255602.0,829414067055.0
2026-01-29,000300.SH,4733.0879,4753.8697,0.76045708773442,415513055.0,917966160339.0
2026-01-30,000300.SH,4723.081,4706.3401,-0.99980864010639,319786531.0,750564885195.0
2026-02-02,000300.SH,4674.2759,4605.9799,-2.1324468242318,304773500.0,725920381252.0
2026-02-03,000300.SH,4648.3574,4660.1074,1.1751571039205,265549405.0,666626842811.0
2026-02-04,000300.SH,4647.9671,4698.6832,0.82778778875355,264881032.0,636018589863.0
2026-02-05,000300.SH,4664.7478,4670.4188,-0.60153874600441,237856351.0,550433167197.0
2026-02-06,000300.SH,4622.9747,4643.5959,-0.57431466317325,202716477.0,505759806238.0
2026-02-09,000300.SH,4693.6715,4719.0559,1.6250337373241,207251938.0,522757267199.0
2026-02-10,000300.SH,4718.2552,4724.2956,0.11103280213316,187000958.0,450339578978.0
2026-02-11,000300.SH,4715.6697,4713.8185,-0.22177062756192,173391681.0,433428613402.0
2026-02-12,000300.SH,4720.0085,4719.578,0.12218332122885,197841439.0,490473852275.0
2026-02-13,000300.SH,4693.4106,4660.4056,-1.2537646374316,189167756.0,452878594069.0
2026-02-24,000300.SH,4727.2961,4707.544,1.011465611491,218488890.0,526084235584.0
2026-02-25,000300.SH,4713.5754,4735.8858,0.60205066590987,284268354.0,596903872617.0
2026-02-26,000300.SH,4741.3896,4726.8739,-0.19028963916318,234847644.0,599848915405.0
2026-02-27,000300.SH,4698.3,4710.6469,-0.34329242419604,261420865.0,578820992510.0
2026-03-02,000300.SH,4681.0141,4728.6688,0.38257802765902,349260752.0,752681937770.0
2026-03-03,000300.SH,4737.3164,4655.8962,-1.5389658924727,370624272.0,801659243770.0
2026-03-04,000300.SH,4609.1918,4602.6247,-1.1441728447468,303035666.0,608923128590.0
2026-03-05,000300.SH,4651.9415,4647.6921,0.97916738681735,259317825.0,570443777085.0
2026-03-06,000300.SH,4621.4939,4660.439,0.27426300464267,238527926.0,487807080157.0
2026-03-09,000300.SH,4600.2535,4615.4551,-0.96522881213551,322787617.0,665821508005.0
2026-03-10,000300.SH,4648.7851,4674.7562,1.284837545056,263903748.0,557607876149.0
2026-03-11,000300.SH,4681.0316,4704.4959,0.63617649194198,270175443.0,579564397580.0
2026-03-12,000300.SH,4700.7205,4687.5601,-0.35999181123742,302986816.0,572105482464.0
2026-03-13,000300.SH,4669.0619,4669.14,-0.39295709509942,310772009.0,580305608198.0
2026-03-16,000300.SH,4669.2241,4671.5591,0.051810397632114,296215070.0,598799098356.0
2026-03-17,000300.SH,4685.5697,4637.4392,-0.73037500478161,263021913.0,578501505808.0
2026-03-18,000300.SH,4648.7517,4658.3324,0.45053313043976,234690705.0,524173911454.0
2026-03-19,000300.SH,4611.4399,4583.2511,-1.6117634714088,254130449.0,547850295789.0
2026-03-20,000300.SH,4602.8205,4567.0179,-0.35418526381853,257873703.0,615463088558.0
2026-03-23,000300.SH,4499.1004,4417.9971,-3.2629782335646,328081945.0,671719761061.0
2026-03-24,000300.SH,4458.9074,4474.7224,1.2839596476874,255532517.0,530149390314.0
2026-03-25,000300.SH,4506.6247,4537.4656,1.4021696630835,262639279.0,550428161188.0
2026-03-26,000300.SH,4525.3291,4477.5343,-1.3208100134137,213736788.0,471127498414.0
2026-03-27,000300.SH,4431.5034,4502.5698,0.55913586189613,192400388.0,440517561617.0
2026-03-30,000300.SH,4461.7367,4491.95,-0.23586086327857,209293092.0,444629519711.0
2026-03-31,000300.SH,4491.9209,4450.0493,-0.93279533387505,224541585.0,484558113011.0
2026-04-01,000300.SH,4517.2717,4526.0668,1.7082395019759,216483196.0,503744056996.0
2026-04-02,000300.SH,4514.4416,4478.9141,-1.041803006531,190992161.0,429949131700.0
2026-04-03,000300.SH,4492.8461,4440.7889,-0.85121525326865,168321705.0,373234910158.0
2026-04-07,000300.SH,4445.8613,4440.6162,-0.003888948650524,162638787.0,378261695015.0
2026-04-08,000300.SH,4517.3403,4595.556,3.4891508975714,253339213.0,641779180970.0
2026-04-09,000300.SH,4562.6696,4566.2237,-0.63827532511844,184939783.0,500445676661.0
2026-04-10,000300.SH,4594.9467,4636.5655,1.5404808135002,208678605.0,625717995648.0
2026-04-13,000300.SH,4615.133,4646.1546,0.20681472093946,196712277.0,556620945240.0
2026-04-14,000300.SH,4676.1235,4701.2837,1.186553284301,204700332.0,605717793585.0
2026-04-15,000300.SH,4726.6381,4685.2464,-0.34112597799618,201688500.0,604550556798.0
2026-04-16,000300.SH,4694.4309,4736.6077,1.0962347679302,192057600.0,567611323592.0
2026-04-17,000300.SH,4728.9951,4728.6716,-0.16754818010366,182915336.0,587622682308.0
2026-04-20,000300.SH,4727.1661,4757.4419,0.60842245843421,221633494.0,626568410331.0
2026-04-21,000300.SH,4750.5149,4767.997,0.22186503212999,205614058.0,580407995620.0
2026-04-22,000300.SH,4751.2794,4799.627,0.66338128987917,204481830.0,619505670177.0
2026-04-23,000300.SH,4816.0267,4786.3273,-0.27709861620498,232865736.0,693853775976.0
2026-04-24,000300.SH,4771.7348,4769.3688,-0.35431133178042,193798314.0,680097832547.0
2026-04-27,000300.SH,4776.3351,4770.9469,0.033088235910792,192796550.0,648904814981.0
2026-04-28,000300.SH,4757.0766,4758.2083,-0.26700360048022,216724233.0,631521664931.0
2026-04-29,000300.SH,4737.5755,4810.3468,1.0957590906644,233298110.0,681020507301.0
2026-04-30,000300.SH,4820.9716,4807.3069,-0.063195027851228,250633370.0,726665374516.0
2026-05-06,000300.SH,4857.6537,4877.0932,1.4516714129485,274443880.0,881744311635.0
2026-05-07,000300.SH,4895.8001,4900.5098,0.48013435543942,257833972.0,787236200023.0
2026-05-08,000300.SH,4871.1185,4871.9122,-0.58356377534435,251720996.0,716546104146.0
2026-05-11,000300.SH,4902.2775,4951.8366,1.6405139649274,305734801.0,904479321902.0
2026-05-12,000300.SH,4965.0175,4948.0465,-0.076539278376012,273812001.0,819351442664.0
2026-05-13,000300.SH,4919.4248,4998.3417,1.0164657910955,268454537.0,823173197929.0
2026-05-14,000300.SH,5027.6405,4914.5971,-1.6754476789772,280695379.0,857446326248.0
2026-05-15,000300.SH,4911.6223,4859.5927,-1.1192046648137,276967769.0,887687426985.0
2026-05-18,000300.SH,4836.3286,4833.5237,-0.53644413450535,239077587.0,733452822624.0
2026-05-19,000300.SH,4818.7051,4852.8832,0.40052560412604,232280852.0,712401049985.0
2026-05-20,000300.SH,4829.6129,4850.7,-0.044987688968084,220023206.0,729653332839.0
2026-05-21,000300.SH,4886.2389,4783.0976,-1.3936627703218,287342507.0,891936347970.0
2026-05-22,000300.SH,4818.8435,4845.0956,1.2961893146399,286940435.0,771823300851.0
2026-05-25,000300.SH,4873.1962,4921.5974,1.5789533647179,264743236.0,861179421900.0
2026-05-26,000300.SH,4900.1152,4947.8493,0.53340202105926,302799476.0,899094487857.0
2026-05-27,000300.SH,4940.9454,4908.1714,-0.80192216040209,301709175.0,909011906950.0
2026-05-28,000300.SH,4889.2659,4914.2133,0.12309879805746,267432731.0,819897918903.0
2026-05-29,000300.SH,4937.5119,4892.1213,-0.44955313600247,332518610.0,942236490058.0
2026-06-01,000300.SH,4897.8968,4844.2556,-0.97842422672552,296134051.0,823984849000.0
2026-06-02,000300.SH,4860.6119,4914.5591,1.4512756098171,281731662.0,806751344395.0
2026-06-03,000300.SH,4921.3445,4938.8091,0.49343185231001,304035947.0,906047729419.0
2026-06-04,000300.SH,4897.3164,4904.7454,-0.68971485453853,264808910.0,736143410003.0
2026-06-05,000300.SH,4886.9645,4816.9199,-1.7906230158246,301929336.0,839863796396.0
2026-06-08,000300.SH,4703.773,4713.6358,-2.1441938447015,299647565.0,761046395166.0
2026-06-09,000300.SH,4743.4505,4801.8106,1.8706324319753,258391601.0,713286998821.0
2026-06-10,000300.SH,4753.1154,4748.5932,-1.1082777817184,259297109.0,694628416057.0
2026-06-11,000300.SH,4730.072,4722.4122,-0.55134223752838,247177059.0,653931756259.0
2026-06-12,000300.SH,4784.6396,4777.3206,1.162719340764,335922063.0,871477325201.0
2026-06-15,000300.SH,4829.2886,4891.7126,2.3944802867113,331316076.0,914145755805.0
2026-06-16,000300.SH,4894.8785,4884.2322,-0.15291985878319,282584743.0,857202587478.0
2026-06-17,000300.SH,4859.7012,4931.3861,0.96543116848538,276053950.0,850367581581.0
2026-06-18,000300.SH,4916.0442,4941.5986,0.20709187625768,334459902.0,1021710711056.0
2026-06-22,000300.SH,4949.3457,5059.6582,2.3890973257116,375100124.0,1145900296758.0
2026-06-23,000300.SH,5048.0255,4919.386,-2.772365137234,342719336.0,1047052858821.0
2026-06-24,000300.SH,4900.3838,4943.0197,0.48041971091513,312249025.0,964945849979.0
2026-06-25,000300.SH,4950.9753,5020.1038,1.5594536271017,346664289.0,1110040892256.0
2026-06-26,000300.SH,4981.8251,4868.2205,-3.025501185852,341179238.0,1068082662087.0
2026-06-29,000300.SH,4866.0432,4926.921,1.2057896720167,323216134.0,1053723822553.0
2026-06-30,000300.SH,4914.4934,4979.4328,1.0658137201713,306150226.0,985795205704.0
2026-07-01,000300.SH,4972.6923,4958.9773,-0.41079980033067,342934747.0,1101717525969.0
2019-01-02,399001.SZ,7259.489,7149.2665,-1.2503485771429,146826477.46,128669987776.05
2019-01-03,399001.SZ,7134.1461,7089.4406,-0.8368117204751,173151161.64,145238857965.87
2019-01-04,399001.SZ,7022.1229,7284.8403,2.7562075913296,231616904.52,182962322414.7
2019-01-07,399001.SZ,7333.3171,7400.2046,1.5836215380041,248688841.14,201785665405.59
2019-01-08,399001.SZ,7381.6105,7391.6482,-0.11562383018438,229393995.25,176356511673.97
2019-01-09,399001.SZ,7425.6354,7447.9348,0.76148916286357,266767952.68,218445047027.58
2019-01-10,399001.SZ,7442.6964,7428.6136,-0.25941687889105,227413629.19,180671911025.33
2019-01-11,399001.SZ,7441.1755,7474.0087,0.61108441553617,217105794.9,173750048386.58
2019-01-14,399001.SZ,7473.8841,7409.1991,-0.86713305538433,215934773.68,166914292704.58
2019-01-15,399001.SZ,7403.7896,7547.3485,1.8645659015966,223110397.47,182224553470.67
2019-01-16,399001.SZ,7545.3495,7540.4503,-0.091398986014753,216076433.56,177785021396.63
2019-01-17,399001.SZ,7534.0436,7470.3551,-0.92958904589558,210238042.33,166613846919.83
2019-01-18,399001.SZ,7486.9485,7581.3888,1.4863242578656,220630817.06,175381199706.22
2019-01-21,399001.SZ,7591.1912,7626.2354,0.59153541894593,204896693.51,173201986564.5
2019-01-22,399001.SZ,7615.8017,7516.7863,-1.4351655077419,188464365.24,155636681950.91
2019-01-23,399001.SZ,7493.0662,7523.7737,0.092957278830715,168488373.32,138876654804.67
2019-01-24,399001.SZ,7537.4979,7573.5246,0.66124928770784,201968410.98,169008151626.43
2019-01-25,399001.SZ,7581.286,7595.4528,0.28953758201301,211919404.85,177486397033.67
2019-01-28,399001.SZ,7641.2893,7589.5808,-0.077309413337415,202423330.83,172300864573.18
2019-01-29,399001.SZ,7575.4344,7551.3,-0.5043862238083,208909702.93,167051826639.43
2019-01-30,399001.SZ,7518.0276,7470.4715,-1.0703918530584,163342152.97,136185741715.48
2019-01-31,399001.SZ,7485.7865,7479.2153,0.11704482106652,206365251.58,159830118397.17
2019-02-01,399001.SZ,7524.6652,7683.9971,2.738011833942,180990265.38,150222904950.53
2019-02-11,399001.SZ,7695.1745,7919.046,3.0589405089703,211629262.55,182559020540.74
2019-02-12,399001.SZ,7915.0639,8010.0746,1.1494894713328,258799232.35,208455165153.67
2019-02-13,399001.SZ,8029.9717,8171.2065,2.0116154723453,318137977.16,267037757513.85
2019-02-14,399001.SZ,8182.3241,8219.9611,0.5966634180644,310200209.11,247156302195.76
2019-02-15,399001.SZ,8198.4534,8125.6347,-1.1475285448735,307058614.1,248518773608.43
2019-02-18,399001.SZ,8187.8899,8446.9182,3.9539495911624,396701096.84,323520806529.86
2019-02-19,399001.SZ,8480.7614,8440.8701,-0.071601261629359,437306242.83,358713542594.32
2019-02-20,399001.SZ,8443.9761,8473.4267,0.38570194321554,365676247.85,293835320302.5
2019-02-21,399001.SZ,8467.1516,8451.71,-0.25629182583241,431362358.42,365674331706.87
2019-02-22,399001.SZ,8431.559,8651.1965,2.3603093338508,416850503.5,357695441724.58
2019-02-25,399001.SZ,8804.9663,9134.5806,5.5874826100644,643916664.34,574588532160.34
2019-02-26,399001.SZ,9162.9162,9089.0405,-0.49854615109532,689527158.04,605314807757.32
2019-02-27,399001.SZ,9062.9652,9005.7655,-0.91621332306749,550387136.85,479406145747.74
2019-02-28,399001.SZ,9001.1841,9031.9266,0.2904927959761,421689421.88,363525910446.28
2019-03-01,399001.SZ,9111.9588,9167.65,1.502707074701,399959292.64,357074094052.93
2019-03-04,399001.SZ,9280.6515,9384.4154,2.3644598124928,606335325.58,565949710198.27
2019-03-05,399001.SZ,9366.7667,9595.743,2.2518994630182,563487474.43,513753186755.12
2019-03-06,399001.SZ,9640.9473,9700.4936,1.0916361557411,692388124.88,620802905592.47
2019-03-07,399001.SZ,9685.2962,9678.1144,-0.23070166243911,685512478.26,640923188158.64
2019-03-08,399001.SZ,9447.5981,9363.7241,-3.2484664574744,709489784.99,658507093379.47
2019-03-11,399001.SZ,9425.7979,9704.3276,3.6374790239708,558511387.7,540090848628.11
2019-03-12,399001.SZ,9766.4985,9841.2387,1.4108252075084,663592429.87,650014133400.55
2019-03-13,399001.SZ,9828.1488,9592.055,-2.532035931615,615964538.05,599981087485.04
2019-03-14,399001.SZ,9521.6249,9417.9265,-1.8153409253804,482171917.73,456280678454.31
2019-03-15,399001.SZ,9485.3333,9550.5379,1.4080742719748,422441792.42,405946006068.23
2019-03-18,399001.SZ,9583.445,9843.4297,3.066757109042,439815282.91,434179889020.88
2019-03-19,399001.SZ,9844.4625,9839.744,-0.037443250089956,431739482.7,422403027392.43
2019-03-20,399001.SZ,9828.0732,9800.6038,-0.39777660882234,451219889.83,430605294957.52
2019-03-21,399001.SZ,9808.7372,9869.7968,0.70600752169983,515936101.16,482004759387.42
2019-03-22,399001.SZ,9871.9852,9879.2204,0.095479169338117,467872483.18,445257792884.11
2019-03-25,399001.SZ,9705.0241,9701.6954,-1.7969535328921,460806698.55,444008902663.66
2019-03-26,399001.SZ,9753.1665,9513.0018,-1.9449548993262,448860524.29,426899560290.45
2019-03-27,399001.SZ,9582.0328,9609.4352,1.0137010591126,376919235.08,369665308456.17
2019-03-28,399001.SZ,9586.3782,9546.5072,-0.65485638531596,365302249.69,374108875832.91
2019-03-29,399001.SZ,9556.3009,9906.8639,3.7747491564245,435504934.23,449584909923.49
2019-04-01,399001.SZ,9976.9794,10267.7017,3.6423009707441,539634778.76,563895925521.83
2019-04-02,399001.SZ,10314.7919,10260.3595,-0.071507726018172,557057587.29,575814255797.28
2019-04-03,399001.SZ,10199.9661,10340.5131,0.78119679919597,491116591.95,490776845085.93
2019-04-04,399001.SZ,10379.1988,10415.7993,0.72807025407666,514128386.52,529780759141.9
2019-04-08,399001.SZ,10510.4301,10351.8655,-0.61381559070556,544942099.04,560604756906.94
2019-04-09,399001.SZ,10368.0288,10436.6165,0.81870267730971,440133411.27,459924528441.59
2019-04-10,399001.SZ,10403.2424,10435.08,-0.014722204269939,474638394.63,503290912204.13
2019-04-11,399001.SZ,10420.646,10158.4004,-2.6514372673712,444252114.43,456637571685.71
2019-04-12,399001.SZ,10138.0881,10132.337,-0.25656992217004,370906208.46,368249190892.63
2019-04-15,399001.SZ,10294.8245,10053.7599,-0.77550815769354,403544068.49,420112440581.47
2019-04-16,399001.SZ,9993.2485,10287.6409,2.3263038139592,411812459.54,430879141539.37
2019-04-17,399001.SZ,10288.4502,10344.4287,0.55200021610397,453500765.01,475592709314.76
2019-04-18,399001.SZ,10338.5036,10287.6651,-0.54873595870983,422880573.54,429914284156.81
2019-04-19,399001.SZ,10280.3379,10418.241,1.2692471880719,409455000.08,405256793735.26
2019-04-22,399001.SZ,10418.7122,10224.3066,-1.8614889020133,437135586.0,445057504456.04
2019-04-23,399001.SZ,10206.0242,10124.6598,-0.97460692346609,403741204.2,408140719354.13
2019-04-24,399001.SZ,10162.3809,10236.2709,1.1023688914466,370744422.1,373852772456.6
2019-04-25,399001.SZ,10186.2264,9907.6247,-3.2106047525569,430107686.33,424300791145.54
2019-04-26,399001.SZ,9852.94,9780.8219,-1.2798506588567,339762932.11,349231030815.31
2019-04-29,399001.SZ,9775.9513,9622.4933,-1.6187658012667,356616132.79,356782123975.57
2019-04-30,399001.SZ,9573.4108,9674.5346,0.5408296828848,263792927.27,271059349146.3
2019-05-06,399001.SZ,9289.7431,8943.5206,-7.5560637304455,355213411.07,343574666148.7
2019-05-07,399001.SZ,9011.5174,9089.4581,1.6317679192241,296713598.85,292641091605.49
2019-05-08,399001.SZ,8899.9116,9002.5326,-0.95633313937604,289597255.9,269925651209.62
2019-05-09,399001.SZ,8919.5006,8877.3072,-1.3910019053972,244927948.43,236562617653.02
2019-05-10,399001.SZ,8988.9213,9235.3885,4.0336702553225,346735347.34,335996864347.97
2019-05-13,399001.SZ,9112.5224,9103.3625,-1.4295662819166,268454269.8,263589639969.66
2019-05-14,399001.SZ,8998.9685,9038.3643,-0.71400210636454,258630922.78,254317663335.02
2019-05-15,399001.SZ,9125.2676,9259.0294,2.4414273719859,288895917.26,286522186673.54
2019-05-16,399001.SZ,9247.9924,9293.3238,0.37038871482578,310232475.83,296006784335.25
2019-05-17,399001.SZ,9299.4626,9000.1885,-3.154256822516,349171165.27,325842438836.94
2019-05-20,399001.SZ,8980.8037,8916.1069,-0.93422043327203,274992473.6,263532427829.18
2019-05-21,399001.SZ,8920.4562,9087.5211,1.9225229343089,287502697.76,276693728239.3
2019-05-22,399001.SZ,9068.9948,9041.2237,-0.50946126551496,281965205.92,275630124658.28
2019-05-23,399001.SZ,8997.2518,8809.5348,-2.5625834255157,278961831.69,271749127874.97
2019-05-24,399001.SZ,8788.172,8776.7655,-0.37197537377342,228714097.3,218225146406.23
2019-05-27,399001.SZ,8795.1429,8979.8265,2.3136199776558,270875544.7,258901222981.79
2019-05-28,399001.SZ,8979.5787,9035.6934,0.62213785533608,276643369.62,272273452460.79
2019-05-29,399001.SZ,8971.2222,9010.358,-0.28039242677269,248026476.06,243073768554.61
2019-05-30,399001.SZ,8974.4042,8943.349,-0.74368854156516,264232166.55,256436093645.94
2019-05-31,399001.SZ,8939.411,8922.6946,-0.23094704232161,248794801.76,246188134414.33
2019-06-03,399001.SZ,8953.3691,8856.9866,-0.73641431143458,273451240.66,271098748716.47
2019-06-04,399001.SZ,8854.4957,8748.2714,-1.2274513320366,238853930.42,241319867682.11
2019-06-05,399001.SZ,8831.1345,8746.0462,-0.025435882110367,224442578.47,232586105668.3
2019-06-06,399001.SZ,8741.827,8584.9395,-1.8420517833533,230614649.17,221817174193.41
2019-06-10,399001.SZ,8621.732,8711.7859,1.4775456483997,205317923.13,204223448009.39
2019-06-11,399001.SZ,8721.2723,9037.6733,3.740764565851,316531461.47,310971808541.49
2019-06-12,399001.SZ,9008.5649,8954.7162,-0.91790328380203,295739200.58,290334396123.28
2019-06-13,399001.SZ,8948.5771,8951.6065,-0.034726952038981,268633276.19,258036352937.34
2019-06-14,399001.SZ,8956.9231,8810.1267,-1.5804961936162,273664328.75,254618100573.89
2019-06-17,399001.SZ,8807.8356,8780.8728,-0.33204857314937,205218247.67,192566078922.71
2019-06-18,399001.SZ,8785.7697,8804.3158,0.26697801612615,193701307.61,184847831202.43
2019-06-19,399001.SZ,9051.8459,8925.7291,1.3790202754881,275315384.32,278447728325.66
2019-06-20,399001.SZ,8923.5677,9134.9593,2.3441244704592,317570242.41,314654497560.56
2019-06-21,399001.SZ,9181.6414,9214.2673,0.86818120798851,351989129.35,345138655551.26
2019-06-24,399001.SZ,9220.2255,9212.1172,-0.023334465237393,286556337.46,283834013092.61
2019-06-25,399001.SZ,9206.1836,9118.1019,-1.0205612668497,281105616.42,269040963810.69
2019-06-26,399001.SZ,9064.126,9122.4255,0.04741776355888,224572243.7,219213566251.54
2019-06-27,399001.SZ,9154.0387,9239.4839,1.2831938172584,259085481.79,267181696372.92
2019-06-28,399001.SZ,9236.0636,9178.3135,-0.66205429504563,243274133.76,231883257244.84
2019-07-01,399001.SZ,9384.7881,9530.4639,3.8367658720744,338049379.81,347589238605.16
2019-07-02,399001.SZ,9516.4173,9545.5222,0.15800175267438,306779217.73,309130464715.08
2019-07-03,399001.SZ,9519.7998,9419.8389,-1.3166728584005,260721598.19,269451221463.81
2019-07-04,399001.SZ,9435.0422,9368.3046,-0.54708260456557,233063772.68,236241761184.31
2019-07-05,399001.SZ,9379.9388,9443.2151,0.79961640017554,199307360.67,211135323939.06
2019-07-08,399001.SZ,9419.688,9186.2871,-2.7207682688495,261041805.99,262636619402.0
2019-07-09,399001.SZ,9178.907,9198.7851,0.1360506139635,188090827.13,197522086703.73
2019-07-10,399001.SZ,9231.8567,9166.1466,-0.35481315896812,187294334.3,190363787097.72
2019-07-11,399001.SZ,9216.9495,9152.7709,-0.14592500626163,190345675.07,196286736117.53
2019-07-12,399001.SZ,9161.2706,9213.3827,0.66222350217463,186186263.89,187117227469.69
2019-07-15,399001.SZ,9181.0265,9309.4155,1.0423185829456,241649216.76,245906273626.12
2019-07-16,399001.SZ,9294.5562,9283.4086,-0.27936125527965,211312143.91,211676062666.08
2019-07-17,399001.SZ,9274.6914,9301.9982,0.20024541416823,235067706.59,229356064643.91
2019-07-18,399001.SZ,9258.122,9154.6503,-1.5840456731114,222426906.71,213971130653.79
2019-07-19,399001.SZ,9198.8165,9228.5537,0.80727714962527,200474339.87,200890562845.33
2019-07-22,399001.SZ,9247.2813,9122.6367,-1.1477096351512,218545396.06,209835620134.36
2019-07-23,399001.SZ,9125.4593,9175.832,0.58311321331037,168118777.01,175168280602.36
2019-07-24,399001.SZ,9203.228,9266.2977,0.98591277608394,213978041.39,221447306870.4
2019-07-25,399001.SZ,9265.3094,9344.8177,0.84737186891805,212853691.04,224169692932.59
2019-07-26,399001.SZ,9310.6464,9349.0021,0.044777759549018,185654473.95,193088832410.05
2019-07-29,399001.SZ,9350.2119,9354.2767,0.0564188556552,186596814.35,196302606581.25
2019-07-30,399001.SZ,9362.2301,9399.1014,0.47918937441736,206900141.01,213376144382.16
2019-07-31,399001.SZ,9374.4393,9326.6147,-0.77120883066545,185301240.53,193003939133.91
2019-08-01,399001.SZ,9278.8325,9268.0539,-0.62788913109061,189132525.24,202878636340.23
2019-08-02,399001.SZ,9049.3525,9136.4601,-1.4198644226702,228554425.08,238579937335.75
2019-08-05,399001.SZ,9093.0678,8984.7281,-1.6607307243645,203852033.15,219269009882.09
2019-08-06,399001.SZ,8805.1548,8859.4705,-1.3941167568555,274305593.35,268428437984.77
2019-08-07,399001.SZ,8919.8906,8814.744,-0.50484394072985,189083931.71,199858781624.88
2019-08-08,399001.SZ,8870.1816,8919.2764,1.1858812916178,176794343.92,189027177470.88
2019-08-09,399001.SZ,8963.4729,8795.1808,-1.3913191433332,195121488.46,209545421290.08
2019-08-12,399001.SZ,8816.8869,8978.5219,2.0845631735052,183867356.77,200207115072.77
2019-08-13,399001.SZ,8910.1464,8902.6322,-0.84523600705367,170587307.19,185691556864.63
2019-08-14,399001.SZ,9034.0501,8966.4691,0.71705646786127,207501725.14,228412237914.38
2019-08-15,399001.SZ,8779.5338,9009.6788,0.48190318304894,212807484.35,220269510365.27
2019-08-16,399001.SZ,9007.1491,9060.9173,0.568705068598,220697415.39,244112625339.99
2019-08-19,399001.SZ,9165.8011,9328.9716,2.9583572073878,303617839.05,334507175611.76
2019-08-20,399001.SZ,9340.6639,9328.7292,-0.0025983571436856,293736361.43,313938181508.33
2019-08-21,399001.SZ,9304.5237,9322.754,-0.064051596652617,249206921.16,271263755359.95
2019-08-22,399001.SZ,9350.6456,9350.557,0.29822732638875,257246169.93,270500074291.26
2019-08-23,399001.SZ,9356.9991,9362.5488,0.1282469055052,262062843.44,277017191152.1
2019-08-26,399001.SZ,9181.7104,9270.3891,-0.98434413500734,257433068.47,270062312813.9
2019-08-27,399001.SZ,9333.1048,9443.1762,1.8638602774505,311959902.27,327274914649.58
2019-08-28,399001.SZ,9449.3996,9414.0022,-0.30894266274518,285831306.08,291830940362.76
2019-08-29,399001.SZ,9428.9975,9398.4702,-0.16498827671828,272539934.88,281822855914.57
2019-08-30,399001.SZ,9458.3867,9365.6764,-0.34892699877901,312546961.6,329958602507.85
2019-09-02,399001.SZ,9393.0263,9569.4699,2.1759613646271,301375345.92,327223866830.87
2019-09-03,399001.SZ,9591.4245,9633.6857,0.67104866487955,310155425.57,339339630770.61
2019-09-04,399001.SZ,9612.6247,9700.3192,0.6916719319585,330577097.76,354615767045.23
2019-09-05,399001.SZ,9752.3433,9783.504,0.85754703824593,430769669.43,457301203131.85
2019-09-06,399001.SZ,9829.9668,9823.4188,0.40798061716946,331515905.78,375675214788.52
2019-09-09,399001.SZ,9907.1313,10001.9308,1.817208485502,387247245.24,429811219347.29
2019-09-10,399001.SZ,10005.8062,9964.9263,-0.36997356550398,382057735.89,420980543782.46
2019-09-11,399001.SZ,9985.1142,9853.7236,-1.1159410180485,352021079.98,379451276290.3
2019-09-12,399001.SZ,9886.2487,9919.8038,0.67061146306154,289619812.06,312756638219.35
2019-09-16,399001.SZ,9952.3255,9918.0921,-0.017255381603413,318433830.19,343882455978.66
2019-09-17,399001.SZ,9890.5845,9722.7974,-1.9690752821301,328554165.88,348225086477.01
2019-09-18,399001.SZ,9747.9816,9753.3113,0.31383869008728,256626163.91,287234778961.76
2019-09-19,399001.SZ,9786.3989,9852.196,1.0138577244018,265437302.23,298283565178.03
2019-09-20,399001.SZ,9873.9425,9881.249,0.29488857103533,281350748.88,328535565167.08
2019-09-23,399001.SZ,9853.4727,9781.14,-1.0131209121438,271603603.16,308900326823.58
2019-09-24,399001.SZ,9783.3899,9811.3766,0.30913165541031,284275431.96,341848426335.93
2019-09-25,399001.SZ,9768.3805,9671.0577,-1.4301652634555,285553846.95,322003978998.1
2019-09-26,399001.SZ,9698.281,9464.8358,-2.1323613858699,288722525.46,321784955502.74
2019-09-27,399001.SZ,9470.535,9548.9601,0.88880886871803,215531597.41,244373920782.11
2019-09-30,399001.SZ,9544.0163,9446.2382,-1.0757391268186,184403070.62,209912716977.33
2019-10-08,399001.SZ,9474.5717,9474.7541,0.30187572445506,189301439.7,221075652911.14
2019-10-09,399001.SZ,9443.4533,9506.5615,0.33570686546894,189044845.53,214862510441.46
2019-10-10,399001.SZ,9504.0337,9638.1016,1.3836769477587,223158569.87,263424469337.55
2019-10-11,399001.SZ,9656.9823,9666.5828,0.2955063266816,244308085.77,273800809423.22
2019-10-14,399001.SZ,9753.5822,9786.6378,1.2419590509275,286366997.81,313886799445.5
2019-10-15,399001.SZ,9759.9538,9671.7288,-1.174141746617,267349174.23,289634369062.25
2019-10-16,399001.SZ,9678.311,9642.0595,-0.30676315076164,233429842.48,256663298621.95
2019-10-17,399001.SZ,9657.0913,9645.3887,0.034527893133206,206940033.82,225165655469.89
2019-10-18,399001.SZ,9665.8079,9533.5052,-1.159968804575,238252396.39,253801612921.99
2019-10-21,399001.SZ,9533.0928,9553.5729,0.21049655482434,210014616.97,224399694944.41
2019-10-22,399001.SZ,9582.1145,9642.0888,0.92652142739184,207602955.15,226622240085.77
2019-10-23,399001.SZ,9641.8856,9567.7488,-0.77099476619631,216070082.89,228670855112.94
2019-10-24,399001.SZ,9570.3301,9555.7613,-0.12529070579277,207485949.71,218622649508.11
2019-10-25,399001.SZ,9562.2984,9660.4403,1.0954543203167,225313071.31,245566083851.51
2019-10-28,399001.SZ,9721.6415,9801.8744,1.4640543868378,299268085.08,321505191647.99
2019-10-29,399001.SZ,9812.4819,9746.0316,-0.56971552298202,321830851.73,343693400173.55
2019-10-30,399001.SZ,9707.1756,9681.5377,-0.66174523792842,272184490.11,285824918362.75
2019-10-31,399001.SZ,9709.1001,9635.3291,-0.47728575182845,243592624.34,269331404365.83
2019-11-01,399001.SZ,9621.8921,9802.3341,1.7332568329192,226683909.19,259274833599.06
2019-11-04,399001.SZ,9828.5987,9868.1332,0.67125951154838,239558403.76,280719917533.61
2019-11-05,399001.SZ,9885.0231,9938.6067,0.71415229782265,238918148.18,277812579173.79
2019-11-06,399001.SZ,9947.3089,9860.9748,-0.78111451980488,232847836.13,268586566580.76
2019-11-07,399001.SZ,9849.96,9917.4871,0.57309040075835,216988085.75,243111099362.84
2019-11-08,399001.SZ,9985.1968,9895.3367,-0.22334690004286,234451241.54,275567486132.58
2019-11-11,399001.SZ,9821.406,9680.5745,-2.170337468153,231774177.94,256712984718.5
2019-11-12,399001.SZ,9675.5607,9670.1441,-0.10774567149916,206230328.74,226468005939.69
2019-11-13,399001.SZ,9678.6495,9687.8531,0.18313067330611,184184875.18,212394068371.65
2019-11-14,399001.SZ,9689.9329,9746.5606,0.60599081544703,205561391.6,236230291403.94
2019-11-15,399001.SZ,9741.9339,9647.9915,-1.0113218810746,213586120.75,248499058223.15
2019-11-18,399001.SZ,9635.8063,9715.2746,0.69737934574259,192163768.77,219553185896.52
2019-11-19,399001.SZ,9721.013,9889.7537,1.7959255624128,226156386.73,262562224600.25
2019-11-20,399001.SZ,9885.9043,9809.0476,-0.8160577345824,231402649.66,267412888602.73
2019-11-21,399001.SZ,9772.0332,9774.4426,-0.35278654372112,202755816.56,221200002917.65
2019-11-22,399001.SZ,9794.3174,9626.9025,-1.5094477100924,250847436.24,290476970594.86
2019-11-25,399001.SZ,9626.405,9626.3556,-0.0056809550112237,226244751.01,245818195373.82
2019-11-26,399001.SZ,9662.4139,9677.2341,0.52853335274669,217644739.48,228146432827.7
2019-11-27,399001.SZ,9643.1107,9648.3922,-0.29803867202096,202756157.11,218108199260.06
2019-11-28,399001.SZ,9650.2661,9622.1438,-0.27204947162078,183124717.34,195291211357.87
2019-11-29,399001.SZ,9614.7121,9582.1558,-0.41558306372432,184572508.36,201184614322.53
2019-12-02,399001.SZ,9603.0167,9605.1887,0.24037283969021,185452155.57,203141934762.7
2019-12-03,399001.SZ,9585.7536,9657.6534,0.54621206973267,193114572.89,211789709229.89
2019-12-04,399001.SZ,9624.1851,9687.9508,0.31371388830336,202086729.32,219796481107.96
2019-12-05,399001.SZ,9719.3013,9799.0695,1.1469783682221,229535559.59,264063796364.95
2019-12-06,399001.SZ,9804.0406,9878.6229,0.81184647174919,228396999.36,260326069164.4
2019-12-09,399001.SZ,9908.9681,9876.2684,-0.023834293745533,255810141.61,286321809768.81
2019-12-10,399001.SZ,9850.0361,9915.8658,0.40093483081119,259832524.21,286000414137.42
2019-12-11,399001.SZ,9905.9121,9852.7134,-0.63688235877495,269926959.7,290872060275.21
2019-12-12,399001.SZ,9862.4328,9836.2347,-0.16725037389192,256204337.9,282826105667.16
2019-12-13,399001.SZ,9923.7871,10004.6244,1.7119325141764,294232168.63,331559524473.74
2019-12-16,399001.SZ,10040.2614,10158.2412,1.5354579428289,352698369.2,384950669619.5
2019-12-17,399001.SZ,10157.4256,10306.0316,1.4548817761878,425264451.07,449518454031.91
2019-12-18,399001.SZ,10299.0501,10294.6601,-0.11033829937026,380196027.96,408804496607.24
2019-12-19,399001.SZ,10298.5051,10296.291,0.01584219376024,347764099.67,357649481938.71
2019-12-20,399001.SZ,10305.0975,10229.4868,-0.64881810352872,345637473.53,347283564901.39
2019-12-23,399001.SZ,10202.2294,10056.2081,-1.693913911693,309064941.18,318740805925.67
2019-12-24,399001.SZ,10080.3678,10189.2859,1.3233397586512,264595231.86,274957312102.65
2019-12-25,399001.SZ,10176.7216,10229.5781,0.39543693636077,291140108.65,313596683405.03
2019-12-26,399001.SZ,10239.7583,10303.7153,0.72473370138304,293413613.02,308029554126.37
2019-12-27,399001.SZ,10326.5205,10233.772,-0.67881631007409,352371951.72,373921151662.32
2019-12-30,399001.SZ,10203.8154,10365.9572,1.2916566833813,323152983.86,343648904745.69
2019-12-31,399001.SZ,10360.7838,10430.7662,0.6252099902554,282654534.35,305896044426.98
2020-01-02,399001.SZ,10509.1241,10638.8247,1.9946617152631,393257468.1,424347406551.87
2020-01-03,399001.SZ,10666.6552,10656.4066,0.16526167594435,374182701.02,405405338738.83
2020-01-06,399001.SZ,10599.411,10698.2738,0.39288290670141,439641646.01,472892674675.2
2020-01-07,399001.SZ,10725.1779,10829.0454,1.2223616860507,414499627.03,444165761122.87
2020-01-08,399001.SZ,10776.7079,10706.8685,-1.128233334399,462506909.62,472740643336.64
2020-01-09,399001.SZ,10807.0373,10898.1665,1.7866848742935,396591114.72,434903322278.57
2020-01-10,399001.SZ,10927.981,10879.8423,-0.16814020963984,355689713.62,398600767170.91
2020-01-13,399001.SZ,10893.995,11040.2015,1.4739110694647,345273662.82,409505555344.19
2020-01-14,399001.SZ,11074.8869,10988.7671,-0.46588280114272,377298121.66,430400617750.99
2020-01-15,399001.SZ,10978.2815,10972.3163,-0.14970560255116,331233272.49,378160533501.35
2020-01-16,399001.SZ,10986.6483,10967.4352,-0.044485593256189,317968373.43,375957685267.16
2020-01-17,399001.SZ,11001.6776,10954.388,-0.11896309175366,304820102.6,365143215616.33
2020-01-20,399001.SZ,10981.5044,11115.884,1.4742585345708,330625512.93,408001033341.93
2020-01-21,399001.SZ,11077.6577,10953.4131,-1.4616102507007,338540804.24,404258431843.98
2020-01-22,399001.SZ,10896.5546,11072.0572,1.0831701399083,352090081.3,429531266519.52
2020-01-23,399001.SZ,10947.8577,10681.904,-3.5237643100326,402894259.36,481547538048.06
2020-02-03,399001.SZ,9706.5799,9779.6682,-8.4463949498142,195449921.48,262459733783.06
2020-02-04,399001.SZ,9578.8669,10089.6665,3.1698243095814,511560080.17,536037346697.35
2020-02-05,399001.SZ,10159.552,10305.4984,2.1391380973791,454671825.09,523099589053.11
2020-02-06,399001.SZ,10306.1154,10601.3422,2.8707374308068,481109434.03,554856051934.05
2020-02-07,399001.SZ,10569.6523,10611.5512,0.096299127104875,489619557.3,567200990243.78
2020-02-10,399001.SZ,10577.5574,10728.4595,1.1017079199505,470890837.17,544274326052.35
2020-02-11,399001.SZ,10749.9735,10768.6277,0.37440790078015,417815190.97,483068699706.34
2020-02-12,399001.SZ,10735.0475,10940.7952,1.5987877452575,420141761.9,492545457171.88
2020-02-13,399001.SZ,10936.5011,10864.3222,-0.69897113145852,455290399.05,536585012835.16
2020-02-14,399001.SZ,10854.4551,10916.3117,0.4785342246201,417093369.3,504892464510.55
2020-02-17,399001.SZ,10974.9328,11241.4993,2.9789145724009,481114964.62,570188828126.89
2020-02-18,399001.SZ,11244.7651,11306.4863,0.5780990441373,528090836.39,624947512166.51
2020-02-19,399001.SZ,11300.1613,11235.5959,-0.62698877546069,537762852.11,657484297207.55
2020-02-20,399001.SZ,11278.874,11509.0875,2.4341530474587,551710619.66,654664639588.26
2020-02-21,399001.SZ,11506.6736,11629.6982,1.0479605789773,600391734.39,725971466257.2
2020-02-24,399001.SZ,11620.6312,11772.3755,1.2268357918351,620546346.83,770457502588.08
2020-02-25,399001.SZ,11537.5538,11856.0815,0.71103746223521,730505831.78,902187396906.3
2020-02-26,399001.SZ,11677.6286,11497.5532,-3.0240033353347,686513098.03,817348520078.54
2020-02-27,399001.SZ,11555.818,11534.0186,0.31715791495532,551694823.61,654632006513.45
2020-02-28,399001.SZ,11150.6596,10980.7746,-4.7966282974435,610890436.37,696848229746.81
2020-03-02,399001.SZ,11115.4594,11381.7613,3.6517159727511,532405548.06,632086433239.72
2020-03-03,399001.SZ,11597.6638,11484.2118,0.90012869976459,601666152.74,728950349709.52
2020-03-04,399001.SZ,11411.5973,11493.0214,0.076710532280504,513348245.82,602117062313.74
2020-03-05,399001.SZ,11644.407,11711.3726,1.8998589874722,593054204.04,689195542376.15
2020-03-06,399001.SZ,11555.4583,11582.8159,-1.0977082225187,538856740.76,580104347981.36
2020-03-09,399001.SZ,11363.7949,11108.548,-4.0945820437326,584734799.78,648077340380.92
2020-03-10,399001.SZ,11016.9238,11403.4665,2.654878927471,581355154.76,656502529541.38
2020-03-11,399001.SZ,11436.4378,11200.0502,-1.7838110893736,529580219.67,594063173445.31
2020-03-12,399001.SZ,11022.4012,10941.0135,-2.3128173121938,465707946.7,509406994353.36
2020-03-13,399001.SZ,10382.2213,10831.125,-1.0043722183507,529004537.82,573701912360.68
2020-03-16,399001.SZ,10867.6626,10253.2846,-5.3349989036227,520482615.24,587677958038.18
2020-03-17,399001.SZ,10337.9189,10202.7534,-0.49282939049601,449164287.58,495073156439.95
2020-03-18,399001.SZ,10294.9555,10029.5687,-1.6974310091627,452580805.67,518373879323.7
2020-03-19,399001.SZ,10023.121,10019.8582,-0.096818719632473,432237748.21,491949299374.19
2020-03-20,399001.SZ,10150.784,10150.1252,1.300088258734,380046974.47,435458534975.14
2020-03-23,399001.SZ,9828.8987,9691.5337,-4.5180871266494,388114615.12,418985613298.09
2020-03-24,399001.SZ,9900.2203,9921.6831,2.3747469402082,398359284.43,433528584902.37
2020-03-25,399001.SZ,10171.4653,10241.0761,3.2191413168598,416839381.77,458152117849.07
2020-03-26,399001.SZ,10161.9422,10155.3593,-0.83699016746883,372992274.67,394186890299.41
2020-03-27,399001.SZ,10300.6192,10109.9066,-0.44757352898385,345009875.45,380281699833.03
2020-03-30,399001.SZ,9953.0364,9904.9511,-2.0272739216008,356631369.28,382440662636.96
2020-03-31,399001.SZ,10008.0257,9962.3047,0.57903970873718,315348323.28,337468972411.75
2020-04-01,399001.SZ,9967.1158,9951.8367,-0.10507608746399,333079525.67,359216781570.29
2020-04-02,399001.SZ,9910.3773,10179.2045,2.2846817814042,328200761.88,364617023206.52
2020-04-03,399001.SZ,10155.5629,10110.1129,-0.67875245064582,320031270.97,358276718557.79
2020-04-07,399001.SZ,10312.7148,10428.9132,3.153281305098,401858318.06,445455425342.45
2020-04-08,399001.SZ,10372.7625,10386.5453,-0.40625422023841,396877234.77,420856344171.42
2020-04-09,399001.SZ,10453.8559,10463.0463,0.73653941508348,377418831.71,405778525241.55
2020-04-10,399001.SZ,10459.6992,10298.4127,-1.5734767416637,394773436.61,425685347698.13
2020-04-13,399001.SZ,10225.5297,10223.1633,-0.73068930321661,298034337.54,314914999773.01
2020-04-14,399001.SZ,10300.9622,10475.7052,2.4702911671185,329838757.91,365721826479.98
2020-04-15,399001.SZ,10468.4629,10417.3744,-0.5568197929052,379199306.76,409439234958.21
2020-04-16,399001.SZ,10361.7653,10470.7936,0.51278947985205,348703809.2,372555755332.69
2020-04-17,399001.SZ,10562.8976,10527.9907,0.54625372426403,401492379.71,460267368501.47
2020-04-20,399001.SZ,10553.5476,10621.4968,0.88816662803474,340156237.14,383529246109.03
2020-04-21,399001.SZ,10577.7187,10506.8566,-1.0793224548164,359333291.93,400623067994.97
2020-04-22,399001.SZ,10424.4501,10617.1925,1.0501323488131,344848570.59,373179059514.55
2020-04-23,399001.SZ,10657.3995,10564.0458,-0.50057206742742,382809728.69,407896394021.01
2020-04-24,399001.SZ,10565.0868,10423.4622,-1.3307742380291,372911395.86,381097203000.17
2020-04-27,399001.SZ,10449.1265,10452.1708,0.27542288204393,320369787.13,331351587770.76
2020-04-28,399001.SZ,10477.7614,10501.1471,0.46857538914309,384691529.76,403372452600.11
2020-04-29,399001.SZ,10460.9947,10514.1731,0.12404359139012,290231988.68,310081884005.88
2020-04-30,399001.SZ,10575.5242,10721.7796,1.9745394908897,348102531.27,401656708729.99
2020-05-06,399001.SZ,10618.1651,10883.2183,1.5057080636129,350163179.08,417220851949.89
2020-05-07,399001.SZ,10899.9169,10863.2853,-0.18315354383731,345878890.48,398621132823.55
2020-05-08,399001.SZ,10923.6123,11001.5794,1.2730412226217,354347890.69,410902382069.31
2020-05-11,399001.SZ,11053.8157,10969.2819,-0.29357148483608,349327539.98,412801067084.01
2020-05-12,399001.SZ,10972.0503,11015.5584,0.42187355947156,309285831.9,360877809665.51
2020-05-13,399001.SZ,10978.3114,11074.5925,0.53591563728627,298836840.44,357566915907.02
2020-05-14,399001.SZ,11026.712,10962.1473,-1.0153439054304,325040790.61,372773922227.09
2020-05-15,399001.SZ,11013.1554,10964.892,0.025037977732696,317144619.69,380063225005.48
2020-05-18,399001.SZ,10969.0815,10921.1453,-0.3989706419361,362078882.58,442713632746.42
2020-05-19,399001.SZ,11023.428,11052.8476,1.2059385383326,310113850.21,385245479768.3
2020-05-20,399001.SZ,11056.977,10948.4771,-0.94428606796315,345397378.0,417524221201.2
2020-05-21,399001.SZ,10999.0702,10845.3964,-0.94150719829336,321249943.07,375610196357.6
2020-05-22,399001.SZ,10832.9134,10604.9659,-2.2168899239128,299718973.48,347490133244.33
2020-05-25,399001.SZ,10602.4707,10592.8444,-0.11430022608559,241587532.45,288513613801.4
2020-05-26,399001.SZ,10655.9833,10815.4306,2.101288299864,270864207.13,322629338262.19
2020-05-27,399001.SZ,10823.243,10682.6976,-1.2272558061627,293429897.95,345256176605.49
2020-05-28,399001.SZ,10680.8726,10653.4924,-0.27338787536212,297057868.36,339058020776.43
2020-05-29,399001.SZ,10615.1356,10746.0764,0.86904835075492,294922962.56,338498582332.52
2020-06-01,399001.SZ,10837.4919,11102.1504,3.313525669704,390282216.49,454170074797.34
2020-06-02,399001.SZ,11133.616,11112.4965,0.093190054424041,419510340.31,477710161189.71
2020-06-03,399001.SZ,11154.6417,11108.3594,-0.037229258069957,418994915.87,477363378228.15
2020-06-04,399001.SZ,11146.2929,11139.2565,0.27814278317283,358812247.01,396325346349.85
2020-06-05,399001.SZ,11153.273,11180.5979,0.37113248985694,342502178.34,378387677190.98
2020-06-08,399001.SZ,11266.9349,11215.76,0.31449212568497,357209784.2,409674029152.75
2020-06-09,399001.SZ,11238.4418,11284.2423,0.61058991989843,329985425.13,368899489923.29
2020-06-10,399001.SZ,11296.1349,11335.8626,0.45745472870607,319351628.54,371135766848.57
2020-06-11,399001.SZ,11328.0975,11243.6167,-0.8137528060723,356894664.27,431950524104.01
2020-06-12,399001.SZ,11017.1459,11251.7077,0.071960830895279,354695599.7,424919067390.8
2020-06-15,399001.SZ,11241.2557,11192.2735,-0.52822381797211,389253047.48,466150409084.45
2020-06-16,399001.SZ,11312.8069,11398.9661,1.846743648643,359117074.64,441480246116.66
2020-06-17,399001.SZ,11421.028,11420.8365,0.19186301466411,382960519.88,460850397739.29
2020-06-18,399001.SZ,11416.0779,11494.5542,0.64546673091766,379185206.04,469208840249.79
2020-06-19,399001.SZ,11505.6855,11668.1332,1.5100977121844,360114582.53,459780873827.04
2020-06-22,399001.SZ,11680.4052,11702.4416,0.2940350389555,379211212.45,482583046867.93
2020-06-23,399001.SZ,11711.2774,11794.0093,0.78246662645169,349435936.88,452996357231.17
2020-06-24,399001.SZ,11813.3637,11813.528,0.16549673231138,321174660.27,431766567846.2
2020-06-29,399001.SZ,11780.6503,11752.3591,-0.5177868965139,327240865.28,422432536523.79
2020-06-30,399001.SZ,11828.5269,11992.3468,2.0420385214403,327445773.68,449354295432.51
2020-07-01,399001.SZ,12024.8398,12112.9645,1.0057889586715,394797723.68,537408303851.06
2020-07-02,399001.SZ,12095.8495,12269.4885,1.2922022515628,482950799.45,601852588808.8
2020-07-03,399001.SZ,12295.6197,12433.2649,1.3348266311183,514682695.14,636094456668.85
2020-07-06,399001.SZ,12519.4965,12941.7205,4.0894777364552,693878571.25,841945857714.62
2020-07-07,399001.SZ,13084.6499,13163.9796,1.7173844853163,757517279.33,946232727616.6
2020-07-08,399001.SZ,13170.2005,13406.3724,1.8413337559411,671846143.94,845815788114.0
2020-07-09,399001.SZ,13399.4676,13754.7439,2.5985515664178,761244341.81,974826151011.39
2020-07-10,399001.SZ,13662.3836,13671.2441,-0.60706182977351,699129190.43,909318666631.22
2020-07-13,399001.SZ,13699.2226,14149.144,3.4956577214505,710803969.4,955042543138.8
2020-07-14,399001.SZ,14121.3303,13996.4641,-1.0790751723214,738342116.32,997206841399.45
2020-07-15,399001.SZ,14017.9304,13734.1288,-1.8742969518994,672542485.09,896791871431.77
2020-07-16,399001.SZ,13731.2839,12996.3397,-5.3719395728981,622700319.11,826680803382.18
2020-07-17,399001.SZ,13002.8359,13114.9384,0.91255463259397,477047430.26,629589051103.85
2020-07-20,399001.SZ,13303.8024,13448.8492,2.5460340705832,494883150.3,649024905616.03
2020-07-21,399001.SZ,13480.39,13536.1735,0.64930685667886,472939229.65,614163030094.9
2020-07-22,399001.SZ,13507.3531,13657.0295,0.89283725566904,500914306.38,657824342408.35
2020-07-23,399001.SZ,13511.4507,13661.4997,0.032731861639456,527795890.83,699157793080.99
2020-07-24,399001.SZ,13547.8065,12935.6969,-5.3127607944829,566299750.5,750564667826.34
2020-07-27,399001.SZ,13013.7655,12976.8672,0.31826889821452,398281265.36,524963232760.17
2020-07-28,399001.SZ,13107.433,13147.3536,1.3137716320315,389837209.93,508095234992.93
2020-07-29,399001.SZ,13117.1882,13557.4411,3.1191638445018,437797601.22,593635518316.56
2020-07-30,399001.SZ,13595.7712,13466.8549,-0.66816591222366,470528688.06,616787157102.87
2020-07-31,399001.SZ,13464.207,13637.8826,1.2699899217003,486201682.97,650213230375.07
2020-08-03,399001.SZ,13771.7448,13964.5618,2.3953806436198,568792353.77,761532325131.58
2020-08-04,399001.SZ,13966.7328,13860.4591,-0.74547774209427,567605799.83,767895259883.77
2020-08-05,399001.SZ,13859.3182,13960.925,0.72483818375107,502991737.06,670273055126.94
2020-08-06,399001.SZ,13972.3032,13863.1298,-0.70049226680896,534282824.77,721023901254.56
2020-08-07,399001.SZ,13813.7621,13648.4996,-1.548208832323,510740600.65,700765738527.69
2020-08-10,399001.SZ,13576.3194,13657.3134,0.064577061642731,452591805.22,630535955027.09
2020-08-11,399001.SZ,13668.3056,13466.2675,-1.3988541846012,467415697.81,620588226420.0
2020-08-12,399001.SZ,13437.5661,13308.5217,-1.1714144249697,450377017.62,602930245068.16
2020-08-13,399001.SZ,13373.1634,13291.3199,-0.12925402526111,403886454.43,494330064817.75
2020-08-14,399001.SZ,13272.7074,13489.0095,1.4873586783507,388630534.74,482289515330.4
2020-08-17,399001.SZ,13542.0141,13742.2257,1.8772038080335,489093702.37,616467249911.89
2020-08-18,399001.SZ,13748.5154,13768.1672,0.18877218702644,474961630.62,596898404210.64
2020-08-19,399001.SZ,13741.2736,13480.8527,-2.0868028098903,479959539.69,590147208491.09
2020-08-20,399001.SZ,13387.8182,13320.9233,-1.186344837074,389383833.6,470003203120.09
2020-08-21,399001.SZ,13445.9626,13477.9999,1.179172017303,384328638.44,482962971388.22
2020-08-24,399001.SZ,13565.284,13666.6926,1.4000052040362,411458025.6,551396188567.9
2020-08-25,399001.SZ,13692.4661,13669.4066,0.019858498902653,456935792.3,586063103587.27
2020-08-26,399001.SZ,13680.5853,13428.3991,-1.7631160375316,465528483.77,596614407088.99
2020-08-27,399001.SZ,13465.8931,13535.0904,0.79451987690773,414995131.93,520691038561.38
2020-08-28,399001.SZ,13509.372,13851.3239,2.3363973985722,441224995.26,568479063990.28
2020-08-31,399001.SZ,13929.7475,13758.2278,-0.67210976129147,451925524.06,597534971537.29
2020-09-01,399001.SZ,13729.3878,13849.6578,0.6645477988088,399237899.24,524538672487.11
2020-09-02,399001.SZ,13881.073,13887.4251,0.27269482427212,517293702.87,623392812789.18
2020-09-03,399001.SZ,13871.2682,13772.3737,-0.82845739344438,482940488.44,591494024504.91
2020-09-04,399001.SZ,13501.9111,13656.6574,-0.84020592615781,437115965.16,530504801476.58
2020-09-07,399001.SZ,13633.5055,13284.0335,-2.7285146656751,541639429.02,663791588007.45
2020-09-08,399001.SZ,13315.1484,13293.33,0.069982509453927,534069298.89,604152978954.35
2020-09-09,399001.SZ,13107.9767,12861.75,-3.2465905833978,637189231.29,695257373144.14
2020-09-10,399001.SZ,13001.3832,12742.8454,-0.92448228273757,529898053.01,563505245098.02
2020-09-11,399001.SZ,12711.0884,12942.9488,1.5703196085232,383952523.07,429698229423.81
2020-09-14,399001.SZ,13024.5553,13021.9901,0.61069004615085,419143551.34,500237497534.75
2020-09-15,399001.SZ,13032.2847,13143.457,0.93278292386353,391233479.13,473751759490.42
2020-09-16,399001.SZ,13123.4964,13011.2814,-1.0056380144128,353245371.28,441995000980.22
2020-09-17,399001.SZ,12970.342,13015.1892,0.030033936549869,353953413.26,474313751889.0
2020-09-18,399001.SZ,13026.1053,13245.09,1.7664038260773,392372451.88,498662473853.79
2020-09-21,399001.SZ,13280.0081,13149.5014,-0.72169083033789,366644046.5,467386110298.54
2020-09-22,399001.SZ,13052.0849,13023.4311,-0.95874585784674,350538310.09,433184435438.96
2020-09-23,399001.SZ,13044.8118,13110.0723,0.66527168865661,318235740.01,420011122360.88
2020-09-24,399001.SZ,13018.3023,12816.6063,-2.2384773575963,344066622.9,421049315211.43
2020-09-25,399001.SZ,12876.0754,12814.1736,-0.018980843626283,272819823.65,348702938179.33
2020-09-28,399001.SZ,12860.0911,12760.9325,-0.41548602088549,251467578.69,330571549214.14
2020-09-29,399001.SZ,12843.2273,12900.6952,1.0952389255252,253193440.85,337712472885.68
2020-09-30,399001.SZ,12948.9707,12907.4481,0.052345241053362,252199580.95,334240715354.4
2020-10-09,399001.SZ,13161.3551,13289.2621,2.9580905306913,318084326.06,447106821134.42
2020-10-12,399001.SZ,13386.3445,13708.0666,3.151450372854,434269167.9,615700251062.37
2020-10-13,399001.SZ,13678.6222,13798.5789,0.66028494492433,381369284.18,546439745273.17
2020-10-14,399001.SZ,13781.5598,13691.0429,-0.77932663051265,383446938.19,546486209380.37
2020-10-15,399001.SZ,13702.8323,13624.8908,-0.48317794694808,355725125.99,500160789623.21
2020-10-16,399001.SZ,13611.9135,13532.7292,-0.67642083413982,324284156.19,455152499609.61
2020-10-19,399001.SZ,13638.7803,13421.1948,-0.82418260464416,329539320.95,455215631009.33
2020-10-20,399001.SZ,13417.2213,13603.881,1.3611768752511,316642581.29,439571085476.21
2020-10-21,399001.SZ,13613.8685,13467.9132,-0.99947801660422,317841283.51,459421420582.72
2020-10-22,399001.SZ,13419.3912,13396.1815,-0.53261183774187,301658679.96,427266546406.11
2020-10-23,399001.SZ,13405.5349,13128.4553,-1.9985262218193,302481906.44,437816160845.38
2020-10-26,399001.SZ,13056.301,13191.247,0.47828703807979,276109396.13,398149304361.78
2020-10-27,399001.SZ,13159.3682,13269.6543,0.59438883981174,287974327.88,413771508672.39
2020-10-28,399001.SZ,13273.4991,13388.1038,0.89263440721286,323934681.23,476947352377.2
2020-10-29,399001.SZ,13219.8925,13519.6613,0.98264475660847,333961871.62,501666720028.36
2020-10-30,399001.SZ,13544.2856,13236.601,-2.0936937229337,375631585.18,541927833404.85
2020-11-02,399001.SZ,13269.9698,13420.9609,1.3928039381107,339275033.76,487110104524.21
2020-11-03,399001.SZ,13476.5834,13580.035,1.1852661011776,340565243.71,481009295157.58
2020-11-04,399001.SZ,13586.3292,13659.4993,0.58515534017401,313124511.06,459038067570.2
2020-11-05,399001.SZ,13802.1789,13894.2566,1.7186376663162,365798323.99,543464101585.76
2020-11-06,399001.SZ,13932.4138,13838.4217,-0.4018559726326,366151638.78,552972517358.1
2020-11-09,399001.SZ,13934.3703,14141.1529,2.187613635159,437218141.98,653608478471.87
2020-11-10,399001.SZ,14121.6855,13993.3352,-1.0453016175223,394359802.74,591195899277.9
2020-11-11,399001.SZ,13925.4352,13720.174,-1.9520807305466,350606561.76,513813238957.2
2020-11-12,399001.SZ,13789.2954,13792.0742,0.52404728977926,302522562.44,421166043225.87
2020-11-13,399001.SZ,13755.2852,13754.5536,-0.27204465010781,296359332.83,425634573421.62
2020-11-16,399001.SZ,13811.8499,13850.8288,0.69995146916291,336170863.94,467276094182.73
2020-11-17,399001.SZ,13843.0116,13732.5199,-0.85416477026992,361145071.31,499915338642.57
2020-11-18,399001.SZ,13710.0233,13658.2034,-0.54117161701691,347492634.89,463012987298.15
2020-11-19,399001.SZ,13633.9713,13777.4452,0.87304161834345,346925563.29,454766978236.62
2020-11-20,399001.SZ,13789.9845,13852.4182,0.54417200657782,329383863.64,438277523421.66
2020-11-23,399001.SZ,13871.7112,13955.2848,0.74258947798731,401041979.0,522455359919.42
2020-11-24,399001.SZ,13958.0126,13902.5372,-0.37797580454968,355274026.5,470795355829.33
2020-11-25,399001.SZ,13923.659,13656.0949,-1.7726426223841,368603579.14,479922611618.09
2020-11-26,399001.SZ,13651.4321,13599.9939,-0.41081290376798,317721491.74,415975881297.55
2020-11-27,399001.SZ,13627.8557,13690.8834,0.66830544681348,310005529.19,399658671634.25
2020-11-30,399001.SZ,13720.6808,13670.1106,-0.15172724354661,371654482.93,496207435156.97
2020-12-01,399001.SZ,13650.3888,13930.3746,1.9038909604725,370145138.64,479714599945.73
2020-12-02,399001.SZ,13950.7382,13961.5754,0.22397674790454,388032449.19,497650122913.11
2020-12-03,399001.SZ,13955.9785,13970.684,0.065240488548302,374363787.65,473941113981.46
2020-12-04,399001.SZ,13933.8767,14026.6567,0.40064394842801,318869192.87,419358435756.34
2020-12-07,399001.SZ,14021.1614,13973.4819,-0.37909817811395,317957807.93,432150542737.61
2020-12-08,399001.SZ,14000.8657,13973.8919,0.0029341291092226,292836034.56,397072041871.51
2020-12-09,399001.SZ,13998.6174,13716.5307,-1.8417288600894,336484709.29,452221666549.14
2020-12-10,399001.SZ,13672.0533,13731.3422,0.10798284437915,290835679.22,387622157852.04
2020-12-11,399001.SZ,13767.4781,13555.1445,-1.2831790034335,346193405.33,455089357170.59
2020-12-14,399001.SZ,13583.1949,13692.1325,1.0105978582523,291001307.65,393547602621.48
2020-12-15,399001.SZ,13682.2755,13763.3126,0.51986131451766,284756671.06,394301187648.57
2020-12-16,399001.SZ,13791.4148,13751.0908,-0.088799843142409,297828155.98,392160099961.1
2020-12-17,399001.SZ,13746.2809,13889.8663,1.0091963031762,330101244.61,427010618503.91
2020-12-18,399001.SZ,13911.8335,13854.1197,-0.25735740883266,312867298.59,417246480540.1
2020-12-21,399001.SZ,13858.6588,14134.8495,2.0263272303039,343926152.76,480532160300.64
2020-12-22,399001.SZ,14085.286,13882.3026,-1.7866967738142,385393431.49,525440139571.64
2020-12-23,399001.SZ,13912.5186,14015.0229,0.95603952618061,368469493.03,515807443681.41
2020-12-24,399001.SZ,13998.3587,13915.5738,-0.70958927937249,356961842.59,462766411213.81
2020-12-25,399001.SZ,13879.2359,14017.057,0.72927786851305,338254124.81,434698020486.95
2020-12-28,399001.SZ,14020.9523,14044.1005,0.19293279609264,373252546.53,482909439036.97
2020-12-29,399001.SZ,14042.7946,13970.2105,-0.52612839106357,371600319.42,477632727523.56
2020-12-30,399001.SZ,13970.4455,14201.5654,1.6560587973961,351919991.31,469468396552.2
2020-12-31,399001.SZ,14226.2842,14470.6832,1.8949868723627,372217263.83,511265652033.16
2021-01-04,399001.SZ,14516.1215,14827.4686,2.4655739820218,435497759.23,641014135681.99
2021-01-05,399001.SZ,14760.2525,15147.5693,2.1588357975009,458934763.39,698425783002.26
2021-01-06,399001.SZ,15221.4394,15187.6139,0.26436320710545,433240718.36,645417439109.28
2021-01-07,399001.SZ,15178.3476,15356.4035,1.1113635170828,469284072.02,670794521589.72
2021-01-08,399001.SZ,15402.7426,15319.2912,-0.24167312352792,420062728.22,630105126980.54
2021-01-11,399001.SZ,15353.079,15115.3802,-1.3310733332101,439456644.06,684894785595.78
2021-01-12,399001.SZ,15053.8722,15460.0321,2.280140462494,386861601.55,604472560455.43
2021-01-13,399001.SZ,15491.0659,15365.4279,-0.61192757808051,432697297.63,679695848826.36
2021-01-14,399001.SZ,15283.5569,15070.1285,-1.9218429966405,396172476.9,610092625290.57
2021-01-15,399001.SZ,15030.5372,15031.7035,-0.25497460091333,364498330.13,556135886555.59
2021-01-18,399001.SZ,14980.5049,15269.2724,1.5804522754191,364069404.25,546464419968.75
2021-01-19,399001.SZ,15278.5348,15003.985,-1.737393852506,395125729.2,573740834615.41
2021-01-20,399001.SZ,15023.7377,15223.3575,1.462094903454,340287544.97,518504526235.21
2021-01-21,399001.SZ,15251.6686,15520.598,1.9525291973206,410627802.15,615802143138.6
2021-01-22,399001.SZ,15508.9378,15628.7304,0.69670253684813,396161439.73,628223686131.9
2021-01-25,399001.SZ,15594.8102,15710.193,0.52123619715136,403516911.41,681044829587.51
2021-01-26,399001.SZ,15637.3883,15352.4196,-2.2773329391943,350296020.05,577725665132.92
2021-01-27,399001.SZ,15328.8694,15413.8432,0.40009068016875,338372167.36,526877852706.76
2021-01-28,399001.SZ,15169.1035,14913.2053,-3.2479758195542,354135178.09,524006040755.34
2021-01-29,399001.SZ,15039.8923,14821.9946,-0.61161030217964,368670238.69,535659380486.1
2021-02-01,399001.SZ,14841.7134,15024.2443,1.3645241781427,337066645.13,485262020032.91
2021-02-02,399001.SZ,15057.4382,15335.6618,2.072766481839,329951253.06,516870366223.79
2021-02-03,399001.SZ,15360.4207,15233.1493,-0.66845827286046,348166748.29,539994306810.31
2021-02-04,399001.SZ,15135.8501,15105.939,-0.83508864447353,353546025.33,523754859589.74
2021-02-05,399001.SZ,15167.6392,15007.295,-0.65301468515132,319867071.93,493715843656.78
2021-02-08,399001.SZ,15066.4555,15269.6266,1.7480272094338,283194247.05,447009121272.98
2021-02-09,399001.SZ,15330.3018,15630.5657,2.3637716196675,294171492.91,465785937895.76
2021-02-10,399001.SZ,15702.199,15962.2497,2.1220217256756,282691189.47,482674164202.79
2021-02-18,399001.SZ,16275.9832,15767.4355,-1.2204683153152,368451369.17,601642414207.84
2021-02-19,399001.SZ,15660.4949,15823.1052,0.3530675613038,389976847.11,557583155810.25
2021-02-22,399001.SZ,15818.766,15336.951,-3.0724323314238,499458715.06,694092516388.5
2021-02-23,399001.SZ,15174.7177,15243.2519,-0.61093694568105,401025757.27,541901401012.38
2021-02-24,399001.SZ,15281.3964,14870.6646,-2.4442769984008,390506016.98,579471470767.93
2021-02-25,399001.SZ,15016.6284,14828.8003,-0.28152272360443,359680058.32,489437386951.02
2021-02-26,399001.SZ,14480.7416,14507.4453,-2.1671004632789,344992184.57,482350458853.99
2021-03-01,399001.SZ,14670.1122,14857.3439,2.4118553802164,345047812.06,470711040195.68
2021-03-02,399001.SZ,14958.2206,14751.1172,-0.71497772896001,356856976.49,489841817209.85
2021-03-03,399001.SZ,14679.8351,14932.385,1.2288411619426,355072923.84,447694766492.02
2021-03-04,399001.SZ,14780.9048,14416.06,-3.4577530648989,394178204.83,509805743762.1
2021-03-05,399001.SZ,14156.0125,14412.312,-0.025998781914057,380476066.03,467595173186.41
2021-03-08,399001.SZ,14513.7854,13863.8136,-3.8057627395244,403293216.13,525427707580.13
2021-03-09,399001.SZ,13803.2475,13475.7177,-2.7993444747411,423614109.21,530551149233.17
2021-03-10,399001.SZ,13721.2357,13563.3391,0.65021694540247,325268745.58,410172691044.5
2021-03-11,399001.SZ,13598.2002,13866.3658,2.2341600233235,345876213.07,434170293322.16
2021-03-12,399001.SZ,13934.2341,13897.0258,0.22111056669225,366137366.59,435021291935.55
2021-03-15,399001.SZ,13793.5223,13520.066,-2.7125214087175,351060345.24,425359357346.68
2021-03-16,399001.SZ,13574.5603,13642.9546,0.90893491200412,355582250.51,403116685355.22
2021-03-17,399001.SZ,13605.7759,13809.7674,1.222702888713,346990414.45,404206655365.84
2021-03-18,399001.SZ,13850.6005,13963.9237,1.1162845508897,345470192.2,420217650007.99
2021-03-19,399001.SZ,13738.2077,13606.0016,-2.5631914617236,351980669.61,432120896517.02
2021-03-22,399001.SZ,13605.7035,13760.9655,1.1389378346097,363207372.5,427360633526.42
2021-03-23,399001.SZ,13754.8754,13607.2674,-1.1169136351661,378170315.54,445108965624.42
2021-03-24,399001.SZ,13529.9349,13407.3469,-1.4692185735984,357167270.57,417555746183.12
2021-03-25,399001.SZ,13318.9705,13421.1622,0.10304275784794,337049748.52,385737421249.17
2021-03-26,399001.SZ,13493.3577,13769.6826,2.5967974666158,339769111.27,425554063618.86
2021-03-29,399001.SZ,13802.509,13771.2589,0.01144761317883,347038114.72,429900787150.8
2021-03-30,399001.SZ,13751.2075,13888.4383,0.85089824286144,344889715.62,417726776643.68
2021-03-31,399001.SZ,13870.7088,13778.6698,-0.79035884113767,308122501.98,373263166626.49
2021-04-01,399001.SZ,13812.6357,13979.6942,1.4589536066827,303689989.35,365033055797.54
2021-04-02,399001.SZ,14042.1317,14122.6128,1.0223299448138,316316981.78,398764704529.68
2021-04-06,399001.SZ,14176.2063,14083.3402,-0.27808310371577,306757410.52,373875296121.57
2021-04-07,399001.SZ,14100.847,13979.3091,-0.73868200670179,353677755.04,416369113545.83
2021-04-08,399001.SZ,13906.8166,13989.9396,0.076044530698583,371928907.99,419266361110.52
2021-04-09,399001.SZ,13965.2092,13813.3099,-1.262547981265,330726189.2,388245268145.64
2021-04-12,399001.SZ,13811.5865,13495.7174,-2.2991774042512,358670603.9,436821379633.32
2021-04-13,399001.SZ,13490.3921,13528.3132,0.24152698988793,331624883.19,380941330793.47
2021-04-14,399001.SZ,13550.8692,13738.0013,1.5499944220688,329494690.82,385012038684.46
2021-04-15,399001.SZ,13705.1345,13680.269,-0.42023798614723,334653031.87,388071329410.58
2021-04-16,399001.SZ,13718.2333,13720.7433,0.29585894838764,350644912.34,396213693036.42
2021-04-19,399001.SZ,13714.3859,14117.798,2.8938279167427,386476671.26,493068326963.06
2021-04-20,399001.SZ,14062.5044,14101.9028,-0.11258979622743,378197403.22,486649853245.91
2021-04-21,399001.SZ,14010.5945,14151.1453,0.34919046527537,335136156.33,419614944270.69
2021-04-22,399001.SZ,14219.2394,14209.4412,0.41195181565975,324132085.64,423848279143.3
2021-04-23,399001.SZ,14213.3585,14351.8559,1.0022540506378,340105402.21,455601582403.72
2021-04-26,399001.SZ,14419.8513,14224.4479,-0.88774581411454,374892671.63,520278499783.53
2021-04-27,399001.SZ,14211.5847,14264.0842,0.27864912774576,332657749.82,437570594757.37
2021-04-28,399001.SZ,14238.5639,14398.3808,0.9415017334236,316524025.34,438490007819.56
2021-04-29,399001.SZ,14416.8499,14464.0818,0.45630825377253,321379599.01,450595467359.5
2021-04-30,399001.SZ,14437.1692,14438.5675,-0.17639764730866,334884234.55,465326555468.44
2021-05-06,399001.SZ,14355.4049,14210.596,-1.5789066332238,340954933.56,474974577840.05
2021-05-07,399001.SZ,14243.7144,13933.8083,-1.9477557450792,374633949.96,472803991473.24
2021-05-10,399001.SZ,13945.7777,13917.9664,-0.11369397123112,371148527.43,455282767993.63
2021-05-11,399001.SZ,13814.2751,13966.7856,0.35076388745988,384844650.42,452944800955.33
2021-05-12,399001.SZ,13922.1452,14064.8657,0.70223817282626,350887243.53,421629933900.68
2021-05-13,399001.SZ,13907.184,13917.6501,-1.0466904067203,375189285.61,445291260167.07
2021-05-14,399001.SZ,13960.3341,14208.7832,2.091826550518,393522374.61,490585634325.75
2021-05-17,399001.SZ,14234.7046,14456.5416,1.7436989256054,368438315.49,505568803533.65
2021-05-18,399001.SZ,14462.4067,14450.6035,-0.041075522516403,318110625.37,416061949704.13
2021-05-19,399001.SZ,14399.7634,14484.4546,0.23425388427549,333373093.35,441515291333.53
2021-05-20,399001.SZ,14455.6072,14535.098,0.34963967507621,363521561.38,474157465601.49
2021-05-21,399001.SZ,14582.0656,14417.4572,-0.80935677213872,333924998.17,452011447776.64
2021-05-24,399001.SZ,14436.357,14506.6072,0.61834759599633,347035867.57,475065888487.01
2021-05-25,399001.SZ,14533.948,14846.4534,2.3426994011391,380902835.0,534263800580.02
2021-05-26,399001.SZ,14850.2811,14793.6806,-0.35545728382511,391095101.6,511008829147.38
2021-05-27,399001.SZ,14796.0511,14897.1875,0.69966969545091,383705021.71,510685721301.97
2021-05-28,399001.SZ,14899.3319,14852.8784,-0.29743265297561,408822442.78,563783674484.52
2021-05-31,399001.SZ,14874.8893,14996.3774,0.96613596459525,386280136.43,559737064724.18
2021-06-01,399001.SZ,14963.9545,15034.7791,0.25607317671267,408299575.13,575197376825.92
2021-06-02,399001.SZ,15044.9412,14857.9078,-1.1764143578272,412423387.29,558298574912.15
2021-06-03,399001.SZ,14850.5066,14761.1322,-0.65134069549147,381461038.66,512268213796.41
2021-06-04,399001.SZ,14704.1896,14870.9141,0.74372276132044,365385863.3,502175172108.91
2021-06-07,399001.SZ,14879.4925,14862.5992,-0.055913845941719,368529499.38,516971648697.84
2021-06-08,399001.SZ,14867.9457,14716.9821,-0.97975527725999,384769987.88,542239927577.91
2021-06-09,399001.SZ,14698.3531,14718.4026,0.0096521147498044,374276070.05,477796322718.12
2021-06-10,399001.SZ,14715.1369,14893.5925,1.1902779449721,417020400.72,560146366040.24
2021-06-11,399001.SZ,14918.4934,14801.2406,-0.62007806377139,452637885.87,625764477714.33
2021-06-15,399001.SZ,14806.6891,14673.3392,-0.86412621385263,407952738.39,555804533037.08
2021-06-16,399001.SZ,14663.4813,14295.9273,-2.5720927926208,378008049.04,521603779190.93
2021-06-17,399001.SZ,14291.9385,14472.3702,1.2342179440154,364659079.02,503210629740.31
2021-06-18,399001.SZ,14510.5604,14583.6676,0.76903367217625,401948668.13,563862094520.98
2021-06-21,399001.SZ,14563.0503,14641.2927,0.39513448592314,409252379.88,587717241110.94
2021-06-22,399001.SZ,14678.3682,14696.2864,0.37560686154441,425178944.97,574304114798.35
2021-06-23,399001.SZ,14713.8377,14843.8313,1.0039604290782,414695296.08,602993013997.1
2021-06-24,399001.SZ,14876.7298,14784.8002,-0.39768102188011,400215650.85,551713445077.13
2021-06-25,399001.SZ,14799.5276,15003.8493,1.4815830923437,400441491.85,570705958321.95
2021-06-28,399001.SZ,15049.7748,15150.168,0.9752077421892,383375750.26,561452365026.11
2021-06-29,399001.SZ,15187.805,14999.7975,-0.99253354814283,379079475.93,556542021453.57
2021-06-30,399001.SZ,15015.2913,15161.7017,1.079375904908,357697090.82,527821609771.7
2021-07-01,399001.SZ,15203.0681,15038.876,-0.81010497654099,390016907.41,569295491196.85
2021-07-02,399001.SZ,14937.7335,14670.7113,-2.4480865458296,357698551.18,550596353847.98
2021-07-05,399001.SZ,14666.6819,14718.6626,0.32685054609451,368320368.68,560616393460.57
2021-07-06,399001.SZ,14745.4539,14667.6452,-0.34661709006088,400993998.48,627392185476.5
2021-07-07,399001.SZ,14592.7502,14940.0467,1.8571590482704,385800778.72,592897719878.96
2021-07-08,399001.SZ,14984.2513,14882.9045,-0.38247671608684,440644345.88,670279775837.27
2021-07-09,399001.SZ,14805.8061,14844.3561,-0.25901127027994,423557057.14,634617475443.19
2021-07-12,399001.SZ,14970.1262,15161.5223,2.1366113684109,486102238.07,753220017784.55
2021-07-13,399001.SZ,15151.0863,15189.2947,0.18317685685164,476409760.22,708348767096.68
2021-07-14,399001.SZ,15141.0433,15056.3182,-0.87546197915299,483741742.52,707389194582.32
2021-07-15,399001.SZ,15014.9126,15169.334,0.75062042724363,461810997.06,664306085872.58
2021-07-16,399001.SZ,15144.0842,14972.2135,-1.2994670695497,444265304.56,663044640705.26
2021-07-19,399001.SZ,14958.6159,14992.9043,0.13819466306702,428881903.58,634851081715.3
2021-07-20,399001.SZ,14879.273,15011.3542,0.12305754529494,382398199.04,544089567228.51
2021-07-21,399001.SZ,15070.1688,15212.5982,1.3406118949615,453141811.77,692020625852.58
2021-07-22,399001.SZ,15258.7289,15262.1885,0.3259817905399,492194831.72,734068491455.4
2021-07-23,399001.SZ,15248.2512,15028.5678,-1.530715598225,528929013.71,774539298793.06
2021-07-26,399001.SZ,14982.9021,14630.8498,-2.6464131864914,512117194.84,779892628601.09
2021-07-27,399001.SZ,14640.2611,14093.6351,-3.6717942385001,528966396.13,831444879283.08
2021-07-28,399001.SZ,13967.4438,14086.4236,-0.051168488107085,479174187.72,705288293674.44
2021-07-29,399001.SZ,14390.29,14515.3231,3.0447721308054,439221517.61,709742231492.56
2021-07-30,399001.SZ,14482.7755,14473.2098,-0.29012995239492,477653064.94,770901186381.12
2021-08-02,399001.SZ,14463.2132,14798.1583,2.2451723183063,507567735.83,854946992311.87
2021-08-03,399001.SZ,14745.9053,14736.9181,-0.41383663263015,508145845.15,812730260200.38
2021-08-04,399001.SZ,14715.7499,14990.109,1.7180722474124,446708583.39,742216465196.31
2021-08-05,399001.SZ,14901.9612,14872.2257,-0.7864072235899,471451622.16,750470867132.54
2021-08-06,399001.SZ,14902.6909,14827.4104,-0.30133552908628,442793034.45,708543471491.52
2021-08-09,399001.SZ,14738.3674,14941.4419,0.76905876969588,447655106.48,709523798993.51
2021-08-10,399001.SZ,14919.5154,15057.5913,0.77736406417375,474072603.31,790672653314.83
2021-08-11,399001.SZ,15048.8698,15021.1701,-0.24187932368705,491643694.83,740726769364.95
2021-08-12,399001.SZ,14972.4948,14901.9705,-0.79354403955521,503515150.03,766707398054.91
2021-08-13,399001.SZ,14839.5138,14799.0326,-0.69076703648017,490265551.29,764286548129.51
2021-08-16,399001.SZ,14756.4764,14693.7367,-0.711505291231,472136284.37,721637788500.42
2021-08-17,399001.SZ,14696.1883,14350.6479,-2.3349322708362,509385922.71,737913397957.79
2021-08-18,399001.SZ,14371.8174,14454.1144,0.7209883534248,446971949.26,661708696362.33
2021-08-19,399001.SZ,14456.1841,14487.3615,0.23001824311008,453694467.64,677113272665.5
2021-08-20,399001.SZ,14376.8993,14253.5349,-1.6140040406944,440770761.2,699871806401.83
2021-08-23,399001.SZ,14296.9527,14535.8765,1.9808531847072,481361585.85,758251761734.68
2021-08-24,399001.SZ,14558.9602,14663.5493,0.87832887132744,508419422.76,792234533691.99
2021-08-25,399001.SZ,14657.6518,14697.4968,0.23150943407678,474952919.67,715843870521.4
2021-08-26,399001.SZ,14701.9242,14415.4586,-1.9189539813338,518341807.52,751913856437.48
2021-08-27,399001.SZ,14382.179,14436.8954,0.14870702760715,511580545.71,748763701765.07
2021-08-30,399001.SZ,14482.9746,14423.366,-0.093714054338854,551681253.97,879104569283.05
2021-08-31,399001.SZ,14407.9397,14328.3818,-0.65854392102371,530028206.61,778576913738.63
2021-09-01,399001.SZ,14336.0707,14314.0861,-0.099771908646368,601813173.63,868626061667.99
2021-09-02,399001.SZ,14294.5447,14277.3392,-0.25671845022645,522249780.6,742937247699.71
2021-09-03,399001.SZ,14295.5615,14179.8642,-0.68272525177521,597863327.62,829276449011.54
2021-09-06,399001.SZ,14184.4245,14546.6048,2.5863477592402,531572710.26,772062313963.65
2021-09-07,399001.SZ,14543.8392,14702.8985,1.0744342212418,532235187.6,743489213658.93
2021-09-08,399001.SZ,14706.8825,14688.0804,-0.10078352917963,610923609.04,800435747214.42
2021-09-09,399001.SZ,14666.0476,14698.5281,0.071130465761876,571295675.36,752689921080.18
2021-09-10,399001.SZ,14673.4537,14771.8711,0.49898193547693,573881203.2,784853695098.07
2021-09-13,399001.SZ,14776.8205,14705.8272,-0.44709231181959,549520224.28,767014745552.43
2021-09-14,399001.SZ,14699.2244,14626.0848,-0.54225035365572,577552590.01,819405121229.1
2021-09-15,399001.SZ,14590.8001,14536.3136,-0.61377464459936,515258089.07,750408019139.97
2021-09-16,399001.SZ,14527.096,14258.1299,-1.9137155929272,571644427.78,804472782874.28
2021-09-17,399001.SZ,14224.611,14359.3583,0.70996968543539,509000413.98,714327595795.4
2021-09-22,399001.SZ,14139.8979,14277.0753,-0.57302699940289,435910686.62,592758912678.8
2021-09-23,399001.SZ,14380.0942,14387.3589,0.77245232432163,515307454.14,688258045250.21
2021-09-24,399001.SZ,14359.1081,14357.8459,-0.20513146439962,488477289.84,676605171279.23
2021-09-27,399001.SZ,14430.0401,14344.2873,-0.094433385721185,512315118.13,725024676514.01
2021-09-28,399001.SZ,14307.5316,14313.8226,-0.21238210977551,381380518.62,543683598508.68
2021-09-29,399001.SZ,14202.3977,14079.0235,-1.6403661450995,412588024.1,566656928233.84
2021-09-30,399001.SZ,14124.0754,14309.0127,1.6335593160989,352613793.15,504703883914.11
2021-10-08,399001.SZ,14457.9396,14414.1594,0.73482847632109,401478900.17,567706953788.69
2021-10-11,399001.SZ,14440.8246,14367.6033,-0.32298865794421,373827654.42,523503526693.14
2021-10-12,399001.SZ,14335.5355,14135.3762,-1.6163245542839,393850895.07,534606735394.56
2021-10-13,399001.SZ,14140.4177,14353.0785,1.5401238489853,339658919.89,484657817950.56
2021-10-14,399001.SZ,14350.6275,14341.3757,-0.081535121542038,341200294.1,483313140368.48
2021-10-15,399001.SZ,14294.1795,14415.9919,0.52028620936275,383655008.47,563137427676.15
2021-10-18,399001.SZ,14393.1753,14350.0191,-0.45763621717907,361564199.3,546460157210.03
2021-10-19,399001.SZ,14352.9305,14499.767,1.0435379838623,358298685.28,533139168462.36
2021-10-20,399001.SZ,14500.4561,14452.246,-0.32773630086608,378117576.09,569678002113.59
2021-10-21,399001.SZ,14466.416,14444.8561,-0.051133228703679,372311279.46,539402770438.54
2021-10-22,399001.SZ,14467.3682,14492.8214,0.33205799814094,382262503.94,559803944578.17
2021-10-25,399001.SZ,14491.3483,14596.7242,0.71692596722402,362803313.13,570790029710.71
2021-10-26,399001.SZ,14658.9932,14552.8194,-0.3007852953747,386830497.33,617166437340.99
2021-10-27,399001.SZ,14510.449,14393.5079,-1.0947122727298,398325127.73,606050315221.09
2021-10-28,399001.SZ,14350.91,14244.8198,-1.0330219779155,391846982.37,604708157459.36
2021-10-29,399001.SZ,14242.6838,14451.382,1.4500864377379,380014383.15,611152599156.74
2021-11-01,399001.SZ,14393.5775,14476.526,0.17399027996077,409694010.99,659059306860.63
2021-11-02,399001.SZ,14476.8977,14377.2656,-0.68566450265761,443834166.78,672622360147.79
2021-11-03,399001.SZ,14365.2139,14367.7804,-0.065973602101369,360786565.3,551101973694.26
2021-11-04,399001.SZ,14440.2156,14555.2742,1.3049600897297,384931830.33,609881687749.96
2021-11-05,399001.SZ,14536.6,14462.622,-0.63655413650675,445734089.01,665324270130.63
2021-11-08,399001.SZ,14451.5898,14508.8612,0.31971519410519,401022964.95,616865020931.31
2021-11-09,399001.SZ,14538.6181,14571.9327,0.43471020316881,388860384.55,589660627308.44
2021-11-10,399001.SZ,14521.7201,14515.8805,-0.38465865272628,426612098.39,637062582243.37
2021-11-11,399001.SZ,14497.9813,14699.7443,1.2666389751555,453880792.03,658370156827.73
2021-11-12,399001.SZ,14708.6,14705.3683,0.038259168902685,448411964.12,655708878356.26
2021-11-15,399001.SZ,14724.3426,14636.3905,-0.46906543646377,465602015.68,693965567435.93
2021-11-16,399001.SZ,14626.874,14613.9723,-0.15316754496267,458179338.55,668984629714.53
2021-11-17,399001.SZ,14646.6591,14711.1836,0.66519422648694,437931666.75,635624382895.98
2021-11-18,399001.SZ,14685.785,14579.1666,-0.89739210378694,479263932.34,691427290463.75
2021-11-19,399001.SZ,14569.928,14752.4868,1.1888210400175,461993854.28,672557142615.7
2021-11-22,399001.SZ,14778.5836,14960.6561,1.4110793849346,477183998.96,745793607875.5
2021-11-23,399001.SZ,14929.2421,14905.1331,-0.37112677163939,480711644.98,720402991441.24
2021-11-24,399001.SZ,14908.9745,14887.5951,-0.11766416228781,477783590.02,721360130775.98
2021-11-25,399001.SZ,14884.8536,14827.9515,-0.40062615620169,446980497.33,662565957511.67
2021-11-26,399001.SZ,14802.0155,14777.1712,-0.34246335375455,441289630.42,667083885088.3
2021-11-29,399001.SZ,14635.4751,14810.1977,0.22349676777109,435390976.98,687529624833.88
2021-11-30,399001.SZ,14854.5238,14795.7344,-0.097657710538201,473012831.94,728259547107.66
2021-12-01,399001.SZ,14794.3653,14794.2469,-0.010053573278521,460441180.55,678971158217.96
2021-12-02,399001.SZ,14769.6882,14765.5607,-0.19390104946809,478637879.45,684884159873.69
2021-12-03,399001.SZ,14772.6665,14892.0532,0.85667251362829,433966982.8,641750487954.58
2021-12-06,399001.SZ,14872.5453,14752.9567,-0.93403171565355,467776998.31,675377501245.9
2021-12-07,399001.SZ,14845.0188,14697.1668,-0.3781608062335,450142169.81,675619377462.23
2021-12-08,399001.SZ,14748.6499,14964.4643,1.8187008668909,408102745.09,615474166881.93
2021-12-09,399001.SZ,14965.4355,15147.8749,1.2256409339023,470547554.44,695503275240.22
2021-12-10,399001.SZ,15044.6814,15111.5614,-0.23972669592089,453860026.14,679057146170.26
2021-12-13,399001.SZ,15166.156,15212.4858,0.66786215751338,475162324.85,696525932201.27
2021-12-14,399001.SZ,15171.0544,15136.7753,-0.4976865779556,461568425.61,653648447609.03
2021-12-15,399001.SZ,15112.1844,15026.2074,-0.73045875233413,475018501.59,654947646676.79
2021-12-16,399001.SZ,15047.4668,15112.8062,0.57631841285514,474491507.75,647679981375.09
2021-12-17,399001.SZ,15075.2268,14867.5533,-1.6228150930699,504183203.81,667484921248.86
2021-12-20,399001.SZ,14818.4157,14569.1835,-2.0068520622018,504639909.34,666449901248.78
2021-12-21,399001.SZ,14559.724,14688.9837,0.82228492763511,480362783.48,571999287353.54
2021-12-22,399001.SZ,14723.4088,14791.332,0.69676910322938,531632652.56,630016031047.6
2021-12-23,399001.SZ,14818.9922,14863.9277,0.49079893548465,492400676.21,627289023691.67
2021-12-24,399001.SZ,14872.4161,14710.3282,-1.0333708767973,507365221.63,655545720823.33
2021-12-27,399001.SZ,14704.2859,14715.6458,0.036148751596177,436106668.77,567285592235.5
2021-12-28,399001.SZ,14736.7327,14837.8687,0.8305642964035,432157117.67,593880149792.07
2021-12-29,399001.SZ,14828.1935,14653.8236,-1.2403742324529,424280067.74,586862051288.8
2021-12-30,399001.SZ,14652.0812,14796.2313,0.97181257183961,455430806.29,603918623565.78
2021-12-31,399001.SZ,14842.0716,14857.3453,0.41303760911065,468675226.13,626736504956.28
2022-01-04,399001.SZ,14935.2277,14791.3136,-0.44443807871923,570546865.17,756072965835.05
2022-01-05,399001.SZ,14752.0826,14525.7588,-1.795342909909,583832783.63,766150488160.25
2022-01-06,399001.SZ,14432.4586,14429.5075,-0.66262493633035,513516006.72,662400086409.48
2022-01-07,399001.SZ,14449.5403,14343.6547,-0.59498080582446,561849847.93,704297621699.14
2022-01-10,399001.SZ,14304.8596,14406.9731,0.44143840133017,463125104.7,607982063621.0
2022-01-11,399001.SZ,14402.2173,14223.3506,-1.2745390633096,475474031.84,614437722791.2
2022-01-12,399001.SZ,14316.532,14421.1981,1.3910048733524,466111364.8,625336422334.83
2022-01-13,399001.SZ,14440.9829,14138.3361,-1.9614320394087,495139093.88,636529733565.75
2022-01-14,399001.SZ,14054.6659,14150.5689,0.086522203981272,506382267.85,643758907340.01
2022-01-17,399001.SZ,14162.9991,14363.5672,1.5052278216178,505321979.79,681429703705.18
2022-01-18,399001.SZ,14365.186,14391.3891,0.19369770484313,548870207.01,725086776428.21
2022-01-19,399001.SZ,14376.3642,14207.1932,-1.2799035501028,483398527.45,644543877629.46
2022-01-20,399001.SZ,14188.509,14198.3023,-0.062580270957393,517115384.52,669283759400.59
2022-01-21,399001.SZ,14144.2187,14029.5456,-1.1885695658135,438784152.47,566667205027.49
2022-01-24,399001.SZ,13941.9008,14081.7951,0.37242474909522,371844184.16,506151382690.75
2022-01-25,399001.SZ,14018.9314,13683.8949,-2.8256354901798,446105457.44,553134101915.86
2022-01-26,399001.SZ,13742.025,13780.3008,0.70452090362081,351288315.01,455865831062.33
2022-01-27,399001.SZ,13756.8734,13398.8443,-2.7681289801744,373194453.38,476438480180.37
2022-01-28,399001.SZ,13515.4659,13328.0559,-0.52831720717884,358892927.17,465106774523.52
2022-02-07,399001.SZ,13558.9445,13456.6473,0.96481738195592,371634393.53,465994019388.05
2022-02-08,399001.SZ,13432.0783,13325.4117,-0.97524737829756,394133103.13,490826040519.07
2022-02-09,399001.SZ,13321.8058,13531.3104,1.5451582632903,430442322.99,538058905082.05
2022-02-10,399001.SZ,13537.3055,13432.0677,-0.73343007488765,408941571.55,531355975437.84
2022-02-11,399001.SZ,13360.3973,13224.3775,-1.5462265723988,441761801.43,565245646607.48
2022-02-14,399001.SZ,13140.3522,13123.2122,-0.76499101753561,391449470.71,500778935100.15
2022-02-15,399001.SZ,13143.1028,13345.6264,1.6948152373852,371391608.03,485858666191.89
2022-02-16,399001.SZ,13403.6361,13376.3566,0.23026420101195,375308775.1,481453456305.6
2022-02-17,399001.SZ,13360.4576,13422.8992,0.34794676451733,429285612.56,553015968538.4
2022-02-18,399001.SZ,13334.8963,13459.6804,0.27401829852078,388370496.83,480329814267.71
2022-02-21,399001.SZ,13464.8516,13471.1571,0.085267254934234,448012142.27,555046537670.07
2022-02-22,399001.SZ,13384.0295,13297.1074,-1.2920174466676,456917841.06,590595879353.22
2022-02-23,399001.SZ,13319.8729,13549.9854,1.9017519554666,454061013.16,625266219094.34
2022-02-24,399001.SZ,13459.0063,13252.2412,-2.1973765373946,629045621.2,792905223546.52
2022-02-25,399001.SZ,13383.2352,13412.9177,1.2124477480835,434650890.61,577064527234.05
2022-02-28,399001.SZ,13397.9289,13455.7332,0.31921093499292,397940259.92,535316715270.75
2022-03-01,399001.SZ,13493.2757,13488.6364,0.24452922416743,399261091.57,556498527352.89
2022-03-02,399001.SZ,13412.8993,13346.9565,-1.0503648834362,400429912.03,517925859617.34
2022-03-03,399001.SZ,13397.9697,13201.8199,-1.0874134489013,451125701.65,566547160781.55
2022-03-04,399001.SZ,13089.4228,13020.4639,-1.3737196945097,448266775.56,575567256142.65
2022-03-07,399001.SZ,12930.7327,12573.4349,-3.4332801306718,430338499.37,566406131168.34
2022-03-08,399001.SZ,12594.595,12244.4971,-2.6161331618299,485660820.15,624336264110.45
2022-03-09,399001.SZ,12282.1464,12107.1705,-1.1215372822458,521187995.2,641926907601.36
2022-03-10,399001.SZ,12421.7639,12370.9544,2.1787411022253,457351732.94,612625620244.39
2022-03-11,399001.SZ,12181.4844,12447.373,0.61772598563615,446429139.05,591465321348.39
2022-03-14,399001.SZ,12315.7745,12063.6318,-3.082909140748,410957922.24,551758539250.41
2022-03-15,399001.SZ,11948.6335,11537.2355,-4.3634977320843,491133199.23,616059879999.65
2022-03-16,399001.SZ,11765.3058,12000.9593,4.019366684506,510653177.41,669733224320.68
2022-03-17,399001.SZ,12228.8429,12289.9733,2.4082574798833,530552561.3,742943661485.37
2022-03-18,399001.SZ,12222.22,12328.647,0.31467684311406,452016282.49,562050112555.9
2022-03-21,399001.SZ,12385.8687,12379.636,0.4135814741066,472491318.25,594069216785.51
2022-03-22,399001.SZ,12350.7327,12318.7836,-0.49155241721162,464501508.19,559997430273.89
2022-03-23,399001.SZ,12373.5091,12408.6507,0.72951277429696,450677512.49,537394684003.86
2022-03-24,399001.SZ,12339.1438,12305.5042,-0.8312467043657,440692827.09,529361678176.12
2022-03-25,399001.SZ,12315.3498,12072.7276,-1.8916461789514,437184680.33,528491846048.59
2022-03-28,399001.SZ,11968.9972,11949.9399,-1.0170667645976,423332987.75,495913898261.37
2022-03-29,399001.SZ,11983.5403,11895.0771,-0.45910523784307,425132253.08,500012942521.25
2022-03-30,399001.SZ,11969.3639,12263.8021,3.0998117700305,450967898.46,545377037411.64
2022-03-31,399001.SZ,12208.9924,12118.2543,-1.1868081269837,498906066.01,581017358248.36
2022-04-01,399001.SZ,12040.0141,12227.9303,0.90504785000262,470576213.21,529916746736.31
2022-04-06,399001.SZ,12220.7752,12172.9114,-0.44994450123746,484429217.04,532502399574.89
2022-04-07,399001.SZ,12101.3712,11972.023,-1.6502904966515,478578703.69,524892592191.0
2022-04-08,399001.SZ,11988.048,11959.2715,-0.10651082110349,462484667.16,512401292361.84
2022-04-11,399001.SZ,11876.1773,11520.2142,-3.6712712810308,463261840.26,528592077385.9
2022-04-12,399001.SZ,11523.2807,11756.3765,2.0499818484278,449765610.78,493975775671.71
2022-04-13,399001.SZ,11669.0811,11568.1697,-1.6008912269865,438713002.36,475223618707.58
2022-04-14,399001.SZ,11662.5942,11714.6152,1.2659349214077,406771251.41,468901677292.94
2022-04-15,399001.SZ,11626.0542,11648.5671,-0.56380938573211,438335828.87,497739425806.99
2022-04-18,399001.SZ,11557.5203,11691.4727,0.36833371548334,364605682.57,411908669071.29
2022-04-19,399001.SZ,11691.7594,11633.3232,-0.49736676885881,357166480.71,416624207377.27
2022-04-20,399001.SZ,11619.7441,11392.2279,-2.0724542407624,399133476.96,447105693620.02
2022-04-21,399001.SZ,11328.7068,11084.2841,-2.7031042804191,429251534.65,459812617065.56
2022-04-22,399001.SZ,11016.6761,11051.6971,-0.29399282539141,372203851.01,404474712800.41
2022-04-25,399001.SZ,10840.3605,10379.2832,-6.084259222052,457612442.66,469816866453.05
2022-04-26,399001.SZ,10401.9941,10206.6385,-1.6633586026442,433566387.45,442820889176.09
2022-04-27,399001.SZ,10090.9838,10652.9044,4.372310237107,476823020.63,494782864287.0
2022-04-28,399001.SZ,10607.7929,10628.9202,-0.2251423564826,410129136.78,451874238322.65
2022-04-29,399001.SZ,10719.4524,11021.4353,3.6928972333427,465755677.39,524630981009.53
2022-05-05,399001.SZ,10928.6756,11046.3827,0.22635345870062,410347412.14,491568405688.81
2022-05-06,399001.SZ,10775.3064,10809.8794,-2.1410022305311,375679487.5,413591619867.23
2022-05-09,399001.SZ,10743.0252,10765.6253,-0.40938569582932,339501447.28,371410507248.43
2022-05-10,399001.SZ,10601.4041,10912.7421,1.3665420809324,411873294.24,462850342219.63
2022-05-11,399001.SZ,10921.031,11109.4784,1.8028126954453,507190144.35,605080678722.89
2022-05-12,399001.SZ,11029.3436,11094.8694,-0.13150032318349,404733882.4,452372394017.46
2022-05-13,399001.SZ,11167.5893,11159.791,0.58514974498032,385073874.43,416221429328.91
2022-05-16,399001.SZ,11251.2653,11093.3739,-0.5951464503233,408882188.56,437232990574.28
2022-05-17,399001.SZ,11095.4025,11230.1589,1.2330333515577,387575538.23,438275675148.69
2022-05-18,399001.SZ,11249.2788,11208.075,-0.19664815250299,394173392.17,431504806190.39
2022-05-19,399001.SZ,11035.9568,11250.0602,0.37459777883356,414793352.63,446687829909.61
2022-05-20,399001.SZ,11311.8106,11454.5272,1.8174747189353,446843982.56,505359794452.45
2022-05-23,399001.SZ,11468.8067,11447.9524,-0.057399139093234,420709734.04,478517083856.97
2022-05-24,399001.SZ,11429.9267,11065.9173,-3.3371478728371,489529723.51,551831427782.57
2022-05-25,399001.SZ,11062.6284,11143.1818,0.69822047197119,375308901.77,419868151752.33
2022-05-26,399001.SZ,11149.305,11206.8205,0.57109989895345,401161324.99,445563628972.37
2022-05-27,399001.SZ,11289.9972,11193.5867,-0.11808701674128,398282332.09,443153422277.56
2022-05-30,399001.SZ,11248.5086,11310.2823,1.0425219648319,374874662.18,434375284740.47
2022-05-31,399001.SZ,11313.4056,11527.6208,1.9216010196315,423640843.09,503693626594.12
2022-06-01,399001.SZ,11507.4851,11551.2722,0.20517156497721,411885677.97,482928801408.19
2022-06-02,399001.SZ,11492.9663,11628.3083,0.66690576298601,408264157.06,477960850575.22
2022-06-06,399001.SZ,11636.682,11938.1194,2.6642835054519,467818690.28,595282605895.94
2022-06-07,399001.SZ,11937.2806,11935.5694,-0.021360148232386,460343120.46,556839715565.95
2022-06-08,399001.SZ,11947.75,12033.2604,0.81848629693359,480324673.49,592895012208.59
2022-06-09,399001.SZ,12002.8057,11810.5843,-1.8505051216211,437326466.7,508460419610.66
2022-06-10,399001.SZ,11733.3493,12035.1495,1.9013894172873,444246357.39,546321020535.26
2022-06-13,399001.SZ,11922.5591,11999.3118,-0.29777527898594,468909791.7,578961519290.55
2022-06-14,399001.SZ,11854.1651,12023.785,0.20395503015432,492299859.03,585627364340.4
2022-06-15,399001.SZ,12052.735,12137.7578,0.94789452738883,564783815.27,676953125049.02
2022-06-16,399001.SZ,12146.8511,12150.9578,0.10875155211946,492149725.97,574722538821.05
2022-06-17,399001.SZ,12045.844,12331.1411,1.4828732266686,467397611.82,596078534648.4
2022-06-20,399001.SZ,12405.1154,12487.1335,1.2650281002786,478432531.99,636707078495.28
2022-06-21,399001.SZ,12477.7254,12423.8644,-0.50667433002137,494312009.64,608313510366.95
2022-06-22,399001.SZ,12437.6919,12246.5526,-1.427187180182,442059213.68,555603078599.12
2022-06-23,399001.SZ,12273.3816,12514.7252,2.1897803305071,474588298.24,601855913610.0
2022-06-24,399001.SZ,12553.5584,12686.0322,1.3688434804785,505724555.75,650654502922.8
2022-06-27,399001.SZ,12742.5545,12825.5651,1.0998939447749,517160637.24,687230652753.09
2022-06-28,399001.SZ,12823.6546,12982.6859,1.2250594712587,536821048.63,695760579756.69
2022-06-29,399001.SZ,12930.4261,12696.5049,-2.2043281506179,581124821.23,754929396240.05
2022-06-30,399001.SZ,12710.2452,12896.204,1.5728667186195,503676110.76,649502242953.77
2022-07-01,399001.SZ,12899.474,12860.3559,-0.27797404569592,457099508.79,592902605029.61
2022-07-04,399001.SZ,12813.489,13026.2463,1.2899363072837,458436527.92,641126829506.48
2022-07-05,399001.SZ,13057.2414,12973.1085,-0.40792872156886,493969472.33,664378439093.85
2022-07-06,399001.SZ,12935.421,12811.3298,-1.2470311182551,451141926.72,599172089953.6
2022-07-07,399001.SZ,12826.092,12935.8499,0.97195296619403,453546934.99,614824414889.43
2022-07-08,399001.SZ,12998.5608,12857.1296,-0.60854370303106,464011816.0,607479340778.02
2022-07-11,399001.SZ,12798.4197,12617.2311,-1.8658791461509,451243336.78,583792943196.48
2022-07-12,399001.SZ,12616.844,12439.2679,-1.4104774541222,444283747.27,565774930215.08
2022-07-13,399001.SZ,12441.72,12508.8858,0.55966235762154,445105516.62,548175186644.28
2022-07-14,399001.SZ,12479.2202,12602.7756,0.75058483626096,469480639.35,595851639986.44
2022-07-15,399001.SZ,12557.1519,12411.0076,-1.5216330599428,505839026.06,627239630203.33
2022-07-18,399001.SZ,12456.2217,12532.651,0.98012509475862,473232609.39,598045522405.58
2022-07-19,399001.SZ,12524.5103,12494.7655,-0.30229438288835,485702640.26,600720026414.64
2022-07-20,399001.SZ,12551.4338,12573.1153,0.62706098805936,460614589.94,569050297704.28
2022-07-21,399001.SZ,12543.5829,12455.193,-0.9378924569315,486417365.66,597513193964.88
2022-07-22,399001.SZ,12501.3408,12394.0221,-0.49112767662451,464840150.27,557838964284.85
2022-07-25,399001.SZ,12386.5515,12291.5927,-0.82644196672847,433572938.82,513894847736.49
2022-07-26,399001.SZ,12308.7417,12408.56,0.95160409927999,423353036.01,499711803605.33
2022-07-27,399001.SZ,12383.0519,12399.694,-0.071450675984965,443864104.68,528343550244.43
2022-07-28,399001.SZ,12467.7595,12428.7225,0.23410658359795,504869926.73,611466432305.58
2022-07-29,399001.SZ,12439.4071,12266.9201,-1.3018425666837,485462577.79,604184364933.58
2022-08-01,399001.SZ,12243.3271,12413.871,1.1979445435534,454766235.99,594861070524.39
2022-08-02,399001.SZ,12260.4535,12120.021,-2.3671101463838,596422298.38,705161509125.85
2022-08-03,399001.SZ,12148.236,11982.2567,-1.1366671724414,525849017.75,659550015711.61
2022-08-04,399001.SZ,12055.3455,12065.2224,0.69240462858721,428255876.83,528256488896.89
2022-08-05,399001.SZ,12088.6495,12269.213,1.6907321990186,454849809.06,581338906745.27
2022-08-08,399001.SZ,12239.8681,12302.1516,0.26846546718196,424214874.04,560327245554.33
2022-08-09,399001.SZ,12277.442,12331.0944,0.2352661627093,425183710.57,561587343672.89
2022-08-10,399001.SZ,12302.5676,12223.5137,-0.87243432342875,427925374.85,576112336166.27
2022-08-11,399001.SZ,12287.7999,12474.0325,2.0494827113418,488906602.16,639275391793.58
2022-08-12,399001.SZ,12453.3988,12419.3906,-0.43804519508827,490390437.93,595631296421.25
2022-08-15,399001.SZ,12392.4975,12460.2212,0.32876492345767,457298527.78,589050552059.35
2022-08-16,399001.SZ,12470.6489,12470.1139,0.079394256660551,490212239.35,610983946643.4
2022-08-17,399001.SZ,12481.7051,12595.4626,1.005192903651,511868513.56,650590483630.19
2022-08-18,399001.SZ,12557.3402,12517.3202,-0.62040119114006,502579424.58,635990044633.23
2022-08-19,399001.SZ,12504.4838,12358.5453,-1.2684416269866,518742438.81,662348563000.62
2022-08-22,399001.SZ,12320.8752,12505.6774,1.1905292769368,463803680.57,598705296883.12
2022-08-23,399001.SZ,12481.2426,12455.1526,-0.4040148996647,460671129.03,583980846417.63
2022-08-24,399001.SZ,12484.4382,12096.3922,-2.8804175390031,542031758.56,667671574735.41
2022-08-25,399001.SZ,12130.7556,12104.033,0.063165941329178,468367749.53,567022952030.2
2022-08-26,399001.SZ,12142.0532,12059.7068,-0.36621017143624,423200607.09,531590580203.26
2022-08-29,399001.SZ,11911.1701,12018.1632,-0.34448267017569,395382392.38,482076759084.63
2022-08-30,399001.SZ,12013.9194,11970.7923,-0.3941608980647,409453173.1,484735739677.95
2022-08-31,399001.SZ,11909.3073,11815.7927,-1.2948148803818,459835902.81,570596999686.26
2022-09-01,399001.SZ,11789.8215,11712.3929,-0.87509829112015,393197404.7,457759357578.26
2022-09-02,399001.SZ,11753.5999,11702.3907,-0.08539843297095,371281614.42,433294733347.63
2022-09-05,399001.SZ,11667.0452,11678.6946,-0.20248939389794,365345249.69,430071344966.41
2022-09-06,399001.SZ,11702.1658,11799.8076,1.0370422735431,402594158.97,490521341965.61
2022-09-07,399001.SZ,11743.4704,11849.0781,0.41755341841337,417413877.93,503263088621.51
2022-09-08,399001.SZ,11858.5255,11746.9218,-0.8621455537541,395047990.83,459600786212.44
2022-09-09,399001.SZ,11780.8201,11877.7872,1.1140399351258,375617628.53,440969016819.89
2022-09-13,399001.SZ,11936.5842,11923.4694,0.38460193999771,365038769.21,432328505764.93
2022-09-14,399001.SZ,11751.114,11774.7836,-1.2470011454887,355327916.27,416273968733.98
2022-09-15,399001.SZ,11823.7989,11526.9596,-2.1047011004092,443030059.56,526626934553.72
2022-09-16,399001.SZ,11492.688,11261.4984,-2.3029594031023,392660433.28,444267901595.48
2022-09-19,399001.SZ,11241.7835,11207.0444,-0.48354133762519,329594958.83,375430720884.86
2022-09-20,399001.SZ,11274.8579,11283.9249,0.68600156522981,320491738.43,382373091132.14
2022-09-21,399001.SZ,11245.8353,11208.5094,-0.66834457574243,333907929.34,366446632798.37
2022-09-22,399001.SZ,11122.1121,11114.4282,-0.83937298567105,321627172.57,368469428214.74
2022-09-23,399001.SZ,11105.7574,11006.4132,-0.97184486737698,340925084.82,381988411199.02
2022-09-26,399001.SZ,10921.6433,10962.561,-0.39842407515648,327208261.32,374418070455.76
2022-09-27,399001.SZ,10999.1011,11175.1179,1.938934706954,320916907.07,376138593467.99
2022-09-28,399001.SZ,11136.1784,10899.6953,-2.4646057649199,323972351.91,371216304077.25
2022-09-29,399001.SZ,11023.8272,10919.4351,0.18110414517735,314504671.5,348132411161.17
2022-09-30,399001.SZ,10925.0075,10778.6145,-1.2896326477548,283223131.82,320578275697.64
2022-10-10,399001.SZ,10788.6879,10522.1155,-2.3797028829633,298150773.35,337870025437.05
2022-10-11,399001.SZ,10555.0635,10577.8103,0.52931180996825,277287498.49,317100032607.47
2022-10-12,399001.SZ,10568.0115,10838.4767,2.4642756166652,347135439.52,403345995955.54
2022-10-13,399001.SZ,10762.6654,10817.6679,-0.19199007919627,352459169.21,410574203455.12
2022-10-14,399001.SZ,10914.1847,11121.7151,2.810653856364,390341469.84,488757894665.71
2022-10-17,399001.SZ,11059.2293,11162.2594,0.36455078767484,382488132.67,458064126282.75
2022-10-18,399001.SZ,11223.1465,11187.6976,0.22789472174423,388144933.39,467799549152.77
2022-10-19,399001.SZ,11154.127,11027.2413,-1.434220924956,365583538.92,445291209696.16
2022-10-20,399001.SZ,10948.4313,10965.3322,-0.56141965443342,375346701.16,456150968087.5
2022-10-21,399001.SZ,10955.8417,10918.9657,-0.42284628640799,343830150.5,397212754987.17
2022-10-24,399001.SZ,10908.7427,10694.6128,-2.0547083502607,407224611.96,486317578542.37
2022-10-25,399001.SZ,10644.6704,10639.8173,-0.51236544066373,391931259.53,465368849953.03
2022-10-26,399001.SZ,10664.4291,10818.3263,1.6777449740608,438412943.0,541376237666.15
2022-10-27,399001.SZ,10843.3437,10750.1415,-0.63027124630176,426569079.62,542578935102.87
2022-10-28,399001.SZ,10659.6958,10401.8371,-3.2399982828133,440106690.05,524397371045.9
2022-10-31,399001.SZ,10304.1993,10397.0413,-0.046105317300151,395020256.1,486465964553.37
2022-11-01,399001.SZ,10420.9452,10734.248,3.2432948015701,424965410.08,546530955016.92
2022-11-02,399001.SZ,10704.2492,10877.5058,1.3345862700396,466416166.38,594556048414.5
2022-11-03,399001.SZ,10766.2185,10840.0601,-0.34424895457192,400924658.59,515881815798.86
2022-11-04,399001.SZ,10848.3001,11187.4298,3.2044997610299,466117158.0,621906969893.27
2022-11-07,399001.SZ,11184.1622,11207.7307,0.18146169730603,455136443.8,581740214517.94
2022-11-08,399001.SZ,11202.439,11142.9268,-0.57820714767889,399511530.48,496794896858.14
2022-11-09,399001.SZ,11149.3681,11055.2909,-0.78647110918829,393693811.17,471819769363.25
2022-11-10,399001.SZ,10964.9381,10908.549,-1.3273454432574,426394699.9,506896460257.35
2022-11-11,399001.SZ,11217.1088,11139.7732,2.1196604608,598274247.35,709334987013.27
2022-11-14,399001.SZ,11177.065,11113.4646,-0.23616818338815,518247742.05,612751091880.81
2022-11-15,399001.SZ,11100.2315,11351.3318,2.1403514435993,503671259.16,612151515139.78
2022-11-16,399001.SZ,11336.0716,11235.5578,-1.0199155662069,466187380.63,555714062614.76
2022-11-17,399001.SZ,11199.6212,11221.4545,-0.12552380799466,438822708.47,535216708400.17
2022-11-18,399001.SZ,11229.1111,11180.4284,-0.36560412021453,492221657.82,589522447352.25
2022-11-21,399001.SZ,11086.6852,11134.4663,-0.411094265404,420524478.93,504248443961.33
2022-11-22,399001.SZ,11113.3151,11002.9345,-1.1813031397832,433756297.09,510483607793.14
2022-11-23,399001.SZ,10970.9989,10972.8086,-0.27379877613558,405799673.84,474079302422.15
2022-11-24,399001.SZ,11019.4732,10956.6846,-0.14694505835087,376262826.0,439869209110.42
2022-11-25,399001.SZ,10928.1538,10904.2658,-0.47841844420712,368960495.02,414462585778.89
2022-11-28,399001.SZ,10708.5557,10829.0804,-0.68950446897579,375381583.28,419844174797.23
2022-11-29,399001.SZ,10891.7233,11089.0122,2.4003127726339,469714684.64,529016062334.42
2022-11-30,399001.SZ,11071.3112,11108.4971,0.1757135770849,477400248.79,527150019765.31
2022-12-01,399001.SZ,11282.4629,11264.1573,1.401271464526,494705771.58,596166106743.34
2022-12-02,399001.SZ,11238.4412,11219.7927,-0.39385636065293,428852017.34,498207072951.05
2022-12-05,399001.SZ,11292.3395,11323.345,0.9229430771925,489374883.23,575901446011.65
2022-12-06,399001.SZ,11278.4849,11398.8201,0.66654420579786,455796410.14,562964953760.58
2022-12-07,399001.SZ,11365.9813,11418.7632,0.17495758179391,445500812.55,546530031585.04
2022-12-08,399001.SZ,11403.1905,11389.7925,-0.25371136516781,440019801.29,504931899273.83
2022-12-09,399001.SZ,11397.097,11501.5781,0.9814542275463,464345892.44,561346221280.01
2022-12-12,399001.SZ,11453.2562,11399.1344,-0.8906925563545,430329041.35,514862328435.11
2022-12-13,399001.SZ,11398.84,11323.7042,-0.6617186652348,409092169.84,482901926303.85
2022-12-14,399001.SZ,11341.9583,11321.8119,-0.016710962831399,406111741.12,476926630751.19
2022-12-15,399001.SZ,11306.7933,11358.1069,0.32057589651353,392689172.62,461043860370.19
2022-12-16,399001.SZ,11289.5184,11295.0274,-0.55536983896498,404009946.59,454187249015.79
2022-12-19,399001.SZ,11286.6615,11124.7013,-1.5079742081901,400705349.65,448907977559.71
2022-12-20,399001.SZ,11092.8579,10949.1201,-1.5783003540059,328218209.64,378107632805.51
2022-12-21,399001.SZ,10966.3112,10912.0895,-0.33820617238457,315182794.98,347827238918.49
2022-12-22,399001.SZ,10976.5749,10876.31,-0.32788862298097,347408566.9,391173437962.81
2022-12-23,399001.SZ,10811.5718,10849.6368,-0.24524126289154,315967227.36,352043828653.05
2022-12-26,399001.SZ,10858.3258,10978.9853,1.1921919819473,318664167.59,368805661793.4
2022-12-27,399001.SZ,11010.9295,11106.5025,1.1614661693736,347696816.1,400690168479.16
2022-12-28,399001.SZ,11055.0614,11010.5289,-0.86412081571135,346226477.68,390261749973.88
2022-12-29,399001.SZ,10971.2729,10996.41,-0.12823089724599,323094664.59,360827045229.39
2022-12-30,399001.SZ,11046.0664,11015.986,0.17802173618482,322540533.38,353707649819.65
2023-01-03,399001.SZ,11003.0469,11117.1303,0.91815930049294,397899643.22,457443911913.01
2023-01-04,399001.SZ,11099.1479,11095.3733,-0.19570698024473,412144084.11,467334510173.46
2023-01-05,399001.SZ,11136.7707,11332.0103,2.1327538389357,410853816.39,507125753763.94
2023-01-06,399001.SZ,11327.0258,11367.7321,0.31522915223612,407144027.32,499549690460.22
2023-01-09,399001.SZ,11411.3703,11450.1472,0.72499157505656,360313472.0,464473354344.92
2023-01-10,399001.SZ,11455.6021,11506.7938,0.49472377088742,342008406.27,436844214795.51
2023-01-11,399001.SZ,11498.9698,11439.4395,-0.58534376448111,349159804.16,432601300476.01
2023-01-12,399001.SZ,11470.6066,11465.728,0.22980583970044,340072633.76,406082464913.04
2023-01-13,399001.SZ,11509.2051,11602.3042,1.191169021278,331434486.2,414249451463.36
2023-01-16,399001.SZ,11612.3621,11785.7679,1.5812695205837,392756663.96,503878168726.83
2023-01-17,399001.SZ,11794.9568,11800.5529,0.12544791417452,331375769.5,404543870946.2
2023-01-18,399001.SZ,11813.3785,11810.6598,0.085647681813272,314382505.79,369658040551.92
2023-01-19,399001.SZ,11796.396,11913.2639,0.8687414736982,326621913.2,390151666422.17
2023-01-20,399001.SZ,11942.1479,11980.6201,0.56538829799615,343456691.29,420081970830.72
2023-01-30,399001.SZ,12229.3765,12097.7623,0.97776408084253,485925548.79,608917708196.38
2023-01-31,399001.SZ,12076.1392,12001.2646,-0.797649165251,445449977.31,524922474788.3
2023-02-01,399001.SZ,12034.8813,12158.1902,1.3075755366647,498656713.27,591211958831.92
2023-02-02,399001.SZ,12187.551,12131.2009,-0.22198451871562,490735378.31,595594549924.02
2023-02-03,399001.SZ,12086.2833,12054.295,-0.63395125209739,447992474.35,536009517767.31
2023-02-06,399001.SZ,11957.2702,11912.5612,-1.1757950174606,424219891.59,525584144420.23
2023-02-07,399001.SZ,11936.3617,11926.8803,0.12020169096802,440822033.93,524398559164.81
2023-02-08,399001.SZ,11939.8614,11853.463,-0.61556164020528,428272278.93,511448766871.0
2023-02-09,399001.SZ,11821.9576,12048.2717,1.6434749912325,442551618.42,549344191425.31
2023-02-10,399001.SZ,12031.7181,11976.8529,-0.59277215669032,458163546.27,551126051031.48
2023-02-13,399001.SZ,11964.7468,12113.6075,1.1418241598342,466500204.87,582132385089.64
2023-02-14,399001.SZ,12142.8348,12094.9404,-0.15410025461037,448099797.57,558431029786.61
2023-02-15,399001.SZ,12103.718,12064.3775,-0.25269161309798,464237084.62,579686819536.07
2023-02-16,399001.SZ,12064.0435,11907.399,-1.3011736411597,603109668.06,724618468990.77
2023-02-17,399001.SZ,11894.8834,11715.7684,-1.6093405453198,452502268.0,558493619093.9
2023-02-20,399001.SZ,11717.6846,11954.1276,2.034516148339,438487046.97,552058242172.47
2023-02-21,399001.SZ,11947.6526,11968.6048,0.1211062863341,430156398.27,530710903368.56
2023-02-22,399001.SZ,11892.1395,11900.1225,-0.5721828161625,369593896.47,462831583782.36
2023-02-23,399001.SZ,11895.4629,11884.3049,-0.13291964011295,382701854.74,472884405027.65
2023-02-24,399001.SZ,11887.7686,11787.4527,-0.81495889591321,326405501.92,417778046795.17
2023-02-27,399001.SZ,11728.0948,11701.9465,-0.72540015367357,337795673.22,429031645679.96
2023-02-28,399001.SZ,11745.1586,11783.7975,0.69946482835142,346662456.59,438728229895.31
2023-03-01,399001.SZ,11783.7648,11914.318,1.1076268070628,415273774.98,534542031230.12
2023-03-02,399001.SZ,11902.1696,11849.5074,-0.54397238683741,430983053.39,544079910377.17
2023-03-03,399001.SZ,11862.1602,11851.9177,0.020340929952916,386886331.11,480634863246.71
2023-03-06,399001.SZ,11850.8222,11842.8846,-0.076216357796684,385843288.76,519291321929.06
2023-03-07,399001.SZ,11824.1712,11608.5832,-1.9784149547484,408967132.47,502562851645.07
2023-03-08,399001.SZ,11566.5673,11598.2881,-0.088685241106765,314567553.95,405672051564.69
2023-03-09,399001.SZ,11605.936,11579.9936,-0.15773448497111,328391193.54,427827723242.98
2023-03-10,399001.SZ,11513.662,11442.5371,-1.1870170636364,361217065.87,467353246822.39
2023-03-13,399001.SZ,11405.137,11505.0237,0.54609042954294,363383445.92,474946171008.22
2023-03-14,399001.SZ,11483.645,11416.5695,-0.76883109767084,397559735.34,522440932674.96
2023-03-15,399001.SZ,11485.9487,11413.4325,-0.027477606123265,350589630.27,445104875350.01
2023-03-16,399001.SZ,11336.7547,11237.7039,-1.5396647765692,357606531.74,452132167206.33
2023-03-17,399001.SZ,11328.3726,11278.0462,0.35899059415509,405882900.28,541126224282.93
2023-03-20,399001.SZ,11289.9614,11247.1347,-0.27408559471941,438320664.09,577224812666.67
2023-03-21,399001.SZ,11270.0666,11427.2467,1.6014034223312,387093060.82,504999749014.35
2023-03-22,399001.SZ,11459.8289,11496.9307,0.60980568486371,445982825.16,575341080586.26
2023-03-23,399001.SZ,11457.7856,11605.2891,0.94249850527497,437895647.1,594115483045.12
2023-03-24,399001.SZ,11616.4641,11634.2202,0.24929236790835,478515087.5,643967262494.17
2023-03-27,399001.SZ,11621.923,11647.9387,0.1179150795169,494534827.01,686398148231.51
2023-03-28,399001.SZ,11637.5076,11564.4505,-0.71676373090803,445848465.23,607329887656.14
2023-03-29,399001.SZ,11584.9149,11579.9147,0.1337218746364,413801868.87,575562998502.26
2023-03-30,399001.SZ,11578.3272,11651.8314,0.62104688905869,392284297.99,543047089897.44
2023-03-31,399001.SZ,11666.3079,11726.3977,0.63995347546825,399637085.07,556603475582.96
2023-04-03,399001.SZ,11751.6799,11889.4196,1.3902129551687,497823896.14,739603496080.65
2023-04-04,399001.SZ,11878.1595,11859.4765,-0.25184660822298,508214233.83,768760508862.45
2023-04-06,399001.SZ,11787.3534,11866.311,0.05762901929102,454537864.61,686785473371.88
2023-04-07,399001.SZ,11867.8698,11967.7433,0.85479219278848,427697141.67,617629160022.81
2023-04-10,399001.SZ,11987.684,11871.9274,-0.80061794106162,478316981.97,709149197702.76
2023-04-11,399001.SZ,11866.3475,11877.1473,0.043968429254377,423094684.63,616287040656.39
2023-04-12,399001.SZ,11873.2611,11883.5141,0.053605464672479,452203992.56,650082318811.85
2023-04-13,399001.SZ,11836.821,11739.8415,-1.209007695796,470307590.91,659261305468.73
2023-04-14,399001.SZ,11760.4329,11800.0939,0.51323009769765,439951634.14,636690732733.3
2023-04-17,399001.SZ,11783.6763,11855.484,0.46940389177751,423633406.65,597052515500.65
2023-04-18,399001.SZ,11834.7704,11860.3994,0.041460981264028,397866670.04,585692909702.26
2023-04-19,399001.SZ,11844.3166,11760.2715,-0.8442203050936,414923104.88,606129019777.47
2023-04-20,399001.SZ,11751.3836,11717.2636,-0.36570499244002,433953326.81,639013483724.92
2023-04-21,399001.SZ,11729.8038,11450.4349,-2.2772270822686,479311978.73,687349533847.41
2023-04-24,399001.SZ,11442.3751,11317.0122,-1.1652194974708,427155286.99,610062481168.08
2023-04-25,399001.SZ,11307.09,11149.0112,-1.4844995925691,463773504.73,639693500579.46
2023-04-26,399001.SZ,11101.1764,11185.6823,0.32891795821319,438565413.38,641802706126.19
2023-04-27,399001.SZ,11140.8943,11216.9975,0.27995788866629,415685321.76,578698180336.63
2023-04-28,399001.SZ,11228.4641,11338.6662,1.0846815290812,453848625.28,601981958347.72
2023-05-04,399001.SZ,11310.3475,11273.8659,-0.57149843603297,482011992.65,621216170976.45
2023-05-05,399001.SZ,11260.6192,11180.872,-0.82486256999031,442026270.83,571887910852.2
2023-05-08,399001.SZ,11206.3327,11225.7742,0.40159837264929,439329142.94,572244190098.1
2023-05-09,399001.SZ,11208.7432,11125.0219,-0.89750869922183,481338002.05,602684327774.02
2023-05-10,399001.SZ,11101.0122,11140.188,0.13632422602243,394663045.59,530466025063.4
2023-05-11,399001.SZ,11158.7225,11142.5252,0.020979897287191,385308783.37,494592609157.91
2023-05-12,399001.SZ,11131.2955,11005.6438,-1.2284594160038,367693644.63,460999181778.1
2023-05-15,399001.SZ,11019.6999,11178.6231,1.5717326777376,384684379.98,506596961426.07
2023-05-16,399001.SZ,11182.3562,11099.2574,-0.70997742110118,353743511.32,480886438964.46
2023-05-17,399001.SZ,11084.5574,11091.0838,-0.073640962682783,326266963.42,440922245666.64
2023-05-18,399001.SZ,11108.3251,11078.2818,-0.11542605060832,371723075.55,511486308615.44
2023-05-19,399001.SZ,11061.7531,11091.3595,0.11804808937068,355407470.68,488454824842.61
2023-05-22,399001.SZ,11083.3814,11127.0372,0.32167111705288,345667850.75,452992716253.84
2023-05-23,399001.SZ,11124.258,11012.5764,-1.0286727539655,340074032.19,441111204248.9
2023-05-24,399001.SZ,10976.7283,10920.3267,-0.83767591387607,345570373.6,460018122724.05
2023-05-25,399001.SZ,10915.1154,10896.582,-0.21743580253876,377513829.32,509231593095.43
2023-05-26,399001.SZ,10889.2699,10909.6503,0.11993026804184,357576008.95,487185597490.68
2023-05-29,399001.SZ,10942.6665,10822.0928,-0.80256926292128,395539317.33,542939397530.7
2023-05-30,399001.SZ,10799.4018,10869.5521,0.43854087076393,397341086.19,556589545825.65
2023-05-31,399001.SZ,10849.8124,10793.8493,-0.6964666004959,388079766.31,553781824235.49
2023-06-01,399001.SZ,10758.8876,10835.8963,0.38954592408475,419041309.27,585600591787.66
2023-06-02,399001.SZ,10875.31,10998.0749,1.4966791441147,406446845.03,563121358380.17
2023-06-05,399001.SZ,10990.7298,10946.0841,-0.47272636777551,375801794.45,515963796666.03
2023-06-06,399001.SZ,10928.5147,10773.4501,-1.577130217737,414938520.39,549964902631.79
2023-06-07,399001.SZ,10783.3106,10708.8224,-0.59987932742178,348520500.59,483428011486.96
2023-06-08,399001.SZ,10710.9104,10722.8729,0.13120490260443,369611572.46,505966211106.97
2023-06-09,399001.SZ,10733.5167,10793.9257,0.66262838944962,408492315.36,576348802984.15
2023-06-12,399001.SZ,10769.021,10873.74,0.73943718178457,405335425.09,562214986599.51
2023-06-13,399001.SZ,10855.4428,10955.9599,0.75613266456619,401828791.15,565125852487.8
2023-06-14,399001.SZ,10976.5069,10984.556,0.26100953509332,427026223.86,596607840664.01
2023-06-15,399001.SZ,11011.947,11182.9436,1.8060593436822,433495536.68,634935106087.24
2023-06-16,399001.SZ,11194.5496,11306.5313,1.1051446239969,426118435.48,623329917926.42
2023-06-19,399001.SZ,11305.785,11274.0491,-0.28728704797377,430857132.53,651498874995.5
2023-06-20,399001.SZ,11260.1489,11305.3546,0.27767752049262,428286409.73,656752823942.09
2023-06-21,399001.SZ,11262.8415,11058.6341,-2.1823331397319,418746594.83,615744791457.93
2023-06-26,399001.SZ,10963.6161,10872.2999,-1.6849657771026,424191187.35,578384784003.88
2023-06-27,399001.SZ,10879.489,10978.0815,0.97294593575367,370430837.88,486576104933.39
2023-06-28,399001.SZ,10947.8941,10926.3232,-0.47146944573147,399824368.23,528143662377.09
2023-06-29,399001.SZ,10909.0821,10915.4988,-0.099067177511291,380424072.02,524384641611.73
2023-06-30,399001.SZ,10897.4192,11026.5855,1.0176969649797,404836525.77,558882284452.64
2023-07-03,399001.SZ,11059.3129,11091.5629,0.58927942834163,441147038.93,603232462910.1
2023-07-04,399001.SZ,11080.6379,11130.3037,0.34928170492546,399028775.87,542152776790.04
2023-07-05,399001.SZ,11129.1185,11029.2958,-0.90750353918915,386448219.39,516551920454.21
2023-07-06,399001.SZ,11001.8663,10968.3697,-0.552402448033,378440662.48,499010076468.03
2023-07-07,399001.SZ,10939.2851,10888.5548,-0.72768243761878,384314195.54,486201449555.9
2023-07-10,399001.SZ,10926.3569,10942.8323,0.49848213098032,344173872.91,449907660445.61
2023-07-11,399001.SZ,10953.8837,11028.683,0.78453820406259,350924413.24,463666668513.06
2023-07-12,399001.SZ,11020.3614,10919.2586,-0.99218011797058,415862790.01,546484889072.86
2023-07-13,399001.SZ,10963.2347,11095.4366,1.6134611923194,395940515.96,547550132585.81
2023-07-14,399001.SZ,11108.9249,11080.3233,-0.13621185488096,401616162.86,554237629720.02
2023-07-17,399001.SZ,11039.1263,11010.3578,-0.63143915665349,363505430.57,480502002955.16
2023-07-18,399001.SZ,11030.976,10972.9624,-0.33963837215172,362488646.41,469796927661.2
2023-07-19,399001.SZ,10959.044,10932.6491,-0.36738757074388,328058683.37,421248406462.87
2023-07-20,399001.SZ,10947.6257,10816.2715,-1.0644958869118,386132068.38,483243978614.73
2023-07-21,399001.SZ,10801.3351,10810.1815,-0.056304060045092,372200415.68,430283899377.1
2023-07-24,399001.SZ,10771.6442,10747.7928,-0.57712907040461,353654310.44,398804341435.05
2023-07-25,399001.SZ,10909.1856,11021.2907,2.5446889895384,438411550.9,537275457925.09
2023-07-26,399001.SZ,11001.8601,10968.9802,-0.47463134240711,415177960.5,463851007957.75
2023-07-27,399001.SZ,10985.5848,10923.7746,-0.41212217704613,419988951.88,447874313722.73
2023-07-28,399001.SZ,10895.4825,11100.3951,1.616844968588,469495575.02,511383113919.12
2023-07-31,399001.SZ,11158.7212,11183.9113,0.7523714178426,534958540.44,593689024829.04
2023-08-01,399001.SZ,11168.5017,11143.2347,-0.36370638955263,480961382.03,515654864772.43
2023-08-02,399001.SZ,11120.8641,11104.1586,-0.3506710668133,428488637.01,447062408029.06
2023-08-03,399001.SZ,11067.7496,11163.4197,0.53368383985437,415941239.37,443344550568.47
2023-08-04,399001.SZ,11229.4637,11238.0613,0.66862665747485,486043733.58,551972086950.54
2023-08-07,399001.SZ,11207.5809,11145.0304,-0.82781983045421,416526632.56,497019702510.52
2023-08-08,399001.SZ,11126.6892,11098.4456,-0.41798719544094,379190258.28,443144463019.48
2023-08-09,399001.SZ,11068.5296,11039.4508,-0.53155912211705,359384011.96,426798581781.91
2023-08-10,399001.SZ,11023.2437,11050.2215,0.097565541938002,322373154.51,386871601708.37
2023-08-11,399001.SZ,11060.8485,10808.8655,-2.1841734122705,371809334.16,424303880914.13
2023-08-14,399001.SZ,10697.8129,10755.1425,-0.49702718569308,345682092.28,419328589694.02
2023-08-15,399001.SZ,10764.799,10679.728,-0.7011948005338,332540167.32,405668296583.25
2023-08-16,399001.SZ,10640.1312,10579.5575,-0.93794991782561,333977651.7,400622307635.19
2023-08-17,399001.SZ,10540.4373,10644.5235,0.61407105164841,349464107.71,419033826030.4
2023-08-18,399001.SZ,10637.6775,10458.5103,-1.7475014264377,363919163.61,424224876266.88
2023-08-21,399001.SZ,10432.9468,10320.3923,-1.3206278527067,321541143.58,384541011556.21
2023-08-22,399001.SZ,10376.8597,10374.727,0.52647901766294,386555815.6,469741718331.55
2023-08-23,399001.SZ,10351.701,10152.6045,-2.1409960956081,336884785.48,407929683840.21
2023-08-24,399001.SZ,10203.1429,10256.1896,1.0202810520197,366989478.98,453283452492.46
2023-08-25,399001.SZ,10197.9573,10130.4711,-1.2257817464685,387522508.03,448534888062.6
2023-08-28,399001.SZ,10714.6933,10233.1533,1.0135974821546,529252226.06,609414535381.43
2023-08-29,399001.SZ,10204.248,10454.9802,2.1677277130208,507722442.34,593126465584.35
2023-08-30,399001.SZ,10477.6438,10482.4967,0.26319035974836,475830315.54,569619932988.64
2023-08-31,399001.SZ,10471.9945,10418.21,-0.61327660613526,401930565.16,466692822660.87
2023-09-01,399001.SZ,10449.6029,10463.7436,0.43705780551554,359933709.96,410622387826.64
2023-09-04,399001.SZ,10520.4581,10611.7396,1.4143695187638,416166022.82,480361264665.84
2023-09-05,399001.SZ,10593.6796,10540.7089,-0.66935962130093,386458928.81,461095800942.52
2023-09-06,399001.SZ,10503.1541,10515.2128,-0.24188221344392,373872507.1,447278746846.37
2023-09-07,399001.SZ,10493.3683,10321.4376,-1.8428081645671,388462856.61,449647709435.51
2023-09-08,399001.SZ,10284.48,10281.8784,-0.38327219068785,343406845.79,411802523005.4
2023-09-11,399001.SZ,10290.8087,10382.377,0.97743424003148,394108675.97,489275538043.14
2023-09-12,399001.SZ,10376.1636,10373.9929,-0.080753183977052,343766525.54,426410705039.47
2023-09-13,399001.SZ,10351.7892,10255.8678,-1.1386657108663,356913266.82,416172855894.17
2023-09-14,399001.SZ,10243.2449,10197.5915,-0.56822397808208,335577118.44,384223741432.58
2023-09-15,399001.SZ,10213.6129,10144.5949,-0.51969722458485,332213315.24,395642647116.69
2023-09-18,399001.SZ,10111.6688,10200.0359,0.54650777627405,335342466.92,398900705833.94
2023-09-19,399001.SZ,10185.0729,10125.7283,-0.72850331830695,316898270.3,360902289134.87
2023-09-20,399001.SZ,10110.4136,10072.4585,-0.52608363983063,294836645.53,330242547943.82
2023-09-21,399001.SZ,10050.4805,9981.6702,-0.90135193905242,297047725.64,335490145946.7
2023-09-22,399001.SZ,9975.3677,10178.7361,1.9742778117434,367443053.55,444014591054.19
2023-09-25,399001.SZ,10181.1784,10120.6237,-0.57091960562766,344715139.58,423275869419.95
2023-09-26,399001.SZ,10110.0621,10060.1512,-0.59751752256138,315562061.64,395614576865.92
2023-09-27,399001.SZ,10057.992,10104.3242,0.43908882800886,345305830.77,423112882573.55
2023-09-28,399001.SZ,10131.6551,10109.5275,0.051495774452695,352561575.93,428793641068.85
2023-10-09,399001.SZ,10095.7064,10106.9604,-0.025392878153803,386367546.47,467325974770.96
2023-10-10,399001.SZ,10133.0198,10050.0355,-0.56322472580381,396909716.84,481015828304.7
2023-10-11,399001.SZ,10088.1437,10084.8944,0.34685350116424,408425376.68,512172676777.49
2023-10-12,399001.SZ,10145.4913,10168.4945,0.82896356356494,403711651.98,505430976965.29
2023-10-13,399001.SZ,10110.3779,10068.2825,-0.98551462067469,407535133.5,498900705713.87
2023-10-16,399001.SZ,10065.0658,9924.9198,-1.423904225969,425465446.54,498543938096.62
2023-10-17,399001.SZ,9944.6814,9940.2176,0.15413525054379,377328276.48,435335290561.94
2023-10-18,399001.SZ,9914.0206,9816.6759,-1.2428470378757,392406577.35,456343828285.14
2023-10-19,399001.SZ,9757.1859,9655.086,-1.6460755315351,394225852.37,457615135766.53
2023-10-20,399001.SZ,9605.2906,9570.3572,-0.87755613984173,368151525.67,424332538845.63
2023-10-23,399001.SZ,9552.5477,9425.9755,-1.5086343903653,383207567.65,417090860612.79
2023-10-24,399001.SZ,9458.3283,9483.9036,0.61455814308025,401263786.26,464159717150.54
2023-10-25,399001.SZ,9573.6702,9528.3063,0.46819012373766,440145243.21,510929773543.08
2023-10-26,399001.SZ,9470.4888,9566.1021,0.39666860835487,435715342.83,510189439761.19
2023-10-27,399001.SZ,9535.6454,9770.844,2.1402855401261,477342877.77,578695625116.08
2023-10-30,399001.SZ,9759.2246,9927.9945,1.6083615704027,491233276.46,598518490051.0
2023-10-31,399001.SZ,9924.7218,9863.8035,-0.64656562813366,454253176.77,532043957570.38
2023-11-01,399001.SZ,9897.9256,9826.7316,-0.37583777900686,407684068.19,464810907937.86
2023-11-02,399001.SZ,9842.5619,9734.7665,-0.93586661103067,403065577.82,454843216308.09
2023-11-03,399001.SZ,9747.8246,9853.8894,1.2236852316899,409513448.68,480246665463.4
2023-11-06,399001.SZ,9922.4499,10071.5558,2.2089389393796,514754837.63,616550311070.05
2023-11-07,399001.SZ,10047.1409,10056.4935,-0.14955286252795,489682907.24,591933989903.59
2023-11-08,399001.SZ,10032.2356,10052.0857,-0.043830386804316,516342271.55,621326423738.1
2023-11-09,399001.SZ,10037.5567,10032.086,-0.1989606992706,467089940.01,573888744682.06
2023-11-10,399001.SZ,9987.4647,9978.5418,-0.53372947560456,392883741.85,480532950126.92
2023-11-13,399001.SZ,10012.8504,9988.8281,0.10308420013834,423998040.68,524462039260.61
2023-11-14,399001.SZ,9988.5124,10005.5575,0.16748110821929,444452182.9,535239000562.05
2023-11-15,399001.SZ,10111.8331,10077.9625,0.72364783271696,477666773.07,600546928290.03
2023-11-16,399001.SZ,10053.8049,9954.4008,-1.2260583426461,426727263.32,521282823959.21
2023-11-17,399001.SZ,9924.1563,9979.6861,0.25401127107521,417396483.91,498076822965.04
2023-11-20,399001.SZ,9986.9247,10022.6973,0.43098750370514,463814124.1,560232951489.38
2023-11-21,399001.SZ,10050.4765,9997.088,-0.25551305435514,530720034.36,606515259423.16
2023-11-22,399001.SZ,9957.5379,9855.6604,-1.4146879571331,482185377.71,545051033886.43
2023-11-23,399001.SZ,9846.6828,9933.0199,0.78492456984413,448452442.55,508590880024.1
2023-11-24,399001.SZ,9932.9731,9839.5211,-0.94129278851036,448224234.31,501783839703.64
2023-11-27,399001.SZ,9829.5504,9785.5667,-0.54834376034826,416126766.17,478095879614.88
2023-11-28,399001.SZ,9781.5389,9833.4556,0.48938300119093,384726645.49,455463963954.23
2023-11-29,399001.SZ,9826.0148,9744.3927,-0.90571314523451,387062917.01,452910473468.01
2023-11-30,399001.SZ,9728.3788,9726.9153,-0.17935853508859,383679951.14,446730903502.74
2023-12-01,399001.SZ,9723.9269,9720.5715,-0.065219031978212,417748048.85,498585865737.18
2023-12-04,399001.SZ,9715.4746,9660.4439,-0.61856033876197,416813218.14,506888133576.07
2023-12-05,399001.SZ,9628.277,9470.3604,-1.9676476771425,403217088.8,482035889170.06
2023-12-06,399001.SZ,9451.1634,9533.2461,0.6640264714741,402669613.07,480819528118.23
2023-12-07,399001.SZ,9518.4489,9519.9076,-0.13991561594114,393251788.23,472176918622.68
2023-12-08,399001.SZ,9531.0468,9553.9227,0.35730493854792,436426898.78,538252150960.41
2023-12-11,399001.SZ,9496.4641,9632.6116,0.82362923032652,421472939.23,506145969508.14
2023-12-12,399001.SZ,9616.134,9625.2642,-0.076276302887584,376206630.78,454324857106.94
2023-12-13,399001.SZ,9606.4829,9476.6234,-1.5442776105824,367340979.89,437067128806.55
2023-12-14,399001.SZ,9527.419,9417.9717,-0.61890926255443,366225612.19,424317999599.11
2023-12-15,399001.SZ,9449.8882,9385.3332,-0.34655551152273,359457507.38,411123703234.46
2023-12-18,399001.SZ,9346.9509,9279.3889,-1.1288283297177,353528302.99,387729425322.15
2023-12-19,399001.SZ,9270.198,9289.3358,0.10719348124315,317948961.48,359542447337.8
2023-12-20,399001.SZ,9303.0851,9158.4374,-1.4091255049688,324051149.02,372789942150.74
2023-12-21,399001.SZ,9122.4144,9257.0905,1.0771826643702,361685200.18,416543193696.64
2023-12-22,399001.SZ,9247.0748,9221.3126,-0.38649184643923,396024291.28,451945061341.48
2023-12-25,399001.SZ,9200.6482,9256.283,0.37923451375025,312079626.31,346625188374.16
2023-12-26,399001.SZ,9248.07,9157.2496,-1.0699046258633,313615980.77,349655025854.63
2023-12-27,399001.SZ,9170.2552,9191.7415,0.37666222399355,328074139.12,357786160671.23
2023-12-28,399001.SZ,9182.8469,9441.0545,2.7123586972066,410934103.75,491969686954.98
2023-12-29,399001.SZ,9434.5805,9524.6895,0.88586502704756,394147518.48,473608947014.95
2024-01-02,399001.SZ,9527.1058,9401.3478,-1.2949681981759,385969542.71,441826397276.52
2024-01-03,399001.SZ,9378.6864,9330.864,-0.74972016246436,366813901.23,416452702082.51
2024-01-04,399001.SZ,9317.3999,9215.2456,-1.2390964009335,330572264.62,377140370113.25
2024-01-05,399001.SZ,9205.3938,9116.4423,-1.0721721838862,365840004.31,410386979251.81
2024-01-08,399001.SZ,9095.7053,8947.7233,-1.8507109950117,338193162.56,366871509525.09
2024-01-09,399001.SZ,8960.9726,8971.7185,0.26817101060782,349254805.4,379819298644.8
2024-01-10,399001.SZ,8938.4489,8922.7937,-0.54532250426717,340941629.52,365827057849.32
2024-01-11,399001.SZ,8918.2309,9053.8831,1.4691519764712,379854422.52,413523453252.41
2024-01-12,399001.SZ,9026.7369,8996.2556,-0.63649485379371,372243759.35,393788411701.26
2024-01-15,399001.SZ,8957.7161,8963.9261,-0.35936617896895,321736818.23,341693774141.21
2024-01-16,399001.SZ,8946.9341,8992.0726,0.31399745698482,367278109.8,383997197945.63
2024-01-17,399001.SZ,8968.5262,8759.7577,-2.5835523169597,335603510.31,354455914268.81
2024-01-18,399001.SZ,8706.142,8847.0034,0.99598302816069,443596678.7,464080667781.7
2024-01-19,399001.SZ,8821.7651,8787.0249,-0.67795271786602,334078648.14,369892376990.57
2024-01-22,399001.SZ,8769.3928,8479.5495,-3.499198005004,419979420.1,434149104401.1
2024-01-23,399001.SZ,8465.0026,8596.281,1.3766238406887,378235429.38,392050613597.49
2024-01-24,399001.SZ,8633.1676,8682.1862,0.99932982646797,408086011.65,409638474030.55
2024-01-25,399001.SZ,8661.4465,8856.2234,2.0045319921842,434981714.13,453753233021.68
2024-01-26,399001.SZ,8809.7638,8762.3287,-1.060211511828,411948465.98,426293465213.55
2024-01-29,399001.SZ,8775.384,8581.7588,-2.0607524116277,394325661.76,408207940080.44
2024-01-30,399001.SZ,8523.7373,8375.9816,-2.3978441342351,338726319.22,334386095324.7
2024-01-31,399001.SZ,8340.7179,8212.8445,-1.9476773922235,431254596.52,402618307452.39
2024-02-01,399001.SZ,8172.8107,8240.4829,0.33652652257085,397246424.81,365451472785.91
2024-02-02,399001.SZ,8239.5021,8055.7747,-2.2414730088209,468595116.3,413026082177.19
2024-02-05,399001.SZ,7987.3366,7964.712,-1.1304027656086,537044650.55,452502742925.33
2024-02-06,399001.SZ,7886.32,8460.3788,6.2232859141674,592075925.88,485109902975.37
2024-02-07,399001.SZ,8464.8742,8708.2406,2.9296773331237,616780239.89,526013314780.01
2024-02-08,399001.SZ,8750.5365,8820.6029,1.2902985248249,626414267.5,534522708239.7
2024-02-19,399001.SZ,8957.275,8902.3337,0.92658972324896,557365100.69,515139483403.65
2024-02-20,399001.SZ,8857.5041,8905.962,0.040756728766529,441775862.65,432390342915.05
2024-02-21,399001.SZ,8829.7043,8975.9741,0.78612619276839,543634895.74,529328781472.55
2024-02-22,399001.SZ,8971.4394,9043.7482,0.75506122505412,458089489.52,457124201174.24
2024-02-23,399001.SZ,9074.614,9069.415,0.28380710555388,520275040.73,523724591588.91
2024-02-26,399001.SZ,9070.2217,9066.0868,-0.036696964467959,558701304.17,561535478988.61
2024-02-27,399001.SZ,9032.2591,9269.5679,2.2444203821212,533396102.27,577389504457.03
2024-02-28,399001.SZ,9293.1467,9047.0952,-2.4000331234426,766864111.68,780099170769.04
2024-02-29,399001.SZ,9001.2834,9330.4431,3.1319212823139,565455991.85,599849958734.53
2024-03-01,399001.SZ,9345.738,9434.7471,1.1178890314437,539671125.17,612260432146.35
2024-03-04,399001.SZ,9456.3734,9438.2444,0.037068296192053,530099408.16,615375587092.34
2024-03-05,399001.SZ,9371.9429,9416.8042,-0.22716300925625,511035318.84,608149760358.59
2024-03-06,399001.SZ,9366.7097,9395.6541,-0.2245995515124,466361055.82,530447564736.88
2024-03-07,399001.SZ,9398.051,9267.1168,-1.3680505756379,511178100.92,558270858894.98
2024-03-08,399001.SZ,9281.6083,9369.0462,1.0999041255205,435687360.85,489979325214.34
2024-03-11,399001.SZ,9369.6469,9581.5338,2.267974727246,492214428.47,577960575961.01
2024-03-12,399001.SZ,9603.4546,9630.5452,0.51151935611813,565737507.12,650816829416.23
2024-03-13,399001.SZ,9640.0912,9604.9936,-0.26531831240458,527631403.57,612318352587.96
2024-03-14,399001.SZ,9598.4179,9555.4162,-0.51616275933802,509058042.16,570907335138.02
2024-03-15,399001.SZ,9532.4227,9612.7499,0.60001258762545,476506834.8,538637335227.02
2024-03-18,399001.SZ,9665.0701,9752.8338,1.4572718676474,562355129.99,652383878051.95
2024-03-19,399001.SZ,9723.4036,9696.6875,-0.57569216446609,534551977.69,631009846323.79
2024-03-20,399001.SZ,9669.7029,9717.3729,0.21332439557323,511389021.7,592551703425.25
2024-03-21,399001.SZ,9736.2318,9682.5098,-0.35877083609707,558907397.99,630132949195.76
2024-03-22,399001.SZ,9659.8752,9565.5635,-1.2078097767585,565281971.99,640543546577.02
2024-03-25,399001.SZ,9538.3546,9422.6124,-1.4944346979663,527558320.43,599961542394.18
2024-03-26,399001.SZ,9413.2555,9449.4292,0.28460047873773,485153702.01,559618409849.52
2024-03-27,399001.SZ,9437.5578,9222.4658,-2.4018741788128,467833994.31,512616683660.56
2024-03-28,399001.SZ,9221.5311,9342.9187,1.3060812868506,480632716.95,539328573376.13
2024-03-29,399001.SZ,9335.1135,9400.8526,0.62008352914384,450746607.65,494023054769.66
2024-04-01,399001.SZ,9451.726,9647.0718,2.6191156321289,517323806.01,578434301053.56
2024-04-02,399001.SZ,9633.969,9586.9524,-0.62318806417508,530838772.46,570946741251.64
2024-04-03,399001.SZ,9564.646,9544.7657,-0.44004286492546,493831834.53,525235045441.36
2024-04-08,399001.SZ,9512.6014,9394.606,-1.5732151497443,481052348.39,509564325281.7
2024-04-09,399001.SZ,9386.7994,9448.9808,0.57878744462513,413718827.8,448514601616.47
2024-04-10,399001.SZ,9425.8017,9297.9597,-1.5982792556844,444036697.53,465276841750.36
2024-04-11,399001.SZ,9234.9171,9300.7709,0.030234590068186,418938909.66,448653002672.54
2024-04-12,399001.SZ,9301.0757,9228.2347,-0.77989449240169,416535602.87,447058529808.69
2024-04-15,399001.SZ,9228.135,9369.7015,1.5329779161338,545699161.86,537297950908.72
2024-04-16,399001.SZ,9312.4928,9155.069,-2.2907079803983,535620248.14,511958060396.25
2024-04-17,399001.SZ,9180.512,9381.7723,2.4762598730823,509475898.22,502214816989.59
2024-04-18,399001.SZ,9336.7339,9376.8055,-0.052940956582374,483751481.37,508191179306.55
2024-04-19,399001.SZ,9316.9759,9279.4602,-1.0381499328316,439773630.59,463720868186.3
2024-04-22,399001.SZ,9228.18,9239.1396,-0.43451449902225,416965980.35,439878814197.93
2024-04-23,399001.SZ,9231.904,9183.1409,-0.60610297521644,396459069.78,426693435494.59
2024-04-24,399001.SZ,9186.1945,9251.1336,0.74040789246737,419821151.34,460189348801.01
2024-04-25,399001.SZ,9204.7948,9264.4808,0.1442763727896,421472888.2,458498057872.3
2024-04-26,399001.SZ,9258.4909,9463.9072,2.1525912169843,542141711.05,602218160034.82
2024-04-29,399001.SZ,9479.5983,9673.7582,2.2173822668084,583038158.01,656212223690.1
2024-04-30,399001.SZ,9647.0557,9587.1245,-0.89555370528075,526973890.55,556846038511.44
2024-05-06,399001.SZ,9735.8848,9779.2109,2.0035872069879,527113641.22,591203235531.16
2024-05-07,399001.SZ,9778.1562,9770.9388,-0.084588624630236,497701956.76,541742341324.15
2024-05-08,399001.SZ,9743.8685,9638.817,-1.3521914598421,463496548.09,497163155055.69
2024-05-09,399001.SZ,9648.2173,9788.0682,1.5484389837467,453844909.79,502136810630.47
2024-05-10,399001.SZ,9788.8297,9731.2375,-0.58061201494285,472813779.36,505824672539.87
2024-05-13,399001.SZ,9659.6357,9673.3192,-0.595179184559,449470772.31,483756728309.67
2024-05-14,399001.SZ,9689.5526,9668.7263,-0.047480083154908,429648085.31,454492183881.69
2024-05-15,399001.SZ,9648.4253,9583.5408,-0.88104159076258,419362258.98,428065543985.09
2024-05-16,399001.SZ,9614.7299,9604.1312,0.21485169656709,460033334.99,470285318546.32
2024-05-17,399001.SZ,9590.3868,9709.422,1.0963073890536,485312038.05,497791150309.84
2024-05-20,399001.SZ,9710.1967,9750.8222,0.42639201386035,526111085.52,546626812572.02
2024-05-21,399001.SZ,9721.7227,9681.6597,-0.70929916043388,445115485.79,452661450066.18
2024-05-22,399001.SZ,9674.4971,9693.0546,0.11769572937995,439497773.97,467146384188.68
2024-05-23,399001.SZ,9667.1806,9541.643,-1.5620627990685,469398437.05,491013757759.3
2024-05-24,399001.SZ,9508.8522,9424.5771,-1.2268945715114,414778014.55,441175644590.85
2024-05-27,399001.SZ,9444.2276,9507.7451,0.88245869408824,412785602.77,429422966332.81
2024-05-28,399001.SZ,9489.0824,9391.052,-1.2273477966926,408127395.52,420739719534.15
2024-05-29,399001.SZ,9387.6497,9414.9792,0.25478721659725,402079742.34,410878750669.55
2024-05-30,399001.SZ,9395.788,9384.7234,-0.32135811834825,396330055.28,404813032382.77
2024-05-31,399001.SZ,9388.2686,9364.3752,-0.21682258637479,397055459.44,413836989185.45
2024-06-03,399001.SZ,9358.5909,9370.4972,0.065375424085948,447810013.43,463090357311.2
2024-06-04,399001.SZ,9350.8337,9469.3154,1.0545673072716,416040949.66,420123243488.89
2024-06-05,399001.SZ,9450.0716,9393.6113,-0.79946750955195,392500751.95,388856345878.1
2024-06-06,399001.SZ,9417.931,9340.0099,-0.57061547777692,497858821.53,474615120976.94
2024-06-07,399001.SZ,9343.7983,9255.6836,-0.90285022074761,392337785.88,397920913934.37
2024-06-11,399001.SZ,9198.5384,9262.3471,0.071993601855627,353804958.41,370244589284.23
2024-06-12,399001.SZ,9244.3135,9269.9358,0.081930637213957,357999094.23,379861946130.03
2024-06-13,399001.SZ,9281.0481,9206.2368,-0.6871568625103,376742660.3,415611533725.83
2024-06-14,399001.SZ,9177.4054,9252.251,0.4998155163682,393204145.96,451900233046.39
2024-06-17,399001.SZ,9209.4617,9281.2537,0.31346642022573,358288450.93,413460399730.88
2024-06-18,399001.SZ,9278.2756,9318.4684,0.40096630479997,386563637.45,419713265929.17
2024-06-19,399001.SZ,9324.8804,9219.069,-1.0666924620359,362994750.65,404459133589.69
2024-06-20,399001.SZ,9201.347,9068.851,-1.6294270061326,386167977.63,400291899946.42
2024-06-21,399001.SZ,9041.441,9064.8447,-0.044176489392106,324515745.66,339322141327.45
2024-06-24,399001.SZ,9004.8466,8924.1722,-1.5518467735029,375690038.65,377016893326.4
2024-06-25,399001.SZ,8911.9007,8850.2895,-0.82789415470939,347178355.71,351626020544.72
2024-06-26,399001.SZ,8837.9999,8987.302,1.5481132001388,370938431.25,367170196970.59
2024-06-27,399001.SZ,8944.7296,8849.6973,-1.5311013249583,350713636.12,359652055123.83
2024-06-28,399001.SZ,8814.9336,8848.6992,-0.011278351859568,370471250.87,389910206943.29
2024-07-01,399001.SZ,8835.1553,8899.1656,0.57032563611159,348699724.32,363749256106.49
2024-07-02,399001.SZ,8886.0911,8812.6726,-0.97192258114626,370677176.62,362094473545.84
2024-07-03,399001.SZ,8808.3659,8760.434,-0.59276682989449,344268995.12,322541186184.98
2024-07-04,399001.SZ,8775.8424,8673.8257,-0.98863024366144,353033943.28,324134124200.9
2024-07-05,399001.SZ,8664.8042,8695.548,0.25043505312773,317009144.48,303341328032.07
2024-07-08,399001.SZ,8675.9713,8561.9502,-1.5363931059894,331066451.58,311138567455.62
2024-07-09,399001.SZ,8548.1594,8705.9437,1.6817839001213,397419543.57,404092547640.71
2024-07-10,399001.SZ,8672.3266,8697.2154,-0.10025679352832,355885860.89,371561987116.8
2024-07-11,399001.SZ,8800.3877,8870.3563,1.9907624686403,424940476.77,449363331970.89
2024-07-12,399001.SZ,8831.6785,8854.0832,-0.18345486302507,367477014.58,384415596982.47
2024-07-15,399001.SZ,8825.4733,8801.6245,-0.59248031461913,332093973.99,333441871146.37
2024-07-16,399001.SZ,8783.352,8877.0177,0.85658278196258,324558546.86,361587190878.38
2024-07-17,399001.SZ,8860.7534,8835.144,-0.471709096626,338590499.58,369626699300.61
2024-07-18,399001.SZ,8760.6625,8879.3259,0.50006994792614,341554776.12,370967712429.99
2024-07-19,399001.SZ,8826.6401,8903.232,0.26923327591794,316937938.16,350733285358.81
2024-07-22,399001.SZ,8908.2065,8869.817,-0.37531314470971,317628061.36,340102151205.83
2024-07-23,399001.SZ,8862.9448,8606.583,-2.9677500674478,352207187.4,354993771554.18
2024-07-24,399001.SZ,8582.6303,8493.0953,-1.3186150647708,343869450.32,338552788324.67
2024-07-25,399001.SZ,8443.4381,8474.7038,-0.2165464927728,309849711.18,315353159191.24
2024-07-26,399001.SZ,8512.7898,8597.1739,1.4451254331744,329209892.3,330665818674.6
2024-07-29,399001.SZ,8589.2751,8514.6477,-0.95992242287899,324846417.67,325844608489.65
2024-07-30,399001.SZ,8482.1718,8468.5817,-0.54102062261483,342191574.53,329999501700.62
2024-07-31,399001.SZ,8446.4957,8754.0873,3.371350836705,490100421.8,484430145872.12
2024-08-01,399001.SZ,8767.3254,8673.5776,-0.91968125563471,428500083.25,429663281029.85
2024-08-02,399001.SZ,8599.0565,8553.5509,-1.3838199821951,419216271.49,407442285347.25
2024-08-05,399001.SZ,8475.4526,8395.0537,-1.8529988522077,457625392.27,433619549453.35
2024-08-06,399001.SZ,8481.7304,8463.8637,0.81964931326168,400614561.3,358354485208.25
2024-08-07,399001.SZ,8450.4872,8449.5824,-0.16873263211931,355476030.12,328241148374.66
2024-08-08,399001.SZ,8415.0833,8446.2077,-0.039939251909047,389688600.37,348767350448.99
2024-08-09,399001.SZ,8486.4208,8393.6993,-0.62168018908652,371027039.41,310192845502.81
2024-08-12,399001.SZ,8386.8331,8373.471,-0.24099386071646,338336031.9,278254690453.38
2024-08-13,399001.SZ,8372.7072,8409.224,0.42697944496375,309201590.22,266414003766.86
2024-08-14,399001.SZ,8403.4828,8310.9983,-1.1680709183154,311360593.27,269995914317.74
2024-08-15,399001.SZ,8292.1954,8370.1229,0.71140190222396,402346456.66,336535483466.87
2024-08-16,399001.SZ,8377.9486,8349.8703,-0.2419629943546,397382324.56,347548660596.95
2024-08-19,399001.SZ,8341.8259,8356.8979,0.084164181568179,373962413.11,327622468203.3
2024-08-20,399001.SZ,8363.8678,8252.8679,-1.2448399064442,384352365.88,320474631172.27
2024-08-21,399001.SZ,8221.35,8229.7503,-0.28011595823556,344005680.21,299645618264.7
2024-08-22,399001.SZ,8234.2801,8162.175,-0.821109967334,361758836.26,319029043133.02
2024-08-23,399001.SZ,8134.4,8181.917,0.24187180500296,343813744.53,295643540715.81
2024-08-26,399001.SZ,8194.9363,8194.6452,0.15556501000927,342678353.06,309718933588.05
2024-08-27,399001.SZ,8161.6812,8103.7591,-1.1090913368647,336850151.73,295770774377.75
2024-08-28,399001.SZ,8071.8636,8078.8194,-0.30775470608449,328858698.24,282744362220.49
2024-08-29,399001.SZ,8030.7407,8154.4391,0.9360241423394,376828401.26,349603401970.46
2024-08-30,399001.SZ,8152.8136,8348.4774,2.3795419601576,521026373.54,492495772884.62
2024-09-02,399001.SZ,8331.4565,8172.2079,-2.1113969835985,433096102.81,390919821376.47
2024-09-03,399001.SZ,8157.4403,8268.0499,1.1727797575977,370283733.27,327818301665.49
2024-09-04,399001.SZ,8207.2799,8226.2415,-0.50566216345646,362368388.05,324668079563.04
2024-09-05,399001.SZ,8224.509,8249.6588,0.2846658464865,347575087.55,307323902523.62
2024-09-06,399001.SZ,8252.0062,8130.7698,-1.4411383898689,363787771.79,314062276972.57
2024-09-09,399001.SZ,8086.2816,8063.2693,-0.83018584537961,331119432.24,282030698182.15
2024-09-10,399001.SZ,8064.3981,8073.8337,0.13101881639995,347495377.62,301239631984.29
2024-09-11,399001.SZ,8052.2475,8105.3849,0.39078337717062,310017366.56,279800064132.77
2024-09-12,399001.SZ,8122.7719,8054.2426,-0.63096695136588,336517412.83,296996277138.84
2024-09-13,399001.SZ,8054.4271,7983.5478,-0.87773368038354,348220225.38,296940694519.37
2024-09-18,399001.SZ,7975.1893,7992.2527,0.10903548419914,333544740.83,266237690153.57
2024-09-19,399001.SZ,8015.3936,8087.6044,1.1930516160982,413701487.25,346464780203.16
2024-09-20,399001.SZ,8079.7608,8075.1416,-0.15409754710555,383370727.43,319314897331.08
2024-09-23,399001.SZ,8071.9931,8083.3819,0.10204526939813,365656009.98,315787407886.63
2024-09-24,399001.SZ,8148.1742,8435.7041,4.3585989670982,586812555.19,528547322749.47
2024-09-25,399001.SZ,8555.7236,8537.7311,1.2094663206596,715847818.42,640673015520.88
2024-09-26,399001.SZ,8524.1925,8916.6464,4.4381264244783,704842995.3,637766326736.9
2024-09-27,399001.SZ,9100.7665,9514.8647,6.7090055292537,948836540.0,965392383997.23
2024-09-30,399001.SZ,9950.6531,10529.7568,10.666384988112,1324000530.35,1425264091627.2
2024-10-08,399001.SZ,11864.1097,11495.1003,9.1677663438533,1587911799.57,1941425791423.9
2024-10-09,399001.SZ,11158.9887,10557.8117,-8.1538096714128,1274221569.98,1675510926508.3
2024-10-10,399001.SZ,10609.4731,10471.0808,-0.82148557356825,963573284.62,1195200766242.1
2024-10-11,399001.SZ,10366.5715,10060.7393,-3.9188075026601,767945007.42,907687463372.54
2024-10-14,399001.SZ,10118.3751,10327.4004,2.6505119757949,767864732.79,933486093609.13
2024-10-15,399001.SZ,10286.236,10066.5168,-2.5261303899866,800992337.26,1015688650868.7
2024-10-16,399001.SZ,9898.1265,9965.0241,-1.0082206389404,701238164.25,842310229788.91
2024-10-17,399001.SZ,10034.4142,9891.7627,-0.73518537702283,759583000.71,933912619631.58
2024-10-18,399001.SZ,9868.8458,10357.6764,4.710118045998,953743093.35,1269726757123.7
2024-10-21,399001.SZ,10441.8706,10470.9138,1.0932703014356,965002625.83,1328206164127.6
2024-10-22,399001.SZ,10459.1559,10559.5095,0.84611239947367,927985356.81,1213666459406.3
2024-10-23,399001.SZ,10536.897,10576.4133,0.1600812992308,920607939.32,1166793703423.9
2024-10-24,399001.SZ,10508.6516,10441.7465,-1.2732747499571,749272421.51,935287277588.75
2024-10-25,399001.SZ,10470.0673,10619.849,1.705677302164,865421055.34,1094882473771.2
2024-10-28,399001.SZ,10617.9041,10685.8902,0.62186571579313,958674133.24,1145396320939.6
2024-10-29,399001.SZ,10706.0172,10543.3283,-1.3341134648754,1033067513.29,1255535897007.6
2024-10-30,399001.SZ,10488.2262,10530.8489,-0.11836300307559,931733214.16,1116035280270.1
2024-10-31,399001.SZ,10535.4143,10591.218,0.57325957834225,1103094719.53,1352352747322.4
2024-11-01,399001.SZ,10563.8353,10455.5022,-1.2813993631327,1184720290.06,1352275455389.8
2024-11-04,399001.SZ,10457.8943,10663.0966,1.9855038622631,826549024.13,1001563840428.9
2024-11-05,399001.SZ,10653.1989,11006.9377,3.2245895624729,1077408889.0,1373699162243.1
2024-11-06,399001.SZ,11023.9989,10968.142,-0.35246588158667,1214767757.04,1536034646514.0
2024-11-07,399001.SZ,10852.1213,11235.9208,2.4414235337216,1222513447.74,1456235718184.7
2024-11-08,399001.SZ,11374.2005,11161.7022,-0.66054755387738,1253432815.92,1573593148862.7
2024-11-11,399001.SZ,11087.4109,11388.5668,2.0325269025723,1121880893.96,1483392842522.7
2024-11-12,399001.SZ,11430.2208,11314.4586,-0.65072454946658,1138974929.79,1511118660209.2
2024-11-13,399001.SZ,11231.7273,11359.2889,0.39622134460768,911863787.1,1179810560593.6
2024-11-14,399001.SZ,11333.4029,11037.7827,-2.8303373814183,838967422.13,1075621868087.7
2024-11-15,399001.SZ,10983.536,10748.97,-2.616582585921,842984455.32,1080599719063.0
2024-11-18,399001.SZ,10774.4401,10544.0228,-1.90666826682,871803471.11,1001885166555.6
2024-11-19,399001.SZ,10559.325,10743.8442,1.8951154013058,770721451.89,906518949437.29
2024-11-20,399001.SZ,10709.9225,10827.1889,0.77574375101232,816356778.89,986404104271.68
2024-11-21,399001.SZ,10787.9284,10819.8767,-0.067535535470324,818375764.65,996798121774.85
2024-11-22,399001.SZ,10785.5188,10438.7215,-3.5227314558954,925948280.48,1082058067701.4
2024-11-25,399001.SZ,10462.44,10420.5207,-0.17435851698889,770226266.53,893690967762.88
2024-11-26,399001.SZ,10387.0049,10333.2251,-0.83772781143268,711832134.94,795484175909.8
2024-11-27,399001.SZ,10284.7208,10566.1006,2.2536574762123,795571296.18,887125205578.32
2024-11-28,399001.SZ,10560.4099,10432.5399,-1.2640491043593,850887876.86,932295840485.22
2024-11-29,399001.SZ,10406.079,10611.719,1.7175021779691,892157878.76,1044492312251.0
2024-12-02,399001.SZ,10595.4731,10756.5476,1.3647986721096,937523184.22,1077203653440.7
2024-12-03,399001.SZ,10757.4936,10713.5785,-0.39946924978048,939709022.05,1031925156820.0
2024-12-04,399001.SZ,10700.0579,10604.0121,-1.0226872375089,930816502.52,1009658110991.4
2024-12-05,399001.SZ,10565.0274,10634.489,0.28740914016874,844663661.48,933068980436.09
2024-12-06,399001.SZ,10642.8921,10791.339,1.4749180708166,1029340329.14,1102866354631.1
2024-12-09,399001.SZ,10780.9842,10731.6589,-0.55303702348707,955155947.18,985064287388.79
2024-12-10,399001.SZ,11124.7822,10812.5838,0.75407633390211,1171388026.11,1339737614620.8
2024-12-11,399001.SZ,10781.0965,10848.4228,0.33145639065475,1012272834.75,1083447077126.0
2024-12-12,399001.SZ,10846.5445,10957.1289,1.0020452005244,1040587050.15,1132740374453.3
2024-12-13,399001.SZ,10876.1903,10713.072,-2.2273800210564,1075547182.02,1218512329521.4
2024-12-16,399001.SZ,10705.5166,10573.9194,-1.2989047399289,922676962.01,1024563635124.4
2024-12-17,399001.SZ,10557.2316,10537.4285,-0.34510287642254,858140531.61,925567807733.41
2024-12-18,399001.SZ,10561.9354,10584.2695,0.44452021667336,740846621.99,820732340344.47
2024-12-19,399001.SZ,10483.5035,10649.0339,0.61189296058646,760693343.4,884957667134.26
2024-12-20,399001.SZ,10631.4447,10646.6176,-0.02269032123187,732375378.35,918303558422.87
2024-12-23,399001.SZ,10650.575,10537.4021,-1.0258234502571,795687830.45,907671813698.32
2024-12-24,399001.SZ,10548.1453,10671.4274,1.2719007847295,664977041.16,776807907609.64
2024-12-25,399001.SZ,10675.729,10603.0998,-0.64028547858556,667963062.36,759136338914.29
2024-12-26,399001.SZ,10586.957,10673.9684,0.66837624220042,593997426.54,753522611377.56
2024-12-27,399001.SZ,10679.3433,10659.9751,-0.1310974463818,679934587.84,847760350853.65
2024-12-30,399001.SZ,10644.1537,10671.155,0.10487735567038,609052769.31,753918099057.28
2024-12-31,399001.SZ,10668.168,10414.6113,-2.4040855933589,646653008.8,783178607372.03
2025-01-02,399001.SZ,10400.6644,10088.0589,-3.1355217260965,681116709.37,793191277013.99
2025-01-03,399001.SZ,10097.9312,9897.1203,-1.8927189253425,685235256.92,744702909994.87
2025-01-06,399001.SZ,9890.9841,9885.6545,-0.11584985988298,586235482.68,614445158398.21
2025-01-07,399001.SZ,9860.578,9998.7565,1.1441022948961,588919068.3,640248820159.66
2025-01-08,399001.SZ,9940.1968,9944.6404,-0.54122830173931,683561380.45,734817586317.91
2025-01-09,399001.SZ,9906.9088,9976.0038,0.31537993068105,605202920.74,677482470748.08
2025-01-10,399001.SZ,9957.8343,9795.9438,-1.8049311488835,616360985.45,682335422569.94
2025-01-13,399001.SZ,9697.4484,9796.1764,0.002374452168674,504800435.64,554603230733.74
2025-01-14,399001.SZ,9822.349,10165.1692,3.766702281923,690716454.95,811716723384.93
2025-01-15,399001.SZ,10139.7803,10060.1297,-1.0333276105232,626573129.76,722613426980.28
2025-01-16,399001.SZ,10110.4149,10101.0952,0.40720647965404,679618813.55,774747271935.81
2025-01-17,399001.SZ,10059.9895,10161.3212,0.59623237686148,576214409.08,678981034542.05
2025-01-20,399001.SZ,10240.7148,10256.3954,0.93564801396101,587735779.77,713186939974.26
2025-01-21,399001.SZ,10323.1204,10305.6935,0.48065717123191,597396789.42,736974131772.45
2025-01-22,399001.SZ,10263.0421,10225.8713,-0.77454467280633,533432300.2,683542190444.62
2025-01-23,399001.SZ,10323.4463,10176.1741,-0.48599477288552,648078885.95,815483915299.7
2025-01-24,399001.SZ,10141.4064,10292.7299,1.1453793818248,589944330.15,741331577648.94
2025-01-27,399001.SZ,10299.9705,10156.0665,-1.3277663100826,532847417.81,667641130329.32
2025-02-05,399001.SZ,10237.7056,10164.2238,0.080319481956907,583267744.83,768449245813.59
2025-02-06,399001.SZ,10142.8499,10393.6337,2.2570331440361,710990134.31,944938901427.82
2025-02-07,399001.SZ,10410.0347,10576.0034,1.7546288936467,887206131.35,1202631199833.8
2025-02-10,399001.SZ,10608.6063,10631.2462,0.52234098184953,816427978.71,1053785768750.5
2025-02-11,399001.SZ,10640.8374,10557.6223,-0.69252370432357,770227173.37,1003780990776.2
2025-02-12,399001.SZ,10529.4138,10708.8838,1.4327231615399,762335904.57,1029827484463.3
2025-02-13,399001.SZ,10691.4586,10626.6239,-0.76814634966904,839330516.36,1113993618441.9
2025-02-14,399001.SZ,10616.0193,10749.4562,1.1558920420624,786380097.26,1047448093579.2
2025-02-17,399001.SZ,10820.9577,10791.0599,0.38703074114577,867059291.3,1191361330338.8
2025-02-18,399001.SZ,10781.1975,10617.2606,-1.6105859999906,842171203.44,1102311658926.8
2025-02-19,399001.SZ,10592.0255,10772.6544,1.4635959863319,750496631.1,1045873251680.3
2025-02-20,399001.SZ,10765.9503,10794.5454,0.20320896955537,782577652.28,1086489113030.5
2025-02-21,399001.SZ,10821.8099,10991.369,1.8233616396666,907018646.75,1336950359477.2
2025-02-24,399001.SZ,10995.2612,10983.0433,-0.075747616152285,882712324.87,1277635672397.0
2025-02-25,399001.SZ,10835.9117,10854.4956,-1.1704196777591,812790464.27,1169252233272.9
2025-02-26,399001.SZ,10870.7334,10955.6488,0.93190143261932,842153823.07,1190457443504.2
2025-02-27,399001.SZ,10969.9201,10927.5078,-0.2568629253614,894751208.99,1230525017854.9
2025-02-28,399001.SZ,10861.8241,10611.2398,-2.8942372386135,825580118.13,1108968938005.6
2025-03-03,399001.SZ,10642.1846,10649.5918,0.3614280774241,725068982.39,980695622308.62
2025-03-04,399001.SZ,10558.7457,10679.4351,0.2802295201587,635011280.3,866849634243.85
2025-03-05,399001.SZ,10686.4669,10709.4601,0.2811478296263,668283361.04,906047047022.42
2025-03-06,399001.SZ,10774.0794,10898.7514,1.7675148722016,820551026.81,1170018723514.5
2025-03-07,399001.SZ,10858.7771,10843.7328,-0.50481562502655,820368124.47,1130360435652.6
2025-03-10,399001.SZ,10862.9288,10825.7042,-0.1662582464223,674926263.25,910633461539.71
2025-03-11,399001.SZ,10698.807,10861.164,0.32755190188921,670244772.22,889609924037.9
2025-03-12,399001.SZ,10897.4249,10843.2266,-0.16515172775221,756834238.92,1035254200469.6
2025-03-13,399001.SZ,10830.1083,10736.1944,-0.98708810530622,730316555.96,970516736841.47
2025-03-14,399001.SZ,10741.5225,10978.2984,2.2550262316413,758213807.03,1041778692502.2
2025-03-17,399001.SZ,11009.5744,10957.818,-0.18655350085948,701573926.93,933655218111.51
2025-03-18,399001.SZ,10999.3224,11014.7474,0.51953226454392,670260918.31,933349997313.06
2025-03-19,399001.SZ,11003.7331,10979.0519,-0.32407007354522,658306054.89,906472303662.51
2025-03-20,399001.SZ,10971.4119,10879.4891,-0.90684333134448,660332778.18,875945195340.61
2025-03-21,399001.SZ,10843.9793,10687.5533,-1.7641986515709,737977425.05,927692315362.6
2025-03-24,399001.SZ,10695.0177,10695.4879,0.074241501092682,731868307.6,863993868606.38
2025-03-25,399001.SZ,10702.6892,10649.0764,-0.43393532332452,602843293.6,741833982027.24
2025-03-26,399001.SZ,10636.1164,10643.8189,-0.049370478739355,562463496.7,669119730175.84
2025-03-27,399001.SZ,10610.8858,10668.101,0.22813334413272,573575591.91,694232398533.04
2025-03-28,399001.SZ,10658.1522,10607.3309,-0.56964308830597,550601537.16,650166739570.65
2025-03-31,399001.SZ,10559.6562,10504.3318,-0.97101807203922,566712756.42,690054229801.6
2025-04-01,399001.SZ,10523.6459,10503.6553,-0.0064402002229173,505965713.18,632850855400.53
2025-04-02,399001.SZ,10500.5274,10513.1169,0.090079117504937,459055451.36,562826586441.17
2025-04-03,399001.SZ,10384.9503,10365.7315,-1.4019191587226,522538633.57,651109936767.69
2025-04-07,399001.SZ,9747.6613,9364.4976,-9.6590761587834,729798956.17,852431714949.7
2025-04-08,399001.SZ,9356.6935,9424.6795,0.64266021062357,818901452.72,895477031195.86
2025-04-09,399001.SZ,9271.2365,9539.8919,1.2224543020269,872477164.67,944174886186.4
2025-04-10,399001.SZ,9757.9781,9754.6435,2.2510904971575,797938784.08,927111334868.63
2025-04-11,399001.SZ,9681.4521,9834.4446,0.81808320314321,637990026.83,767874017897.16
2025-04-14,399001.SZ,9955.6551,9884.3017,0.50696406383742,630035329.21,733662247514.68
2025-04-15,399001.SZ,9886.097,9858.0969,-0.26511533940733,544569536.57,620861217915.6
2025-04-16,399001.SZ,9813.1256,9774.7273,-0.84569669831507,555508747.92,622703442371.2
2025-04-17,399001.SZ,9715.2938,9759.0472,-0.16041470538006,493872134.26,556858435911.85
2025-04-18,399001.SZ,9745.7498,9781.6476,0.23158408333141,486440347.48,534342502012.46
2025-04-21,399001.SZ,9768.6466,9905.5279,1.2664563789846,533998892.07,612012816527.11
2025-04-22,399001.SZ,9882.9598,9870.0539,-0.35812326569691,569736692.02,637326686340.46
2025-04-23,399001.SZ,9956.3691,9935.797,0.66608653474526,621168380.25,743505156339.49
2025-04-24,399001.SZ,9933.8935,9878.3155,-0.5785293318694,579335114.65,674313083979.02
2025-04-25,399001.SZ,9900.0998,9917.055,0.39216706532606,582049703.04,668149455621.02
2025-04-28,399001.SZ,9925.7145,9855.1962,-0.62376179218528,556737814.93,614490372005.47
2025-04-29,399001.SZ,9828.4586,9849.8016,-0.054738636253631,508317398.91,591239110310.0
2025-04-30,399001.SZ,9863.4976,9899.8215,0.50782647236264,559157909.28,663769896798.59
2025-05-06,399001.SZ,9974.5257,10082.3353,1.8436069781662,634060070.15,784366185688.08
2025-05-07,399001.SZ,10218.3255,10104.1286,0.21615329535806,709978550.74,873103395725.76
2025-05-08,399001.SZ,10081.2719,10197.6592,0.92566715748254,639008260.61,791790953276.04
2025-05-09,399001.SZ,10190.1274,10126.8254,-0.6946084254316,600535346.57,727160070910.82
2025-05-12,399001.SZ,10220.3298,10301.158,1.7214930949634,595059404.77,786340324792.0
2025-05-13,399001.SZ,10401.9451,10288.0831,-0.12692650670924,613388689.47,784941212103.05
2025-05-14,399001.SZ,10278.9076,10354.2223,0.64287194569802,622584785.73,781873182683.86
2025-05-15,399001.SZ,10324.8426,10186.4478,-1.6203486378692,571421815.89,691113043101.54
2025-05-16,399001.SZ,10157.6824,10179.5957,-0.067266824849385,541239329.25,653896066490.44
2025-05-19,399001.SZ,10171.291,10171.0898,-0.083558328352865,553941509.59,649295736348.77
2025-05-20,399001.SZ,10182.2469,10249.1731,0.76769846236143,599599479.38,719412151109.38
2025-05-21,399001.SZ,10246.5151,10294.2208,0.43952521399018,579900580.75,707520849756.95
2025-05-22,399001.SZ,10274.6758,10219.6213,-0.72467359549932,557473920.4,664355148904.36
2025-05-23,399001.SZ,10210.6166,10132.4124,-0.85334766758922,562096509.52,687001322751.62
2025-05-26,399001.SZ,10114.6871,10091.1584,-0.4071488444351,484518140.37,609433795810.04
2025-05-27,399001.SZ,10074.0293,10029.1114,-0.61486498913743,498056373.58,604517403139.78
2025-05-28,399001.SZ,10039.2487,10003.2651,-0.25771276206982,535691920.58,620609249519.73
2025-05-29,399001.SZ,10006.4311,10127.2045,1.2389894575522,612671248.94,731680602157.06
2025-05-30,399001.SZ,10091.1936,10040.6265,-0.85490522088301,596050824.09,695819645322.44
2025-06-03,399001.SZ,10006.1303,10057.1702,0.1647676068819,560674155.84,673116542535.77
2025-06-04,399001.SZ,10070.8533,10144.581,0.86913911430076,588080191.53,706202700254.73
2025-06-05,399001.SZ,10152.5515,10203.5012,0.58080466802917,629553207.24,792163814260.09
2025-06-06,399001.SZ,10205.5173,10183.6994,-0.19406867909224,563533703.38,699275374847.63
2025-06-09,399001.SZ,10200.4503,10250.1379,0.65240044300601,615542720.79,774531408088.47
2025-06-10,399001.SZ,10248.2906,10162.1811,-0.8581035773187,711387441.9,857945116091.78
2025-06-11,399001.SZ,10176.495,10246.0203,0.82501186679305,615938135.16,753659809036.21
2025-06-12,399001.SZ,10208.2975,10234.3346,-0.11405111114215,605753084.37,770160430275.12
2025-06-13,399001.SZ,10193.9287,10122.114,-1.0965109544103,698798230.69,861860263568.72
2025-06-16,399001.SZ,10096.5713,10163.5471,0.40933247738565,568712564.64,733493561365.51
2025-06-17,399001.SZ,10177.6716,10151.4267,-0.11925364128041,597078587.25,749183713511.11
2025-06-18,399001.SZ,10142.583,10175.5883,0.23801186487412,587956237.38,750076595745.44
2025-06-19,399001.SZ,10156.1742,10051.9655,-1.2148958502969,610432160.18,777379097192.48
2025-06-20,399001.SZ,10039.0008,10005.0319,-0.4669096804998,516822515.51,656864779596.49
2025-06-23,399001.SZ,9950.1389,10048.3935,0.43339791850139,538583381.31,679840129781.38
2025-06-24,399001.SZ,10074.2725,10217.6287,1.6842015591846,667686292.91,869731745358.6
2025-06-25,399001.SZ,10240.1309,10393.7241,1.7234468502462,722467353.95,982615273048.4
2025-06-26,399001.SZ,10389.2318,10343.4784,-0.48342345358195,721904765.62,980082935680.33
2025-06-27,399001.SZ,10371.8138,10378.5502,0.33907162217306,699213590.64,935385167115.65
2025-06-30,399001.SZ,10405.9636,10465.1199,0.83412132072166,676811123.29,919747265886.61
2025-07-01,399001.SZ,10458.3892,10476.294,0.10677469638929,695943292.62,912479261475.99
2025-07-02,399001.SZ,10455.8261,10412.6284,-0.60771108561864,678825873.83,833849924712.12
2025-07-03,399001.SZ,10431.0259,10534.5841,1.1712287744754,639360247.12,809544553038.61
2025-07-04,399001.SZ,10534.9913,10508.7609,-0.24512785464403,667665463.68,861316252714.15
2025-07-07,399001.SZ,10488.1077,10435.5065,-0.69707932930513,578881971.07,732452711989.16
2025-07-08,399001.SZ,10431.778,10588.3948,1.4650779049393,666334799.08,886442571409.16
2025-07-09,399001.SZ,10592.5076,10581.7979,-0.062303116993715,703429755.23,909224442195.26
2025-07-10,399001.SZ,10593.7034,10631.1263,0.46616274914871,702268358.19,881009191214.75
2025-07-11,399001.SZ,10637.4485,10696.0974,0.61114032668392,743294396.25,958583794708.33
2025-07-14,399001.SZ,10705.4389,10684.5167,-0.10827033044782,647071649.76,835648432520.65
2025-07-15,399001.SZ,10700.3725,10744.5615,0.56197956057291,726515143.02,965211745503.07
2025-07-16,399001.SZ,10749.7137,10720.8065,-0.22108859444845,616738926.56,869623405330.5
2025-07-17,399001.SZ,10718.8544,10873.6189,1.4253815699406,635724294.06,929583770621.53
2025-07-18,399001.SZ,10902.7243,10913.839,0.36988697479549,644821897.27,927427194950.64
2025-07-21,399001.SZ,10937.5997,11007.4871,0.85806744995964,732596839.5,969074333171.49
2025-07-22,399001.SZ,11004.0086,11099.8309,0.83891808512772,786153136.68,1052464845824.6
2025-07-23,399001.SZ,11101.3221,11059.0374,-0.36751460781264,772954593.0,1007553832442.2
2025-07-24,399001.SZ,11069.6039,11193.0591,1.2118749141765,742250097.07,992466090729.86
2025-07-25,399001.SZ,11196.2033,11168.1414,-0.22261742547218,724401444.99,965727200355.13
2025-07-28,399001.SZ,11176.3927,11217.5814,0.44268780479444,684039261.63,981041846806.53
2025-07-29,399001.SZ,11199.626,11289.4059,0.64028507963402,687782458.25,1009564173263.3
2025-07-30,399001.SZ,11262.9764,11203.0295,-0.7651102348973,713948129.86,1024651537565.8
2025-07-31,399001.SZ,11208.4596,11009.7685,-1.725078024654,741311343.34,1090142295589.4
2025-08-01,399001.SZ,11001.2546,10991.3214,-0.1675521151966,624304839.8,913705309185.68
2025-08-04,399001.SZ,10932.6206,11041.5596,0.4570715219009,588265628.49,858774512839.68
2025-08-05,399001.SZ,11078.5833,11106.9569,0.59228317709754,637905911.61,939698369625.07
2025-08-06,399001.SZ,11091.834,11177.7818,0.63766250862107,695936984.21,1026846804876.6
2025-08-07,399001.SZ,11189.4886,11157.9408,-0.17750391226997,711415718.49,1075789507354.9
2025-08-08,399001.SZ,11136.3431,11128.6725,-0.26230915295768,681934694.93,996656917079.2
2025-08-11,399001.SZ,11159.0268,11291.4261,1.4624709281363,713852946.05,1075643532272.4
2025-08-12,399001.SZ,11292.4576,11351.6325,0.53320457014725,709632720.11,1103359004034.8
2025-08-13,399001.SZ,11371.0813,11551.3649,1.7595037541957,795541705.24,1263914042151.6
2025-08-14,399001.SZ,11557.0043,11451.4347,-0.86509430586857,867991461.73,1329744664079.8
2025-08-15,399001.SZ,11419.2825,11634.6678,1.6000885897729,798946150.64,1283986982869.7
2025-08-18,399001.SZ,11690.9383,11835.5726,1.7267772785055,1002271708.29,1630221110289.9
2025-08-19,399001.SZ,11827.9015,11821.626,-0.11783629293947,943169648.85,1527469705916.8
2025-08-20,399001.SZ,11749.9932,11926.7408,0.88917379047518,894032918.65,1390733947684.4
2025-08-21,399001.SZ,11965.8011,11919.7624,-0.058510536256476,915642356.38,1426314862960.4
2025-08-22,399001.SZ,11902.0368,12166.0606,2.0663012544613,891655700.58,1451618129559.8
2025-08-25,399001.SZ,12291.1228,12441.0676,2.2604441079309,1070803276.98,1780233495782.8
2025-08-26,399001.SZ,12398.8132,12473.174,0.25806788478507,968856013.18,1564831995948.4
2025-08-27,399001.SZ,12483.1946,12295.0695,-1.4279003884657,1143640218.65,1838716010279.3
2025-08-28,399001.SZ,12254.274,12571.3712,2.2472561053844,1060772708.54,1705617179690.7
2025-08-29,399001.SZ,12568.6298,12696.1507,0.99256873426823,900391593.16,1576605426828.9
2025-09-01,399001.SZ,12773.2194,12828.9525,1.0460005015536,906187103.37,1541612589328.1
2025-09-02,399001.SZ,12817.0336,12553.838,-2.1444813986177,991083796.03,1652213634701.3
2025-09-03,399001.SZ,12599.9559,12471.9953,-0.65193369549614,856848814.75,1351790359509.9
2025-09-04,399001.SZ,12526.2994,12118.7018,-2.8326943003258,899356047.0,1436365320805.2
2025-09-05,399001.SZ,12140.757,12590.5616,3.8936497306997,816494225.86,1325596804626.3
2025-09-08,399001.SZ,12631.9812,12666.8414,0.60584906712977,822135722.24,1392846217814.0
2025-09-09,399001.SZ,12598.2945,12510.5967,-1.2334937737517,758347025.35,1200728197335.4
2025-09-10,399001.SZ,12511.0839,12557.6798,0.37634575815237,716827858.9,1157008991306.1
2025-09-11,399001.SZ,12570.8706,12979.8914,3.3621784177042,835692601.32,1420924654160.2
2025-09-12,399001.SZ,12941.2633,12924.1348,-0.42956137522076,868290491.83,1427118173099.4
2025-09-15,399001.SZ,12971.4307,13005.7743,0.63168251696043,798857680.34,1291248301054.8
2025-09-16,399001.SZ,13017.5783,13063.9732,0.4474850836063,889812067.47,1351636076564.6
2025-09-17,399001.SZ,13062.6406,13215.4566,1.1595507559676,853723161.96,1370067340574.8
2025-09-18,399001.SZ,13161.1545,13075.6584,-1.0578385918198,1073785345.26,1769208959829.6
2025-09-19,399001.SZ,13074.9051,13070.863,-0.036674252670909,819739633.57,1307489962649.1
2025-09-22,399001.SZ,13119.8267,13157.9738,0.66645025657449,722355718.24,1179690201336.8
2025-09-23,399001.SZ,13246.9324,13119.817,-0.28998993750847,860693567.93,1422691445409.5
2025-09-24,399001.SZ,13037.0774,13356.1428,1.8012888441965,727910237.6,1311083097474.4
2025-09-25,399001.SZ,13333.0187,13445.8956,0.67199640902312,740565636.5,1369884560258.9
2025-09-26,399001.SZ,13394.7858,13208.9965,-1.7618692502714,694552823.24,1219024952078.6
2025-09-29,399001.SZ,13248.1977,13479.4278,2.0473266080432,675906008.25,1193253421058.3
2025-09-30,399001.SZ,13504.6471,13526.5091,0.34928263052828,658567252.34,1208141143826.5
2025-10-09,399001.SZ,13598.3534,13725.5569,1.4715385804901,797114827.88,1436312889659.6
2025-10-10,399001.SZ,13633.1868,13355.4185,-2.6967095229484,780249411.3,1383492750237.8
2025-10-13,399001.SZ,12837.2507,13231.4656,-0.92810944112309,742803634.44,1269338155679.2
2025-10-14,399001.SZ,13369.5606,12895.1076,-2.5421069000852,781349621.15,1366249533937.6
2025-10-15,399001.SZ,12919.2693,13118.7542,1.7343523368506,664972504.99,1111306358134.0
2025-10-16,399001.SZ,13064.2579,13086.4092,-0.24655542368497,630427149.69,1061873251678.3
2025-10-17,399001.SZ,13060.2417,12688.936,-3.0372976568698,667473474.54,1064934758204.8
2025-10-20,399001.SZ,12877.6999,12813.2077,0.97937053193429,582877735.62,965101984813.51
2025-10-21,399001.SZ,12880.1659,13077.3164,2.0612223432544,635613699.55,1035955935651.3
2025-10-22,399001.SZ,12985.9621,12996.6083,-0.61716102548379,593388177.82,926331521732.09
2025-10-23,399001.SZ,12959.4151,13025.4461,0.22188712111913,614713854.2,924978489984.4
2025-10-24,399001.SZ,13091.3369,13289.1841,2.0247905367326,652544989.22,1115717842832.4
2025-10-27,399001.SZ,13448.9151,13489.4032,1.5066319985739,724022532.32,1296727492318.5
2025-10-28,399001.SZ,13411.6676,13430.1031,-0.4396050671834,682532175.91,1207098813660.0
2025-10-29,399001.SZ,13484.0129,13691.3829,1.9454787357515,730709746.09,1287814408534.6
2025-10-30,399001.SZ,13661.6093,13532.1259,-1.1631914844774,773249172.62,1351618220861.2
2025-10-31,399001.SZ,13517.174,13378.2118,-1.1373977831525,745760929.04,1286687778035.6
2025-11-03,399001.SZ,13364.4188,13404.0636,0.19323808283556,716885878.21,1165427053025.2
2025-11-04,399001.SZ,13373.5505,13175.2208,-1.7072643552661,682919687.04,1062819658962.3
2025-11-05,399001.SZ,12953.8414,13223.5593,0.36688948696785,702201489.22,1045207672200.3
2025-11-06,399001.SZ,13272.4663,13452.4168,1.7306800295439,708963302.71,1124972130179.7
2025-11-07,399001.SZ,13380.3536,13404.0556,-0.35949822785747,700567747.1,1123566510494.1
2025-11-10,399001.SZ,13453.3662,13427.6123,0.17574307883355,757097253.85,1213865329688.2
2025-11-11,399001.SZ,13476.2453,13289.005,-1.0322557495944,733580236.48,1135223894878.0
2025-11-12,399001.SZ,13240.703,13240.6158,-0.36412959435262,731002669.68,1104567011927.0
2025-11-13,399001.SZ,13228.5012,13476.5213,1.7816807281728,748084542.32,1165561187893.9
2025-11-14,399001.SZ,13323.4513,13216.0314,-1.9329164715526,769416240.36,1120109421329.6
2025-11-17,399001.SZ,13200.5432,13202.0045,-0.1061354923839,748687700.69,1105057953098.9
2025-11-18,399001.SZ,13161.7044,13080.4886,-0.92043522633247,788847182.7,1135119123817.9
2025-11-19,399001.SZ,13071.9397,13080.086,-0.003077866678476,695235913.76,1004999694822.2
2025-11-20,399001.SZ,13215.0657,12980.8183,-0.75892238017394,673147680.58,996847443319.79
2025-11-21,399001.SZ,12752.7224,12538.071,-3.4107811215569,811578932.77,1140729557309.7
2025-11-24,399001.SZ,12605.1311,12585.0844,0.37496517606257,689953294.24,1012234281702.6
2025-11-25,399001.SZ,12692.0893,12777.3128,1.5274303603399,699842030.79,1089358574521.3
2025-11-26,399001.SZ,12769.927,12907.8335,1.0215035198951,686733778.09,1082326611514.2
2025-11-27,399001.SZ,12903.911,12875.1949,-0.25285885505108,637558377.39,1011274506713.7
2025-11-28,399001.SZ,12869.6609,12984.0808,0.84570292601939,611391068.92,940040409329.77
2025-12-01,399001.SZ,13038.156,13146.7162,1.2525753844662,694440764.3,1088279479837.4
2025-12-02,399001.SZ,13130.0724,13056.7009,-0.68469797803957,643851126.07,965989590305.02
2025-12-03,399001.SZ,13071.1572,12955.2534,-0.77697651785835,691706046.69,1022795744662.8
2025-12-04,399001.SZ,12957.8036,13006.7169,0.3972403967027,634198084.2,925247252263.91
2025-12-05,399001.SZ,13020.2872,13147.6769,1.0837477365253,669303064.88,1009028858320.2
2025-12-08,399001.SZ,13178.9565,13329.9903,1.3866586575458,729089825.35,1197207361360.3
2025-12-09,399001.SZ,13295.622,13277.3627,-0.39480598871854,688045902.08,1122792903262.7
2025-12-10,399001.SZ,13251.2659,13316.424,0.29419471985955,676290971.23,1048145055527.8
2025-12-11,399001.SZ,13333.2922,13147.3871,-1.2693865860685,705369906.97,1092762489870.1
2025-12-12,399001.SZ,13174.4472,13258.3281,0.84382546247536,700998215.3,1182255359656.1
2025-12-15,399001.SZ,13150.4323,13112.0887,-1.1030003096695,627285731.27,1008834668219.4
2025-12-16,399001.SZ,13084.8765,12914.6679,-1.505639601111,664521844.25,990879111832.3
2025-12-17,399001.SZ,12927.3938,13224.5136,2.3991766756929,653501696.76,1044325059333.5
2025-12-18,399001.SZ,13112.6116,13053.9744,-1.2895687898873,590116206.86,950587343385.27
2025-12-19,399001.SZ,13116.1869,13140.2144,0.66064171230489,657127412.29,987848687138.14
2025-12-22,399001.SZ,13225.4013,13332.7313,1.4650970991767,653549135.02,1072183327535.7
2025-12-23,399001.SZ,13338.9345,13368.9896,0.27194952920113,674894657.92,1092987268467.4
2025-12-24,399001.SZ,13378.4827,13486.4194,0.87837453325568,640440440.05,1106339627477.0
2025-12-25,399001.SZ,13472.7044,13531.4107,0.33360448511634,660794062.92,1139504120004.9
2025-12-26,399001.SZ,13539.049,13603.8939,0.53566624801358,741292909.65,1266547060139.6
2025-12-29,399001.SZ,13604.295,13537.0962,-0.49101897214884,713871413.13,1235517815463.6
2025-12-30,399001.SZ,13466.3044,13604.0673,0.49472278995846,718514685.52,1255086161237.5
2025-12-31,399001.SZ,13627.264,13525.0228,-0.58103579067122,714128489.46,1215723077233.9
2026-01-05,399001.SZ,13633.634,13828.6296,2.2447784709095,830964827.16,1479013094043.2
2026-01-06,399001.SZ,13830.3028,14022.552,1.40232550592,932350349.66,1630806367135.8
2026-01-07,399001.SZ,14062.0201,14030.5582,0.057095170693607,914116990.77,1656796799732.9
2026-01-08,399001.SZ,13971.892,13959.4825,-0.50657784948285,921000994.41,1617195870885.2
2026-01-09,399001.SZ,13917.7821,14120.1512,1.1509645862588,1013968212.26,1833561233662.4
2026-01-12,399001.SZ,14186.8635,14366.9078,1.7475492755347,1153063571.95,2155220030408.0
2026-01-13,399001.SZ,14397.6849,14169.3975,-1.3747585962792,1195529841.55,2169490551256.0
2026-01-14,399001.SZ,14194.1123,14248.5982,0.55895601771354,1312625223.46,2334442999936.8
2026-01-15,399001.SZ,14158.6624,14306.7251,0.40794820082722,971879564.3,1729648263302.9
2026-01-16,399001.SZ,14374.5351,14281.0801,-0.17925136480046,907401831.77,1688305163172.6
2026-01-19,399001.SZ,14221.9257,14294.0526,0.090836966876208,832641604.21,1518289593889.7
2026-01-20,399001.SZ,14307.5519,14155.6283,-0.96840485951479,882652782.12,1556312998239.2
2026-01-21,399001.SZ,14102.2116,14255.125,0.70287731417757,793963042.71,1420516887653.3
2026-01-22,399001.SZ,14313.6345,14327.0451,0.50452100560324,822514300.16,1489968420060.8
2026-01-23,399001.SZ,14349.0114,14439.6584,0.78601902355986,982699101.91,1748367006031.1
2026-01-26,399001.SZ,14492.4249,14316.6368,-0.85197029314766,1023228090.48,1796342758750.1
2026-01-27,399001.SZ,14283.7775,14329.906,0.092683778916572,909686276.21,1605549118485.2
2026-01-28,399001.SZ,14371.9551,14342.8941,0.090636323783273,883025459.87,1599884232500.0
2026-01-29,399001.SZ,14332.7027,14300.076,-0.29853180049625,993915563.98,1744212991723.3
2026-01-30,399001.SZ,14214.1408,14205.8925,-0.65862237375521,902322925.35,1565681993055.5
2026-02-02,399001.SZ,14128.8678,13824.3512,-2.6857960525887,811142363.64,1421232461623.2
2026-02-03,399001.SZ,13986.8946,14127.1059,2.1900101901346,782910934.43,1433511297107.4
2026-02-04,399001.SZ,14072.41,14156.2738,0.20646762476666,815238780.47,1417426397866.2
2026-02-05,399001.SZ,14020.8394,13952.7119,-1.4379624389576,726225380.63,1229230628001.2
2026-02-06,399001.SZ,13801.0314,13906.7345,-0.32952303702336,730349548.34,1247064306607.4
2026-02-09,399001.SZ,14115.1407,14208.4359,2.1694625722523,726369601.94,1299746937980.2
2026-02-10,399001.SZ,14200.7561,14210.6261,0.015414786084928,733002884.12,1223333554475.7
2026-02-11,399001.SZ,14186.6537,14160.9336,-0.34968550752313,681933201.05,1161644815719.2
2026-02-12,399001.SZ,14177.967,14282.9983,0.86198200943474,696259702.18,1243783316666.4
2026-02-13,399001.SZ,14188.3464,14100.1897,-1.27990353398,640639616.14,1135871601132.4
2026-02-24,399001.SZ,14313.8625,14291.5657,1.3572583353258,712425989.97,1263450465546.5
2026-02-25,399001.SZ,14322.2424,14475.8653,1.2895689938297,793688511.38,1376578234842.2
2026-02-26,399001.SZ,14495.858,14503.7865,0.1928810431802,793134075.41,1471247125484.9
2026-02-27,399001.SZ,14375.2502,14495.0923,-0.05994434625744,781109596.37,1415655679930.4
2026-03-02,399001.SZ,14327.6501,14465.7884,-0.20216428701182,933794647.16,1674826283498.0
2026-03-03,399001.SZ,14498.6981,14022.3914,-3.0651423049987,970658944.65,1703720230871.1
2026-03-04,399001.SZ,13854.3743,13917.752,-0.74623077487339,740464018.93,1252671984626.8
2026-03-05,399001.SZ,14160.1984,14088.8384,1.2292674851513,758966477.43,1321994081961.9
2026-03-06,399001.SZ,14015.5432,14172.6271,0.59471687885922,729278913.35,1221343285178.2
2026-03-09,399001.SZ,13920.2864,14067.5025,-0.74174392128047,837345656.06,1453438641341.6
2026-03-10,399001.SZ,14239.301,14354.0736,2.0371142638859,736222902.01,1361460406127.0
2026-03-11,399001.SZ,14373.7396,14465.4098,0.77564183591757,770973776.61,1444776810521.1
2026-03-12,399001.SZ,14457.6314,14374.8711,-0.62589792651432,768805142.32,1363682636762.3
2026-03-13,399001.SZ,14300.9245,14280.7798,-0.65455404327069,774225691.26,1336399029934.0
2026-03-16,399001.SZ,14291.1492,14307.5773,0.18764731601002,753016185.72,1288107044427.1
2026-03-17,399001.SZ,14370.4462,14039.7303,-1.8720639727035,753197037.64,1256632860398.9
2026-03-18,399001.SZ,14108.9214,14187.7963,1.0546213982472,666055598.37,1169736139365.7
2026-03-19,399001.SZ,14003.6982,13901.5678,-2.0174274703958,679341017.68,1175704077687.8
2026-03-20,399001.SZ,14021.4557,13866.2022,-0.25440008284534,734132051.32,1321995589658.7
2026-03-23,399001.SZ,13619.9444,13345.5138,-3.7550902005453,852353151.82,1345299021022.0
2026-03-24,399001.SZ,13514.6696,13536.5556,1.431505769377,731464360.6,1151449425913.5
2026-03-25,399001.SZ,13669.0523,13801.0008,1.9535634308627,723433703.35,1211975415470.2
2026-03-26,399001.SZ,13756.87,13606.4432,-1.4097354446933,667004906.95,1095254633989.6
2026-03-27,399001.SZ,13423.5125,13760.369,1.1312713964808,630568985.44,1053577032454.2
2026-03-30,399001.SZ,13618.7935,13726.1905,-0.24838360075954,653413029.75,1076071343509.0
2026-03-31,399001.SZ,13683.6809,13478.0554,-1.8077492076188,664490770.59,1100705943239.2
2026-04-01,399001.SZ,13731.3871,13706.5199,1.6950850342995,655763381.74,1115237775683.0
2026-04-02,399001.SZ,13658.2548,13486.9362,-1.6020383117089,636038709.65,1031097369725.1
2026-04-03,399001.SZ,13553.6533,13352.9043,-0.99379056898037,586572226.96,942677102178.64
2026-04-07,399001.SZ,13392.9421,13400.412,0.35578552000856,540630597.24,890489003616.88
2026-04-08,399001.SZ,13717.2209,14042.4964,4.7915273052799,748327010.16,1360312858088.4
2026-04-09,399001.SZ,13928.4277,13996.2652,-0.32922351327788,653026389.27,1231594304739.6
2026-04-10,399001.SZ,14098.0161,14309.4718,2.2377869776289,668726169.08,1367204589024.9
2026-04-13,399001.SZ,14233.1117,14407.8639,0.68760120132457,623636577.13,1230931861395.2
2026-04-14,399001.SZ,14514.6879,14639.9522,1.6108446165986,683376963.64,1385288551843.8
2026-04-15,399001.SZ,14736.009,14498.4546,-0.966516816906,697369583.8,1386392925686.5
2026-04-16,399001.SZ,14546.3529,14796.3345,2.0545631118506,686456017.55,1365124844216.5
2026-04-17,399001.SZ,14806.2803,14885.4159,0.60205046053804,695914498.97,1412063032872.3
2026-04-20,399001.SZ,14870.8999,14966.7468,0.54637976222082,723332086.2,1494192077988.4
2026-04-21,399001.SZ,14920.3838,14982.1397,0.10284733353008,701150038.48,1375194588677.8
2026-04-22,399001.SZ,14897.9633,15177.2862,1.3025275688759,698955593.03,1466159216543.5
2026-04-23,399001.SZ,15234.2164,15043.4494,-0.88182299678846,761022817.52,1570096212348.6
2026-04-24,399001.SZ,14951.7408,14940.3003,-0.68567452355707,709729438.78,1498859076721.3
2026-04-27,399001.SZ,14960.024,14995.7483,0.37113042500222,709930001.24,1453399425007.8
2026-04-28,399001.SZ,14925.2171,14830.4552,-1.1022664337464,723727547.16,1422352274452.6
2026-04-29,399001.SZ,14751.4182,15120.9227,1.9585878928382,736380398.43,1463521736269.4
2026-04-30,399001.SZ,15157.0678,15107.5532,-0.08841722337486,737703742.81,1464716733139.2
2026-05-06,399001.SZ,15323.1925,15459.6166,2.3303800115031,826248676.64,1760931025004.1
2026-05-07,399001.SZ,15541.2962,15641.8855,1.1790001312193,844489884.22,1784856104494.9
2026-05-08,399001.SZ,15520.3808,15563.7971,-0.49922626015898,826218479.76,1716868864518.0
2026-05-11,399001.SZ,15697.4401,15899.302,2.1556751083577,911634858.96,1954494738006.0
2026-05-12,399001.SZ,15952.7913,15824.9211,-0.46782493973635,847817149.44,1777383753936.1
2026-05-13,399001.SZ,15713.5418,16089.7491,1.6734870166272,827341429.43,1792550090893.3
2026-05-14,399001.SZ,16202.2151,15745.736,-2.1380886542227,873525491.61,1864136878632.1
2026-05-15,399001.SZ,15753.192,15561.372,-1.1708820724544,849695631.45,1825236172778.7
2026-05-18,399001.SZ,15465.3016,15530.2295,-0.20012695538671,738305603.88,1578895897760.4
2026-05-19,399001.SZ,15469.3597,15569.9072,0.25548688768572,731216529.42,1580035927630.2
2026-05-20,399001.SZ,15487.4267,15569.979,0.00046114597266,726217958.42,1594787543004.1
2026-05-21,399001.SZ,15707.9553,15247.2702,-2.0726347800469,878984173.93,1885877969351.1
2026-05-22,399001.SZ,15382.2934,15597.2969,2.2956679812757,763067278.15,1617472538531.9
2026-05-25,399001.SZ,15716.3889,15856.6102,1.662552823496,781225873.05,1760074861165.4
2026-05-26,399001.SZ,15786.8178,15876.1628,0.12330882675038,823273532.35,1782006716930.8
2026-05-27,399001.SZ,15868.902,15736.4688,-0.87989775463879,815871162.81,1765113240574.7
2026-05-28,399001.SZ,15691.1621,15861.891,0.79701616413461,747849432.12,1606824859646.2
2026-05-29,399001.SZ,15957.1152,15575.1338,-1.8078374135845,848879727.57,1786964795181.4
2026-06-01,399001.SZ,15601.03,15340.3562,-1.5073873715294,760393032.57,1557686047539.4
2026-06-02,399001.SZ,15410.7046,15591.1282,1.6347208417494,737350306.73,1512025925726.1
2026-06-03,399001.SZ,15646.685,15704.7108,0.72850789591995,792737876.56,1700522735411.0
2026-06-04,399001.SZ,15540.0634,15661.574,-0.27467427162046,718939420.96,1483016698135.2
2026-06-05,399001.SZ,15595.6953,15314.7002,-2.2148080390898,818251185.58,1705304054213.1
2026-06-08,399001.SZ,14835.3692,14821.1861,-3.2224861966282,788640862.6,1525460875121.3
2026-06-09,399001.SZ,14992.5473,15268.7147,3.0195194701725,718050678.68,1467207129010.4
2026-06-10,399001.SZ,15062.5077,14954.1008,-2.0605133187799,710462329.27,1392172809791.9
2026-06-11,399001.SZ,14889.5674,14851.9751,-0.68292772240776,669817686.18,1366466938778.4
2026-06-12,399001.SZ,15149.5195,14963.4073,0.75028539470148,792336422.6,1677548225901.9
2026-06-15,399001.SZ,15153.1824,15531.1095,3.7939366924805,757054683.0,1627612447173.2
2026-06-16,399001.SZ,15584.3702,15675.2457,0.92804831489984,754828802.15,1695082857789.1
2026-06-17,399001.SZ,15569.9231,15880.9507,1.3122920299744,745916231.85,1688618264452.6
2026-06-18,399001.SZ,15826.7944,16030.7024,0.94296432769608,764976919.68,1749632939767.8
2026-06-22,399001.SZ,16095.6286,16372.4987,2.1321355201504,876768616.26,2033198469703.7
2026-06-23,399001.SZ,16324.2424,15854.1963,-3.1656890588118,808549306.28,1846221650011.4
2026-06-24,399001.SZ,15782.3995,16051.3193,1.2433490557954,790758052.17,1770135015355.8
2026-06-25,399001.SZ,16099.7627,16344.0829,1.8239223488626,830961769.48,1975291467590.8
2026-06-26,399001.SZ,16211.4062,15782.2229,-3.4376967091864,837034655.3,1931214758275.3
2026-06-29,399001.SZ,15781.7861,15812.8707,0.19419190942994,808457858.87,1851533399374.0
2026-06-30,399001.SZ,15811.6684,16205.5565,2.4833302405995,745149838.07,1743431710302.2
2026-07-01,399001.SZ,16226.9742,16119.1683,-0.53307765148331,873614866.56,1961516088178.5
