uuid,title,host_source,display_time,importance,url,subject_importance_to_show,type_tag,company_name
76c2bdc3609e7a67,稀缺！低PE+低PB的红利资产股仅33只，股息率最高超12%,微信-数据宝,1735554034,0,https://mp.weixin.qq.com/s/fZxj7WLViiNZFbeP3wwurw,☆☆☆☆☆,"[{'full_name': '中科寒武纪科技股份有限公司', 'subject_importance': None, 'subject_risk': None, 'orgid': 'T004646002', 'subject_code': None, 'subject_name': None, 'emotion': 'NEU', 'subject_risk_list': [], 'org_types': ['020006', '212001', '216011', '001001'], 'subject_importance_list': None}]",中科寒武纪科技股份有限公司
40ceae0aa682aedb,2024年12月30日，寒武纪日内振幅超过7%,同花顺金融研究中心,1735525324,2,,★★☆☆☆,"[{'full_name': '中科寒武纪科技股份有限公司', 'subject_importance': 2, 'subject_risk': '市场预警--交易异常波动', 'orgid': 'T004646002', 'subject_code': None, 'subject_name': None, 'emotion': 'NEG', 'subject_risk_list': ['R00003', 'R00003007'], 'org_types': ['216011', '020006', '212001', '001001'], 'subject_importance_list': ['stock@2']}]",中科寒武纪科技股份有限公司
e9695a911984a94a,基金公司自购股票型基金超26亿元 创年度历史新高,天天基金网,1735494700,0,https://fund.eastmoney.com/a/202412303281992954.html,☆☆☆☆☆,"[{'full_name': '中科寒武纪科技股份有限公司', 'subject_importance': None, 'subject_risk': None, 'orgid': 'T004646002', 'subject_code': None, 'subject_name': None, 'emotion': 'NEU', 'subject_risk_list': [], 'org_types': ['020006', '212001', '216011', '001001'], 'subject_importance_list': None}]",中科寒武纪科技股份有限公司
2af20598ca210d20,“消失”9个月后，车企大佬想上更大“牌桌”｜一周人物,微信-中国企业家杂志,1735446717,0,https://mp.weixin.qq.com/s?__biz=MTI3NTQ1MTY0MQ==&idx=1&mid=2650636500&sn=5706b566d2bfc574882ce7b8874d97f5,☆☆☆☆☆,"[{'full_name': '中科寒武纪科技股份有限公司', 'subject_importance': None, 'subject_risk': None, 'orgid': 'T004646002', 'subject_code': None, 'subject_name': None, 'emotion': 'NEU', 'subject_risk_list': [], 'org_types': ['020006', '001001', '212001', '216011'], 'subject_importance_list': None}]",中科寒武纪科技股份有限公司
8bd91fd739891068,字节研发投入堪比BAT之和，国内巨头加力AII in AI !,微信-财经早餐,1735425356,0,https://mp.weixin.qq.com/s?__biz=MjM5ODUxMjExMA==&idx=2&mid=2650593467&sn=5884726c47a3c636bd2104e8cf75a00e,☆☆☆☆☆,"[{'full_name': '中科寒武纪科技股份有限公司', 'subject_importance': None, 'subject_risk': None, 'orgid': 'T004646002', 'subject_code': None, 'subject_name': None, 'emotion': 'NEU', 'subject_risk_list': [], 'org_types': ['216011', '020006', '001001', '212001'], 'subject_importance_list': None}]",中科寒武纪科技股份有限公司
70e1752ca3d69246,寒武纪(688256)：自主可控加强 寒武纪或迎来营收快速放量周期,新浪财经,1735401600,0,http://stock.finance.sina.com.cn/stock/go.php/vReport_Show/kind/company/rptid/788815342658/index.phtml,☆☆☆☆☆,"[{'full_name': '中科寒武纪科技股份有限公司', 'subject_importance': None, 'subject_risk': None, 'orgid': 'T004646002', 'subject_code': None, 'subject_name': None, 'emotion': 'NEU', 'subject_risk_list': [], 'org_types': ['216011', '001001', '020006', '212001'], 'subject_importance_list': None}]",中科寒武纪科技股份有限公司
b2e7c477a66eb6f5,“硝烟”弥漫8小时 基金决战2024最后一刻,上海证券报,1735401600,0,http://paper.cnstock.com/html/2024-12/29/content_2012249.htm,☆☆☆☆☆,"[{'full_name': '中科寒武纪科技股份有限公司', 'subject_importance': None, 'subject_risk': None, 'orgid': 'T004646002', 'subject_code': None, 'subject_name': None, 'emotion': 'NEU', 'subject_risk_list': [], 'org_types': ['001001', '020006', '212001', '216011'], 'subject_importance_list': None}]",中科寒武纪科技股份有限公司
c200c790b3b1d8a4,股价大涨VS连亏烦恼 寒武纪的时间玫瑰,微信-铑财,1735312098,2,https://mp.weixin.qq.com/s?__biz=MzU2NDY0NjkwNg==&idx=1&mid=2247509221&sn=eb4346e5c8e5f4e01130c862b755dfeb,★★★☆☆,"[{'full_name': '中科寒武纪科技股份有限公司', 'subject_importance': 3, 'subject_risk': '财务预警--盈利能力下降或亏损', 'orgid': 'T004646002', 'subject_code': None, 'subject_name': None, 'emotion': 'NEG', 'subject_risk_list': ['R00008', 'R00008015'], 'org_types': ['216011', '020006', '212001', '001001'], 'subject_importance_list': ['stock@3']}]",中科寒武纪科技股份有限公司
e680f563b9818c99,寒武纪(688256)：大额授信额度申请反映公司对下游需求信心充足,新浪财经,1735281838,0,http://stock.finance.sina.com.cn/stock/go.php/vReport_Show/kind/company/rptid/788623448307/index.phtml,☆☆☆☆☆,"[{'full_name': '中科寒武纪科技股份有限公司', 'subject_importance': None, 'subject_risk': None, 'orgid': 'T004646002', 'subject_code': None, 'subject_name': None, 'emotion': 'NEU', 'subject_risk_list': [], 'org_types': ['216011', '001001', '020006', '212001'], 'subject_importance_list': None}]",中科寒武纪科技股份有限公司
81fb7a990fbbd010,连亏7年的“AI芯片第一股”，将老板推上江西首富王座,网易,1735168357,2,https://www.163.com/dy/article/JKAL28AJ05563XYK.html,★★★☆☆,"[{'full_name': '中科寒武纪科技股份有限公司', 'subject_importance': 3, 'subject_risk': '财务预警--盈利能力下降或亏损', 'orgid': 'T004646002', 'subject_code': None, 'subject_name': None, 'emotion': 'NEG', 'subject_risk_list': ['R00008', 'R00008015'], 'org_types': ['216011', '020006', '212001', '001001'], 'subject_importance_list': ['stock@3']}]",中科寒武纪科技股份有限公司
265664a21ac7cab,中小基金产品“星光闪耀”，业绩TOP20都低于20亿，百亿基怎么都落榜了？,同花顺整理,1735516701,0,https://www.cls.cn/detail/1903414,☆☆☆☆☆,"[{'full_name': '海光信息技术股份有限公司', 'subject_importance': None, 'subject_risk': None, 'orgid': 'T000233634', 'subject_code': None, 'subject_name': None, 'emotion': 'NEU', 'subject_risk_list': [], 'org_types': ['001001', '212001', '216011', '020001', '020006'], 'subject_importance_list': None}]",海光信息技术股份有限公司
8e1a398a69fc7e9a,公募基金业绩角逐进入冲刺阶段：“冠军基”几乎无悬念，年内亏损最高达36.34%,金融界,1735516405,0,https://fund.jrj.com.cn/2024/12/30075046922119.shtml,☆☆☆☆☆,"[{'full_name': '海光信息技术股份有限公司', 'subject_importance': None, 'subject_risk': None, 'orgid': 'T000233634', 'subject_code': None, 'subject_name': None, 'emotion': 'NEU', 'subject_risk_list': [], 'org_types': ['001001', '212001', '020001', '020006', '216011'], 'subject_importance_list': None}]",海光信息技术股份有限公司
e9695a911984a94a,基金公司自购股票型基金超26亿元 创年度历史新高,天天基金网,1735494700,0,https://fund.eastmoney.com/a/202412303281992954.html,☆☆☆☆☆,"[{'full_name': '海光信息技术股份有限公司', 'subject_importance': None, 'subject_risk': None, 'orgid': 'T000233634', 'subject_code': None, 'subject_name': None, 'emotion': 'NEU', 'subject_risk_list': [], 'org_types': ['001001', '212001', '020001', '020006', '216011'], 'subject_importance_list': None}]",海光信息技术股份有限公司
7e7b555480cfe44a,公募年内最新榜单揭晓！近八成实现正收益！QDII基金表现领先,私募排排网,1735449595,0,https://www.simuwang.com/news/274427.html,☆☆☆☆☆,"[{'full_name': '海光信息技术股份有限公司', 'subject_importance': None, 'subject_risk': None, 'orgid': 'T000233634', 'subject_code': None, 'subject_name': None, 'emotion': 'NEU', 'subject_risk_list': [], 'org_types': ['001001', '212001', '216011', '020001', '020006'], 'subject_importance_list': None}]",海光信息技术股份有限公司
b2e7c477a66eb6f5,“硝烟”弥漫8小时 基金决战2024最后一刻,上海证券报,1735401600,0,http://paper.cnstock.com/html/2024-12/29/content_2012249.htm,☆☆☆☆☆,"[{'full_name': '海光信息技术股份有限公司', 'subject_importance': None, 'subject_risk': None, 'orgid': 'T000233634', 'subject_code': None, 'subject_name': None, 'emotion': 'NEU', 'subject_risk_list': [], 'org_types': ['001001', '212001', '216011', '020006', '020001'], 'subject_importance_list': None}]",海光信息技术股份有限公司
5ec71a038fad3792,年内涨超75%，公募年度“冠军基”已基本锁定,澎湃新闻网,1735369680,0,https://www.thepaper.cn/newsDetail_forward_29777210,☆☆☆☆☆,"[{'full_name': '海光信息技术股份有限公司', 'subject_importance': None, 'subject_risk': None, 'orgid': 'T000233634', 'subject_code': None, 'subject_name': None, 'emotion': 'NEU', 'subject_risk_list': [], 'org_types': ['001001', '212001', '216011', '020001', '020006'], 'subject_importance_list': None}]",海光信息技术股份有限公司
6c43a92748ceadb0,软通动力旗下PC品牌“机械革命”斩获2024京东金榜新品金奖，软硬一体赋能产业转型升级,搜狐-北京市,1735129578,0,https://www.sohu.com/a/841809580_135869,☆☆☆☆☆,"[{'full_name': '海光信息技术股份有限公司', 'subject_importance': None, 'subject_risk': None, 'orgid': 'T000233634', 'subject_code': None, 'subject_name': None, 'emotion': 'NEU', 'subject_risk_list': [], 'org_types': ['001001', '216011', '212001', '020001', '020006'], 'subject_importance_list': None}]",海光信息技术股份有限公司
ed963b28594b677,海光信息涨11.26%，民生证券一日前给出“买入”评级,网易,1735115498,0,https://www.163.com/dy/article/JK9385LQ051984TV.html,☆☆☆☆☆,"[{'full_name': '海光信息技术股份有限公司', 'subject_importance': None, 'subject_risk': None, 'orgid': 'T000233634', 'subject_code': None, 'subject_name': None, 'emotion': 'NEU', 'subject_risk_list': [], 'org_types': ['216011', '020006', '001001', '020001', '212001'], 'subject_importance_list': None}]",海光信息技术股份有限公司
115ae1f20174b965,海光信息吴宗友：下一个十年将在开放产业生态上下苦功夫,集微网,1735112519,0,https://laoyaoba.com/n/928044,☆☆☆☆☆,"[{'full_name': '海光信息技术股份有限公司', 'subject_importance': None, 'subject_risk': None, 'orgid': 'T000233634', 'subject_code': None, 'subject_name': None, 'emotion': 'NEU', 'subject_risk_list': [], 'org_types': ['216011', '020006', '001001', '020001', '212001'], 'subject_importance_list': None}]",海光信息技术股份有限公司
2220fd6eb6c112bc,2024年12月25日，海光信息日内振幅超过7%,同花顺金融研究中心,1735090624,2,,★★☆☆☆,"[{'full_name': '海光信息技术股份有限公司', 'subject_importance': 2, 'subject_risk': '市场预警--交易异常波动', 'orgid': 'T000233634', 'subject_code': None, 'subject_name': None, 'emotion': 'NEG', 'subject_risk_list': ['R00003', 'R00003007'], 'org_types': ['020006', '216011', '212001', '001001', '020001'], 'subject_importance_list': ['stock@2']}]",海光信息技术股份有限公司
873872be33c6bc4d,估值2000亿！荣耀IPO进程渐近,格隆汇资讯-公司信息,1735464013,0,https://www.gelonghui.com/news/4918614,☆☆☆☆☆,"[{'full_name': '曙光信息产业股份有限公司', 'subject_importance': None, 'subject_risk': None, 'orgid': '00057892', 'subject_code': None, 'subject_name': None, 'emotion': 'NEU', 'subject_risk_list': [], 'org_types': ['020006', '020001', '216001', '212001', '002', '001001'], 'subject_importance_list': None}]",曙光信息产业股份有限公司
5b703fba8cb31f5e,新华社聚焦芜湖新地标！,微信-芜湖发布,1735196314,0,https://mp.weixin.qq.com/s?__biz=MjM5MzYwMTY5NQ==&idx=1&mid=2651087665&sn=29aa6a3ccb9475cb15ecf16553869b37,☆☆☆☆☆,"[{'full_name': '曙光信息产业股份有限公司', 'subject_importance': None, 'subject_risk': None, 'orgid': '00057892', 'subject_code': None, 'subject_name': None, 'emotion': 'NEU', 'subject_risk_list': [], 'org_types': ['216001', '212001', '002', '001001', '020006', '020001'], 'subject_importance_list': None}]",曙光信息产业股份有限公司
f7ee0c25f98dbf0b,大模型·大未来｜大模型持续迭代，业内：明年有望在多方面取得突破,网易,1735195943,0,https://www.163.com/dy/article/JKBG3TDO0511U82T.html?spss=dy_author,☆☆☆☆☆,"[{'full_name': '曙光信息产业股份有限公司', 'subject_importance': None, 'subject_risk': None, 'orgid': '00057892', 'subject_code': None, 'subject_name': None, 'emotion': 'NEU', 'subject_risk_list': [], 'org_types': ['212001', '020001', '020006', '216001', '001001', '002'], 'subject_importance_list': None}]",曙光信息产业股份有限公司
2bb2b37b6b779561,【科创启明星】深扎根 壮主干 繁枝叶 中科曙光抢占算力基础设施新高地,微信-e公司,1735172344,0,https://mp.weixin.qq.com/s/fmntLHMBsMSggP96-qnAfg,☆☆☆☆☆,"[{'full_name': '曙光信息产业股份有限公司', 'subject_importance': None, 'subject_risk': None, 'orgid': '00057892', 'subject_code': None, 'subject_name': None, 'emotion': 'NEU', 'subject_risk_list': [], 'org_types': ['212001', '020001', '020006', '216001', '001001', '002'], 'subject_importance_list': None}]",曙光信息产业股份有限公司
877f56da0eb6c90c,深扎根 壮主干 繁枝叶 中科曙光抢占算力基础设施新高地,证券时报,1735151339,0,http://epaper.stcn.com/con/202412/26/content_2725695.html,☆☆☆☆☆,"[{'full_name': '曙光信息产业股份有限公司', 'subject_importance': None, 'subject_risk': None, 'orgid': '00057892', 'subject_code': None, 'subject_name': None, 'emotion': 'NEU', 'subject_risk_list': [], 'org_types': ['212001', '020001', '020006', '216001', '001001', '002'], 'subject_importance_list': None}]",曙光信息产业股份有限公司
6e7873a751cff043,中科曙光与2024年度流行语！,微信-中科曙光,1735121114,0,https://mp.weixin.qq.com/s?__biz=MzA5MzMxOTEwMA==&idx=1&mid=2650996435&sn=a2c270089c2c2053d4fed82d4ceeb511,☆☆☆☆☆,"[{'full_name': '曙光信息产业股份有限公司', 'subject_importance': None, 'subject_risk': None, 'orgid': '00057892', 'subject_code': None, 'subject_name': None, 'emotion': 'NEU', 'subject_risk_list': [], 'org_types': ['212001', '020001', '020006', '216001', '001001', '002'], 'subject_importance_list': None}]",曙光信息产业股份有限公司
181ee7cda516dea9,中国数据安全50强缘何选择经开区,现代快报,1735062314,0,http://dz.xdkb.net/html/2024-12/25/content_651759.htm,☆☆☆☆☆,"[{'full_name': '曙光信息产业股份有限公司', 'subject_importance': None, 'subject_risk': None, 'orgid': '00057892', 'subject_code': None, 'subject_name': None, 'emotion': 'NEU', 'subject_risk_list': [], 'org_types': ['216001', '001001', '002', '020006', '212001', '020001'], 'subject_importance_list': None}]",曙光信息产业股份有限公司
274f75ea06e8eafd,华创证券研报：推荐算力主线内四个细分板块投资机会,北京证券网-股民天地,1734917482,0,http://www.bjzq.com.cn/hsgs/News/202412/20241223093122_367884_1.html,☆☆☆☆☆,"[{'full_name': '曙光信息产业股份有限公司', 'subject_importance': None, 'subject_risk': None, 'orgid': '00057892', 'subject_code': None, 'subject_name': None, 'emotion': 'NEU', 'subject_risk_list': [], 'org_types': ['020006', '020001', '216001', '212001', '002', '001001'], 'subject_importance_list': None}]",曙光信息产业股份有限公司
2a599aa56de6438a,四大核心算力主线出炉 机构资金、融资客盯上这些股,东方财富网,1734913332,0,https://wap.eastmoney.com/a/202412233275267220.html,☆☆☆☆☆,"[{'full_name': '曙光信息产业股份有限公司', 'subject_importance': None, 'subject_risk': None, 'orgid': '00057892', 'subject_code': None, 'subject_name': None, 'emotion': 'NEU', 'subject_risk_list': [], 'org_types': ['212001', '020006', '020001', '216001', '002', '001001'], 'subject_importance_list': None}]",曙光信息产业股份有限公司
ca09da5bce789f03,中科曙光上周获融资净买入2.45亿元，居两市第10位,网易,1734910973,0,https://www.163.com/dy/article/JK30DII80519QIKK.html,☆☆☆☆☆,"[{'full_name': '曙光信息产业股份有限公司', 'subject_importance': None, 'subject_risk': None, 'orgid': '00057892', 'subject_code': None, 'subject_name': None, 'emotion': 'NEU', 'subject_risk_list': [], 'org_types': ['212001', '020001', '020006', '216001', '001001', '002'], 'subject_importance_list': None}]",曙光信息产业股份有限公司
2652c10e9475bc23,紫光国微：关于公司独立董事辞职的公告,深交所股票,1735557636,1,http://static.cninfo.com.cn/finalpage/2024-12-31/1222183038.PDF,★★★☆☆,"[{'full_name': '紫光国芯微电子股份有限公司', 'subject_importance': 3, 'subject_risk': '管理预警--核心人员离职', 'orgid': '03131126', 'subject_code': None, 'subject_name': None, 'emotion': 'NEG', 'subject_risk_list': ['R00006', 'R00006003', 'R00006004'], 'org_types': ['212100', '216001', '002', '020006', '001001'], 'subject_importance_list': ['stock@3', 'bond@3']}]",紫光国芯微电子股份有限公司
84cc008db4e44ef8,紫光国微：暂未参与该项目,新浪财经,1735303893,0,https://finance.sina.com.cn/stock/relnews/dongmiqa/2024-12-27/doc-ineaxeft7410484.shtml,☆☆☆☆☆,"[{'full_name': '紫光国芯微电子股份有限公司', 'subject_importance': None, 'subject_risk': None, 'orgid': '03131126', 'subject_code': None, 'subject_name': None, 'emotion': 'NEU', 'subject_risk_list': [], 'org_types': ['020006', '216001', '001001', '212100', '002'], 'subject_importance_list': None}]",紫光国芯微电子股份有限公司
f1661a032f8e43ff,紫光国微:子公司深圳国微电子拥有专用ASIC/SoC芯片产品,新浪财经,1735303874,0,https://finance.sina.com.cn/stock/relnews/dongmiqa/2024-12-27/doc-ineaxefr2459723.shtml,☆☆☆☆☆,"[{'full_name': '紫光国芯微电子股份有限公司', 'subject_importance': None, 'subject_risk': None, 'orgid': '03131126', 'subject_code': None, 'subject_name': None, 'emotion': 'NEU', 'subject_risk_list': [], 'org_types': ['020006', '216001', '001001', '212100', '002'], 'subject_importance_list': None}]",紫光国芯微电子股份有限公司
9b5b7571b925871c,紫光国微:产品聚焦特种集成电路、智能安全芯片，资金充沛，资产负责率较低,新浪财经,1735303873,0,https://finance.sina.com.cn/stock/relnews/dongmiqa/2024-12-27/doc-ineaxeft7410471.shtml,☆☆☆☆☆,"[{'full_name': '紫光国芯微电子股份有限公司', 'subject_importance': None, 'subject_risk': None, 'orgid': '03131126', 'subject_code': None, 'subject_name': None, 'emotion': 'NEU', 'subject_risk_list': [], 'org_types': ['020006', '216001', '001001', '212100', '002'], 'subject_importance_list': None}]",紫光国芯微电子股份有限公司
923bd41ad8bfdf1d,紫光国微：12 月 27 日推动产品量产工作,和讯股票,1735303150,0,https://stock.hexun.com/2024-12-27/216462803.html,☆☆☆☆☆,"[{'full_name': '紫光国芯微电子股份有限公司', 'subject_importance': None, 'subject_risk': None, 'orgid': '03131126', 'subject_code': None, 'subject_name': None, 'emotion': 'NEU', 'subject_risk_list': [], 'org_types': ['020006', '216001', '001001', '212100', '002'], 'subject_importance_list': None}]",紫光国芯微电子股份有限公司
3939407e9232b4d0,紫光国微：公司暂时没有参与千帆星座项目,金融界财经,1735301889,0,https://finance.jrj.com.cn/2024/12/27195546897419.shtml,☆☆☆☆☆,"[{'full_name': '紫光国芯微电子股份有限公司', 'subject_importance': None, 'subject_risk': None, 'orgid': '03131126', 'subject_code': None, 'subject_name': None, 'emotion': 'NEU', 'subject_risk_list': [], 'org_types': ['020006', '216001', '001001', '212100', '002'], 'subject_importance_list': None}]",紫光国芯微电子股份有限公司
57181085d78007f3,紫光国微：公司为国内主要的综合性集成电路上市公司之一，产品聚焦特种集成电路、智能安全芯片两大主业,金融界财经,1735301883,0,https://finance.jrj.com.cn/2024/12/27195346897420.shtml,☆☆☆☆☆,"[{'full_name': '紫光国芯微电子股份有限公司', 'subject_importance': None, 'subject_risk': None, 'orgid': '03131126', 'subject_code': None, 'subject_name': None, 'emotion': 'NEU', 'subject_risk_list': [], 'org_types': ['020006', '216001', '001001', '212100', '002'], 'subject_importance_list': None}]",紫光国芯微电子股份有限公司
93933b2b2e9d8489,紫光国微：公司的专用ASIC/SoC芯片针对的是特定用户,金融界财经,1735301882,0,https://finance.jrj.com.cn/2024/12/27195046897422.shtml,☆☆☆☆☆,"[{'full_name': '紫光国芯微电子股份有限公司', 'subject_importance': None, 'subject_risk': None, 'orgid': '03131126', 'subject_code': None, 'subject_name': None, 'emotion': 'NEU', 'subject_risk_list': [], 'org_types': ['020006', '216001', '001001', '212100', '002'], 'subject_importance_list': None}]",紫光国芯微电子股份有限公司
da760ea92598b46d,紫光国微：公司特种集成电路产品主要用于对产品可靠性要求较高的应用场景，与通用产品有不同的应用场景和产品性能要求,金融界财经,1735301882,0,https://finance.jrj.com.cn/2024/12/27195046897421.shtml,☆☆☆☆☆,"[{'full_name': '紫光国芯微电子股份有限公司', 'subject_importance': None, 'subject_risk': None, 'orgid': '03131126', 'subject_code': None, 'subject_name': None, 'emotion': 'NEU', 'subject_risk_list': [], 'org_types': ['020006', '216001', '001001', '212100', '002'], 'subject_importance_list': None}]",紫光国芯微电子股份有限公司
6f033e5e84f479d4,紫光国微：2.5D/3D封装将根据产线运行择机启动,金融界财经,1735301282,0,https://finance.jrj.com.cn/2024/12/27194346896429.shtml,☆☆☆☆☆,"[{'full_name': '紫光国芯微电子股份有限公司', 'subject_importance': None, 'subject_risk': None, 'orgid': '03131126', 'subject_code': None, 'subject_name': None, 'emotion': 'NEU', 'subject_risk_list': [], 'org_types': ['020006', '216001', '001001', '212100', '002'], 'subject_importance_list': None}]",紫光国芯微电子股份有限公司
3e54492abba2106b,一图读懂 | 科创板上市公司2024年度重要科技创新成果盘点,新浪财经,1735565160,0,https://finance.sina.com.cn/roll/2024-12-30/doc-inechfyr3346711.shtml,☆☆☆☆☆,"[{'full_name': '澜起科技股份有限公司', 'subject_importance': None, 'subject_risk': None, 'orgid': 'Q0044AA455', 'subject_code': None, 'subject_name': None, 'emotion': 'NEU', 'subject_risk_list': [], 'org_types': ['001001', '020011', '212001', '216011'], 'subject_importance_list': None}]",澜起科技股份有限公司
cd7e38f4e1ed0ccd,中邮证券：给予澜起科技买入评级,证券之星,1735533388,0,https://wap.stockstar.com/detail/RB2024123000012121,☆☆☆☆☆,"[{'full_name': '澜起科技股份有限公司', 'subject_importance': None, 'subject_risk': None, 'orgid': 'Q0044AA455', 'subject_code': None, 'subject_name': None, 'emotion': 'NEU', 'subject_risk_list': [], 'org_types': ['216011', '001001', '212001', '020011'], 'subject_importance_list': None}]",澜起科技股份有限公司
5108848c65112682,澜起科技在西安投资成立电子设计公司,搜狐-江苏省,1735530925,0,https://www.sohu.com/a/843333237_422199,☆☆☆☆☆,"[{'full_name': '澜起科技股份有限公司', 'subject_importance': None, 'subject_risk': None, 'orgid': 'Q0044AA455', 'subject_code': None, 'subject_name': None, 'emotion': 'NEU', 'subject_risk_list': [], 'org_types': ['216011', '001001', '212001', '020011'], 'subject_importance_list': None}]",澜起科技股份有限公司
631f49f4493ad06,减持速报 | 财富趋势(688318.SH)、川润股份(002272.SZ)等高管集体减持计划披露,新浪财经,1735527017,2,https://finance.sina.com.cn/jjxw/2024-12-30/doc-inecfenx4639057.shtml,★★☆☆☆,"[{'full_name': '澜起科技股份有限公司', 'subject_importance': 2, 'subject_risk': '市场预警--减持套现', 'orgid': 'Q0044AA455', 'subject_code': None, 'subject_name': None, 'emotion': 'NEG', 'subject_risk_list': ['R00003', 'R00003036'], 'org_types': ['001001', '216011', '212001', '020011'], 'subject_importance_list': ['stock@2']}]",澜起科技股份有限公司
e9695a911984a94a,基金公司自购股票型基金超26亿元 创年度历史新高,天天基金网,1735494700,0,https://fund.eastmoney.com/a/202412303281992954.html,☆☆☆☆☆,"[{'full_name': '澜起科技股份有限公司', 'subject_importance': None, 'subject_risk': None, 'orgid': 'Q0044AA455', 'subject_code': None, 'subject_name': None, 'emotion': 'NEU', 'subject_risk_list': [], 'org_types': ['216011', '212001', '001001', '020011'], 'subject_importance_list': None}]",澜起科技股份有限公司
873872be33c6bc4d,估值2000亿！荣耀IPO进程渐近,格隆汇资讯-公司信息,1735464013,0,https://www.gelonghui.com/news/4918614,☆☆☆☆☆,"[{'full_name': '澜起科技股份有限公司', 'subject_importance': None, 'subject_risk': None, 'orgid': 'Q0044AA455', 'subject_code': None, 'subject_name': None, 'emotion': 'NEU', 'subject_risk_list': [], 'org_types': ['001001', '216011', '212001', '020011'], 'subject_importance_list': None}]",澜起科技股份有限公司
4097c1172054b52c,澜起科技：股东拟减持不超过2%的股份,同花顺iNews,1735341025,0,http://stock.10jqka.com.cn/20241228/c664984367.shtml,★★☆☆☆,"[{'full_name': '澜起科技股份有限公司', 'subject_importance': 2, 'subject_risk': '市场预警--减持套现', 'orgid': 'Q0044AA455', 'subject_code': None, 'subject_name': None, 'emotion': 'NEG', 'subject_risk_list': ['R00003', 'R00003036'], 'org_types': ['020011', '212001', '001001', '216011'], 'subject_importance_list': ['stock@2']}]",澜起科技股份有限公司
aedd00300933749,澜起科技股东拟减持1144.79万股套现8.64亿元,新浪财经,1735314658,0,https://finance.sina.com.cn/stock/aiassist/jc/2024-12-27/doc-ineaxqvp7254464.shtml,★★☆☆☆,"[{'full_name': '澜起科技股份有限公司', 'subject_importance': 2, 'subject_risk': '市场预警--股份减持', 'orgid': 'Q0044AA455', 'subject_code': None, 'subject_name': None, 'emotion': 'NEG', 'subject_risk_list': ['R00003', 'R00003006'], 'org_types': ['020011', '212001', '001001', '216011'], 'subject_importance_list': ['stock@2']}]",澜起科技股份有限公司
3bffd5dd72b2f39d,澜起科技：股东集中竞价减持股份计划,同花顺整理,1735300648,0,https://www.chinastarmarket.cn/detail/1902537,★★☆☆☆,"[{'full_name': '澜起科技股份有限公司', 'subject_importance': 2, 'subject_risk': '市场预警--减持套现', 'orgid': 'Q0044AA455', 'subject_code': None, 'subject_name': None, 'emotion': 'NEG', 'subject_risk_list': ['R00003', 'R00003036'], 'org_types': ['020011', '212001', '001001', '216011'], 'subject_importance_list': ['stock@2']}]",澜起科技股份有限公司
984330f8e916b979,澜起科技(688008.SH)：多名股东拟合计减持不超过2%股份,格隆汇资讯-公司信息,1735300108,0,https://www.gelonghui.com/news/4918464,★★☆☆☆,"[{'full_name': '澜起科技股份有限公司', 'subject_importance': 2, 'subject_risk': '市场预警--股份减持', 'orgid': 'Q0044AA455', 'subject_code': None, 'subject_name': None, 'emotion': 'NEG', 'subject_risk_list': ['R00003', 'R00003006'], 'org_types': ['020011', '212001', '001001', '216011'], 'subject_importance_list': ['stock@2']}]",澜起科技股份有限公司
873872be33c6bc4d,估值2000亿！荣耀IPO进程渐近,格隆汇资讯-公司信息,1735464013,0,https://www.gelonghui.com/news/4918614,☆☆☆☆☆,"[{'full_name': '长沙景嘉微电子股份有限公司', 'subject_importance': None, 'subject_risk': None, 'orgid': 'T000125853', 'subject_code': None, 'subject_name': None, 'emotion': 'NEU', 'subject_risk_list': [], 'org_types': ['216003', '020006', '212100', '001001'], 'subject_importance_list': None}]",长沙景嘉微电子股份有限公司
3aa8c14409934a2d,景嘉微：景宏系列为面向AI训练、AI推理和科学计算的高性能智算模块及整机产品,金融界财经,1735221916,0,https://finance.jrj.com.cn/2024/12/26214246865806.shtml,☆☆☆☆☆,"[{'full_name': '长沙景嘉微电子股份有限公司', 'subject_importance': None, 'subject_risk': None, 'orgid': 'T000125853', 'subject_code': None, 'subject_name': None, 'emotion': 'NEU', 'subject_risk_list': [], 'org_types': ['001001', '216003', '212100', '020006'], 'subject_importance_list': None}]",长沙景嘉微电子股份有限公司
995c66399425297e,景嘉微：公司景宏系列高性能智算模块及整机产品是公司研发的面向AI训练、AI推理和科学计算等领域的系列产品,证券之星股票,1735221411,0,https://stock.stockstar.com/IG2024122600034579.shtml,☆☆☆☆☆,"[{'full_name': '长沙景嘉微电子股份有限公司', 'subject_importance': None, 'subject_risk': None, 'orgid': 'T000125853', 'subject_code': None, 'subject_name': None, 'emotion': 'NEU', 'subject_risk_list': [], 'org_types': ['001001', '216003', '212100', '020006'], 'subject_importance_list': None}]",长沙景嘉微电子股份有限公司
acaf7954ea54ee50,（官方问答平台）景嘉微：公司景宏系列高性能智算模块及整机产品是公司研发的面向AI训练、AI推理和科学计算等领域的系列产品……,同花顺金融研究中心,1735220523,0,,☆☆☆☆☆,"[{'full_name': '长沙景嘉微电子股份有限公司', 'subject_importance': None, 'subject_risk': None, 'orgid': 'T000125853', 'subject_code': None, 'subject_name': None, 'emotion': 'NEU', 'subject_risk_list': [], 'org_types': ['001001', '216003', '212100', '020006'], 'subject_importance_list': None}]",长沙景嘉微电子股份有限公司
9cb5f58864891c24,2024年12月26日，景嘉微日内振幅超过7%,同花顺金融研究中心,1735190883,2,,★★☆☆☆,"[{'full_name': '长沙景嘉微电子股份有限公司', 'subject_importance': 2, 'subject_risk': '市场预警--交易异常波动', 'orgid': 'T000125853', 'subject_code': None, 'subject_name': None, 'emotion': 'NEG', 'subject_risk_list': ['R00003', 'R00003007'], 'org_types': ['020006', '001001', '212100', '216003'], 'subject_importance_list': ['stock@2']}]",长沙景嘉微电子股份有限公司
cae2c289ca45f3a6,景嘉微:GPU研发持续创新，40亿资金加速推进GPGPU研发,新浪财经,1735120266,0,https://finance.sina.com.cn/stock/relnews/dongmiqa/2024-12-25/doc-ineasmtn7416566.shtml,☆☆☆☆☆,"[{'full_name': '长沙景嘉微电子股份有限公司', 'subject_importance': None, 'subject_risk': None, 'orgid': 'T000125853', 'subject_code': None, 'subject_name': None, 'emotion': 'NEU', 'subject_risk_list': [], 'org_types': ['001001', '216003', '212100', '020006'], 'subject_importance_list': None}]",长沙景嘉微电子股份有限公司
4c262b22688d943e,景嘉微(SZ300474)：JM11系列芯片已完成流片、封装阶段，全面测试推进中,新浪财经,1735120265,0,https://finance.sina.com.cn/stock/relnews/dongmiqa/2024-12-25/doc-ineasmtm0639461.shtml,☆☆☆☆☆,"[{'full_name': '长沙景嘉微电子股份有限公司', 'subject_importance': None, 'subject_risk': None, 'orgid': 'T000125853', 'subject_code': None, 'subject_name': None, 'emotion': 'NEU', 'subject_risk_list': [], 'org_types': ['001001', '216003', '212100', '020006'], 'subject_importance_list': None}]",长沙景嘉微电子股份有限公司
dec5d433a18f55fe,景嘉微(SZ300474)：JM11系列芯片正在进行功能、性能全面测试阶段,新浪财经,1735120254,0,https://finance.sina.com.cn/stock/relnews/dongmiqa/2024-12-25/doc-ineasmtn7419670.shtml,☆☆☆☆☆,"[{'full_name': '长沙景嘉微电子股份有限公司', 'subject_importance': None, 'subject_risk': None, 'orgid': 'T000125853', 'subject_code': None, 'subject_name': None, 'emotion': 'NEU', 'subject_risk_list': [], 'org_types': ['001001', '216003', '212100', '020006'], 'subject_importance_list': None}]",长沙景嘉微电子股份有限公司
25820328341907fc,景嘉微:三方合作厂商信息公示，助力投资者评估公司发展前景,新浪财经,1735120253,0,https://finance.sina.com.cn/stock/relnews/dongmiqa/2024-12-25/doc-ineasmtn7419262.shtml,☆☆☆☆☆,"[{'full_name': '长沙景嘉微电子股份有限公司', 'subject_importance': None, 'subject_risk': None, 'orgid': 'T000125853', 'subject_code': None, 'subject_name': None, 'emotion': 'NEU', 'subject_risk_list': [], 'org_types': ['001001', '216003', '212100', '020006'], 'subject_importance_list': None}]",长沙景嘉微电子股份有限公司
8cda73fe47796926,景嘉微:成员单位新一代自主安全计算先进制造业创新中心,新浪财经,1735120244,0,https://finance.sina.com.cn/stock/relnews/dongmiqa/2024-12-25/doc-ineasmtm0634089.shtml,☆☆☆☆☆,"[{'full_name': '长沙景嘉微电子股份有限公司', 'subject_importance': None, 'subject_risk': None, 'orgid': 'T000125853', 'subject_code': None, 'subject_name': None, 'emotion': 'NEU', 'subject_risk_list': [], 'org_types': ['001001', '216003', '212100', '020006'], 'subject_importance_list': None}]",长沙景嘉微电子股份有限公司
fc9786385d3398fa,中际旭创：全资子公司拟转让集益威半导体（上海）有限公司3.3619%股权,网易,1735557597,0,https://www.163.com/dy/article/JKM8Q4E90514R9P4.html,☆☆☆☆☆,"[{'full_name': '中际旭创股份有限公司', 'subject_importance': None, 'subject_risk': None, 'orgid': 'T000056654', 'subject_code': None, 'subject_name': None, 'emotion': 'NEU', 'subject_risk_list': [], 'org_types': ['216003', '001001', '020010', '212100', '020006'], 'subject_importance_list': None}]",中际旭创股份有限公司
894ae93920758c4f,中际旭创(300308.SZ)子公司拟出售集益威半导体(上海)3.3619%股权 预计收益2591.51万元,智通财经,1735556772,2,https://www.zhitongcaijing.com/content/detail/1231044.html,★★★★☆,"[{'full_name': '中际旭创股份有限公司', 'subject_importance': 4, 'subject_risk': '经营预警--出售经营性资产', 'orgid': 'T000056654', 'subject_code': None, 'subject_name': None, 'emotion': 'NEG', 'subject_risk_list': ['R00007', 'R00007027'], 'org_types': ['001001', '216003', '020006', '020010', '212100'], 'subject_importance_list': ['stock@4']}]",中际旭创股份有限公司
141ac716dffa220f,中际旭创子公司拟转让所持集益威半导体3.3619%股权,东方财富网,1735556617,2,https://finance.eastmoney.com/a/202412303282900794.html,★★★★☆,"[{'full_name': '中际旭创股份有限公司', 'subject_importance': 4, 'subject_risk': '经营预警--出售经营性资产', 'orgid': 'T000056654', 'subject_code': None, 'subject_name': None, 'emotion': 'NEG', 'subject_risk_list': ['R00007', 'R00007027'], 'org_types': ['001001', '216003', '020006', '020010', '212100'], 'subject_importance_list': ['stock@4']}]",中际旭创股份有限公司
d0d999b6ed35fbbf,中际旭创(300308.SZ)：苏州旭创拟转让所持集益威半导体(上海)股权,格隆汇资讯-公司信息,1735554781,0,https://www.gelonghui.com/news/4919269,★★★★☆,"[{'full_name': '中际旭创股份有限公司', 'subject_importance': 4, 'subject_risk': '经营预警--出售经营性资产', 'orgid': 'T000056654', 'subject_code': None, 'subject_name': None, 'emotion': 'NEG', 'subject_risk_list': ['R00007', 'R00007027'], 'org_types': ['001001', '216003', '020006', '020010', '212100'], 'subject_importance_list': ['stock@4']}]",中际旭创股份有限公司
2e0fd3d09834dceb,中际旭创：全资子公司拟将其持有的集益威半导体（上海）有限公司约3.36%的股权对外转让,和讯股票,1735554633,0,https://stock.hexun.com/2024-12-30/216506266.html,☆☆☆☆☆,"[{'full_name': '中际旭创股份有限公司', 'subject_importance': None, 'subject_risk': None, 'orgid': 'T000056654', 'subject_code': None, 'subject_name': None, 'emotion': 'NEU', 'subject_risk_list': [], 'org_types': ['216003', '001001', '020010', '212100', '020006'], 'subject_importance_list': None}]",中际旭创股份有限公司
41093ebc16a440c8,中际旭创：全资子公司转让集益威半导体3.36%股权,新浪财经,1735554478,0,https://finance.sina.cn/7x24/2024-12-30/detail-inecfvkt1245898.d.html,☆☆☆☆☆,"[{'full_name': '中际旭创股份有限公司', 'subject_importance': None, 'subject_risk': None, 'orgid': 'T000056654', 'subject_code': None, 'subject_name': None, 'emotion': 'NEU', 'subject_risk_list': [], 'org_types': ['216003', '001001', '020010', '212100', '020006'], 'subject_importance_list': None}]",中际旭创股份有限公司
cd66c207cd11697e,中际旭创：关于全资子公司转让参股公司股权暨关联交易公告,深交所股票,1735554105,3,http://static.cninfo.com.cn/finalpage/2024-12-30/1222181726.PDF,★★★★☆,"[{'full_name': '中际旭创股份有限公司', 'subject_importance': 4, 'subject_risk': '市场预警--股权转让风险', 'orgid': 'T000056654', 'subject_code': None, 'subject_name': None, 'emotion': 'NEG', 'subject_risk_list': ['R00003', 'R00007', 'R00003026', 'R00007027'], 'org_types': ['001001', '216003', '020006', '020010', '212100'], 'subject_importance_list': ['stock@4']}]",中际旭创股份有限公司
ee6d3c4c0d2a5dc4,中际旭创(300308.SZ)：公司1.6T光模块已在小批量出货,格隆汇资讯-公司信息,1735545404,0,https://www.gelonghui.com/news/4918893,☆☆☆☆☆,"[{'full_name': '中际旭创股份有限公司', 'subject_importance': None, 'subject_risk': None, 'orgid': 'T000056654', 'subject_code': None, 'subject_name': None, 'emotion': 'NEU', 'subject_risk_list': [], 'org_types': ['216003', '001001', '020010', '212100', '020006'], 'subject_importance_list': None}]",中际旭创股份有限公司
2983c68e9961bfdc,基金冠军提前锁定！五小公募或包揽年度五强 独门股成关键因素,中华网,1735527302,0,https://3g.china.com/act/news/10000169/20241230/47807577.html,☆☆☆☆☆,"[{'full_name': '中际旭创股份有限公司', 'subject_importance': None, 'subject_risk': None, 'orgid': 'T000056654', 'subject_code': None, 'subject_name': None, 'emotion': 'NEU', 'subject_risk_list': [], 'org_types': ['216003', '212100', '020010', '001001', '020006'], 'subject_importance_list': None}]",中际旭创股份有限公司
265664a21ac7cab,中小基金产品“星光闪耀”，业绩TOP20都低于20亿，百亿基怎么都落榜了？,同花顺整理,1735516701,0,https://www.cls.cn/detail/1903414,☆☆☆☆☆,"[{'full_name': '中际旭创股份有限公司', 'subject_importance': None, 'subject_risk': None, 'orgid': 'T000056654', 'subject_code': None, 'subject_name': None, 'emotion': 'NEU', 'subject_risk_list': [], 'org_types': ['216003', '020010', '020006', '212100', '001001'], 'subject_importance_list': None}]",中际旭创股份有限公司
cec19d0f9139ec61,实控人超额转股，900亿牛股新易盛被多位高管套现,新浪财经,1735546353,0,https://finance.sina.com.cn/jjxw/2024-12-30/doc-inecfrap2397542.shtml,★★★★★,"[{'full_name': '成都新易盛通信技术股份有限公司', 'subject_importance': 5, 'subject_risk': '管理预警--实控人被查或被处罚', 'orgid': 'T000124532', 'subject_code': None, 'subject_name': None, 'emotion': 'NEG', 'subject_risk_list': ['R00006', 'R00006006'], 'org_types': ['212100', '020011', '020006', '001001', '216003'], 'subject_importance_list': ['stock@5']}]",成都新易盛通信技术股份有限公司
f8c481e59d0fc06a,2024年12月30日，新易盛日内振幅超过7%,同花顺金融研究中心,1735539366,2,,★★☆☆☆,"[{'full_name': '成都新易盛通信技术股份有限公司', 'subject_importance': 2, 'subject_risk': '市场预警--交易异常波动', 'orgid': 'T000124532', 'subject_code': None, 'subject_name': None, 'emotion': 'NEG', 'subject_risk_list': ['R00003', 'R00003007'], 'org_types': ['212100', '020011', '020006', '001001', '216003'], 'subject_importance_list': ['stock@2']}]",成都新易盛通信技术股份有限公司
2983c68e9961bfdc,基金冠军提前锁定！五小公募或包揽年度五强 独门股成关键因素,中华网,1735527302,0,https://3g.china.com/act/news/10000169/20241230/47807577.html,☆☆☆☆☆,"[{'full_name': '成都新易盛通信技术股份有限公司', 'subject_importance': None, 'subject_risk': None, 'orgid': 'T000124532', 'subject_code': None, 'subject_name': None, 'emotion': 'NEU', 'subject_risk_list': [], 'org_types': ['020006', '001001', '216003', '212100', '020011'], 'subject_importance_list': None}]",成都新易盛通信技术股份有限公司
265664a21ac7cab,中小基金产品“星光闪耀”，业绩TOP20都低于20亿，百亿基怎么都落榜了？,同花顺整理,1735516701,0,https://www.cls.cn/detail/1903414,☆☆☆☆☆,"[{'full_name': '成都新易盛通信技术股份有限公司', 'subject_importance': None, 'subject_risk': None, 'orgid': 'T000124532', 'subject_code': None, 'subject_name': None, 'emotion': 'NEU', 'subject_risk_list': [], 'org_types': ['001001', '020006', '216003', '020011', '212100'], 'subject_importance_list': None}]",成都新易盛通信技术股份有限公司
8e1a398a69fc7e9a,公募基金业绩角逐进入冲刺阶段：“冠军基”几乎无悬念，年内亏损最高达36.34%,金融界,1735516405,0,https://fund.jrj.com.cn/2024/12/30075046922119.shtml,☆☆☆☆☆,"[{'full_name': '成都新易盛通信技术股份有限公司', 'subject_importance': None, 'subject_risk': None, 'orgid': 'T000124532', 'subject_code': None, 'subject_name': None, 'emotion': 'NEU', 'subject_risk_list': [], 'org_types': ['001001', '020006', '212100', '020011', '216003'], 'subject_importance_list': None}]",成都新易盛通信技术股份有限公司
2457636e3b1e7c28,A股2024：“红利+算力”的高光时刻,微信-东方财富网,1735511017,0,https://mp.weixin.qq.com/s?__biz=MzA5NDMxMzQxMA==&idx=1&mid=2651649519&sn=dd47a4f3d43f64d946e92d7ce126e7c7,☆☆☆☆☆,"[{'full_name': '成都新易盛通信技术股份有限公司', 'subject_importance': None, 'subject_risk': None, 'orgid': 'T000124532', 'subject_code': None, 'subject_name': None, 'emotion': 'NEU', 'subject_risk_list': [], 'org_types': ['001001', '020006', '212100', '020011', '216003'], 'subject_importance_list': None}]",成都新易盛通信技术股份有限公司
fbe9f13247a8e0b,大接力，股民越买越兴奋，创始人越卖越激动，已提走44亿,网易,1735494276,2,https://www.163.com/dy/article/JKJKMUQ40553USNO.html,★★★★★,"[{'full_name': '成都新易盛通信技术股份有限公司', 'subject_importance': 5, 'subject_risk': '管理预警--实控人被查或被处罚', 'orgid': 'T000124532', 'subject_code': None, 'subject_name': None, 'emotion': 'NEG', 'subject_risk_list': ['R00006', 'R00006006'], 'org_types': ['212100', '020011', '020006', '001001', '216003'], 'subject_importance_list': ['stock@5']}]",成都新易盛通信技术股份有限公司
da454b7e25f49a2d,主动权益基金冠军基本提前锁定 小公募成排名赢家,证券时报,1735493598,0,http://epaper.stcn.com/con/202412/30/content_2727051.html,☆☆☆☆☆,"[{'full_name': '成都新易盛通信技术股份有限公司', 'subject_importance': None, 'subject_risk': None, 'orgid': 'T000124532', 'subject_code': None, 'subject_name': None, 'emotion': 'NEU', 'subject_risk_list': [], 'org_types': ['020006', '001001', '216003', '212100', '020011'], 'subject_importance_list': None}]",成都新易盛通信技术股份有限公司
7e7b555480cfe44a,公募年内最新榜单揭晓！近八成实现正收益！QDII基金表现领先,私募排排网,1735449595,0,https://www.simuwang.com/news/274427.html,☆☆☆☆☆,"[{'full_name': '成都新易盛通信技术股份有限公司', 'subject_importance': None, 'subject_risk': None, 'orgid': 'T000124532', 'subject_code': None, 'subject_name': None, 'emotion': 'NEU', 'subject_risk_list': [], 'org_types': ['001001', '020006', '216003', '020011', '212100'], 'subject_importance_list': None}]",成都新易盛通信技术股份有限公司
b2e7c477a66eb6f5,“硝烟”弥漫8小时 基金决战2024最后一刻,上海证券报,1735401600,0,http://paper.cnstock.com/html/2024-12/29/content_2012249.htm,☆☆☆☆☆,"[{'full_name': '成都新易盛通信技术股份有限公司', 'subject_importance': None, 'subject_risk': None, 'orgid': 'T000124532', 'subject_code': None, 'subject_name': None, 'emotion': 'NEU', 'subject_risk_list': [], 'org_types': ['001001', '020006', '216003', '020011', '212100'], 'subject_importance_list': None}]",成都新易盛通信技术股份有限公司
493d099ad79b189c,12月30日股市必读：天孚通信（300394）当日主力资金净流出6.06亿元，占总成交额18.59%,证券之星股票,1735574908,0,http://stock.stockstar.com/RB2024123100000012.shtml,☆☆☆☆☆,"[{'full_name': '苏州天孚光通信股份有限公司', 'subject_importance': None, 'subject_risk': None, 'orgid': 'T000060141', 'subject_code': None, 'subject_name': None, 'emotion': 'NEU', 'subject_risk_list': [], 'org_types': ['212100', '020006', '216003', '001001', '020011'], 'subject_importance_list': None}]",苏州天孚光通信股份有限公司
166cf84f386971f6,天孚通信募投项目延期至2025年6月,东方财富网,1735548358,2,https://wap.eastmoney.com/a/202412303282795236.html,★★☆☆☆,"[{'full_name': '苏州天孚光通信股份有限公司', 'subject_importance': 2, 'subject_risk': '项目预警--项目进度不及预期', 'orgid': 'T000060141', 'subject_code': None, 'subject_name': None, 'emotion': 'NEG', 'subject_risk_list': ['R00009', 'R00009006'], 'org_types': ['212100', '020011', '001001', '216003', '020006'], 'subject_importance_list': ['stock@2']}]",苏州天孚光通信股份有限公司
6c9942ee4ab417ca,天孚通信：12月30日召开董事会会议,搜狐-四川省,1735546984,0,https://www.sohu.com/a/843457952_115362,☆☆☆☆☆,"[{'full_name': '苏州天孚光通信股份有限公司', 'subject_importance': None, 'subject_risk': None, 'orgid': 'T000060141', 'subject_code': None, 'subject_name': None, 'emotion': 'NEU', 'subject_risk_list': [], 'org_types': ['212100', '020006', '216003', '001001', '020011'], 'subject_importance_list': None}]",苏州天孚光通信股份有限公司
d19032cf49c761e4,天孚通信：12月30日召开董事会会议,每日经济新闻,1735546800,0,https://m.nbd.com.cn/articles/2024-12-30/3704373.html,☆☆☆☆☆,"[{'full_name': '苏州天孚光通信股份有限公司', 'subject_importance': None, 'subject_risk': None, 'orgid': 'T000060141', 'subject_code': None, 'subject_name': None, 'emotion': 'NEU', 'subject_risk_list': [], 'org_types': ['212100', '020006', '216003', '001001', '020011'], 'subject_importance_list': None}]",苏州天孚光通信股份有限公司
cb65b392f2e80cd,2024年12月30日，天孚通信日内振幅超过7%,同花顺金融研究中心,1735539484,2,,★★☆☆☆,"[{'full_name': '苏州天孚光通信股份有限公司', 'subject_importance': 2, 'subject_risk': '市场预警--交易异常波动', 'orgid': 'T000060141', 'subject_code': None, 'subject_name': None, 'emotion': 'NEG', 'subject_risk_list': ['R00003', 'R00003007'], 'org_types': ['212100', '020011', '001001', '216003', '020006'], 'subject_importance_list': ['stock@2']}]",苏州天孚光通信股份有限公司
763ff029947cfbef,天孚通信大跌 股东拟减持,腾讯证券,1735530891,0,http://gu.qq.com/resources/shy/news/detail-v2/index.html#/?id=nesSN2024123009334895f1e6e5&s=b,★★☆☆☆,"[{'full_name': '苏州天孚光通信股份有限公司', 'subject_importance': 2, 'subject_risk': '市场预警--减持套现', 'orgid': 'T000060141', 'subject_code': None, 'subject_name': None, 'emotion': 'NEG', 'subject_risk_list': ['R00003', 'R00003036'], 'org_types': ['212100', '020011', '001001', '216003', '020006'], 'subject_importance_list': ['stock@2']}]",苏州天孚光通信股份有限公司
38d06a4daaa2391a,天孚通信：跌幅近 8% 股东拟减持 400 万股,和讯股票,1735530040,0,https://stock.hexun.com/2024-12-30/216489277.html,★★☆☆☆,"[{'full_name': '苏州天孚光通信股份有限公司', 'subject_importance': 2, 'subject_risk': '市场预警--减持套现', 'orgid': 'T000060141', 'subject_code': None, 'subject_name': None, 'emotion': 'NEG', 'subject_risk_list': ['R00003', 'R00003036'], 'org_types': ['212100', '020011', '001001', '216003', '020006'], 'subject_importance_list': ['stock@2']}]",苏州天孚光通信股份有限公司
c3b73b4d449b4d4,A股异动丨股东拟减持，天孚通信跌幅扩大至近8%，股价跌破百元关口,格隆汇,1735528727,2,https://www.gelonghui.com/live/1801759,★★☆☆☆,"[{'full_name': '苏州天孚光通信股份有限公司', 'subject_importance': 2, 'subject_risk': '市场预警--股份减持', 'orgid': 'T000060141', 'subject_code': None, 'subject_name': None, 'emotion': 'NEG', 'subject_risk_list': ['R00003', 'R00003006'], 'org_types': ['212100', '020011', '001001', '216003', '020006'], 'subject_importance_list': ['stock@2']}]",苏州天孚光通信股份有限公司
2983c68e9961bfdc,基金冠军提前锁定！五小公募或包揽年度五强 独门股成关键因素,中华网,1735527302,0,https://3g.china.com/act/news/10000169/20241230/47807577.html,☆☆☆☆☆,"[{'full_name': '苏州天孚光通信股份有限公司', 'subject_importance': None, 'subject_risk': None, 'orgid': 'T000060141', 'subject_code': None, 'subject_name': None, 'emotion': 'NEU', 'subject_risk_list': [], 'org_types': ['001001', '020006', '216003', '212100', '020011'], 'subject_importance_list': None}]",苏州天孚光通信股份有限公司
631f49f4493ad06,减持速报 | 财富趋势(688318.SH)、川润股份(002272.SZ)等高管集体减持计划披露,新浪财经,1735527017,2,https://finance.sina.com.cn/jjxw/2024-12-30/doc-inecfenx4639057.shtml,★★☆☆☆,"[{'full_name': '苏州天孚光通信股份有限公司', 'subject_importance': 2, 'subject_risk': '市场预警--减持套现', 'orgid': 'T000060141', 'subject_code': None, 'subject_name': None, 'emotion': 'NEG', 'subject_risk_list': ['R00003', 'R00003036'], 'org_types': ['020011', '020006', '001001', '216003', '212100'], 'subject_importance_list': ['stock@2']}]",苏州天孚光通信股份有限公司
38ac58a95be56dbb,华工科技：第五代三维五轴激光切割装备获国家级制造业单项冠军,金融界财经,1735565222,0,https://finance.jrj.com.cn/2024/12/30205346960737.shtml,☆☆☆☆☆,"[{'full_name': '华工科技产业股份有限公司', 'subject_importance': None, 'subject_risk': None, 'orgid': '01000988', 'subject_code': None, 'subject_name': None, 'emotion': 'NEU', 'subject_risk_list': [], 'org_types': ['001001', '216001', '020001002002', '002', '212100', '020001'], 'subject_importance_list': None}]",华工科技产业股份有限公司
c8fc57e190fbd238,华工科技：聚焦“感知、光联接、激光+智能制造”三大核心业务,证券之星股票,1735563416,0,https://stock.stockstar.com/IG2024123000032078.shtml,☆☆☆☆☆,"[{'full_name': '华工科技产业股份有限公司', 'subject_importance': None, 'subject_risk': None, 'orgid': '01000988', 'subject_code': None, 'subject_name': None, 'emotion': 'NEU', 'subject_risk_list': [], 'org_types': ['001001', '216001', '020001002002', '002', '212100', '020001'], 'subject_importance_list': None}]",华工科技产业股份有限公司
5b6af0471e667458,华工科技：公司推出的数通光模块产品将为公司光联接业务提供明显业绩贡献,证券之星股票,1735563121,0,https://stock.stockstar.com/IG2024123000032021.shtml,☆☆☆☆☆,"[{'full_name': '华工科技产业股份有限公司', 'subject_importance': None, 'subject_risk': None, 'orgid': '01000988', 'subject_code': None, 'subject_name': None, 'emotion': 'NEU', 'subject_risk_list': [], 'org_types': ['001001', '216001', '020001002002', '002', '212100', '020001'], 'subject_importance_list': None}]",华工科技产业股份有限公司
fd50fcfc22067e28,（官方问答平台）华工科技：公司推出的第五代三维五轴激光切割智能装备，以最新研发的AI技术串联起智能装备的“售、教、用、调、保”全流程，代表着目前全球激光数控机床的最高技术水平，产品荣获2024年工信部“国家级制造业单项冠军产品”称号，随着市场和经济的快速发展，在汽车、机车、工程机械及模具等行业对三维五轴激光切割智能装备的需求将会不断扩大……,同花顺金融研究中心,1735562883,0,,☆☆☆☆☆,"[{'full_name': '华工科技产业股份有限公司', 'subject_importance': None, 'subject_risk': None, 'orgid': '01000988', 'subject_code': None, 'subject_name': None, 'emotion': 'NEU', 'subject_risk_list': [], 'org_types': ['001001', '216001', '020001002002', '002', '212100', '020001'], 'subject_importance_list': None}]",华工科技产业股份有限公司
2bf7fd0415985edd,（官方问答平台）华工科技：公司聚焦“感知、光联接、激光+智能制造”三大核心业务，面向国内、国际两大市场，聚焦新能源汽车产业链、船舶制造、AI产业赛道，持续推动关键核心技术突破，打造专精特新产品，今年前三季度公司实现合并营业收入90.02亿元，同比增长23.42%，经营业绩及盈利能力持续保持增量，感谢您对公司的关注……,同花顺金融研究中心,1735562883,0,,☆☆☆☆☆,"[{'full_name': '华工科技产业股份有限公司', 'subject_importance': None, 'subject_risk': None, 'orgid': '01000988', 'subject_code': None, 'subject_name': None, 'emotion': 'NEU', 'subject_risk_list': [], 'org_types': ['001001', '216001', '020001002002', '002', '212100', '020001'], 'subject_importance_list': None}]",华工科技产业股份有限公司
5bdac22a42818ded,（官方问答平台）华工科技：公司激光+智能制造业务中智能装备事业群稳步发展，围绕“装备智能化、产线自动化、工厂智慧化”产品体系，发展“激光+AI”，重点突破核心信息化技术，提升智能制造整体解决方案软硬件融合能力……,同花顺金融研究中心,1735562883,0,,☆☆☆☆☆,"[{'full_name': '华工科技产业股份有限公司', 'subject_importance': None, 'subject_risk': None, 'orgid': '01000988', 'subject_code': None, 'subject_name': None, 'emotion': 'NEU', 'subject_risk_list': [], 'org_types': ['001001', '216001', '020001002002', '002', '212100', '020001'], 'subject_importance_list': None}]",华工科技产业股份有限公司
be4b619c894d0a25,（官方问答平台）华工科技：公司拥有光通信行业领先的一站式解决方案，具备从芯片到器件、模块、子系统全系列产品的垂直整合能力，持续夯实全球光模块供应商行业领先地位，在AIGC、云计算、5G-A行业应用等推动下，业务全面向高端升级，在Net5.5G（AIGC）业务领域，公司产品包括运用于数据中心市场的400G、800G、1.6T高速光模块，基本实现高端光芯片自主可控，具备硅光芯片到模块的全自研设计能力，公司积极开拓光联接业务海外市场，已在多家头部客户进行400G、800G以及1.6T数通光模块产品的测试，具体进度请您关注公司相关公告，感谢您对公司的关注……,同花顺金融研究中心,1735562883,0,,☆☆☆☆☆,"[{'full_name': '华工科技产业股份有限公司', 'subject_importance': None, 'subject_risk': None, 'orgid': '01000988', 'subject_code': None, 'subject_name': None, 'emotion': 'NEU', 'subject_risk_list': [], 'org_types': ['001001', '216001', '020001002002', '002', '212100', '020001'], 'subject_importance_list': None}]",华工科技产业股份有限公司
72f7a6170e1e1a44,（官方问答平台）华工科技：公司拥有光通信行业领先的一站式解决方案，具备从芯片到器件、模块、子系统全系列产品的垂直整合能力，持续夯实全球光模块供应商行业领先地位，在AIGC、云计算、5G-A行业应用等推动下，业务全面向高端升级，在Net5.5G（AIGC）业务领域，公司产品包括运用于数据中心市场的400G、800G、1.6T高速光模块，基本实现高端光芯片自主可控，具备硅光芯片到模块的全自研设计能力，感谢您对公司的关注……,同花顺金融研究中心,1735562883,0,,☆☆☆☆☆,"[{'full_name': '华工科技产业股份有限公司', 'subject_importance': None, 'subject_risk': None, 'orgid': '01000988', 'subject_code': None, 'subject_name': None, 'emotion': 'NEU', 'subject_risk_list': [], 'org_types': ['001001', '216001', '020001002002', '002', '212100', '020001'], 'subject_importance_list': None}]",华工科技产业股份有限公司
a057d9fc1a53d3a8,2025年首批券商“金股”来了！“杠铃”策略把握市场机遇,东方财富网,1735554511,0,https://finance.eastmoney.com/a/202412303282854635.html,☆☆☆☆☆,"[{'full_name': '华工科技产业股份有限公司', 'subject_importance': None, 'subject_risk': None, 'orgid': '01000988', 'subject_code': None, 'subject_name': None, 'emotion': 'NEU', 'subject_risk_list': [], 'org_types': ['020001002002', '002', '212100', '216001', '020001', '001001'], 'subject_importance_list': None}]",华工科技产业股份有限公司
35614fae2cbb989a,华工科技：12月30日召开董事会会议,搜狐-四川省,1735553584,0,https://www.sohu.com/a/843502664_115362,☆☆☆☆☆,"[{'full_name': '华工科技产业股份有限公司', 'subject_importance': None, 'subject_risk': None, 'orgid': '01000988', 'subject_code': None, 'subject_name': None, 'emotion': 'NEU', 'subject_risk_list': [], 'org_types': ['001001', '216001', '020001002002', '002', '212100', '020001'], 'subject_importance_list': None}]",华工科技产业股份有限公司
9cd574818bb59061,谋定未来求发展 奋楫扬帆谱新篇,新浪财经,1735527045,0,https://finance.sina.com.cn/jjxw/2024-12-30/doc-ineceyfc1521926.shtml,☆☆☆☆☆,"[{'full_name': '浪潮电子信息产业股份有限公司', 'subject_importance': None, 'subject_risk': None, 'orgid': '01000977', 'subject_code': None, 'subject_name': None, 'emotion': 'NEU', 'subject_risk_list': [], 'org_types': ['001001', '020001', '002', '212100', '216001', '020001002002'], 'subject_importance_list': None}]",浪潮电子信息产业股份有限公司
9ebe95cbe976c06f,浪潮信息:公司开源大模型“源”，助力AI计算集群构建，推动智能生产力，投资者呼吁加强互动,新浪财经,1735303824,0,https://finance.sina.com.cn/stock/relnews/dongmiqa/2024-12-27/doc-ineaxkpp2349271.shtml,☆☆☆☆☆,"[{'full_name': '浪潮电子信息产业股份有限公司', 'subject_importance': None, 'subject_risk': None, 'orgid': '01000977', 'subject_code': None, 'subject_name': None, 'emotion': 'NEU', 'subject_risk_list': [], 'org_types': ['020001002002', '212100', '020001', '001001', '002', '216001'], 'subject_importance_list': None}]",浪潮电子信息产业股份有限公司
957f4d5a8fe9bf5,AI与科学共振，浪潮信息以高效算力平台助力西湖大学科研创新,极客网,1735290125,0,https://www.fromgeek.com/daily/1044-667181.html,☆☆☆☆☆,"[{'full_name': '浪潮电子信息产业股份有限公司', 'subject_importance': None, 'subject_risk': None, 'orgid': '01000977', 'subject_code': None, 'subject_name': None, 'emotion': 'NEU', 'subject_risk_list': [], 'org_types': ['020001002002', '212100', '020001', '001001', '002', '216001'], 'subject_importance_list': None}]",浪潮电子信息产业股份有限公司
cf3ddc1d7e71497c,浪潮智汇，大模型多元算力生态共创——浪潮信息与智源研究院达成战略合作,多易网,1735261813,0,https://www.doit.com.cn/p/525976.html,☆☆☆☆☆,"[{'full_name': '浪潮电子信息产业股份有限公司', 'subject_importance': None, 'subject_risk': None, 'orgid': '01000977', 'subject_code': None, 'subject_name': None, 'emotion': 'NEU', 'subject_risk_list': [], 'org_types': ['020001002002', '212100', '020001', '001001', '002', '216001'], 'subject_importance_list': None}]",浪潮电子信息产业股份有限公司
5eae5209034fe5f7,浪潮信息(000977.SZ)：致力于为客户提供先进的多元算力产品和服务,格隆汇资讯-公司信息,1735209589,0,https://www.gelonghui.com/news/4917567,☆☆☆☆☆,"[{'full_name': '浪潮电子信息产业股份有限公司', 'subject_importance': None, 'subject_risk': None, 'orgid': '01000977', 'subject_code': None, 'subject_name': None, 'emotion': 'NEU', 'subject_risk_list': [], 'org_types': ['020001002002', '212100', '020001', '001001', '002', '216001'], 'subject_importance_list': None}]",浪潮电子信息产业股份有限公司
2dba2a44e0e2fb35,浪潮信息：致力于为客户提供先进的多元算力产品和服务,证券之星股票,1735207613,0,https://stock.stockstar.com/IG2024122600027842.shtml,☆☆☆☆☆,"[{'full_name': '浪潮电子信息产业股份有限公司', 'subject_importance': None, 'subject_risk': None, 'orgid': '01000977', 'subject_code': None, 'subject_name': None, 'emotion': 'NEU', 'subject_risk_list': [], 'org_types': ['020001002002', '212100', '020001', '001001', '002', '216001'], 'subject_importance_list': None}]",浪潮电子信息产业股份有限公司
bede4db5cfe1e202,浪潮信息：多元开放适配多种处理器,网易,1735207151,0,https://www.163.com/dy/article/JKBQG0VE0519QIKK.html,☆☆☆☆☆,"[{'full_name': '浪潮电子信息产业股份有限公司', 'subject_importance': None, 'subject_risk': None, 'orgid': '01000977', 'subject_code': None, 'subject_name': None, 'emotion': 'NEU', 'subject_risk_list': [], 'org_types': ['020001002002', '212100', '020001', '001001', '002', '216001'], 'subject_importance_list': None}]",浪潮电子信息产业股份有限公司
230087fdfdab4caf,浪潮信息升级数据中心服务器故障智能诊断AIOps技术,donews,1735207123,0,https://www.donews.com/news/detail/8/4660508.html,☆☆☆☆☆,"[{'full_name': '浪潮电子信息产业股份有限公司', 'subject_importance': None, 'subject_risk': None, 'orgid': '01000977', 'subject_code': None, 'subject_name': None, 'emotion': 'NEU', 'subject_risk_list': [], 'org_types': ['020001002002', '212100', '020001', '001001', '002', '216001'], 'subject_importance_list': None}]",浪潮电子信息产业股份有限公司
17c423189c99bba5,（官方问答平台）浪潮信息：公司重视与所有投资者的交流与互动，通过互动易平台、投资者热线、召开业绩说明会、常态化日常交流等多种方式和渠道与投资者进行沟通和互动，促进投资者对公司的了解和认同，持续传递公司价值……,同花顺金融研究中心,1735206482,0,,☆☆☆☆☆,"[{'full_name': '浪潮电子信息产业股份有限公司', 'subject_importance': None, 'subject_risk': None, 'orgid': '01000977', 'subject_code': None, 'subject_name': None, 'emotion': 'NEU', 'subject_risk_list': [], 'org_types': ['020001002002', '212100', '020001', '001001', '002', '216001'], 'subject_importance_list': None}]",浪潮电子信息产业股份有限公司
7a07ae1e8dc3baf5,（官方问答平台）浪潮信息：公司定位为领先的IT基础设施产品、方案和服务提供商，业务范围覆盖计算、存储、网络三大领域……,同花顺金融研究中心,1735206482,0,,☆☆☆☆☆,"[{'full_name': '浪潮电子信息产业股份有限公司', 'subject_importance': None, 'subject_risk': None, 'orgid': '01000977', 'subject_code': None, 'subject_name': None, 'emotion': 'NEU', 'subject_risk_list': [], 'org_types': ['020001002002', '212100', '020001', '001001', '002', '216001'], 'subject_importance_list': None}]",浪潮电子信息产业股份有限公司
2983c68e9961bfdc,基金冠军提前锁定！五小公募或包揽年度五强 独门股成关键因素,中华网,1735527302,0,https://3g.china.com/act/news/10000169/20241230/47807577.html,☆☆☆☆☆,"[{'full_name': '沪士电子股份有限公司', 'subject_importance': None, 'subject_risk': None, 'orgid': 'T000026708', 'subject_code': None, 'subject_name': None, 'emotion': 'NEU', 'subject_risk_list': [], 'org_types': ['212100', '216001', '020011', '001001', '020003'], 'subject_importance_list': None}]",沪士电子股份有限公司
265664a21ac7cab,中小基金产品“星光闪耀”，业绩TOP20都低于20亿，百亿基怎么都落榜了？,同花顺整理,1735516701,0,https://www.cls.cn/detail/1903414,☆☆☆☆☆,"[{'full_name': '沪士电子股份有限公司', 'subject_importance': None, 'subject_risk': None, 'orgid': 'T000026708', 'subject_code': None, 'subject_name': None, 'emotion': 'NEU', 'subject_risk_list': [], 'org_types': ['212100', '001001', '216001', '020011', '020003'], 'subject_importance_list': None}]",沪士电子股份有限公司
8e1a398a69fc7e9a,公募基金业绩角逐进入冲刺阶段：“冠军基”几乎无悬念，年内亏损最高达36.34%,金融界,1735516405,0,https://fund.jrj.com.cn/2024/12/30075046922119.shtml,☆☆☆☆☆,"[{'full_name': '沪士电子股份有限公司', 'subject_importance': None, 'subject_risk': None, 'orgid': 'T000026708', 'subject_code': None, 'subject_name': None, 'emotion': 'NEU', 'subject_risk_list': [], 'org_types': ['212100', '216001', '001001', '020011', '020003'], 'subject_importance_list': None}]",沪士电子股份有限公司
da454b7e25f49a2d,主动权益基金冠军基本提前锁定 小公募成排名赢家,证券时报,1735493598,0,http://epaper.stcn.com/con/202412/30/content_2727051.html,☆☆☆☆☆,"[{'full_name': '沪士电子股份有限公司', 'subject_importance': None, 'subject_risk': None, 'orgid': 'T000026708', 'subject_code': None, 'subject_name': None, 'emotion': 'NEU', 'subject_risk_list': [], 'org_types': ['212100', '216001', '020011', '001001', '020003'], 'subject_importance_list': None}]",沪士电子股份有限公司
7e7b555480cfe44a,公募年内最新榜单揭晓！近八成实现正收益！QDII基金表现领先,私募排排网,1735449595,0,https://www.simuwang.com/news/274427.html,☆☆☆☆☆,"[{'full_name': '沪士电子股份有限公司', 'subject_importance': None, 'subject_risk': None, 'orgid': 'T000026708', 'subject_code': None, 'subject_name': None, 'emotion': 'NEU', 'subject_risk_list': [], 'org_types': ['212100', '020003', '216001', '020011', '001001'], 'subject_importance_list': None}]",沪士电子股份有限公司
b2e7c477a66eb6f5,“硝烟”弥漫8小时 基金决战2024最后一刻,上海证券报,1735401600,0,http://paper.cnstock.com/html/2024-12/29/content_2012249.htm,☆☆☆☆☆,"[{'full_name': '沪士电子股份有限公司', 'subject_importance': None, 'subject_risk': None, 'orgid': 'T000026708', 'subject_code': None, 'subject_name': None, 'emotion': 'NEU', 'subject_risk_list': [], 'org_types': ['212100', '020003', '216001', '020011', '001001'], 'subject_importance_list': None}]",沪士电子股份有限公司
5ec71a038fad3792,年内涨超75%，公募年度“冠军基”已基本锁定,澎湃新闻网,1735369680,0,https://www.thepaper.cn/newsDetail_forward_29777210,☆☆☆☆☆,"[{'full_name': '沪士电子股份有限公司', 'subject_importance': None, 'subject_risk': None, 'orgid': 'T000026708', 'subject_code': None, 'subject_name': None, 'emotion': 'NEU', 'subject_risk_list': [], 'org_types': ['212100', '001001', '216001', '020011', '020003'], 'subject_importance_list': None}]",沪士电子股份有限公司
314c815c4af066b,【企业动态】沪电股份新增1件法院诉讼，案由为确认劳动关系纠纷,证券之星,1735250478,0,https://wap.stockstar.com/detail/RB2024122700003657,★★★☆☆,"[{'full_name': '沪士电子股份有限公司', 'subject_importance': 3, 'subject_risk': '经营预警--法律诉讼', 'orgid': 'T000026708', 'subject_code': None, 'subject_name': None, 'emotion': 'NEG', 'subject_risk_list': ['R00007', 'R00007018'], 'org_types': ['001001', '216001', '020011', '020003', '212100'], 'subject_importance_list': ['stock@3']}]",沪士电子股份有限公司
f622b98e482dfaec,沪电股份(002463)：深耕高端PCB市场 AI浪潮迎发展机遇,新浪财经,1735211153,0,http://stock.finance.sina.com.cn/stock/go.php/vReport_Show/kind/lastest/rptid/788558278052/index.phtml,☆☆☆☆☆,"[{'full_name': '沪士电子股份有限公司', 'subject_importance': None, 'subject_risk': None, 'orgid': 'T000026708', 'subject_code': None, 'subject_name': None, 'emotion': 'NEU', 'subject_risk_list': [], 'org_types': ['216001', '212100', '020011', '001001', '020003'], 'subject_importance_list': None}]",沪士电子股份有限公司
9753a77fe2a4ab86,2024年12月26日，沪电股份日内振幅超过7%,同花顺金融研究中心,1735183327,2,,★★☆☆☆,"[{'full_name': '沪士电子股份有限公司', 'subject_importance': 2, 'subject_risk': '市场预警--交易异常波动', 'orgid': 'T000026708', 'subject_code': None, 'subject_name': None, 'emotion': 'NEG', 'subject_risk_list': ['R00003', 'R00003007'], 'org_types': ['001001', '216001', '020011', '020003', '212100'], 'subject_importance_list': ['stock@2']}]",沪士电子股份有限公司
1f12c411608d0b9e,2024年12月26日，生益科技日内振幅超过7%,同花顺金融研究中心,1735189685,2,,★★★☆☆,"[{'full_name': '广东生益科技股份有限公司', 'subject_importance': 3, 'subject_risk': '市场预警--交易异常波动', 'orgid': '02600183', 'subject_code': None, 'subject_name': None, 'emotion': 'NEG', 'subject_risk_list': ['R00003', 'R00003007'], 'org_types': ['020010', '212001', '020001', '002', '001001', '216001'], 'subject_importance_list': ['stock@2', 'bond@3']}]",广东生益科技股份有限公司
8c4674f03c3078a6,生益科技上周获融资净买入2.51亿元，居两市第6位,网易,1734910974,0,https://www.163.com/dy/article/JK30DJED0519QIKK.html,☆☆☆☆☆,"[{'full_name': '广东生益科技股份有限公司', 'subject_importance': None, 'subject_risk': None, 'orgid': '02600183', 'subject_code': None, 'subject_name': None, 'emotion': 'NEU', 'subject_risk_list': [], 'org_types': ['020001', '002', '212001', '216001', '001001', '020010'], 'subject_importance_list': None}]",广东生益科技股份有限公司
5e50594ab23ebda1,热烈祝贺：生益科技集团一项IEC标准通过国内论证，一项国标通过研讨,微信-生益天空下,1734853839,0,https://mp.weixin.qq.com/s?__biz=MzA4MjIyMzcxOA==&idx=2&mid=2650782440&sn=fa62382e5ff259400453c95ae42fd0dc,☆☆☆☆☆,"[{'full_name': '广东生益科技股份有限公司', 'subject_importance': None, 'subject_risk': None, 'orgid': '02600183', 'subject_code': None, 'subject_name': None, 'emotion': 'NEU', 'subject_risk_list': [], 'org_types': ['020001', '002', '212001', '216001', '001001', '020010'], 'subject_importance_list': None}]",广东生益科技股份有限公司
bede0ee51fa339d7,年终公募“排位战”最后冲刺！看涨幅前20名基金持仓股！,财富号,1734845640,0,https://caifuhao.eastmoney.com/news/1500577177,☆☆☆☆☆,"[{'full_name': '广东生益科技股份有限公司', 'subject_importance': None, 'subject_risk': None, 'orgid': '02600183', 'subject_code': None, 'subject_name': None, 'emotion': 'NEU', 'subject_risk_list': [], 'org_types': ['001001', '020010', '216001', '020001', '002', '212001'], 'subject_importance_list': None}]",广东生益科技股份有限公司
da83e2da0f4c8317,年终基金“排位战”最后冲刺！附涨幅前20名基金持仓股！,财富号,1734842880,0,https://caifuhao.eastmoney.com/news/1500574809,☆☆☆☆☆,"[{'full_name': '广东生益科技股份有限公司', 'subject_importance': None, 'subject_risk': None, 'orgid': '02600183', 'subject_code': None, 'subject_name': None, 'emotion': 'NEU', 'subject_risk_list': [], 'org_types': ['001001', '020010', '216001', '020001', '002', '212001'], 'subject_importance_list': None}]",广东生益科技股份有限公司
f07e81874d643f26,北方华创(002371)：刻蚀和薄膜沉积设备领域优势突出 打造平台型设备龙头,新浪财经,1735574400,0,http://stock.finance.sina.com.cn/stock/go.php/vReport_Show/kind/lastest/rptid/789009866213/index.phtml,☆☆☆☆☆,"[{'full_name': '北方华创科技集团股份有限公司', 'subject_importance': None, 'subject_risk': None, 'orgid': 'T000007615', 'subject_code': None, 'subject_name': None, 'emotion': 'NEU', 'subject_risk_list': [], 'org_types': ['216001', '001001', '020001002002', '020001', '212100', '002'], 'subject_importance_list': None}]",北方华创科技集团股份有限公司
90ab3ca3c47eed86,北方华创高管唐飞减持2000股，减持金额83.59万元,和讯股票,1735573262,2,https://stock.hexun.com/2024-12-30/216510896.html,★★☆☆☆,"[{'full_name': '北方华创科技集团股份有限公司', 'subject_importance': 2, 'subject_risk': '市场预警--减持套现', 'orgid': 'T000007615', 'subject_code': None, 'subject_name': None, 'emotion': 'NEG', 'subject_risk_list': ['R00003', 'R00003036'], 'org_types': ['216001', '020001002002', '002', '001001', '212100', '020001'], 'subject_importance_list': ['stock@2', 'bond@2']}]",北方华创科技集团股份有限公司
227522c245b6bd3b,A股赚钱韧性最强的公司“北方华创”！,财富号,1735567922,0,https://caifuhao.eastmoney.com/news/20241230210032730635390,☆☆☆☆☆,"[{'full_name': '北方华创科技集团股份有限公司', 'subject_importance': None, 'subject_risk': None, 'orgid': 'T000007615', 'subject_code': None, 'subject_name': None, 'emotion': 'NEU', 'subject_risk_list': [], 'org_types': ['216001', '001001', '020001002002', '020001', '212100', '002'], 'subject_importance_list': None}]",北方华创科技集团股份有限公司
ab03bce3406a8d70,北方华创(002371.SZ)：公司暂无晶圆厂专用维护机器人产品,格隆汇资讯-公司信息,1735545157,0,https://www.gelonghui.com/news/4918884,☆☆☆☆☆,"[{'full_name': '北方华创科技集团股份有限公司', 'subject_importance': None, 'subject_risk': None, 'orgid': 'T000007615', 'subject_code': None, 'subject_name': None, 'emotion': 'NEU', 'subject_risk_list': [], 'org_types': ['216001', '001001', '020001002002', '020001', '212100', '002'], 'subject_importance_list': None}]",北方华创科技集团股份有限公司
af264f08978fd36,中微、新声等5家半导体企业获中国专利奖银奖 国产芯片业加大知识产权布局,东方财富网,1735541863,0,https://finance.eastmoney.com/a/202412303282715541.html,☆☆☆☆☆,"[{'full_name': '北方华创科技集团股份有限公司', 'subject_importance': None, 'subject_risk': None, 'orgid': 'T000007615', 'subject_code': None, 'subject_name': None, 'emotion': 'NEU', 'subject_risk_list': [], 'org_types': ['212100', '002', '216001', '020001002002', '020001', '001001'], 'subject_importance_list': None}]",北方华创科技集团股份有限公司
436c3fbd827d26e,北方华创:董秘回答公司发展建议，关注度提升,新浪财经,1735534227,0,https://finance.sina.com.cn/stock/relnews/dongmiqa/2024-12-30/doc-inecfenz1450503.shtml,☆☆☆☆☆,"[{'full_name': '北方华创科技集团股份有限公司', 'subject_importance': None, 'subject_risk': None, 'orgid': 'T000007615', 'subject_code': None, 'subject_name': None, 'emotion': 'NEU', 'subject_risk_list': [], 'org_types': ['216001', '001001', '020001002002', '020001', '212100', '002'], 'subject_importance_list': None}]",北方华创科技集团股份有限公司
4555a879ddce01a9,北方华创：被列入实体清单不会对业务产生实质性影响,金融界财经,1735532597,2,https://finance.jrj.com.cn/2024/12/30115946927754.shtml,★★☆☆☆,"[{'full_name': '北方华创科技集团股份有限公司', 'subject_importance': 2, 'subject_risk': '市场预警--风险澄清', 'orgid': 'T000007615', 'subject_code': None, 'subject_name': None, 'emotion': 'NEG', 'subject_risk_list': ['R00003', 'R00003025'], 'org_types': ['216001', '020001002002', '002', '001001', '212100', '020001'], 'subject_importance_list': ['stock@2', 'bond@2']}]",北方华创科技集团股份有限公司
bb62182d9a9bf9f9,北方华创:公司高端研发基地已建成，5和7纳米设备研发处于哪个阶段？美国制裁对研发影响如何？,新浪财经,1735531431,0,https://finance.sina.com.cn/stock/relnews/dongmiqa/2024-12-30/doc-inecfepc3811806.shtml,☆☆☆☆☆,"[{'full_name': '北方华创科技集团股份有限公司', 'subject_importance': None, 'subject_risk': None, 'orgid': 'T000007615', 'subject_code': None, 'subject_name': None, 'emotion': 'NEU', 'subject_risk_list': [], 'org_types': ['216001', '001001', '020001002002', '020001', '212100', '002'], 'subject_importance_list': None}]",北方华创科技集团股份有限公司
c456da32fc2247e9,北方华创：暂无晶圆厂专用维护机器人产品，董秘回答,新浪财经,1735523420,0,https://finance.sina.com.cn/stock/relnews/dongmiqa/2024-12-30/doc-ineceyez4701806.shtml,☆☆☆☆☆,"[{'full_name': '北方华创科技集团股份有限公司', 'subject_importance': None, 'subject_risk': None, 'orgid': 'T000007615', 'subject_code': None, 'subject_name': None, 'emotion': 'NEU', 'subject_risk_list': [], 'org_types': ['216001', '001001', '020001002002', '020001', '212100', '002'], 'subject_importance_list': None}]",北方华创科技集团股份有限公司
aa0d898e413bb574,北方华创:三季度财报合同负债下降，新签订单保持良好趋势,新浪财经,1735523420,0,https://finance.sina.com.cn/stock/relnews/dongmiqa/2024-12-30/doc-ineceyev2637468.shtml,★☆☆☆☆,"[{'full_name': '北方华创科技集团股份有限公司', 'subject_importance': 1, 'subject_risk': '经营预警', 'orgid': 'T000007615', 'subject_code': None, 'subject_name': None, 'emotion': 'NEG', 'subject_risk_list': ['R00007'], 'org_types': ['216001', '020001002002', '002', '001001', '212100', '020001'], 'subject_importance_list': ['bond@1', 'stock@1']}]",北方华创科技集团股份有限公司
532934fe13d223c8,JT&N观点 | 中微诉美国科林技术秘密侵权案,微信-金诚同达,1735552121,0,https://mp.weixin.qq.com/s?__biz=MzA4MzUwMzIyNg==&idx=4&mid=2651475061&sn=4445640a2243630aacdaae03d67786d3,★★★☆☆,"[{'full_name': '中微半导体设备(上海)股份有限公司', 'subject_importance': 3, 'subject_risk': '经营预警--法律诉讼', 'orgid': 'Q01B38D3B0', 'subject_code': None, 'subject_name': None, 'emotion': 'NEG', 'subject_risk_list': ['R00007', 'R00007018'], 'org_types': ['216011', '212001', '020011', '020001', '001001'], 'subject_importance_list': ['stock@3']}]",中微半导体设备（上海）股份有限公司
3fec7699e347516f,中国专利奖结果公布：新声、中微等半导体企业入选,电子发烧友网,1735544553,0,https://www.elecfans.com/d/6416855.html,☆☆☆☆☆,"[{'full_name': '中微半导体设备(上海)股份有限公司', 'subject_importance': None, 'subject_risk': None, 'orgid': 'Q01B38D3B0', 'subject_code': None, 'subject_name': None, 'emotion': 'NEU', 'subject_risk_list': [], 'org_types': ['216011', '001001', '020001', '212001', '020011'], 'subject_importance_list': None}]",中微半导体设备（上海）股份有限公司
af264f08978fd36,中微、新声等5家半导体企业获中国专利奖银奖 国产芯片业加大知识产权布局,东方财富网,1735541863,0,https://finance.eastmoney.com/a/202412303282715541.html,☆☆☆☆☆,"[{'full_name': '中微半导体设备(上海)股份有限公司', 'subject_importance': None, 'subject_risk': None, 'orgid': 'Q01B38D3B0', 'subject_code': None, 'subject_name': None, 'emotion': 'NEU', 'subject_risk_list': [], 'org_types': ['216011', '001001', '020001', '212001', '020011'], 'subject_importance_list': None}]",中微半导体设备（上海）股份有限公司
978f6ad2693800cd,中国专利奖揭晓：国产滤波器新星新声半导体等5家芯片企业获银奖！,微信-EETOP,1735530493,0,https://mp.weixin.qq.com/s?__biz=MzAxOTIxNTg0Mg==&idx=1&mid=2651049161&sn=11b408120d912f2eb284f6d3dc622f7b,☆☆☆☆☆,"[{'full_name': '中微半导体设备(上海)股份有限公司', 'subject_importance': None, 'subject_risk': None, 'orgid': 'Q01B38D3B0', 'subject_code': None, 'subject_name': None, 'emotion': 'NEU', 'subject_risk_list': [], 'org_types': ['020001', '216011', '001001', '212001', '020011'], 'subject_importance_list': None}]",中微半导体设备（上海）股份有限公司
c5601ef0815a0642,外媒：中企被移出清单了,网易,1735527588,0,https://www.163.com/dy/article/JKJJFHUU05563U9A.html,☆☆☆☆☆,"[{'full_name': '中微半导体设备(上海)股份有限公司', 'subject_importance': None, 'subject_risk': None, 'orgid': 'Q01B38D3B0', 'subject_code': None, 'subject_name': None, 'emotion': 'NEU', 'subject_risk_list': [], 'org_types': ['216011', '001001', '020001', '212001', '020011'], 'subject_importance_list': None}]",中微半导体设备（上海）股份有限公司
e9695a911984a94a,基金公司自购股票型基金超26亿元 创年度历史新高,天天基金网,1735494700,0,https://fund.eastmoney.com/a/202412303281992954.html,☆☆☆☆☆,"[{'full_name': '中微半导体设备(上海)股份有限公司', 'subject_importance': None, 'subject_risk': None, 'orgid': 'Q01B38D3B0', 'subject_code': None, 'subject_name': None, 'emotion': 'NEU', 'subject_risk_list': [], 'org_types': ['216011', '020011', '212001', '001001', '020001'], 'subject_importance_list': None}]",中微半导体设备（上海）股份有限公司
3fb6300b3652fab2,中微公司(688012)：刻蚀设备领军企业 内生外延打造平台型公司,新浪财经,1735488000,0,http://stock.finance.sina.com.cn/stock/go.php/vReport_Show/kind/company/rptid/788949100426/index.phtml,☆☆☆☆☆,"[{'full_name': '中微半导体设备(上海)股份有限公司', 'subject_importance': None, 'subject_risk': None, 'orgid': 'Q01B38D3B0', 'subject_code': None, 'subject_name': None, 'emotion': 'NEU', 'subject_risk_list': [], 'org_types': ['216011', '001001', '020001', '212001', '020011'], 'subject_importance_list': None}]",中微半导体设备（上海）股份有限公司
e386e2ccc9aa0e55,中国专利奖最新出炉，中微、新声等5家半导体企业斩获银奖,搜狐-湖南省,1735440000,0,https://www.sohu.com/a/843019100_166680,☆☆☆☆☆,"[{'full_name': '中微半导体设备(上海)股份有限公司', 'subject_importance': None, 'subject_risk': None, 'orgid': 'Q01B38D3B0', 'subject_code': None, 'subject_name': None, 'emotion': 'NEU', 'subject_risk_list': [], 'org_types': ['216011', '001001', '020001', '212001', '020011'], 'subject_importance_list': None}]",中微半导体设备（上海）股份有限公司
595676a417cc0d64,同济经管举办国际咨询委员会，中外委员讨论了哪些话题？,微信-上海证券报,1735347115,0,https://mp.weixin.qq.com/s/oPGtq_UVT_Z1rN1AkmQ2gw,☆☆☆☆☆,"[{'full_name': '中微半导体设备(上海)股份有限公司', 'subject_importance': None, 'subject_risk': None, 'orgid': 'Q01B38D3B0', 'subject_code': None, 'subject_name': None, 'emotion': 'NEU', 'subject_risk_list': [], 'org_types': ['020011', '212001', '216011', '001001', '020001'], 'subject_importance_list': None}]",中微半导体设备（上海）股份有限公司
7624ade396a64587,尹志尧出手增资超微公司 发力电子束检测设备新赛道,每日经济新闻,1735309797,0,https://www.nbd.com.cn/articles/2024-12-27/3702846.html,☆☆☆☆☆,"[{'full_name': '中微半导体设备(上海)股份有限公司', 'subject_importance': None, 'subject_risk': None, 'orgid': 'Q01B38D3B0', 'subject_code': None, 'subject_name': None, 'emotion': 'NEU', 'subject_risk_list': [], 'org_types': ['216011', '001001', '020001', '212001', '020011'], 'subject_importance_list': None}]",中微半导体设备（上海）股份有限公司
106974a81b37f35f,北京君正：公司在做端侧的相关研发,网易,1735574171,0,https://www.163.com/dy/article/JKMOSP1K0512B07B.html?spss=dy_author,☆☆☆☆☆,"[{'full_name': '北京君正集成电路股份有限公司', 'subject_importance': None, 'subject_risk': None, 'orgid': 'T000032799', 'subject_code': None, 'subject_name': None, 'emotion': 'NEU', 'subject_risk_list': [], 'org_types': ['001001', '020006', '212100', '216003'], 'subject_importance_list': None}]",北京君正集成电路股份有限公司
3065f7b5eeb1a9af,北京君正：公司在做端侧的相关研发,搜狐-四川省,1735573969,0,https://www.sohu.com/a/843612213_115362,☆☆☆☆☆,"[{'full_name': '北京君正集成电路股份有限公司', 'subject_importance': None, 'subject_risk': None, 'orgid': 'T000032799', 'subject_code': None, 'subject_name': None, 'emotion': 'NEU', 'subject_risk_list': [], 'org_types': ['001001', '020006', '212100', '216003'], 'subject_importance_list': None}]",北京君正集成电路股份有限公司
7a6581f067aaa1ef,北京君正：公司在做端侧的相关研发,证券之星股票,1735548732,0,https://stock.stockstar.com/IG2024123000021171.shtml,☆☆☆☆☆,"[{'full_name': '北京君正集成电路股份有限公司', 'subject_importance': None, 'subject_risk': None, 'orgid': 'T000032799', 'subject_code': None, 'subject_name': None, 'emotion': 'NEU', 'subject_risk_list': [], 'org_types': ['001001', '020006', '212100', '216003'], 'subject_importance_list': None}]",北京君正集成电路股份有限公司
ee1c8f8f0f915fd0,北京君正：公司已经在做端侧模型相关的研发,证券之星股票,1735548728,0,https://stock.stockstar.com/IG2024123000021181.shtml,☆☆☆☆☆,"[{'full_name': '北京君正集成电路股份有限公司', 'subject_importance': None, 'subject_risk': None, 'orgid': 'T000032799', 'subject_code': None, 'subject_name': None, 'emotion': 'NEU', 'subject_risk_list': [], 'org_types': ['001001', '020006', '212100', '216003'], 'subject_importance_list': None}]",北京君正集成电路股份有限公司
8be226b427c8c449,北京君正：公司T系列产品为面向摄像头市场的芯片产品,证券之星股票,1735548727,0,https://stock.stockstar.com/IG2024123000021180.shtml,☆☆☆☆☆,"[{'full_name': '北京君正集成电路股份有限公司', 'subject_importance': None, 'subject_risk': None, 'orgid': 'T000032799', 'subject_code': None, 'subject_name': None, 'emotion': 'NEU', 'subject_risk_list': [], 'org_types': ['001001', '020006', '212100', '216003'], 'subject_importance_list': None}]",北京君正集成电路股份有限公司
a7eb7c442dd1eca7,（官方问答平台）北京君正：这三位一直是公司的管理层，具体您可查看公司定期报告……,同花顺金融研究中心,1735548003,0,,☆☆☆☆☆,"[{'full_name': '北京君正集成电路股份有限公司', 'subject_importance': None, 'subject_risk': None, 'orgid': 'T000032799', 'subject_code': None, 'subject_name': None, 'emotion': 'NEU', 'subject_risk_list': [], 'org_types': ['001001', '020006', '212100', '216003'], 'subject_importance_list': None}]",北京君正集成电路股份有限公司
5317efa4080cf0d7,（官方问答平台）北京君正：公司T系列产品为面向摄像头市场的芯片产品……,同花顺金融研究中心,1735548003,0,,☆☆☆☆☆,"[{'full_name': '北京君正集成电路股份有限公司', 'subject_importance': None, 'subject_risk': None, 'orgid': 'T000032799', 'subject_code': None, 'subject_name': None, 'emotion': 'NEU', 'subject_risk_list': [], 'org_types': ['001001', '020006', '212100', '216003'], 'subject_importance_list': None}]",北京君正集成电路股份有限公司
ba2500bf0a422968,（官方问答平台）北京君正：国内外大部分车企都有采用公司的芯片……,同花顺金融研究中心,1735548003,0,,☆☆☆☆☆,"[{'full_name': '北京君正集成电路股份有限公司', 'subject_importance': None, 'subject_risk': None, 'orgid': 'T000032799', 'subject_code': None, 'subject_name': None, 'emotion': 'NEU', 'subject_risk_list': [], 'org_types': ['001001', '020006', '212100', '216003'], 'subject_importance_list': None}]",北京君正集成电路股份有限公司
77e2e49eca3d2c4e,（官方问答平台）北京君正：您的问题太宽泛了，请具体一些……,同花顺金融研究中心,1735547883,0,,☆☆☆☆☆,"[{'full_name': '北京君正集成电路股份有限公司', 'subject_importance': None, 'subject_risk': None, 'orgid': 'T000032799', 'subject_code': None, 'subject_name': None, 'emotion': 'NEU', 'subject_risk_list': [], 'org_types': ['001001', '020006', '212100', '216003'], 'subject_importance_list': None}]",北京君正集成电路股份有限公司
e571e992c996434f,（官方问答平台）北京君正：公司已经在做相关的研发……,同花顺金融研究中心,1735547883,0,,☆☆☆☆☆,"[{'full_name': '北京君正集成电路股份有限公司', 'subject_importance': None, 'subject_risk': None, 'orgid': 'T000032799', 'subject_code': None, 'subject_name': None, 'emotion': 'NEU', 'subject_risk_list': [], 'org_types': ['001001', '020006', '212100', '216003'], 'subject_importance_list': None}]",北京君正集成电路股份有限公司
a057d9fc1a53d3a8,2025年首批券商“金股”来了！“杠铃”策略把握市场机遇,东方财富网,1735554511,0,https://finance.eastmoney.com/a/202412303282854635.html,☆☆☆☆☆,"[{'full_name': '兆易创新科技集团股份有限公司', 'subject_importance': None, 'subject_risk': None, 'orgid': 'T000125448', 'subject_code': None, 'subject_name': None, 'emotion': 'NEU', 'subject_risk_list': [], 'org_types': ['001001', '216001', '020006', '212001', '020010'], 'subject_importance_list': None}]",兆易创新科技集团股份有限公司
649ba56d4f8f466f,2025年首批券商“金股”来了,微信-中国证券报,1735550583,0,https://mp.weixin.qq.com/s/nBsalEVkBNQjFEfexAj5vQ,☆☆☆☆☆,"[{'full_name': '兆易创新科技集团股份有限公司', 'subject_importance': None, 'subject_risk': None, 'orgid': 'T000125448', 'subject_code': None, 'subject_name': None, 'emotion': 'NEU', 'subject_risk_list': [], 'org_types': ['001001', '216001', '020006', '212001', '020010'], 'subject_importance_list': None}]",兆易创新科技集团股份有限公司
5bed56a5e342f219,兆易创新：2023年度公司研发投入合计10.67亿元人民币,证券之星股票,1735545737,0,https://stock.stockstar.com/IG2024123000016981.shtml,☆☆☆☆☆,"[{'full_name': '兆易创新科技集团股份有限公司', 'subject_importance': None, 'subject_risk': None, 'orgid': 'T000125448', 'subject_code': None, 'subject_name': None, 'emotion': 'NEU', 'subject_risk_list': [], 'org_types': ['212001', '020010', '020006', '216001', '001001'], 'subject_importance_list': None}]",兆易创新科技集团股份有限公司
bddd2eb9d65c636d,兆易创新：在售产品无DDR5，募投项目调整涵盖LPDDR5等,金融界财经,1735545122,0,https://finance.jrj.com.cn/2024/12/30153246934419.shtml,☆☆☆☆☆,"[{'full_name': '兆易创新科技集团股份有限公司', 'subject_importance': None, 'subject_risk': None, 'orgid': 'T000125448', 'subject_code': None, 'subject_name': None, 'emotion': 'NEU', 'subject_risk_list': [], 'org_types': ['212001', '020010', '020006', '216001', '001001'], 'subject_importance_list': None}]",兆易创新科技集团股份有限公司
4036514d8c23eab4,兆易创新：公司积极落实提质增效 重回报行动方案，共享发展成果,新浪财经,1735545082,0,https://finance.sina.com.cn/stock/relnews/dongmiqa/2024-12-30/doc-inecfrax3613358.shtml,☆☆☆☆☆,"[{'full_name': '兆易创新科技集团股份有限公司', 'subject_importance': None, 'subject_risk': None, 'orgid': 'T000125448', 'subject_code': None, 'subject_name': None, 'emotion': 'NEU', 'subject_risk_list': [], 'org_types': ['212001', '020010', '020006', '216001', '001001'], 'subject_importance_list': None}]",兆易创新科技集团股份有限公司
8a99da5d5de56054,兆易创新：目前在售产品无DDR5,新浪财经,1735545074,0,https://finance.sina.com.cn/stock/relnews/cn/2024-12-30/doc-inecfrav1293877.shtml,☆☆☆☆☆,"[{'full_name': '兆易创新科技集团股份有限公司', 'subject_importance': None, 'subject_risk': None, 'orgid': 'T000125448', 'subject_code': None, 'subject_name': None, 'emotion': 'NEU', 'subject_risk_list': [], 'org_types': ['212001', '020010', '020006', '216001', '001001'], 'subject_importance_list': None}]",兆易创新科技集团股份有限公司
a6d845a5cb87e6d,兆易创新SH603986:通用NOR Flash产品应用广泛，但对公司未来影响具有不确定性,新浪财经,1735545072,0,https://finance.sina.com.cn/stock/relnews/dongmiqa/2024-12-30/doc-inecfrap2385646.shtml,☆☆☆☆☆,"[{'full_name': '兆易创新科技集团股份有限公司', 'subject_importance': None, 'subject_risk': None, 'orgid': 'T000125448', 'subject_code': None, 'subject_name': None, 'emotion': 'NEU', 'subject_risk_list': [], 'org_types': ['212001', '020010', '020006', '216001', '001001'], 'subject_importance_list': None}]",兆易创新科技集团股份有限公司
1e0edf8cb690ebd4,兆易创新：公司调整募投项目，积极切入DRAM存储器市场，产品包括DDR3、DDR4、LPDDR4和LPDDR5,新浪财经,1735545063,0,https://finance.sina.com.cn/stock/relnews/dongmiqa/2024-12-30/doc-inecfrax3613393.shtml,☆☆☆☆☆,"[{'full_name': '兆易创新科技集团股份有限公司', 'subject_importance': None, 'subject_risk': None, 'orgid': 'T000125448', 'subject_code': None, 'subject_name': None, 'emotion': 'NEU', 'subject_risk_list': [], 'org_types': ['212001', '020010', '020006', '216001', '001001'], 'subject_importance_list': None}]",兆易创新科技集团股份有限公司
545cb6f44991a507,（官方问答平台）兆易创新：公司的通用NOR Flash产品可广泛应用于消费电子、智能可穿戴设备等终端领域，其中包括AI耳机、AI眼镜、AIPC等领域……,同花顺金融研究中心,1735544647,0,,☆☆☆☆☆,"[{'full_name': '兆易创新科技集团股份有限公司', 'subject_importance': None, 'subject_risk': None, 'orgid': 'T000125448', 'subject_code': None, 'subject_name': None, 'emotion': 'NEU', 'subject_risk_list': [], 'org_types': ['212001', '020010', '020006', '216001', '001001'], 'subject_importance_list': None}]",兆易创新科技集团股份有限公司
8c8fec4d15816327,（官方问答平台）兆易创新：公司年度“研发投入”均在年度报告中有详细披露，2023年度公司研发投入合计10.67亿元人民币……,同花顺金融研究中心,1735544647,0,,☆☆☆☆☆,"[{'full_name': '兆易创新科技集团股份有限公司', 'subject_importance': None, 'subject_risk': None, 'orgid': 'T000125448', 'subject_code': None, 'subject_name': None, 'emotion': 'NEU', 'subject_risk_list': [], 'org_types': ['212001', '020010', '020006', '216001', '001001'], 'subject_importance_list': None}]",兆易创新科技集团股份有限公司
58b666352e2ec9ba,科大讯飞股份有限公司 第六届董事会第十二次会议决议公告,上海证券报,1735574400,0,http://paper.cnstock.com/html/2024-12/31/content_2013115.htm,☆☆☆☆☆,"[{'full_name': '科大讯飞股份有限公司', 'subject_importance': None, 'subject_risk': None, 'orgid': '03134688', 'subject_code': None, 'subject_name': None, 'emotion': 'NEU', 'subject_risk_list': [], 'org_types': ['216001', '001001', '002', '212100', '020006'], 'subject_importance_list': None}]",科大讯飞股份有限公司
9a9b135006ba54ba,计算机股票研究：计算机国产大模型性能领先 场景应用加速落地,新浪财经,1735574400,0,http://stock.finance.sina.com.cn/stock/go.php/vReport_Show/kind/industry/rptid/788960745876/index.phtml,☆☆☆☆☆,"[{'full_name': '科大讯飞股份有限公司', 'subject_importance': None, 'subject_risk': None, 'orgid': '03134688', 'subject_code': None, 'subject_name': None, 'emotion': 'NEU', 'subject_risk_list': [], 'org_types': ['212100', '216001', '002', '001001', '020006'], 'subject_importance_list': None}]",科大讯飞股份有限公司
563a59f8e76902b6,市值105亿港元！讯飞医疗登陆港股 科大讯飞刘庆峰资本版图再下一城,东方财富网,1735567808,0,https://finance.eastmoney.com/a/202412303283030212.html,☆☆☆☆☆,"[{'full_name': '科大讯飞股份有限公司', 'subject_importance': None, 'subject_risk': None, 'orgid': '03134688', 'subject_code': None, 'subject_name': None, 'emotion': 'NEU', 'subject_risk_list': [], 'org_types': ['216001', '001001', '002', '212100', '020006'], 'subject_importance_list': None}]",科大讯飞股份有限公司
7bf9c4a00c6b40a,科大讯飞：讯飞医疗 H 股 12 月 30 日上市 2506,和讯网,1735566701,0,https://hkstock.hexun.com/2024-12-30/216509293.html,☆☆☆☆☆,"[{'full_name': '科大讯飞股份有限公司', 'subject_importance': None, 'subject_risk': None, 'orgid': '03134688', 'subject_code': None, 'subject_name': None, 'emotion': 'NEU', 'subject_risk_list': [], 'org_types': ['216001', '001001', '002', '212100', '020006'], 'subject_importance_list': None}]",科大讯飞股份有限公司
1094bfeede82426b,中新健康｜“医疗大模型第一股”讯飞医疗在港交所上市,新浪财经,1735564961,0,https://finance.sina.com.cn/roll/2024-12-30/doc-inecfzsp4417279.shtml,☆☆☆☆☆,"[{'full_name': '科大讯飞股份有限公司', 'subject_importance': None, 'subject_risk': None, 'orgid': '03134688', 'subject_code': None, 'subject_name': None, 'emotion': 'NEU', 'subject_risk_list': [], 'org_types': ['216001', '001001', '212100', '002', '020006'], 'subject_importance_list': None}]",科大讯飞股份有限公司
16a7b9cfe40e7117,科大讯飞控股子公司讯飞医疗H股成功挂牌上市,东方财富网,1735563313,0,https://finance.eastmoney.com/a/202412303282964546.html,☆☆☆☆☆,"[{'full_name': '科大讯飞股份有限公司', 'subject_importance': None, 'subject_risk': None, 'orgid': '03134688', 'subject_code': None, 'subject_name': None, 'emotion': 'NEU', 'subject_risk_list': [], 'org_types': ['216001', '001001', '002', '212100', '020006'], 'subject_importance_list': None}]",科大讯飞股份有限公司
fc84187eaa0caba5,科大讯飞：子公司讯飞医疗 H 股上市 2506,和讯股票,1735562730,0,https://stock.hexun.com/2024-12-30/216508832.html,☆☆☆☆☆,"[{'full_name': '科大讯飞股份有限公司', 'subject_importance': None, 'subject_risk': None, 'orgid': '03134688', 'subject_code': None, 'subject_name': None, 'emotion': 'NEU', 'subject_risk_list': [], 'org_types': ['216001', '001001', '002', '212100', '020006'], 'subject_importance_list': None}]",科大讯飞股份有限公司
32776aee4a0cec8b,65亿合肥科技大佬，又拿下一个百亿IPO,网易,1735561604,0,https://www.163.com/dy/article/JKMC7GUK051994KN.html?clickfrom=w_money,☆☆☆☆☆,"[{'full_name': '科大讯飞股份有限公司', 'subject_importance': None, 'subject_risk': None, 'orgid': '03134688', 'subject_code': None, 'subject_name': None, 'emotion': 'NEU', 'subject_risk_list': [], 'org_types': ['216001', '001001', '002', '212100', '020006'], 'subject_importance_list': None}]",科大讯飞股份有限公司
4f830916ff434aa7,科大讯飞：控股子公司讯飞医疗科技股份有限公司H股挂牌并上市交易。,新浪财经,1735561484,0,https://finance.sina.cn/7x24/2024-12-30/detail-inecfzsp4392537.d.html,☆☆☆☆☆,"[{'full_name': '科大讯飞股份有限公司', 'subject_importance': None, 'subject_risk': None, 'orgid': '03134688', 'subject_code': None, 'subject_name': None, 'emotion': 'NEU', 'subject_risk_list': [], 'org_types': ['216001', '001001', '002', '212100', '020006'], 'subject_importance_list': None}]",科大讯飞股份有限公司
de0b3af7f5d923a6,“医疗大模型第一股”今日敲钟 讯飞医疗登陆香港联交所主板,证券时报e公司,1735560002,0,https://www.egsea.com/news/detail/1951219.html,☆☆☆☆☆,"[{'full_name': '科大讯飞股份有限公司', 'subject_importance': None, 'subject_risk': None, 'orgid': '03134688', 'subject_code': None, 'subject_name': None, 'emotion': 'NEU', 'subject_risk_list': [], 'org_types': ['216001', '001001', '002', '212100', '020006'], 'subject_importance_list': None}]",科大讯飞股份有限公司
d2efae5573794f6e,看2025丨金山办公章庆元：继续探索AI技术和办公场景的结合,新京报,1735560799,0,https://www.bjnews.com.cn/detail/1735560598168030.html,☆☆☆☆☆,"[{'full_name': '北京金山办公软件股份有限公司', 'subject_importance': None, 'subject_risk': None, 'orgid': 'T001323122', 'subject_code': None, 'subject_name': None, 'emotion': 'NEU', 'subject_risk_list': [], 'org_types': ['216011', '020011', '001001', '020006', '212001'], 'subject_importance_list': None}]",北京金山办公软件股份有限公司
351dd3e9f85ffd8b,美图公司入选2024人工智能领军企业TOP 20,中金财经-财经,1735543229,0,http://news.cnfol.com/shangyeyaowen/20241230/31086569.shtml,☆☆☆☆☆,"[{'full_name': '北京金山办公软件股份有限公司', 'subject_importance': None, 'subject_risk': None, 'orgid': 'T001323122', 'subject_code': None, 'subject_name': None, 'emotion': 'NEU', 'subject_risk_list': [], 'org_types': ['020006', '216011', '020011', '001001', '212001'], 'subject_importance_list': None}]",北京金山办公软件股份有限公司
dc87920a48e50580,“数”海搏浪筑“算谷”——庆阳建设“东数西算”国家数据中心集群纪实,新浪财经,1735530636,0,https://finance.sina.com.cn/jjxw/2024-12-30/doc-inecfenz1423242.shtml,☆☆☆☆☆,"[{'full_name': '北京金山办公软件股份有限公司', 'subject_importance': None, 'subject_risk': None, 'orgid': 'T001323122', 'subject_code': None, 'subject_name': None, 'emotion': 'NEU', 'subject_risk_list': [], 'org_types': ['001001', '020006', '212001', '216011', '020011'], 'subject_importance_list': None}]",北京金山办公软件股份有限公司
5af686808dd31a15,金山办公政务大模型落地武汉,网易,1735514516,0,https://www.163.com/dy/article/JKKVLAJG05129QAF.html?clickfrom=w_tech,☆☆☆☆☆,"[{'full_name': '北京金山办公软件股份有限公司', 'subject_importance': None, 'subject_risk': None, 'orgid': 'T001323122', 'subject_code': None, 'subject_name': None, 'emotion': 'NEU', 'subject_risk_list': [], 'org_types': ['216011', '020011', '001001', '020006', '212001'], 'subject_importance_list': None}]",北京金山办公软件股份有限公司
20fcd2eeb56fd58,金山软件(03888)授出合共19.9万股限制性股票,智通财经,1735296388,0,https://www.zhitongcaijing.com/content/detail/1230208.html,☆☆☆☆☆,"[{'full_name': '北京金山办公软件股份有限公司', 'subject_importance': None, 'subject_risk': None, 'orgid': 'T001323122', 'subject_code': None, 'subject_name': None, 'emotion': 'NEU', 'subject_risk_list': [], 'org_types': ['216011', '020011', '001001', '020006', '212001'], 'subject_importance_list': None}]",北京金山办公软件股份有限公司
2421761ce3177bb8,金山办公(688111.SH)：向激励对象授予19.90万股限制性股票,格隆汇资讯-公司信息,1735292408,0,https://www.gelonghui.com/news/4918239,☆☆☆☆☆,"[{'full_name': '北京金山办公软件股份有限公司', 'subject_importance': None, 'subject_risk': None, 'orgid': 'T001323122', 'subject_code': None, 'subject_name': None, 'emotion': 'NEU', 'subject_risk_list': [], 'org_types': ['216011', '020011', '001001', '020006', '212001'], 'subject_importance_list': None}]",北京金山办公软件股份有限公司
9b34f3e8e2adf262,华为举办智慧办公生态峰会，鸿蒙生态（武汉）创新中心正式启用,中华网,1735220904,0,https://hea.china.com/article/20241226/122024_1622613.html,☆☆☆☆☆,"[{'full_name': '北京金山办公软件股份有限公司', 'subject_importance': None, 'subject_risk': None, 'orgid': 'T001323122', 'subject_code': None, 'subject_name': None, 'emotion': 'NEU', 'subject_risk_list': [], 'org_types': ['216011', '001001', '020006', '020011', '212001'], 'subject_importance_list': None}]",北京金山办公软件股份有限公司
767080eed5eba2e6,WPS AI获评中国信通院2024年端侧通用智能创新应用优秀案例,新浪财经,1735203036,0,https://finance.sina.com.cn/roll/2024-12-26/doc-ineauqsr1141203.shtml,☆☆☆☆☆,"[{'full_name': '北京金山办公软件股份有限公司', 'subject_importance': None, 'subject_risk': None, 'orgid': 'T001323122', 'subject_code': None, 'subject_name': None, 'emotion': 'NEU', 'subject_risk_list': [], 'org_types': ['216011', '020011', '001001', '020006', '212001'], 'subject_importance_list': None}]",北京金山办公软件股份有限公司
5692b8385400bb44,2024年12月26日，金山办公日内振幅超过7%,同花顺金融研究中心,1735190465,2,,★★☆☆☆,"[{'full_name': '北京金山办公软件股份有限公司', 'subject_importance': 2, 'subject_risk': '市场预警--交易异常波动', 'orgid': 'T001323122', 'subject_code': None, 'subject_name': None, 'emotion': 'NEG', 'subject_risk_list': ['R00003', 'R00003007'], 'org_types': ['001001', '216011', '020006', '212001', '020011'], 'subject_importance_list': ['stock@2']}]",北京金山办公软件股份有限公司
828e37a467e1d26e,龙芯中科亮相2024通明湖论坛教育分论坛,电子发烧友网,1735178264,0,https://www.elecfans.com/d/6409235.html,☆☆☆☆☆,"[{'full_name': '北京金山办公软件股份有限公司', 'subject_importance': None, 'subject_risk': None, 'orgid': 'T001323122', 'subject_code': None, 'subject_name': None, 'emotion': 'NEU', 'subject_risk_list': [], 'org_types': ['216011', '001001', '020006', '020011', '212001'], 'subject_importance_list': None}]",北京金山办公软件股份有限公司
3e3da66cb5de79fe,拓尔思：12月30日召开董事会会议,搜狐-四川省,1735556572,0,https://www.sohu.com/a/843524248_115362,☆☆☆☆☆,"[{'full_name': '拓尔思信息技术股份有限公司', 'subject_importance': None, 'subject_risk': None, 'orgid': 'T000034655', 'subject_code': None, 'subject_name': None, 'emotion': 'NEU', 'subject_risk_list': [], 'org_types': ['020006', '212100', '216003', '001001', '002'], 'subject_importance_list': None}]",拓尔思信息技术股份有限公司
c89b8bd00c293d35,拓尔思：12月30日召开董事会会议,新浪财经,1735556460,0,https://finance.sina.com.cn/stock/relnews/cn/2024-12-30/doc-inecfzsp4376114.shtml,☆☆☆☆☆,"[{'full_name': '拓尔思信息技术股份有限公司', 'subject_importance': None, 'subject_risk': None, 'orgid': 'T000034655', 'subject_code': None, 'subject_name': None, 'emotion': 'NEU', 'subject_risk_list': [], 'org_types': ['020006', '212100', '216003', '001001', '002'], 'subject_importance_list': None}]",拓尔思信息技术股份有限公司
eb601621dce1b692,拓尔思：12月30日召开董事会会议,每日经济新闻,1735556460,0,https://m.nbd.com.cn/articles/2024-12-30/3704844.html,☆☆☆☆☆,"[{'full_name': '拓尔思信息技术股份有限公司', 'subject_importance': None, 'subject_risk': None, 'orgid': 'T000034655', 'subject_code': None, 'subject_name': None, 'emotion': 'NEU', 'subject_risk_list': [], 'org_types': ['020006', '212100', '216003', '001001', '002'], 'subject_importance_list': None}]",拓尔思信息技术股份有限公司
27e72796653dfbd,拓尔思(300229.SZ)：目前尚未涉及电子支付金融安全,格隆汇资讯-公司信息,1735541647,0,https://www.gelonghui.com/news/4918761,☆☆☆☆☆,"[{'full_name': '拓尔思信息技术股份有限公司', 'subject_importance': None, 'subject_risk': None, 'orgid': 'T000034655', 'subject_code': None, 'subject_name': None, 'emotion': 'NEU', 'subject_risk_list': [], 'org_types': ['020006', '212100', '216003', '001001', '002'], 'subject_importance_list': None}]",拓尔思信息技术股份有限公司
fe9c5866514ce727,拓尔思：公司目前尚未涉及电子支付金融安全,证券之星股票,1735534316,0,https://stock.stockstar.com/IG2024123000012272.shtml,☆☆☆☆☆,"[{'full_name': '拓尔思信息技术股份有限公司', 'subject_importance': None, 'subject_risk': None, 'orgid': 'T000034655', 'subject_code': None, 'subject_name': None, 'emotion': 'NEU', 'subject_risk_list': [], 'org_types': ['020006', '212100', '216003', '001001', '002'], 'subject_importance_list': None}]",拓尔思信息技术股份有限公司
db9079b198990fdf,拓尔思：公司目前尚未有文化传媒的子公司,证券之星股票,1735533419,0,https://stock.stockstar.com/IG2024123000012010.shtml,☆☆☆☆☆,"[{'full_name': '拓尔思信息技术股份有限公司', 'subject_importance': None, 'subject_risk': None, 'orgid': 'T000034655', 'subject_code': None, 'subject_name': None, 'emotion': 'NEU', 'subject_risk_list': [], 'org_types': ['020006', '212100', '216003', '001001', '002'], 'subject_importance_list': None}]",拓尔思信息技术股份有限公司
3a24b2f364a07407,（官方问答平台）拓尔思：公司目前金融相关业务，主要面向银行业金融机构提供智能风控、智能消保、普惠助贷、绿色金融等金融科技领域的软件产品及数据服务，目前尚未涉及电子支付金融安全……,同花顺金融研究中心,1735531809,0,,☆☆☆☆☆,"[{'full_name': '拓尔思信息技术股份有限公司', 'subject_importance': None, 'subject_risk': None, 'orgid': 'T000034655', 'subject_code': None, 'subject_name': None, 'emotion': 'NEU', 'subject_risk_list': [], 'org_types': ['020006', '212100', '216003', '001001', '002'], 'subject_importance_list': None}]",拓尔思信息技术股份有限公司
9e166564c159baa2,（官方问答平台）拓尔思：为保证公司信息披露的公平性，根据相关规则，公司将在定期报告中披露法定要求的股东数量信息，敬请关注……,同花顺金融研究中心,1735531809,0,,☆☆☆☆☆,"[{'full_name': '拓尔思信息技术股份有限公司', 'subject_importance': None, 'subject_risk': None, 'orgid': 'T000034655', 'subject_code': None, 'subject_name': None, 'emotion': 'NEU', 'subject_risk_list': [], 'org_types': ['020006', '212100', '216003', '001001', '002'], 'subject_importance_list': None}]",拓尔思信息技术股份有限公司
8ac304337e2dd62d,（官方问答平台）拓尔思：每天5亿条信息的更新增长都是经过高质量治理的各类多模态互联网公开资讯，包括媒体资讯、政务信息、产业资讯、企业动态、社会热点等，主要服务于舆情、开源情 报、媒体融合、金融监管、产业创新、金融风控等领域……,同花顺金融研究中心,1735531809,1,,☆☆☆☆☆,"[{'full_name': '拓尔思信息技术股份有限公司', 'subject_importance': None, 'subject_risk': None, 'orgid': 'T000034655', 'subject_code': None, 'subject_name': None, 'emotion': 'NEU', 'subject_risk_list': [], 'org_types': ['020006', '212100', '216003', '001001', '002'], 'subject_importance_list': None}]",拓尔思信息技术股份有限公司
e9596b45c49e5bf1,（官方问答平台）拓尔思：公司目前尚未有文化传媒的子公司，在文化传媒领域的业务主要是为该领域用户提供智能融媒体解决方案，帮助用户显著提升生产效率、编校质量、内容创意及传播运营等效能，为文化传媒行业的转型升级与持续发展作出积极贡献……,同花顺金融研究中心,1735531685,0,,☆☆☆☆☆,"[{'full_name': '拓尔思信息技术股份有限公司', 'subject_importance': None, 'subject_risk': None, 'orgid': 'T000034655', 'subject_code': None, 'subject_name': None, 'emotion': 'NEU', 'subject_risk_list': [], 'org_types': ['020006', '212100', '216003', '001001', '002'], 'subject_importance_list': None}]",拓尔思信息技术股份有限公司
eb02a5a3a95df01b,【已投项目】云从科技：荣获2024年中国科技创新十大影响力品牌,新浪财经,1734940288,0,https://finance.sina.com.cn/roll/2024-12-23/doc-ineamhrw9548691.shtml,☆☆☆☆☆,"[{'full_name': '云从科技集团股份有限公司', 'subject_importance': None, 'subject_risk': None, 'orgid': 'T000225831', 'subject_code': None, 'subject_name': None, 'emotion': 'NEU', 'subject_risk_list': [], 'org_types': ['212001', '001001', '216011', '020006'], 'subject_importance_list': None}]",云从科技集团股份有限公司
2c96cecde782007c,2024年12月23日，云从科技日内振幅超过7%,同花顺金融研究中心,1734930786,2,,★★☆☆☆,"[{'full_name': '云从科技集团股份有限公司', 'subject_importance': 2, 'subject_risk': '市场预警--交易异常波动', 'orgid': 'T000225831', 'subject_code': None, 'subject_name': None, 'emotion': 'NEG', 'subject_risk_list': ['R00003', 'R00003007'], 'org_types': ['212001', '020006', '216011', '001001'], 'subject_importance_list': ['stock@2']}]",云从科技集团股份有限公司
451a6c690d546ce5,极视角营造AI生态，助推青岛、山东跃入全国人工智能视觉算法第一梯队,青岛晚报,1734819163,0,https://www.dailyqd.com/guanhai/358436_1.html,☆☆☆☆☆,"[{'full_name': '云从科技集团股份有限公司', 'subject_importance': None, 'subject_risk': None, 'orgid': 'T000225831', 'subject_code': None, 'subject_name': None, 'emotion': 'NEU', 'subject_risk_list': [], 'org_types': ['216011', '001001', '020006', '212001'], 'subject_importance_list': None}]",云从科技集团股份有限公司
35867014a6af1eb0,2024中国企业ESG100指数名单,新浪财经,1735534247,0,https://finance.sina.com.cn/jjxw/2024-12-30/doc-inecfenz1432914.shtml,☆☆☆☆☆,"[{'full_name': '杭州海康威视数字技术股份有限公司', 'subject_importance': None, 'subject_risk': None, 'orgid': 'T000026753', 'subject_code': None, 'subject_name': None, 'emotion': 'NEU', 'subject_risk_list': [], 'org_types': ['212100', '002', '216001', '020001', '001001', '020001002002'], 'subject_importance_list': None}]",杭州海康威视数字技术股份有限公司
9de4c678d49c5e38,2024年A股分红回购盘点：现金分红2.39万亿元，回购金额超1600亿元,一财网,1735488546,0,https://www.yicai.com/news/102421558.html,☆☆☆☆☆,"[{'full_name': '杭州海康威视数字技术股份有限公司', 'subject_importance': None, 'subject_risk': None, 'orgid': 'T000026753', 'subject_code': None, 'subject_name': None, 'emotion': 'NEU', 'subject_risk_list': [], 'org_types': ['212100', '216001', '020001', '001001', '020001002002', '002'], 'subject_importance_list': None}]",杭州海康威视数字技术股份有限公司
a53313551825a946,湘企大湖股份拟增持不超1.5亿元,新浪财经,1735480227,0,https://finance.sina.com.cn/jjxw/2024-12-29/doc-ineccwtt4451601.shtml,☆☆☆☆☆,"[{'full_name': '杭州海康威视数字技术股份有限公司', 'subject_importance': None, 'subject_risk': None, 'orgid': 'T000026753', 'subject_code': None, 'subject_name': None, 'emotion': 'NEU', 'subject_risk_list': [], 'org_types': ['020001002002', '020001', '001001', '002', '212100', '216001'], 'subject_importance_list': None}]",杭州海康威视数字技术股份有限公司
504798a00b21e3c6,海康威视斥资1.26亿元首次回购公司股份 用于注销减少注册资本,证券日报,1735468909,0,http://www.zqrb.cn/gscy/gongsi/2024-12-29/A1735457409094.html,★☆☆☆☆,"[{'full_name': '杭州海康威视数字技术股份有限公司', 'subject_importance': 1, 'subject_risk': '经营预警', 'orgid': 'T000026753', 'subject_code': None, 'subject_name': None, 'emotion': 'NEG', 'subject_risk_list': ['R00007'], 'org_types': ['020001002002', '020001', '001001', '216001', '212100', '002'], 'subject_importance_list': ['stock@1', 'bond@1']}]",杭州海康威视数字技术股份有限公司
ef629ab7418ce0f4,摄像头销量创新高：小米第一 海康威视第三,中关村-厂商动态,1735451323,0,https://news.zol.com.cn/932/9329801.html,☆☆☆☆☆,"[{'full_name': '杭州海康威视数字技术股份有限公司', 'subject_importance': None, 'subject_risk': None, 'orgid': 'T000026753', 'subject_code': None, 'subject_name': None, 'emotion': 'NEU', 'subject_risk_list': [], 'org_types': ['002', '020001', '212100', '216001', '001001', '020001002002'], 'subject_importance_list': None}]",杭州海康威视数字技术股份有限公司
6a52ac92264a4fdf,海康威视销量最高 室外监控需求上升较快,中关村-厂商动态,1735450604,0,https://news.zol.com.cn/932/9329790.html,☆☆☆☆☆,"[{'full_name': '杭州海康威视数字技术股份有限公司', 'subject_importance': None, 'subject_risk': None, 'orgid': 'T000026753', 'subject_code': None, 'subject_name': None, 'emotion': 'NEU', 'subject_risk_list': [], 'org_types': ['002', '020001', '212100', '216001', '001001', '020001002002'], 'subject_importance_list': None}]",杭州海康威视数字技术股份有限公司
1f219bae7af3dd59,A股回购潮持续升温：2153家公司累计回购1657亿元,新浪财经,1735447816,0,https://finance.sina.com.cn/jjxw/2024-12-29/doc-inecazpz2415711.shtml,☆☆☆☆☆,"[{'full_name': '杭州海康威视数字技术股份有限公司', 'subject_importance': None, 'subject_risk': None, 'orgid': 'T000026753', 'subject_code': None, 'subject_name': None, 'emotion': 'NEU', 'subject_risk_list': [], 'org_types': ['216001', '002', '020001002002', '020001', '001001', '212100'], 'subject_importance_list': None}]",杭州海康威视数字技术股份有限公司
6d48a798c1faea67,累计金额超1600亿！近2200家A股上市公司今年以来实施回购 个股回购金额排行榜出炉,东方财富网,1735437447,0,https://finance.eastmoney.com/a/202412293281856443.html,☆☆☆☆☆,"[{'full_name': '杭州海康威视数字技术股份有限公司', 'subject_importance': None, 'subject_risk': None, 'orgid': 'T000026753', 'subject_code': None, 'subject_name': None, 'emotion': 'NEU', 'subject_risk_list': [], 'org_types': ['216001', '002', '020001002002', '020001', '001001', '212100'], 'subject_importance_list': None}]",杭州海康威视数字技术股份有限公司
354fe089926b8824,本周再添26家！海康威视等多股披露回购增持再贷款计划,新浪财经,1735386720,0,https://finance.sina.com.cn/stock/wbstock/2024-12-28/doc-ineazpnr6363036.shtml,☆☆☆☆☆,"[{'full_name': '杭州海康威视数字技术股份有限公司', 'subject_importance': None, 'subject_risk': None, 'orgid': 'T000026753', 'subject_code': None, 'subject_name': None, 'emotion': 'NEU', 'subject_risk_list': [], 'org_types': ['216001', '002', '020001002002', '020001', '001001', '212100'], 'subject_importance_list': None}]",杭州海康威视数字技术股份有限公司
9dbd993d3009edb1,海康威视获得发明专利授权：“一种参数标定方法、系统、装置及设备”,证券之星股票,1735327094,0,http://stock.stockstar.com/RB2024122800004302.shtml,☆☆☆☆☆,"[{'full_name': '杭州海康威视数字技术股份有限公司', 'subject_importance': None, 'subject_risk': None, 'orgid': 'T000026753', 'subject_code': None, 'subject_name': None, 'emotion': 'NEU', 'subject_risk_list': [], 'org_types': ['002', '020001', '212100', '216001', '001001', '020001002002'], 'subject_importance_list': None}]",杭州海康威视数字技术股份有限公司
e2e501136e838fbf,四季度并购重组审核提速 6家公司重组上会,微信-宋清辉,1735509703,0,https://mp.weixin.qq.com/s?__biz=MzA5ODI0MzczNg==&idx=1&mid=2655910172&sn=468aba983634179acce597eb61c23c88,☆☆☆☆☆,"[{'full_name': '深圳市汇顶科技股份有限公司', 'subject_importance': None, 'subject_risk': None, 'orgid': 'T000148045', 'subject_code': None, 'subject_name': None, 'emotion': 'NEU', 'subject_risk_list': [], 'org_types': ['216001', '001001', '020006', '212001', '020011'], 'subject_importance_list': None}]",深圳市汇顶科技股份有限公司
519b5c8fe238b848,汇顶科技取得触控装置等专利，可在水下识别触控位置,金融界财经,1735377842,0,https://finance.jrj.com.cn/2024/12/28171146915119.shtml,☆☆☆☆☆,"[{'full_name': '深圳市汇顶科技股份有限公司', 'subject_importance': None, 'subject_risk': None, 'orgid': 'T000148045', 'subject_code': None, 'subject_name': None, 'emotion': 'NEU', 'subject_risk_list': [], 'org_types': ['020006', '216001', '001001', '212001', '020011'], 'subject_importance_list': None}]",深圳市汇顶科技股份有限公司
86b08c5732dd3246,汇顶科技“一种触控检测电路和触控芯片及显示装置”专利获授权,集微网,1735202192,0,https://laoyaoba.com/n/927968,☆☆☆☆☆,"[{'full_name': '深圳市汇顶科技股份有限公司', 'subject_importance': None, 'subject_risk': None, 'orgid': 'T000148045', 'subject_code': None, 'subject_name': None, 'emotion': 'NEU', 'subject_risk_list': [], 'org_types': ['020006', '216001', '001001', '212001', '020011'], 'subject_importance_list': None}]",深圳市汇顶科技股份有限公司
3aa32a96a24c66c3,并购重组，让多层次资本市场更加完善,微信-弘毅投资HC,1735098583,0,https://mp.weixin.qq.com/s?__biz=MzU2MzY5MjA3NQ==&idx=1&mid=2247500438&sn=e54f410d8e3d991a5698c9a5d8b305ad,☆☆☆☆☆,"[{'full_name': '深圳市汇顶科技股份有限公司', 'subject_importance': None, 'subject_risk': None, 'orgid': 'T000148045', 'subject_code': None, 'subject_name': None, 'emotion': 'NEU', 'subject_risk_list': [], 'org_types': ['001001', '020006', '212001', '020011', '216001'], 'subject_importance_list': None}]",深圳市汇顶科技股份有限公司
d0a738cbfbd35521,利润暴涨35倍后，股价也要暴增在即，汇顶科技真的又要起飞！,新浪微博-财经头条,1735091074,0,https://cj.sina.com.cn/articles/view/7574126060/1c373fdec00101ct24?finpagefr=p_103,☆☆☆☆☆,"[{'full_name': '深圳市汇顶科技股份有限公司', 'subject_importance': None, 'subject_risk': None, 'orgid': 'T000148045', 'subject_code': None, 'subject_name': None, 'emotion': 'NEU', 'subject_risk_list': [], 'org_types': ['020006', '216001', '001001', '212001', '020011'], 'subject_importance_list': None}]",深圳市汇顶科技股份有限公司
92221b8e41109b5d,专访汇顶科技：自主研发超声波指纹传感器，应对屏幕技术变革,网易-网易数码北京,1735012016,0,https://www.163.com/digi/article/JK60HVL7001680P9.html?clickfrom=w_mobile,☆☆☆☆☆,"[{'full_name': '深圳市汇顶科技股份有限公司', 'subject_importance': None, 'subject_risk': None, 'orgid': 'T000148045', 'subject_code': None, 'subject_name': None, 'emotion': 'NEU', 'subject_risk_list': [], 'org_types': ['020006', '216001', '001001', '212001', '020011'], 'subject_importance_list': None}]",深圳市汇顶科技股份有限公司
70ea48e35d491062,“并购六条”满三月：IPO转并购风行 估值博弈考验各方,证券时报,1734976700,0,http://epaper.stcn.com/con/202412/24/content_2724732.html,☆☆☆☆☆,"[{'full_name': '深圳市汇顶科技股份有限公司', 'subject_importance': None, 'subject_risk': None, 'orgid': 'T000148045', 'subject_code': None, 'subject_name': None, 'emotion': 'NEU', 'subject_risk_list': [], 'org_types': ['001001', '020006', '212001', '020011', '216001'], 'subject_importance_list': None}]",深圳市汇顶科技股份有限公司
ec11464670cd1bb1,现金分红、增持回购、资产重组 沪市公司多措并举“提质增效重回报”,东方财富网,1734967740,0,https://finance.eastmoney.com/a/202412233276627936.html,☆☆☆☆☆,"[{'full_name': '深圳市汇顶科技股份有限公司', 'subject_importance': None, 'subject_risk': None, 'orgid': 'T000148045', 'subject_code': None, 'subject_name': None, 'emotion': 'NEU', 'subject_risk_list': [], 'org_types': ['020006', '212001', '020011', '216001', '001001'], 'subject_importance_list': None}]",深圳市汇顶科技股份有限公司
5ee5366db9208ff7,光伏“寡头”现重大并购，一场“国产替代”豪赌,微信-PV-Tech,1734925169,0,https://mp.weixin.qq.com/s?__biz=MjM5MzI1NzEyMA==&idx=2&mid=2649387211&sn=744dd3b8e3b424069bbd5045b64d2bd3,☆☆☆☆☆,"[{'full_name': '深圳市汇顶科技股份有限公司', 'subject_importance': None, 'subject_risk': None, 'orgid': 'T000148045', 'subject_code': None, 'subject_name': None, 'emotion': 'NEU', 'subject_risk_list': [], 'org_types': ['020006', '212001', '020011', '216001', '001001'], 'subject_importance_list': None}]",深圳市汇顶科技股份有限公司
943ff4e350fa9,2021年09月03日 | 汇顶科技营收结构发生较大变化，IoT与音频业务效能显现,同花顺整理,1734891606,0,https://www.eeworld.com.cn/xfdz/hisic546879.html,☆☆☆☆☆,"[{'full_name': '深圳市汇顶科技股份有限公司', 'subject_importance': None, 'subject_risk': None, 'orgid': 'T000148045', 'subject_code': None, 'subject_name': None, 'emotion': 'NEU', 'subject_risk_list': [], 'org_types': ['020006', '216001', '001001', '212001', '020011'], 'subject_importance_list': None}]",深圳市汇顶科技股份有限公司
64a381fcd3dcc21e,三尺法动态 | 新形势下的上市公司投资与并购研讨会圆满举办,证券之星,1735525066,0,https://fund.stockstar.com/IG2024123000003619.shtml,☆☆☆☆☆,"[{'full_name': '浙江核新同花顺网络信息股份有限公司', 'subject_importance': None, 'subject_risk': None, 'orgid': 'T000025753', 'subject_code': None, 'subject_name': None, 'emotion': 'NEU', 'subject_risk_list': [], 'org_types': ['020006', '212100', '001001', '216003'], 'subject_importance_list': None}]",浙江核新同花顺网络信息股份有限公司
83ec0983a3e2d307,“宁王”赴港！曾毓群、王卫、何享健为何纷纷A+H？,微信-野马财经,1735445433,0,https://mp.weixin.qq.com/s?__biz=MjM5MzE5MDE5OQ==&idx=1&mid=2654125767&sn=5dc4950a54a43c6a2325006ab0578b50,☆☆☆☆☆,"[{'full_name': '浙江核新同花顺网络信息股份有限公司', 'subject_importance': None, 'subject_risk': None, 'orgid': 'T000025753', 'subject_code': None, 'subject_name': None, 'emotion': 'NEU', 'subject_risk_list': [], 'org_types': ['020006', '001001', '216003', '212100'], 'subject_importance_list': None}]",浙江核新同花顺网络信息股份有限公司
8340d0224476aad9,“共同发声，价值发现”·2024同花顺上市公司年度榜单正式公布！,时代周报,1735202626,0,https://www.time-weekly.com/post/317415,☆☆☆☆☆,"[{'full_name': '浙江核新同花顺网络信息股份有限公司', 'subject_importance': None, 'subject_risk': None, 'orgid': 'T000025753', 'subject_code': None, 'subject_name': None, 'emotion': 'NEU', 'subject_risk_list': [], 'org_types': ['212100', '216003', '020006', '001001'], 'subject_importance_list': None}]",浙江核新同花顺网络信息股份有限公司
5112a34605cbb5b3,同花顺：融资净买入1.56亿元，融资余额49.88亿元（12-20）,东方财富网,1734916020,0,https://finance.eastmoney.com/a/202412233275402462.html,☆☆☆☆☆,"[{'full_name': '浙江核新同花顺网络信息股份有限公司', 'subject_importance': None, 'subject_risk': None, 'orgid': 'T000025753', 'subject_code': None, 'subject_name': None, 'emotion': 'NEU', 'subject_risk_list': [], 'org_types': ['001001', '020006', '212100', '216003'], 'subject_importance_list': None}]",浙江核新同花顺网络信息股份有限公司
137f4c1b333dbf81,机构年底激战个人养老金，五大行已上线指基Y份额,微信-中国基金报,1734873531,0,https://mp.weixin.qq.com/s?__biz=MzA5MDEzNjQwMA==&idx=3&mid=2656197278&sn=c597e61f7025b0e89387b545d5278f5f,☆☆☆☆☆,"[{'full_name': '浙江核新同花顺网络信息股份有限公司', 'subject_importance': None, 'subject_risk': None, 'orgid': 'T000025753', 'subject_code': None, 'subject_name': None, 'emotion': 'NEU', 'subject_risk_list': [], 'org_types': ['020006', '001001', '216003', '212100'], 'subject_importance_list': None}]",浙江核新同花顺网络信息股份有限公司
bede0ee51fa339d7,年终公募“排位战”最后冲刺！看涨幅前20名基金持仓股！,财富号,1734845640,0,https://caifuhao.eastmoney.com/news/1500577177,☆☆☆☆☆,"[{'full_name': '浙江核新同花顺网络信息股份有限公司', 'subject_importance': None, 'subject_risk': None, 'orgid': 'T000025753', 'subject_code': None, 'subject_name': None, 'emotion': 'NEU', 'subject_risk_list': [], 'org_types': ['001001', '020006', '216003', '212100'], 'subject_importance_list': None}]",浙江核新同花顺网络信息股份有限公司
da83e2da0f4c8317,年终基金“排位战”最后冲刺！附涨幅前20名基金持仓股！,财富号,1734842880,0,https://caifuhao.eastmoney.com/news/1500574809,☆☆☆☆☆,"[{'full_name': '浙江核新同花顺网络信息股份有限公司', 'subject_importance': None, 'subject_risk': None, 'orgid': 'T000025753', 'subject_code': None, 'subject_name': None, 'emotion': 'NEU', 'subject_risk_list': [], 'org_types': ['001001', '020006', '216003', '212100'], 'subject_importance_list': None}]",浙江核新同花顺网络信息股份有限公司
5fefc8fe1979d1e,四维图新追加2024年度关联交易总额至不超过4.3亿元,东方财富网,1735555213,0,https://finance.eastmoney.com/a/202412303282880148.html,☆☆☆☆☆,"[{'full_name': '北京四维图新科技股份有限公司', 'subject_importance': None, 'subject_risk': None, 'orgid': 'T000026674', 'subject_code': None, 'subject_name': None, 'emotion': 'NEU', 'subject_risk_list': [], 'org_types': ['020006', '001001', '216001', '002', '212100', '020001'], 'subject_importance_list': None}]",北京四维图新科技股份有限公司
4ceb8073fc0ceac0,四维图新荣获2024年度智能驾驶创新奖,电子发烧友网,1735554458,0,https://www.elecfans.com/d/6417032.html,☆☆☆☆☆,"[{'full_name': '北京四维图新科技股份有限公司', 'subject_importance': None, 'subject_risk': None, 'orgid': 'T000026674', 'subject_code': None, 'subject_name': None, 'emotion': 'NEU', 'subject_risk_list': [], 'org_types': ['020006', '001001', '216001', '002', '212100', '020001'], 'subject_importance_list': None}]",北京四维图新科技股份有限公司
fcd093e09f0aa988,四维图新：12月30日召开董事会会议,搜狐-四川省,1735552378,0,https://www.sohu.com/a/843498931_115362,☆☆☆☆☆,"[{'full_name': '北京四维图新科技股份有限公司', 'subject_importance': None, 'subject_risk': None, 'orgid': 'T000026674', 'subject_code': None, 'subject_name': None, 'emotion': 'NEU', 'subject_risk_list': [], 'org_types': ['020006', '001001', '216001', '002', '212100', '020001'], 'subject_importance_list': None}]",北京四维图新科技股份有限公司
958ad92e83545da6,（官方问答平台）四维图新：请持续关注官方发布，敬请期待……,同花顺金融研究中心,1735531684,0,,☆☆☆☆☆,"[{'full_name': '北京四维图新科技股份有限公司', 'subject_importance': None, 'subject_risk': None, 'orgid': 'T000026674', 'subject_code': None, 'subject_name': None, 'emotion': 'NEU', 'subject_risk_list': [], 'org_types': ['020006', '001001', '216001', '002', '212100', '020001'], 'subject_importance_list': None}]",北京四维图新科技股份有限公司
9af197241ba16f9d,（官方问答平台）四维图新：请持续关注官方发布，谢谢……,同花顺金融研究中心,1735529645,0,,☆☆☆☆☆,"[{'full_name': '北京四维图新科技股份有限公司', 'subject_importance': None, 'subject_risk': None, 'orgid': 'T000026674', 'subject_code': None, 'subject_name': None, 'emotion': 'NEU', 'subject_risk_list': [], 'org_types': ['020006', '001001', '216001', '002', '212100', '020001'], 'subject_importance_list': None}]",北京四维图新科技股份有限公司
17119bb0ac02e875,（官方问答平台）四维图新：四维图新董秘兼CMO孟庆昕及四维图新高级副总裁、杰发科技总经理毕垒受邀参加了佑驾创新的敲钟仪式，谢谢……,同花顺金融研究中心,1735529645,0,,☆☆☆☆☆,"[{'full_name': '北京四维图新科技股份有限公司', 'subject_importance': None, 'subject_risk': None, 'orgid': 'T000026674', 'subject_code': None, 'subject_name': None, 'emotion': 'NEU', 'subject_risk_list': [], 'org_types': ['020006', '001001', '216001', '002', '212100', '020001'], 'subject_importance_list': None}]",北京四维图新科技股份有限公司
692afb68e4899dac,公司热点｜承诺80%收益？四维图新紧急辟谣！公司业绩承压，研发费用居高不下,读创财经,1735388892,1,https://dcapp.netwin.cn/content/s676fed2be4b0a0f43506275b.json,★★☆☆☆,"[{'full_name': '北京四维图新科技股份有限公司', 'subject_importance': 2, 'subject_risk': '市场预警--风险澄清', 'orgid': 'T000026674', 'subject_code': None, 'subject_name': None, 'emotion': 'NEG', 'subject_risk_list': ['R00003', 'R00003025'], 'org_types': ['002', '020001', '212100', '001001', '216001', '020006'], 'subject_importance_list': ['bond@2', 'stock@2']}]",北京四维图新科技股份有限公司
f2264dd3f763c75c,A股地图一哥，被骗子盯上了,微信-深蓝财经,1735375673,3,https://mp.weixin.qq.com/s?__biz=MzU1Njc1NjA2NA==&idx=1&mid=2247584948&sn=43a2e7ea5252eaac9fbce47185bae539,★★☆☆☆,"[{'full_name': '北京四维图新科技股份有限公司', 'subject_importance': 2, 'subject_risk': '市场预警--风险澄清', 'orgid': 'T000026674', 'subject_code': None, 'subject_name': None, 'emotion': 'NEG', 'subject_risk_list': ['R00003', 'R00003025'], 'org_types': ['002', '020001', '212100', '001001', '216001', '020006'], 'subject_importance_list': ['bond@2', 'stock@2']}]",北京四维图新科技股份有限公司
50811eedae84bf5a,四维图新获颁6项发明专利证书，杰开新专利能有效缩短OTA升级时间,集微网,1735292583,0,https://laoyaoba.com/n/928310,☆☆☆☆☆,"[{'full_name': '北京四维图新科技股份有限公司', 'subject_importance': None, 'subject_risk': None, 'orgid': 'T000026674', 'subject_code': None, 'subject_name': None, 'emotion': 'NEU', 'subject_risk_list': [], 'org_types': ['020006', '001001', '216001', '002', '212100', '020001'], 'subject_importance_list': None}]",北京四维图新科技股份有限公司
3ac8dfc5b06ca7b6,与四维图新CEO程鹏谈“竞争”,盖世汽车网,1735291623,0,https://auto.gasgoo.com/newsflash/202412/27I346830.shtml,☆☆☆☆☆,"[{'full_name': '北京四维图新科技股份有限公司', 'subject_importance': None, 'subject_risk': None, 'orgid': 'T000026674', 'subject_code': None, 'subject_name': None, 'emotion': 'NEU', 'subject_risk_list': [], 'org_types': ['020006', '001001', '216001', '002', '212100', '020001'], 'subject_importance_list': None}]",北京四维图新科技股份有限公司
9a9b135006ba54ba,计算机股票研究：计算机国产大模型性能领先 场景应用加速落地,新浪财经,1735574400,0,http://stock.finance.sina.com.cn/stock/go.php/vReport_Show/kind/industry/rptid/788960745876/index.phtml,☆☆☆☆☆,"[{'full_name': '万兴科技集团股份有限公司', 'subject_importance': None, 'subject_risk': None, 'orgid': 'T000159214', 'subject_code': None, 'subject_name': None, 'emotion': 'NEU', 'subject_risk_list': [], 'org_types': ['020006', '001001', '212100', '216003', '002'], 'subject_importance_list': None}]",万兴科技集团股份有限公司
12ba3d8ab3f6e305,华为与数十家办公领域伙伴签约，携手加速鸿蒙生态办公领域数智化升级,中华网,1735528177,0,https://hea.china.com/article/20241230/122024_1623698.html,☆☆☆☆☆,"[{'full_name': '万兴科技集团股份有限公司', 'subject_importance': None, 'subject_risk': None, 'orgid': 'T000159214', 'subject_code': None, 'subject_name': None, 'emotion': 'NEU', 'subject_risk_list': [], 'org_types': ['020006', '001001', '002', '212100', '216003'], 'subject_importance_list': None}]",万兴科技集团股份有限公司
698d5d17e0afc21e,万兴科技旗下亿图脑图MindMaster鸿蒙版亮相华为系列活动 斩获双料大奖,科技快报,1735396800,0,http://news.ikanchai.com/2024/1228/612363.shtml,☆☆☆☆☆,"[{'full_name': '万兴科技集团股份有限公司', 'subject_importance': None, 'subject_risk': None, 'orgid': 'T000159214', 'subject_code': None, 'subject_name': None, 'emotion': 'NEU', 'subject_risk_list': [], 'org_types': ['001001', '020006', '212100', '216003', '002'], 'subject_importance_list': None}]",万兴科技集团股份有限公司
86f2077990e3ef9c,万兴科技：多款产品实现AI技术落地应用,金融界财经,1735304942,0,https://finance.jrj.com.cn/2024/12/27204846903045.shtml,☆☆☆☆☆,"[{'full_name': '万兴科技集团股份有限公司', 'subject_importance': None, 'subject_risk': None, 'orgid': 'T000159214', 'subject_code': None, 'subject_name': None, 'emotion': 'NEU', 'subject_risk_list': [], 'org_types': ['001001', '020006', '212100', '216003', '002'], 'subject_importance_list': None}]",万兴科技集团股份有限公司
5bce51181112edd,万兴科技：推动人工智能与数字创意融合,金融界财经,1735304942,0,https://finance.jrj.com.cn/2024/12/27204846903043.shtml,☆☆☆☆☆,"[{'full_name': '万兴科技集团股份有限公司', 'subject_importance': None, 'subject_risk': None, 'orgid': 'T000159214', 'subject_code': None, 'subject_name': None, 'emotion': 'NEU', 'subject_risk_list': [], 'org_types': ['001001', '020006', '212100', '216003', '002'], 'subject_importance_list': None}]",万兴科技集团股份有限公司
7a6e433577721fd5,"万兴科技：2023年公司扣非净利润8,968.31万元，同比增长817%",证券之星股票,1735304821,0,https://stock.stockstar.com/IG2024122700042835.shtml,☆☆☆☆☆,"[{'full_name': '万兴科技集团股份有限公司', 'subject_importance': None, 'subject_risk': None, 'orgid': 'T000159214', 'subject_code': None, 'subject_name': None, 'emotion': 'NEU', 'subject_risk_list': [], 'org_types': ['001001', '020006', '212100', '216003', '002'], 'subject_importance_list': None}]",万兴科技集团股份有限公司
cc12595629783303,万兴科技：公司此前已完成微软Azure OpenAI等大模型的接入,搜狐-四川省,1735304594,0,https://www.sohu.com/a/842647234_115362,☆☆☆☆☆,"[{'full_name': '万兴科技集团股份有限公司', 'subject_importance': None, 'subject_risk': None, 'orgid': 'T000159214', 'subject_code': None, 'subject_name': None, 'emotion': 'NEU', 'subject_risk_list': [], 'org_types': ['001001', '020006', '212100', '216003', '002'], 'subject_importance_list': None}]",万兴科技集团股份有限公司
20f3b7a5dce00618,万兴科技：公司持续推动人工智能技术与数字创意工具的深度融合,证券之星股票,1735304518,0,https://stock.stockstar.com/IG2024122700042622.shtml,☆☆☆☆☆,"[{'full_name': '万兴科技集团股份有限公司', 'subject_importance': None, 'subject_risk': None, 'orgid': 'T000159214', 'subject_code': None, 'subject_name': None, 'emotion': 'NEU', 'subject_risk_list': [], 'org_types': ['001001', '020006', '212100', '216003', '002'], 'subject_importance_list': None}]",万兴科技集团股份有限公司
1411b30fabe68698,万兴科技：公司在AI技术落地创新应用方面实现较多积累，涵盖文字、图片、音频、视频生成和编辑等多模态场景,证券之星股票,1735304515,0,https://stock.stockstar.com/IG2024122700042651.shtml,☆☆☆☆☆,"[{'full_name': '万兴科技集团股份有限公司', 'subject_importance': None, 'subject_risk': None, 'orgid': 'T000159214', 'subject_code': None, 'subject_name': None, 'emotion': 'NEU', 'subject_risk_list': [], 'org_types': ['001001', '020006', '212100', '216003', '002'], 'subject_importance_list': None}]",万兴科技集团股份有限公司
999548d1682157c7,（官方问答平台）万兴科技：公司积极拥抱AIGC发展浪潮，在持续自研垂类模型和AI算法的同时，公司始终保持开放的心态持续引入第三方大模型，此前已完成微软Azure OpenAI、百度、Minimax等通用大模型的接入，并已落地公司旗下多款产品支撑智能化功能升级……,同花顺金融研究中心,1735303806,0,,☆☆☆☆☆,"[{'full_name': '万兴科技集团股份有限公司', 'subject_importance': None, 'subject_risk': None, 'orgid': 'T000159214', 'subject_code': None, 'subject_name': None, 'emotion': 'NEU', 'subject_risk_list': [], 'org_types': ['001001', '020006', '212100', '216003', '002'], 'subject_importance_list': None}]",万兴科技集团股份有限公司
fcab4364ece72084,彩讯股份：深圳市每年发放最高5亿元的“训力券”意味着公司可以享受到政府的资金支持，降低相关成本,搜狐-四川省,1734968579,0,https://www.sohu.com/a/841045611_115362,☆☆☆☆☆,"[{'full_name': '彩讯科技股份有限公司', 'subject_importance': None, 'subject_risk': None, 'orgid': 'T000811758', 'subject_code': None, 'subject_name': None, 'emotion': 'NEU', 'subject_risk_list': [], 'org_types': ['212100', '216003', '020006', '001001'], 'subject_importance_list': None}]",彩讯科技股份有限公司
4394ce2f6b4e061a,彩讯股份：公司某项目已用到豆包大模型,证券之星股票,1734965269,0,https://stock.stockstar.com/IG2024122300035369.shtml,☆☆☆☆☆,"[{'full_name': '彩讯科技股份有限公司', 'subject_importance': None, 'subject_risk': None, 'orgid': 'T000811758', 'subject_code': None, 'subject_name': None, 'emotion': 'NEU', 'subject_risk_list': [], 'org_types': ['212100', '216003', '020006', '001001'], 'subject_importance_list': None}]",彩讯科技股份有限公司
e23f53c048a44ba6,（官方问答平台）彩讯股份：深圳市每年发放最高5亿元的“训力券”，用于降低人工智能模型研发和训练成本……,同花顺金融研究中心,1734963248,2,,☆☆☆☆☆,"[{'full_name': '彩讯科技股份有限公司', 'subject_importance': None, 'subject_risk': None, 'orgid': 'T000811758', 'subject_code': None, 'subject_name': None, 'emotion': 'NEU', 'subject_risk_list': [], 'org_types': ['212100', '216003', '020006', '001001'], 'subject_importance_list': None}]",彩讯科技股份有限公司
70dc6c4680ba475e,彩讯股份12月23日在互动平台表示，公司暂未在游戏业务方向布局。,新浪财经,1734960288,0,https://finance.sina.cn/7x24/2024-12-23/detail-ineankcr0387265.d.html,☆☆☆☆☆,"[{'full_name': '彩讯科技股份有限公司', 'subject_importance': None, 'subject_risk': None, 'orgid': 'T000811758', 'subject_code': None, 'subject_name': None, 'emotion': 'NEU', 'subject_risk_list': [], 'org_types': ['212100', '216003', '020006', '001001'], 'subject_importance_list': None}]",彩讯科技股份有限公司
371db5426b17153c,彩讯股份：公司暂未在游戏业务方向布局,金融界财经,1734954860,0,https://finance.jrj.com.cn/2024/12/23194646712584.shtml,☆☆☆☆☆,"[{'full_name': '彩讯科技股份有限公司', 'subject_importance': None, 'subject_risk': None, 'orgid': 'T000811758', 'subject_code': None, 'subject_name': None, 'emotion': 'NEU', 'subject_risk_list': [], 'org_types': ['212100', '216003', '020006', '001001'], 'subject_importance_list': None}]",彩讯科技股份有限公司
341e7960b3b5a209,（官方问答平台）彩讯股份：公司暂未在游戏业务方向布局……,同花顺金融研究中心,1734954602,0,,☆☆☆☆☆,"[{'full_name': '彩讯科技股份有限公司', 'subject_importance': None, 'subject_risk': None, 'orgid': 'T000811758', 'subject_code': None, 'subject_name': None, 'emotion': 'NEU', 'subject_risk_list': [], 'org_types': ['212100', '216003', '020006', '001001'], 'subject_importance_list': None}]",彩讯科技股份有限公司
47ee6b74cc3eb187,彩讯股份(300634.SZ)：公司暂未在游戏业务方向布局,格隆汇资讯-公司信息,1734954536,0,https://www.gelonghui.com/news/4915690,☆☆☆☆☆,"[{'full_name': '彩讯科技股份有限公司', 'subject_importance': None, 'subject_risk': None, 'orgid': 'T000811758', 'subject_code': None, 'subject_name': None, 'emotion': 'NEU', 'subject_risk_list': [], 'org_types': ['212100', '216003', '020006', '001001'], 'subject_importance_list': None}]",彩讯科技股份有限公司
b56870fc2f3b9b83,"（官方问答平台）彩讯股份：截止2024年12月20日公司登记在册的股东总数为43,088户……",同花顺金融研究中心,1734947043,0,,☆☆☆☆☆,"[{'full_name': '彩讯科技股份有限公司', 'subject_importance': None, 'subject_risk': None, 'orgid': 'T000811758', 'subject_code': None, 'subject_name': None, 'emotion': 'NEU', 'subject_risk_list': [], 'org_types': ['212100', '216003', '020006', '001001'], 'subject_importance_list': None}]",彩讯科技股份有限公司
919f85946e3d548f,2024年12月23日，彩讯股份日内振幅超过7%,同花顺金融研究中心,1734930427,2,,★★☆☆☆,"[{'full_name': '彩讯科技股份有限公司', 'subject_importance': 2, 'subject_risk': '市场预警--交易异常波动', 'orgid': 'T000811758', 'subject_code': None, 'subject_name': None, 'emotion': 'NEG', 'subject_risk_list': ['R00003', 'R00003007'], 'org_types': ['001001', '020006', '212100', '216003'], 'subject_importance_list': ['stock@2']}]",彩讯科技股份有限公司
b3ec316f5e26000f,彩讯股份：12月20日获融资买入9329.66万元，占当日流入资金比例30.8%,同花顺iNews,1734915544,0,http://stock.10jqka.com.cn/20241223/c664761820.shtml,☆☆☆☆☆,"[{'full_name': '彩讯科技股份有限公司', 'subject_importance': None, 'subject_risk': None, 'orgid': 'T000811758', 'subject_code': None, 'subject_name': None, 'emotion': 'NEU', 'subject_risk_list': [], 'org_types': ['212100', '216003', '020006', '001001'], 'subject_importance_list': None}]",彩讯科技股份有限公司
ddc4343a536431c8,久远银海新注册《医保政策运行模拟与基金收支预测系统V1.0》项目的软件著作权,证券之星,1735405334,0,https://wap.stockstar.com/detail/RB2024122900000022,☆☆☆☆☆,"[{'full_name': '四川久远银海软件股份有限公司', 'subject_importance': None, 'subject_risk': None, 'orgid': 'T000062804', 'subject_code': None, 'subject_name': None, 'emotion': 'NEU', 'subject_risk_list': [], 'org_types': ['001001', '212100', '216001', '020006', '020001'], 'subject_importance_list': None}]",四川久远银海软件股份有限公司
db79607fa210e6aa,久远银海荣获“四川省总部企业”、“四川企业技术创新发展能力百强”等多项荣誉,微信-久远银海,1735378733,0,https://mp.weixin.qq.com/s?__biz=MzkxMTI1MDUwMQ==&idx=1&mid=2247559910&sn=3a4fdd5e6fe6e0b1d8c5fe0487737e5d,☆☆☆☆☆,"[{'full_name': '四川久远银海软件股份有限公司', 'subject_importance': None, 'subject_risk': None, 'orgid': 'T000062804', 'subject_code': None, 'subject_name': None, 'emotion': 'NEU', 'subject_risk_list': [], 'org_types': ['001001', '212100', '216001', '020006', '020001'], 'subject_importance_list': None}]",四川久远银海软件股份有限公司
212afa038b543752,喜讯！久远银海上榜成都优秀大模型应用场景企业名单！,微信-久远银海,1735204321,0,https://mp.weixin.qq.com/s?__biz=MzkxMTI1MDUwMQ==&idx=1&mid=2247559887&sn=a68a7e35e3ec4563e02732b20444dda6,☆☆☆☆☆,"[{'full_name': '四川久远银海软件股份有限公司', 'subject_importance': None, 'subject_risk': None, 'orgid': 'T000062804', 'subject_code': None, 'subject_name': None, 'emotion': 'NEU', 'subject_risk_list': [], 'org_types': ['001001', '212100', '216001', '020006', '020001'], 'subject_importance_list': None}]",四川久远银海软件股份有限公司
59087bb0d901f0e9,久远银海：2024年公司聚焦“医疗医保、数字政务、智慧城市”三大战略板块，持续加大研发投入,网易,1735197105,0,https://www.163.com/dy/article/JKBH4PV50512B07B.html,☆☆☆☆☆,"[{'full_name': '四川久远银海软件股份有限公司', 'subject_importance': None, 'subject_risk': None, 'orgid': 'T000062804', 'subject_code': None, 'subject_name': None, 'emotion': 'NEU', 'subject_risk_list': [], 'org_types': ['001001', '212100', '216001', '020006', '020001'], 'subject_importance_list': None}]",四川久远银海软件股份有限公司
65dc81e07942e813,久远银海:2024年研发项目持续推进，回款进度稳步，经营目标有信心达成,新浪财经,1735188616,0,https://finance.sina.com.cn/stock/relnews/dongmiqa/2024-12-26/doc-ineaueaw8082071.shtml,☆☆☆☆☆,"[{'full_name': '四川久远银海软件股份有限公司', 'subject_importance': None, 'subject_risk': None, 'orgid': 'T000062804', 'subject_code': None, 'subject_name': None, 'emotion': 'NEU', 'subject_risk_list': [], 'org_types': ['001001', '212100', '216001', '020006', '020001'], 'subject_importance_list': None}]",四川久远银海软件股份有限公司
186ac67c0683f715,久远银海：2024年公司聚焦医疗医保数字政务智慧城市三大战略板块,证券之星股票,1735188441,0,https://stock.stockstar.com/IG2024122600016554.shtml,☆☆☆☆☆,"[{'full_name': '四川久远银海软件股份有限公司', 'subject_importance': None, 'subject_risk': None, 'orgid': 'T000062804', 'subject_code': None, 'subject_name': None, 'emotion': 'NEU', 'subject_risk_list': [], 'org_types': ['001001', '212100', '216001', '020006', '020001'], 'subject_importance_list': None}]",四川久远银海软件股份有限公司
98d13c1bae1ff94b,（官方问答平台）久远银海：2024年公司聚焦“医疗医保、数字政务、智慧城市”三大战略板块，持续加大研发投入，积极推进项目实施及回款等各项工作，同时通过加强内部管控力度、人员优化、降本增效等措施，努力保持公司经营稳定、健康发展，谢谢……,同花顺金融研究中心,1735187642,0,,☆☆☆☆☆,"[{'full_name': '四川久远银海软件股份有限公司', 'subject_importance': None, 'subject_risk': None, 'orgid': 'T000062804', 'subject_code': None, 'subject_name': None, 'emotion': 'NEU', 'subject_risk_list': [], 'org_types': ['001001', '212100', '216001', '020006', '020001'], 'subject_importance_list': None}]",四川久远银海软件股份有限公司
2dd1ee06e87f4ee3,久远银海：聚焦三大战略板块推进项目实施,金融界财经,1735187619,0,https://finance.jrj.com.cn/2024/12/26122946834183.shtml,☆☆☆☆☆,"[{'full_name': '四川久远银海软件股份有限公司', 'subject_importance': None, 'subject_risk': None, 'orgid': 'T000062804', 'subject_code': None, 'subject_name': None, 'emotion': 'NEU', 'subject_risk_list': [], 'org_types': ['001001', '212100', '216001', '020006', '020001'], 'subject_importance_list': None}]",四川久远银海软件股份有限公司
dceabf1a3cdfc061,大模型·大未来｜久远银海肖华荣：大模型技术在民生服务领域应用前景广阔,网易,1735127924,0,https://www.163.com/dy/article/JK9F95MH0511U82T.html?spss=dy_author,☆☆☆☆☆,"[{'full_name': '四川久远银海软件股份有限公司', 'subject_importance': None, 'subject_risk': None, 'orgid': 'T000062804', 'subject_code': None, 'subject_name': None, 'emotion': 'NEU', 'subject_risk_list': [], 'org_types': ['001001', '212100', '216001', '020006', '020001'], 'subject_importance_list': None}]",四川久远银海软件股份有限公司
cd0231885ae90332,久远银海新注册《民政数据资产门户软件V1.0》项目的软件著作权,证券之星,1735061361,0,https://wap.stockstar.com/detail/RB2024122500000617,☆☆☆☆☆,"[{'full_name': '四川久远银海软件股份有限公司', 'subject_importance': None, 'subject_risk': None, 'orgid': 'T000062804', 'subject_code': None, 'subject_name': None, 'emotion': 'NEU', 'subject_risk_list': [], 'org_types': ['001001', '212100', '216001', '020006', '020001'], 'subject_importance_list': None}]",四川久远银海软件股份有限公司
eb7f264c31b1546c,恒华科技：德胜无忧养老平台现已停止使用,同花顺iNews,1735563009,0,http://yuanchuang.10jqka.com.cn/20241230/c665029605.shtml,☆☆☆☆☆,"[{'full_name': '北京恒华伟业科技股份有限公司', 'subject_importance': None, 'subject_risk': None, 'orgid': 'T000058552', 'subject_code': None, 'subject_name': None, 'emotion': 'NEU', 'subject_risk_list': [], 'org_types': ['216003', '001001', '020006', '212100'], 'subject_importance_list': None}]",北京恒华伟业科技股份有限公司
62fd00141d1131e5,（官方问答平台）恒华科技：公司作为“BIM平台软件及行业数字化应用和运营服务商”，深度挖掘不同行业数字化转型需求，持续开展自主BIM核心技术与大数据、物联网、云计算、人工智能、区块链等技术和理念的融合，积极服务智慧城市建设，聚焦能源大数据分析与增值服务，开展基于电力大数据征信、能源数据分析、用电行为分析等电力垂直细分领域大数据应用，以及面向生态环境管理部门、重点用能企业的双碳智慧应用服务……,同花顺金融研究中心,1735562884,0,,☆☆☆☆☆,"[{'full_name': '北京恒华伟业科技股份有限公司', 'subject_importance': None, 'subject_risk': None, 'orgid': 'T000058552', 'subject_code': None, 'subject_name': None, 'emotion': 'NEU', 'subject_risk_list': [], 'org_types': ['216003', '001001', '020006', '212100'], 'subject_importance_list': None}]",北京恒华伟业科技股份有限公司
dd8feefd394ab0c8,（官方问答平台）恒华科技：公司是一家“BIM平台软件及行业数字化应用和运营服务商”，主要面向电力、水利、交通等行业提供BIM平台软件及行业数字化应用服务，恒华售电（上海）有限公司为公司全资子公司……,同花顺金融研究中心,1735531685,0,,☆☆☆☆☆,"[{'full_name': '北京恒华伟业科技股份有限公司', 'subject_importance': None, 'subject_risk': None, 'orgid': 'T000058552', 'subject_code': None, 'subject_name': None, 'emotion': 'NEU', 'subject_risk_list': [], 'org_types': ['216003', '001001', '020006', '212100'], 'subject_importance_list': None}]",北京恒华伟业科技股份有限公司
c72794fca2fcb46a,（官方问答平台）恒华科技：公司持有武汉同鑫力诚创业投资中心（有限合伙）3.96%的股份，感谢您的关注……,同花顺金融研究中心,1735531685,0,,☆☆☆☆☆,"[{'full_name': '北京恒华伟业科技股份有限公司', 'subject_importance': None, 'subject_risk': None, 'orgid': 'T000058552', 'subject_code': None, 'subject_name': None, 'emotion': 'NEU', 'subject_risk_list': [], 'org_types': ['216003', '001001', '020006', '212100'], 'subject_importance_list': None}]",北京恒华伟业科技股份有限公司
7f42f570c8ee1404,（官方问答平台）恒华科技：公司持有珠海政采软件技术有限公司37.30%的股份，感谢您的关注……,同花顺金融研究中心,1735531685,0,,☆☆☆☆☆,"[{'full_name': '北京恒华伟业科技股份有限公司', 'subject_importance': None, 'subject_risk': None, 'orgid': 'T000058552', 'subject_code': None, 'subject_name': None, 'emotion': 'NEU', 'subject_risk_list': [], 'org_types': ['216003', '001001', '020006', '212100'], 'subject_importance_list': None}]",北京恒华伟业科技股份有限公司
309052c3dccd7d64,"（官方问答平台）恒华科技：公司于2018年作为基石投资者参与认购四川能投发展股份有限公司在香港联合交易所的首次公开发行股份5,536.60万股……",同花顺金融研究中心,1735531685,0,,☆☆☆☆☆,"[{'full_name': '北京恒华伟业科技股份有限公司', 'subject_importance': None, 'subject_risk': None, 'orgid': 'T000058552', 'subject_code': None, 'subject_name': None, 'emotion': 'NEU', 'subject_risk_list': [], 'org_types': ['216003', '001001', '020006', '212100'], 'subject_importance_list': None}]",北京恒华伟业科技股份有限公司
9f11671ea3701fca,（官方问答平台）恒华科技：公司重点聚焦电力行业，保持在电网端的业务优势，巩固提升BIM平台软件、设计咨询、行业数智化等核心主业，促进公司业务稳健发展，提质增效，同时发力拓展新能源及用户侧市场……,同花顺金融研究中心,1735529647,0,,☆☆☆☆☆,"[{'full_name': '北京恒华伟业科技股份有限公司', 'subject_importance': None, 'subject_risk': None, 'orgid': 'T000058552', 'subject_code': None, 'subject_name': None, 'emotion': 'NEU', 'subject_risk_list': [], 'org_types': ['216003', '001001', '020006', '212100'], 'subject_importance_list': None}]",北京恒华伟业科技股份有限公司
5cb2637a5cf63fe6,（官方问答平台）恒华科技：公司布局的无人机相关业务包括借助无人机实现电网及新能源规划设计、巡检等工作，以及应用无人机替代人员进行高空、高危环境作业等，有效提升工作效率，降低运维成本，实现设计、巡检工作自动化流程……,同花顺金融研究中心,1735529647,2,,☆☆☆☆☆,"[{'full_name': '北京恒华伟业科技股份有限公司', 'subject_importance': None, 'subject_risk': None, 'orgid': 'T000058552', 'subject_code': None, 'subject_name': None, 'emotion': 'NEU', 'subject_risk_list': [], 'org_types': ['216003', '001001', '020006', '212100'], 'subject_importance_list': None}]",北京恒华伟业科技股份有限公司
fdc20c6a44dd13d7,（官方问答平台）恒华科技：近日公司与山西八建集团有限公司组成的联合体中标了华润和顺200MW风光互补项目，其中公司作为联合体成员负责该项目的设计环节，对应的合同金额占比较小，目前合同正在签订中……,同花顺金融研究中心,1735529647,0,,☆☆☆☆☆,"[{'full_name': '北京恒华伟业科技股份有限公司', 'subject_importance': None, 'subject_risk': None, 'orgid': 'T000058552', 'subject_code': None, 'subject_name': None, 'emotion': 'NEU', 'subject_risk_list': [], 'org_types': ['216003', '001001', '020006', '212100'], 'subject_importance_list': None}]",北京恒华伟业科技股份有限公司
5f867c072a23508c,喜报！恒华科技荣登2024北京企业百强榜单,微信-恒华科技300365,1735288825,0,https://mp.weixin.qq.com/s?__biz=MzkzNzgxMjU3Mg==&idx=1&mid=2247488104&sn=60ac5c58efe5ffb41707551126dce1c8,☆☆☆☆☆,"[{'full_name': '北京恒华伟业科技股份有限公司', 'subject_importance': None, 'subject_risk': None, 'orgid': 'T000058552', 'subject_code': None, 'subject_name': None, 'emotion': 'NEU', 'subject_risk_list': [], 'org_types': ['216003', '001001', '020006', '212100'], 'subject_importance_list': None}]",北京恒华伟业科技股份有限公司
9a9b135006ba54ba,计算机股票研究：计算机国产大模型性能领先 场景应用加速落地,新浪财经,1735574400,0,http://stock.finance.sina.com.cn/stock/go.php/vReport_Show/kind/industry/rptid/788960745876/index.phtml,☆☆☆☆☆,"[{'full_name': '虹软科技股份有限公司', 'subject_importance': None, 'subject_risk': None, 'orgid': 'T003041965', 'subject_code': None, 'subject_name': None, 'emotion': 'NEU', 'subject_risk_list': [], 'org_types': ['020003', '001001', '216011', '212001', '020011'], 'subject_importance_list': None}]",虹软科技股份有限公司
570f6aa4ee246d4f,2024年12月30日，虹软科技日内振幅超过7%,同花顺金融研究中心,1735524484,2,,★★☆☆☆,"[{'full_name': '虹软科技股份有限公司', 'subject_importance': 2, 'subject_risk': '市场预警--交易异常波动', 'orgid': 'T003041965', 'subject_code': None, 'subject_name': None, 'emotion': 'NEG', 'subject_risk_list': ['R00003', 'R00003007'], 'org_types': ['020003', '020011', '001001', '212001', '216011'], 'subject_importance_list': ['stock@2']}]",虹软科技股份有限公司
5d361f34c0441bef,对话欧冶半导体CEO高峰：探寻商业与技术的平衡，引领智能汽车“芯”未来,微信-福布斯,1735119548,0,https://mp.weixin.qq.com/s?__biz=MzIwODU2NjQ5Mw==&idx=2&mid=2247611216&sn=544e100c8cc3264beb45f812bcd55deb,☆☆☆☆☆,"[{'full_name': '虹软科技股份有限公司', 'subject_importance': None, 'subject_risk': None, 'orgid': 'T003041965', 'subject_code': None, 'subject_name': None, 'emotion': 'NEU', 'subject_risk_list': [], 'org_types': ['212001', '020011', '020003', '216011', '001001'], 'subject_importance_list': None}]",虹软科技股份有限公司
2eb47657ee4fe615,2024年12月25日，虹软科技日内振幅超过7%,同花顺金融研究中心,1735104249,2,,★★☆☆☆,"[{'full_name': '虹软科技股份有限公司', 'subject_importance': 2, 'subject_risk': '市场预警--交易异常波动', 'orgid': 'T003041965', 'subject_code': None, 'subject_name': None, 'emotion': 'NEG', 'subject_risk_list': ['R00003', 'R00003007'], 'org_types': ['020003', '020011', '001001', '212001', '216011'], 'subject_importance_list': ['stock@2']}]",虹软科技股份有限公司
ffa60e91e39acfea,2024年12月24日，虹软科技日内振幅超过7%,同花顺金融研究中心,1735016526,2,,★★☆☆☆,"[{'full_name': '虹软科技股份有限公司', 'subject_importance': 2, 'subject_risk': '市场预警--交易异常波动', 'orgid': 'T003041965', 'subject_code': None, 'subject_name': None, 'emotion': 'NEG', 'subject_risk_list': ['R00003', 'R00003007'], 'org_types': ['020003', '020011', '001001', '212001', '216011'], 'subject_importance_list': ['stock@2']}]",虹软科技股份有限公司
d8ec1b6b7a11b3b5,虹软科技：公司专注于计算机视觉领域，为行业提供算法授权及系统解决方案,证券之星股票,1734946135,0,http://stock.stockstar.com/RB2024122300024182.shtml,☆☆☆☆☆,"[{'full_name': '虹软科技股份有限公司', 'subject_importance': None, 'subject_risk': None, 'orgid': 'T003041965', 'subject_code': None, 'subject_name': None, 'emotion': 'NEU', 'subject_risk_list': [], 'org_types': ['020003', '216011', '212001', '001001', '020011'], 'subject_importance_list': None}]",虹软科技股份有限公司
d50249363a456179,虹软科技：在VR/MR/AR智能可穿戴设备上布局算法解决方案,证券之星股票,1734946120,0,http://stock.stockstar.com/RB2024122300024169.shtml,☆☆☆☆☆,"[{'full_name': '虹软科技股份有限公司', 'subject_importance': None, 'subject_risk': None, 'orgid': 'T003041965', 'subject_code': None, 'subject_name': None, 'emotion': 'NEU', 'subject_risk_list': [], 'org_types': ['020003', '216011', '212001', '001001', '020011'], 'subject_importance_list': None}]",虹软科技股份有限公司
6eb21cb68b972155,虹软科技：公司可以提供大部分主流智能手机的视觉人工智能算法产品和技术,证券之星股票,1734945739,0,https://stock.stockstar.com/IG2024122300023286.shtml,☆☆☆☆☆,"[{'full_name': '虹软科技股份有限公司', 'subject_importance': None, 'subject_risk': None, 'orgid': 'T003041965', 'subject_code': None, 'subject_name': None, 'emotion': 'NEU', 'subject_risk_list': [], 'org_types': ['020003', '216011', '212001', '001001', '020011'], 'subject_importance_list': None}]",虹软科技股份有限公司
65ba83dd564d9b90,虹软科技(688088.SH)：目前已经成为国内基于高通智能座舱平台上的主流视觉算法供应商,格隆汇资讯-公司信息,1734945350,0,https://www.gelonghui.com/news/4915444,☆☆☆☆☆,"[{'full_name': '虹软科技股份有限公司', 'subject_importance': None, 'subject_risk': None, 'orgid': 'T003041965', 'subject_code': None, 'subject_name': None, 'emotion': 'NEU', 'subject_risk_list': [], 'org_types': ['020003', '216011', '212001', '001001', '020011'], 'subject_importance_list': None}]",虹软科技股份有限公司
58d7afc845195873,虹软科技：在XR领域公司与多家业界头部厂商保持密切沟通和交流,证券之星股票,1734945129,0,https://stock.stockstar.com/IG2024122300022780.shtml,☆☆☆☆☆,"[{'full_name': '虹软科技股份有限公司', 'subject_importance': None, 'subject_risk': None, 'orgid': 'T003041965', 'subject_code': None, 'subject_name': None, 'emotion': 'NEU', 'subject_risk_list': [], 'org_types': ['020003', '216011', '212001', '001001', '020011'], 'subject_importance_list': None}]",虹软科技股份有限公司
9649d5b2bfe577f0,中科创达：公司推出的RUBIK AI Glass Lite版解决方案，已获得品牌客户的选型合作,和讯股票,1735573381,0,https://stock.hexun.com/2024-12-30/216510940.html,☆☆☆☆☆,"[{'full_name': '中科创达软件股份有限公司', 'subject_importance': None, 'subject_risk': None, 'orgid': 'T000126521', 'subject_code': None, 'subject_name': None, 'emotion': 'NEU', 'subject_risk_list': [], 'org_types': ['001001', '020011', '020006', '212100', '216003'], 'subject_importance_list': None}]",中科创达软件股份有限公司
d8914318f6883b3e,（官方问答平台）中科创达：公司推出的RUBIK AI Glass Lite版解决方案，已获得品牌客户的选型合作……,同花顺金融研究中心,1735563009,0,,☆☆☆☆☆,"[{'full_name': '中科创达软件股份有限公司', 'subject_importance': None, 'subject_risk': None, 'orgid': 'T000126521', 'subject_code': None, 'subject_name': None, 'emotion': 'NEU', 'subject_risk_list': [], 'org_types': ['001001', '020011', '020006', '212100', '216003'], 'subject_importance_list': None}]",中科创达软件股份有限公司
d6a8f67f6114e41,（官方问答平台）中科创达：MR（混合现实）、XR（扩展现实）和AR（增强现实）是构建元宇宙的关键技术……,同花顺金融研究中心,1735563009,0,,☆☆☆☆☆,"[{'full_name': '中科创达软件股份有限公司', 'subject_importance': None, 'subject_risk': None, 'orgid': 'T000126521', 'subject_code': None, 'subject_name': None, 'emotion': 'NEU', 'subject_risk_list': [], 'org_types': ['001001', '020011', '020006', '212100', '216003'], 'subject_importance_list': None}]",中科创达软件股份有限公司
954463c223ea2971,聚焦新质生产力赛道 私募机构密集调研,中国证券报,1735511059,0,https://epaper.cs.com.cn/zgzqb/html/2024-12/30/nw.D110000zgzqb_20241230_2-J07.htm,☆☆☆☆☆,"[{'full_name': '中科创达软件股份有限公司', 'subject_importance': None, 'subject_risk': None, 'orgid': 'T000126521', 'subject_code': None, 'subject_name': None, 'emotion': 'NEU', 'subject_risk_list': [], 'org_types': ['212100', '001001', '020006', '020011', '216003'], 'subject_importance_list': None}]",中科创达软件股份有限公司
4e2371c46f263d8a,中科创达：公司参与的安创基金有投资宇树科技,腾讯证券,1735305730,0,http://gu.qq.com/resources/shy/news/detail-v2/index.html#/?id=nesSN202412271425259851327a&s=b,☆☆☆☆☆,"[{'full_name': '中科创达软件股份有限公司', 'subject_importance': None, 'subject_risk': None, 'orgid': 'T000126521', 'subject_code': None, 'subject_name': None, 'emotion': 'NEU', 'subject_risk_list': [], 'org_types': ['001001', '020011', '020006', '212100', '216003'], 'subject_importance_list': None}]",中科创达软件股份有限公司
894a05a14ade6163,中科创达(300496.SZ)：公司参与的安创基金有投资宇树科技,格隆汇资讯-公司信息,1735280726,0,https://www.gelonghui.com/news/4917857,☆☆☆☆☆,"[{'full_name': '中科创达软件股份有限公司', 'subject_importance': None, 'subject_risk': None, 'orgid': 'T000126521', 'subject_code': None, 'subject_name': None, 'emotion': 'NEU', 'subject_risk_list': [], 'org_types': ['001001', '020011', '020006', '212100', '216003'], 'subject_importance_list': None}]",中科创达软件股份有限公司
d181c1c9c33b588f,中科创达：通过安创基金投资宇树科技,金融界财经,1735272154,0,https://finance.jrj.com.cn/2024/12/27113346875623.shtml,☆☆☆☆☆,"[{'full_name': '中科创达软件股份有限公司', 'subject_importance': None, 'subject_risk': None, 'orgid': 'T000126521', 'subject_code': None, 'subject_name': None, 'emotion': 'NEU', 'subject_risk_list': [], 'org_types': ['001001', '020011', '020006', '212100', '216003'], 'subject_importance_list': None}]",中科创达软件股份有限公司
9c818b0689269c04,"（官方问答平台）中科创达：中科创达作为火山引擎的重要生态合作伙伴受邀参与了12月18日至19日在上海召开的""2024火山引擎FORCE原动力大会·冬"", 并在会上展示了与火山引擎共创的端云结合 AI 座舱解决方案的最新成果……",同花顺金融研究中心,1735270448,0,,☆☆☆☆☆,"[{'full_name': '中科创达软件股份有限公司', 'subject_importance': None, 'subject_risk': None, 'orgid': 'T000126521', 'subject_code': None, 'subject_name': None, 'emotion': 'NEU', 'subject_risk_list': [], 'org_types': ['001001', '020011', '020006', '212100', '216003'], 'subject_importance_list': None}]",中科创达软件股份有限公司
1b4f67638242b2f6,（官方问答平台）中科创达：公司参与的安创基金有投资宇树科技……,同花顺金融研究中心,1735270448,0,,☆☆☆☆☆,"[{'full_name': '中科创达软件股份有限公司', 'subject_importance': None, 'subject_risk': None, 'orgid': 'T000126521', 'subject_code': None, 'subject_name': None, 'emotion': 'NEU', 'subject_risk_list': [], 'org_types': ['001001', '020011', '020006', '212100', '216003'], 'subject_importance_list': None}]",中科创达软件股份有限公司
76912aa95326a94f,2024年12月27日，中科创达日内振幅超过7%,同花顺金融研究中心,1735265403,2,,★★☆☆☆,"[{'full_name': '中科创达软件股份有限公司', 'subject_importance': 2, 'subject_risk': '市场预警--交易异常波动', 'orgid': 'T000126521', 'subject_code': None, 'subject_name': None, 'emotion': 'NEG', 'subject_risk_list': ['R00003', 'R00003007'], 'org_types': ['001001', '212100', '020006', '216003', '020011'], 'subject_importance_list': ['stock@2']}]",中科创达软件股份有限公司
c3c51c91a74e54f,“A股网红”川大智胜或借“低空计划”爆发？,donews,1735290000,0,https://www.donews.com/news/detail/1/4661991.html,☆☆☆☆☆,"[{'full_name': '四川川大智胜软件股份有限公司', 'subject_importance': None, 'subject_risk': None, 'orgid': '00071668', 'subject_code': None, 'subject_name': None, 'emotion': 'NEU', 'subject_risk_list': [], 'org_types': ['020006', '001001', '216001', '212100'], 'subject_importance_list': None}]",四川川大智胜软件股份有限公司
452f171d1c90a99d,川大智胜：2025年1月10日将召开2025年第一次临时股东大会,证券日报,1735206024,0,http://www.zqrb.cn/gscy/ggkx/2024-12-26/A1735203693973.html,☆☆☆☆☆,"[{'full_name': '四川川大智胜软件股份有限公司', 'subject_importance': None, 'subject_risk': None, 'orgid': '00071668', 'subject_code': None, 'subject_name': None, 'emotion': 'NEU', 'subject_risk_list': [], 'org_types': ['020006', '001001', '216001', '212100'], 'subject_importance_list': None}]",四川川大智胜软件股份有限公司
73d18181833ae282,注意！川大智胜将于2025年1月10日召开股东大会,网易,1735121495,0,https://www.163.com/dy/article/JK98VRTI0512B07B.html,☆☆☆☆☆,"[{'full_name': '四川川大智胜软件股份有限公司', 'subject_importance': None, 'subject_risk': None, 'orgid': '00071668', 'subject_code': None, 'subject_name': None, 'emotion': 'NEU', 'subject_risk_list': [], 'org_types': ['020006', '001001', '216001', '212100'], 'subject_importance_list': None}]",四川川大智胜软件股份有限公司
fe8458c6c25d34c0,川大智胜：12月25日召开董事会会议,网易,1735121494,0,https://www.163.com/dy/article/JK98VS5V0512B07B.html,☆☆☆☆☆,"[{'full_name': '四川川大智胜软件股份有限公司', 'subject_importance': None, 'subject_risk': None, 'orgid': '00071668', 'subject_code': None, 'subject_name': None, 'emotion': 'NEU', 'subject_risk_list': [], 'org_types': ['020006', '001001', '216001', '212100'], 'subject_importance_list': None}]",四川川大智胜软件股份有限公司
f9f21c1edb53a215,2024年12月23日川大智胜(002253)盘中跌停,同花顺金融研究中心,1734936608,2,,★★☆☆☆,"[{'full_name': '四川川大智胜软件股份有限公司', 'subject_importance': 2, 'subject_risk': '市场预警--交易异常波动', 'orgid': '00071668', 'subject_code': None, 'subject_name': None, 'emotion': 'NEG', 'subject_risk_list': ['R00003', 'R00003007'], 'org_types': ['212100', '216001', '020006', '001001'], 'subject_importance_list': ['stock@2']}]",四川川大智胜软件股份有限公司
4b7c253d89eb063c,2024年12月23日，川大智胜日内振幅超过7%,同花顺金融研究中心,1734933608,2,,★★☆☆☆,"[{'full_name': '四川川大智胜软件股份有限公司', 'subject_importance': 2, 'subject_risk': '市场预警--交易异常波动', 'orgid': '00071668', 'subject_code': None, 'subject_name': None, 'emotion': 'NEG', 'subject_risk_list': ['R00003', 'R00003007'], 'org_types': ['212100', '216001', '020006', '001001'], 'subject_importance_list': ['stock@2']}]",四川川大智胜软件股份有限公司
2d92d090bc84496c,浙江大华技术取得自清洁视窗及拍摄设备专利，阻止生物在视窗主体上附着并生长,搜狐-北京市,1735374902,0,https://www.sohu.com/a/842868244_114984,☆☆☆☆☆,"[{'full_name': '浙江大华技术股份有限公司', 'subject_importance': None, 'subject_risk': None, 'orgid': '03134713', 'subject_code': None, 'subject_name': None, 'emotion': 'NEU', 'subject_risk_list': [], 'org_types': ['216001', '001001', '020006', '212100'], 'subject_importance_list': None}]",浙江大华技术股份有限公司
a1176720f686e7b2,大华股份新注册《大华物联工作台引擎软件V1.0》等3个项目的软件著作权,证券之星,1735322841,0,https://wap.stockstar.com/detail/RB2024122800003276,☆☆☆☆☆,"[{'full_name': '浙江大华技术股份有限公司', 'subject_importance': None, 'subject_risk': None, 'orgid': '03134713', 'subject_code': None, 'subject_name': None, 'emotion': 'NEU', 'subject_risk_list': [], 'org_types': ['216001', '001001', '020006', '212100'], 'subject_importance_list': None}]",浙江大华技术股份有限公司
d975f2e03b18f7a2,大华股份新注册《大华开放数据授权系统软件V1.0》等4个项目的软件著作权,证券之星,1735322841,0,https://wap.stockstar.com/detail/RB2024122800003274,☆☆☆☆☆,"[{'full_name': '浙江大华技术股份有限公司', 'subject_importance': None, 'subject_risk': None, 'orgid': '03134713', 'subject_code': None, 'subject_name': None, 'emotion': 'NEU', 'subject_risk_list': [], 'org_types': ['216001', '001001', '020006', '212100'], 'subject_importance_list': None}]",浙江大华技术股份有限公司
e1449f3359e5a860,大华股份通过ISO 37301合规管理体系认证,微信-大华股份,1735286659,0,https://mp.weixin.qq.com/s?__biz=MjM5NzEwMjYxMQ==&idx=1&mid=2650307124&sn=5ff24fc17368b0b9e4431005d3fd398a,☆☆☆☆☆,"[{'full_name': '浙江大华技术股份有限公司', 'subject_importance': None, 'subject_risk': None, 'orgid': '03134713', 'subject_code': None, 'subject_name': None, 'emotion': 'NEU', 'subject_risk_list': [], 'org_types': ['216001', '001001', '020006', '212100'], 'subject_importance_list': None}]",浙江大华技术股份有限公司
3844b773ade41bbc,大华股份荣获中国创新方法大赛一等奖,电子发烧友网,1735284995,0,https://www.elecfans.com/d/6411662.html,☆☆☆☆☆,"[{'full_name': '浙江大华技术股份有限公司', 'subject_importance': None, 'subject_risk': None, 'orgid': '03134713', 'subject_code': None, 'subject_name': None, 'emotion': 'NEU', 'subject_risk_list': [], 'org_types': ['216001', '001001', '020006', '212100'], 'subject_importance_list': None}]",浙江大华技术股份有限公司
c529be66d39804b,中安科子公司泰国卫安与大华股份泰国分公司签署合作协议,微信-中安科股份有限公司,1735088580,0,https://mp.weixin.qq.com/s?__biz=MzkzODUwNzE1OA==&idx=1&mid=2247498083&sn=629f5a080321f44c9dbae8917c83cf71,☆☆☆☆☆,"[{'full_name': '浙江大华技术股份有限公司', 'subject_importance': None, 'subject_risk': None, 'orgid': '03134713', 'subject_code': None, 'subject_name': None, 'emotion': 'NEU', 'subject_risk_list': [], 'org_types': ['216001', '001001', '020006', '212100'], 'subject_importance_list': None}]",浙江大华技术股份有限公司
43410c84b5e46c97,“大华”和“海康”退出新疆，安防如何突围？,网易,1735047815,2,https://www.163.com/dy/article/JK72NJG20552RVU3.html,★★★☆☆,"[{'full_name': '浙江大华技术股份有限公司', 'subject_importance': 3, 'subject_risk': '市场预警--舆论预警', 'orgid': '03134713', 'subject_code': None, 'subject_name': None, 'emotion': 'NEG', 'subject_risk_list': ['R00003', 'R00003034'], 'org_types': ['216001', '001001', '020006', '212100'], 'subject_importance_list': ['stock@3']}]",浙江大华技术股份有限公司
aa85ceb413af3804,百亿母基金三亚发布 助推产业高质量发展,南海网,1735043795,0,http://www.hinews.cn/news/system/2024/12/24/033245121.shtml,☆☆☆☆☆,"[{'full_name': '浙江大华技术股份有限公司', 'subject_importance': None, 'subject_risk': None, 'orgid': '03134713', 'subject_code': None, 'subject_name': None, 'emotion': 'NEU', 'subject_risk_list': [], 'org_types': ['216001', '212100', '020006', '001001'], 'subject_importance_list': None}]",浙江大华技术股份有限公司
c7b59ed07306349c,浙江大华取得液冷线材及液冷线材的设计方法专利,网易,1735041355,0,https://www.163.com/dy/article/JK6SIDI40519QIKK.html,☆☆☆☆☆,"[{'full_name': '浙江大华技术股份有限公司', 'subject_importance': None, 'subject_risk': None, 'orgid': '03134713', 'subject_code': None, 'subject_name': None, 'emotion': 'NEU', 'subject_risk_list': [], 'org_types': ['216001', '001001', '020006', '212100'], 'subject_importance_list': None}]",浙江大华技术股份有限公司
5b8534777b2334c4,浙江大华确认退出新疆项目 与此前海康威视的行动保持一致,同花顺整理,1735026379,2,http://www.c114.net.cn/ainews/94735.html,★★☆☆☆,"[{'full_name': '浙江大华技术股份有限公司', 'subject_importance': 2, 'subject_risk': '经营预警--关联企业出现问题', 'orgid': '03134713', 'subject_code': None, 'subject_name': None, 'emotion': 'NEG', 'subject_risk_list': ['R00007', 'R00007017'], 'org_types': ['020006', '212100', '216001', '001001'], 'subject_importance_list': ['stock@2']}]",浙江大华技术股份有限公司
efff2e59583fad05,杭州成立低空经济产业联合会 咸亨国际等多家A股公司现身,证券时报e公司,1735560002,0,https://www.egsea.com/news/detail/1951212.html,☆☆☆☆☆,"[{'full_name': '杭州安恒信息技术股份有限公司', 'subject_importance': None, 'subject_risk': None, 'orgid': 'T001301651', 'subject_code': None, 'subject_name': None, 'emotion': 'NEU', 'subject_risk_list': [], 'org_types': ['212001', '216011', '001001', '020006'], 'subject_importance_list': None}]",杭州安恒信息技术股份有限公司
1d085c8b791380fe,安恒信息携手深圳市龙华区政数局入选第八届大数据“星河（Galaxy）”案例,微信-安恒信息,1735521990,0,https://mp.weixin.qq.com/s?__biz=MjM5NTE0MjQyMg==&idx=2&mid=2650623128&sn=af00374810737310bc359e061019fb11,☆☆☆☆☆,"[{'full_name': '杭州安恒信息技术股份有限公司', 'subject_importance': None, 'subject_risk': None, 'orgid': 'T001301651', 'subject_code': None, 'subject_name': None, 'emotion': 'NEU', 'subject_risk_list': [], 'org_types': ['212001', '001001', '020006', '216011'], 'subject_importance_list': None}]",杭州安恒信息技术股份有限公司
44efc977e404793e,安恒信息首批成为“香港网络安全专业协会”理事成员单位,微信-安恒信息,1735521990,0,https://mp.weixin.qq.com/s?__biz=MjM5NTE0MjQyMg==&idx=1&mid=2650623128&sn=7a9a63ba6fba6d3bb382f2213ba0df7a,☆☆☆☆☆,"[{'full_name': '杭州安恒信息技术股份有限公司', 'subject_importance': None, 'subject_risk': None, 'orgid': 'T001301651', 'subject_code': None, 'subject_name': None, 'emotion': 'NEU', 'subject_risk_list': [], 'org_types': ['212001', '001001', '020006', '216011'], 'subject_importance_list': None}]",杭州安恒信息技术股份有限公司
8a9a48bdc755b528,深圳市大鹏新区政数局与安恒信息签约共建数据要素创新安全实验室,微信-安恒信息,1735175679,0,https://mp.weixin.qq.com/s?__biz=MjM5NTE0MjQyMg==&idx=1&mid=2650623016&sn=dc61dc6a455cd6615474adc10d402ae8,☆☆☆☆☆,"[{'full_name': '杭州安恒信息技术股份有限公司', 'subject_importance': None, 'subject_risk': None, 'orgid': 'T001301651', 'subject_code': None, 'subject_name': None, 'emotion': 'NEU', 'subject_risk_list': [], 'org_types': ['212001', '001001', '020006', '216011'], 'subject_importance_list': None}]",杭州安恒信息技术股份有限公司
3aed9879a2843415,欢迎申报！教育部第四期供需对接就业育人项目——安恒信息项目申报指南发布,微信-安恒信息,1735175678,0,https://mp.weixin.qq.com/s?__biz=MjM5NTE0MjQyMg==&idx=2&mid=2650623016&sn=edfe389bf2372263b0645e1a8fc38d07,☆☆☆☆☆,"[{'full_name': '杭州安恒信息技术股份有限公司', 'subject_importance': None, 'subject_risk': None, 'orgid': 'T001301651', 'subject_code': None, 'subject_name': None, 'emotion': 'NEU', 'subject_risk_list': [], 'org_types': ['212001', '001001', '020006', '216011'], 'subject_importance_list': None}]",杭州安恒信息技术股份有限公司
416a624a66b3d55a,大鹏新区：深化政企合作，以数据要素赋能实体经济高质量发展,深圳新闻网,1735092660,0,http://idapeng.sznews.com/content/2024-12/25/content_31406785.htm,☆☆☆☆☆,"[{'full_name': '杭州安恒信息技术股份有限公司', 'subject_importance': None, 'subject_risk': None, 'orgid': 'T001301651', 'subject_code': None, 'subject_name': None, 'emotion': 'NEU', 'subject_risk_list': [], 'org_types': ['212001', '001001', '020006', '216011'], 'subject_importance_list': None}]",杭州安恒信息技术股份有限公司
dc23eb37d42a3bc4,安恒信息(688023)成立广东云安数据科技有限公司,证券之星,1735081948,0,https://wap.stockstar.com/detail/RB2024122500005740,☆☆☆☆☆,"[{'full_name': '杭州安恒信息技术股份有限公司', 'subject_importance': None, 'subject_risk': None, 'orgid': 'T001301651', 'subject_code': None, 'subject_name': None, 'emotion': 'NEU', 'subject_risk_list': [], 'org_types': ['212001', '001001', '020006', '216011'], 'subject_importance_list': None}]",杭州安恒信息技术股份有限公司
61c3c5f5e8e6b10,安恒信息新注册《ZTSA零信任安全访问控制系统V3.0》项目的软件著作权,证券之星,1735061361,0,https://wap.stockstar.com/detail/RB2024122500000669,☆☆☆☆☆,"[{'full_name': '杭州安恒信息技术股份有限公司', 'subject_importance': None, 'subject_risk': None, 'orgid': 'T001301651', 'subject_code': None, 'subject_name': None, 'emotion': 'NEU', 'subject_risk_list': [], 'org_types': ['212001', '001001', '020006', '216011'], 'subject_importance_list': None}]",杭州安恒信息技术股份有限公司
aa85ceb413af3804,百亿母基金三亚发布 助推产业高质量发展,南海网,1735043795,0,http://www.hinews.cn/news/system/2024/12/24/033245121.shtml,☆☆☆☆☆,"[{'full_name': '杭州安恒信息技术股份有限公司', 'subject_importance': None, 'subject_risk': None, 'orgid': 'T001301651', 'subject_code': None, 'subject_name': None, 'emotion': 'NEU', 'subject_risk_list': [], 'org_types': ['212001', '216011', '001001', '020006'], 'subject_importance_list': None}]",杭州安恒信息技术股份有限公司
288d7e4550125de0,【投融资动态】未岚科技战略融资，投资方为安恒信息,证券之星,1735040363,0,https://wap.stockstar.com/detail/RB2024122400036171,☆☆☆☆☆,"[{'full_name': '杭州安恒信息技术股份有限公司', 'subject_importance': None, 'subject_risk': None, 'orgid': 'T001301651', 'subject_code': None, 'subject_name': None, 'emotion': 'NEU', 'subject_risk_list': [], 'org_types': ['212001', '001001', '020006', '216011'], 'subject_importance_list': None}]",杭州安恒信息技术股份有限公司
478bf6cfb8559c3e,东软集团、创业慧康等成立健康云数字科技公司,搜狐-江苏省,1735548328,0,https://www.sohu.com/a/843467948_422199,☆☆☆☆☆,"[{'full_name': '创业慧康科技股份有限公司', 'subject_importance': None, 'subject_risk': None, 'orgid': '00087886', 'subject_code': None, 'subject_name': None, 'emotion': 'NEU', 'subject_risk_list': [], 'org_types': ['001001', '216003', '212100', '020006'], 'subject_importance_list': None}]",创业慧康科技股份有限公司
9801ef87fc9bcef,创业慧康：大股东减持不会对公司经营产生重大影响,同花顺iNews,1735270475,0,http://yuanchuang.10jqka.com.cn/20241227/c664949545.shtml,★★☆☆☆,"[{'full_name': '创业慧康科技股份有限公司', 'subject_importance': 2, 'subject_risk': '市场预警--股份减持', 'orgid': '00087886', 'subject_code': None, 'subject_name': None, 'emotion': 'NEG', 'subject_risk_list': ['R00003', 'R00003006'], 'org_types': ['020006', '001001', '212100', '216003'], 'subject_importance_list': ['stock@2']}]",创业慧康科技股份有限公司
72b85a836b50528a,创业慧康(300451):公司相关治理制度修订对照表,中国财经信息网,1735125017,0,https://www.cfi.net.cn/p20241225002480.html,☆☆☆☆☆,"[{'full_name': '创业慧康科技股份有限公司', 'subject_importance': None, 'subject_risk': None, 'orgid': '00087886', 'subject_code': None, 'subject_name': None, 'emotion': 'NEU', 'subject_risk_list': [], 'org_types': ['001001', '216003', '212100', '020006'], 'subject_importance_list': None}]",创业慧康科技股份有限公司
89f1aa5bc575bcc7,创业慧康：12月25日召开董事会会议,网易,1735122761,0,https://www.163.com/dy/article/JK9A6AAC0512B07B.html,☆☆☆☆☆,"[{'full_name': '创业慧康科技股份有限公司', 'subject_importance': None, 'subject_risk': None, 'orgid': '00087886', 'subject_code': None, 'subject_name': None, 'emotion': 'NEU', 'subject_risk_list': [], 'org_types': ['001001', '216003', '212100', '020006'], 'subject_importance_list': None}]",创业慧康科技股份有限公司
8075b235e910250e,广州市天河区沙河街道社区卫生服务中心与创业慧康科技签订信息技术服务合同,donews,1734992991,0,https://www.donews.com/news/detail/4/4654618.html,☆☆☆☆☆,"[{'full_name': '创业慧康科技股份有限公司', 'subject_importance': None, 'subject_risk': None, 'orgid': '00087886', 'subject_code': None, 'subject_name': None, 'emotion': 'NEU', 'subject_risk_list': [], 'org_types': ['001001', '216003', '212100', '020006'], 'subject_importance_list': None}]",创业慧康科技股份有限公司
d010f0101a1eb293,2024年12月23日，创业慧康日内振幅超过7%,同花顺金融研究中心,1734933431,2,,★★☆☆☆,"[{'full_name': '创业慧康科技股份有限公司', 'subject_importance': 2, 'subject_risk': '市场预警--交易异常波动', 'orgid': '00087886', 'subject_code': None, 'subject_name': None, 'emotion': 'NEG', 'subject_risk_list': ['R00003', 'R00003007'], 'org_types': ['020006', '001001', '212100', '216003'], 'subject_importance_list': ['stock@2']}]",创业慧康科技股份有限公司
66fa0cbb081efbd,创业慧康12月20日获融资买入6176.08万元，融资余额5.05亿元,新浪财经,1734916500,0,https://finance.sina.com.cn/stock/aiassist/rzrq/2024-12-23/doc-ineamakf0863935.shtml,☆☆☆☆☆,"[{'full_name': '创业慧康科技股份有限公司', 'subject_importance': None, 'subject_risk': None, 'orgid': '00087886', 'subject_code': None, 'subject_name': None, 'emotion': 'NEU', 'subject_risk_list': [], 'org_types': ['001001', '216003', '212100', '020006'], 'subject_importance_list': None}]",创业慧康科技股份有限公司
f485c1f2772bd7c,创业慧康：融资净买入1557.08万元，融资余额5.05亿元（12-20）,东方财富网,1734915840,0,https://finance.eastmoney.com/a/202412233275375884.html,☆☆☆☆☆,"[{'full_name': '创业慧康科技股份有限公司', 'subject_importance': None, 'subject_risk': None, 'orgid': '00087886', 'subject_code': None, 'subject_name': None, 'emotion': 'NEU', 'subject_risk_list': [], 'org_types': ['001001', '216003', '212100', '020006'], 'subject_importance_list': None}]",创业慧康科技股份有限公司
60dfaef3624d6575,雷来了！95只股票减持，大股东集体套现，含半导体等科技龙头,网易,1734754469,2,https://www.163.com/dy/article/JJU03MA20556ARV6.html,★★☆☆☆,"[{'full_name': '创业慧康科技股份有限公司', 'subject_importance': 2, 'subject_risk': '市场预警--减持套现', 'orgid': '00087886', 'subject_code': None, 'subject_name': None, 'emotion': 'NEG', 'subject_risk_list': ['R00003', 'R00003036'], 'org_types': ['216003', '001001', '212100', '020006'], 'subject_importance_list': ['stock@2']}]",创业慧康科技股份有限公司
63c2ec44fc72d439,开普云拟转让开普瑞曦32%股权 标的公司前三季度亏损440.78万元 开普云拟转让开普瑞曦32%股权......,微博,1735189805,0,http://weibo.com/6054695010/P6C0i0Y8K,★★★★☆,"[{'full_name': '开普云信息科技股份有限公司', 'subject_importance': 4, 'subject_risk': '经营预警--出售经营性资产', 'orgid': 'T000829067', 'subject_code': None, 'subject_name': None, 'emotion': 'NEG', 'subject_risk_list': ['R00007', 'R00007027'], 'org_types': ['001001', '212005', '674001', '212001', '216011', '020006', '001004'], 'subject_importance_list': ['stock@4']}]",开普云信息科技股份有限公司
e15f046cb56565b7,开普云拟转让开普瑞曦32%股权 标的公司前三季度亏损440.78万元,同花顺整理,1735173108,0,https://www.chinastarmarket.cn/detail/1900474,★★★★☆,"[{'full_name': '开普云信息科技股份有限公司', 'subject_importance': 4, 'subject_risk': '经营预警--出售经营性资产', 'orgid': 'T000829067', 'subject_code': None, 'subject_name': None, 'emotion': 'NEG', 'subject_risk_list': ['R00007', 'R00007027'], 'org_types': ['001001', '212005', '674001', '212001', '216011', '020006', '001004'], 'subject_importance_list': ['stock@4']}]",开普云信息科技股份有限公司
66a6da876d562309,开普云2080万元出售子公司32%股权：3年前投资1530万元获得控股权，标的前九个月亏损，出售后不再并表,每日经济新闻,1735140690,0,https://www.nbd.com.cn/articles/2024-12-25/3699449.html,★★★★☆,"[{'full_name': '开普云信息科技股份有限公司', 'subject_importance': 4, 'subject_risk': '经营预警--出售经营性资产', 'orgid': 'T000829067', 'subject_code': None, 'subject_name': None, 'emotion': 'NEG', 'subject_risk_list': ['R00007', 'R00007027'], 'org_types': ['001001', '212005', '674001', '212001', '216011', '020006', '001004'], 'subject_importance_list': ['stock@4']}]",开普云信息科技股份有限公司
ed97997253fba65a,开普云：转让开普瑞曦股权，聚焦 AI 业务 6500 万元估值,搜狐-北京市,1735132944,0,https://www.sohu.com/a/841837565_639898,☆☆☆☆☆,"[{'full_name': '开普云信息科技股份有限公司', 'subject_importance': None, 'subject_risk': None, 'orgid': 'T000829067', 'subject_code': None, 'subject_name': None, 'emotion': 'NEU', 'subject_risk_list': [], 'org_types': ['001004', '216011', '212001', '020006', '674001', '212005', '001001'], 'subject_importance_list': None}]",开普云信息科技股份有限公司
f6022faaab161892,开普云拟2080万元转让开普瑞曦32%股权 优化AI发展战略产业布局,证券时报网,1735126651,0,http://egs.stcn.com/news/detail/1948743.html,☆☆☆☆☆,"[{'full_name': '开普云信息科技股份有限公司', 'subject_importance': None, 'subject_risk': None, 'orgid': 'T000829067', 'subject_code': None, 'subject_name': None, 'emotion': 'NEU', 'subject_risk_list': [], 'org_types': ['001004', '216011', '212001', '020006', '674001', '212005', '001001'], 'subject_importance_list': None}]",开普云信息科技股份有限公司
7a68543eef03096d,开普云转让子公司32%股权 交易价2080万元,东方财富网,1735119975,2,https://finance.eastmoney.com/a/202412253278970412.html,★★★★☆,"[{'full_name': '开普云信息科技股份有限公司', 'subject_importance': 4, 'subject_risk': '经营预警--出售经营性资产', 'orgid': 'T000829067', 'subject_code': None, 'subject_name': None, 'emotion': 'NEG', 'subject_risk_list': ['R00007', 'R00007027'], 'org_types': ['001001', '212005', '674001', '212001', '216011', '020006', '001004'], 'subject_importance_list': ['stock@4']}]",开普云信息科技股份有限公司
a21c1644cc6344b1,开普云：拟2080万元转让开普瑞曦32%股权,证券时报e公司,1735118182,2,https://www.egsea.com/news/detail/1948577.html,★★★★☆,"[{'full_name': '开普云信息科技股份有限公司', 'subject_importance': 4, 'subject_risk': '经营预警--出售经营性资产', 'orgid': 'T000829067', 'subject_code': None, 'subject_name': None, 'emotion': 'NEG', 'subject_risk_list': ['R00007', 'R00007027'], 'org_types': ['001001', '212005', '674001', '212001', '216011', '020006', '001004'], 'subject_importance_list': ['stock@4']}]",开普云信息科技股份有限公司
4b482bf47e24446d,开普云：拟2080万元出售子公司开普瑞曦32%股权,界面新闻,1735117867,2,https://www.jiemian.com/article/12168787.html,★★★★☆,"[{'full_name': '开普云信息科技股份有限公司', 'subject_importance': 4, 'subject_risk': '经营预警--出售经营性资产', 'orgid': 'T000829067', 'subject_code': None, 'subject_name': None, 'emotion': 'NEG', 'subject_risk_list': ['R00007', 'R00007027'], 'org_types': ['001001', '212005', '674001', '212001', '216011', '020006', '001004'], 'subject_importance_list': ['stock@4']}]",开普云信息科技股份有限公司
1ede25ca61f47c6e,开普云(688228.SH)：拟转让开普瑞曦32%的股权,格隆汇资讯-公司信息,1735117736,0,https://www.gelonghui.com/news/4916890,★★★★☆,"[{'full_name': '开普云信息科技股份有限公司', 'subject_importance': 4, 'subject_risk': '经营预警--出售经营性资产', 'orgid': 'T000829067', 'subject_code': None, 'subject_name': None, 'emotion': 'NEG', 'subject_risk_list': ['R00007', 'R00007027'], 'org_types': ['001001', '212005', '674001', '212001', '216011', '020006', '001004'], 'subject_importance_list': ['stock@4']}]",开普云信息科技股份有限公司
fabca33bb5867c6,开普云：关于出售控股子公司部分股权的公告,上交所股票,1735117729,3,http://www.sse.com.cn/disclosure/listedinfo/announcement/c/new/2024-12-26/688228_20241226_67SP.pdf,★★★★☆,"[{'full_name': '开普云信息科技股份有限公司', 'subject_importance': 4, 'subject_risk': '经营预警--出售经营性资产', 'orgid': 'T000829067', 'subject_code': None, 'subject_name': None, 'emotion': 'NEG', 'subject_risk_list': ['R00007', 'R00007027'], 'org_types': ['001001', '212005', '674001', '212001', '216011', '020006', '001004'], 'subject_importance_list': ['stock@4']}]",开普云信息科技股份有限公司
4b825d3a3ce8e068,看2025丨值得买科技隋国栋：深化AI应用 驱动业绩稳健增长,搜狐-北京市,1735545114,0,https://www.sohu.com/a/843442964_114988,☆☆☆☆☆,"[{'full_name': '北京值得买科技股份有限公司', 'subject_importance': None, 'subject_risk': None, 'orgid': 'T002465122', 'subject_code': None, 'subject_name': None, 'emotion': 'NEU', 'subject_risk_list': [], 'org_types': ['020006', '212100', '216003', '001001'], 'subject_importance_list': None}]",北京值得买科技股份有限公司
68a8e7444a67de34,创新驱动消费增长，值得买科技连续4年入选“北京十大商业品牌”系列榜单,千龙网,1735464570,0,https://china.qianlong.com/2024/1229/8404738.shtml,☆☆☆☆☆,"[{'full_name': '北京值得买科技股份有限公司', 'subject_importance': None, 'subject_risk': None, 'orgid': 'T002465122', 'subject_code': None, 'subject_name': None, 'emotion': 'NEU', 'subject_risk_list': [], 'org_types': ['020006', '212100', '216003', '001001'], 'subject_importance_list': None}]",北京值得买科技股份有限公司
6e3e9cb2c7fac21a,值得买科技副总裁张艾潮：情绪价值增量之外，品牌也应重视理性价值,新浪财经,1735217207,0,https://finance.sina.com.cn/jjxw/2024-12-26/doc-ineauzhn7776755.shtml,☆☆☆☆☆,"[{'full_name': '北京值得买科技股份有限公司', 'subject_importance': None, 'subject_risk': None, 'orgid': 'T002465122', 'subject_code': None, 'subject_name': None, 'emotion': 'NEU', 'subject_risk_list': [], 'org_types': ['020006', '212100', '216003', '001001'], 'subject_importance_list': None}]",北京值得买科技股份有限公司
acd3ec2c331798ba,值得买：公司对首发经济、冰雪经济、银发经济等新兴消费趋势保持高度的关注，并将持续加大在这些领域的内容供给和分发力度,证券之星股票,1735207025,0,https://stock.stockstar.com/IG2024122600027713.shtml,☆☆☆☆☆,"[{'full_name': '北京值得买科技股份有限公司', 'subject_importance': None, 'subject_risk': None, 'orgid': 'T002465122', 'subject_code': None, 'subject_name': None, 'emotion': 'NEU', 'subject_risk_list': [], 'org_types': ['020006', '212100', '216003', '001001'], 'subject_importance_list': None}]",北京值得买科技股份有限公司
d189bff46349cc4b,值得买(SZ300785)：公司布局微信生态，助力消费者解决送礼难题，拓展营销服务全链路解决方案,新浪财经,1735206630,0,https://finance.sina.com.cn/stock/relnews/dongmiqa/2024-12-26/doc-ineauuyp1061015.shtml,☆☆☆☆☆,"[{'full_name': '北京值得买科技股份有限公司', 'subject_importance': None, 'subject_risk': None, 'orgid': 'T002465122', 'subject_code': None, 'subject_name': None, 'emotion': 'NEU', 'subject_risk_list': [], 'org_types': ['020006', '212100', '216003', '001001'], 'subject_importance_list': None}]",北京值得买科技股份有限公司
78db9eac09c76625,（官方问答平台）值得买：我们始终致力于通过为用户提供高品质的消费类内容、创新多元的互动形式以及持续优化的产品运营体系，为用户提供的高效、精准、专业的消费决策支持，紧密围绕用户兴趣，全面覆盖消费领域的多样化需求……,同花顺金融研究中心,1735206005,0,,☆☆☆☆☆,"[{'full_name': '北京值得买科技股份有限公司', 'subject_importance': None, 'subject_risk': None, 'orgid': 'T002465122', 'subject_code': None, 'subject_name': None, 'emotion': 'NEU', 'subject_risk_list': [], 'org_types': ['020006', '212100', '216003', '001001'], 'subject_importance_list': None}]",北京值得买科技股份有限公司
f378318c3897b5eb,专访值得买CTO王云峰：AI会帮助我们破除信息茧房,时代周报,1735195857,0,https://www.time-weekly.com/post/317408,☆☆☆☆☆,"[{'full_name': '北京值得买科技股份有限公司', 'subject_importance': None, 'subject_risk': None, 'orgid': 'T002465122', 'subject_code': None, 'subject_name': None, 'emotion': 'NEU', 'subject_risk_list': [], 'org_types': ['020006', '212100', '216003', '001001'], 'subject_importance_list': None}]",北京值得买科技股份有限公司
e2343330e759e6ec,值得买科技AI购物助手“小值”入选2024“人民匠心产品”,中关村-厂商动态,1735179717,0,https://news.zol.com.cn/931/9319502.html,☆☆☆☆☆,"[{'full_name': '北京值得买科技股份有限公司', 'subject_importance': None, 'subject_risk': None, 'orgid': 'T002465122', 'subject_code': None, 'subject_name': None, 'emotion': 'NEU', 'subject_risk_list': [], 'org_types': ['020006', '212100', '216003', '001001'], 'subject_importance_list': None}]",北京值得买科技股份有限公司
505366435eeb79e7,AI购物助手“小值”荣膺2024“人民匠心产品”，值得买科技助推消费产业高质量发展,飞象网,1735176663,0,http://www.cctime.com/html/2024-12-26/1699675.htm,☆☆☆☆☆,"[{'full_name': '北京值得买科技股份有限公司', 'subject_importance': None, 'subject_risk': None, 'orgid': 'T002465122', 'subject_code': None, 'subject_name': None, 'emotion': 'NEU', 'subject_risk_list': [], 'org_types': ['020006', '212100', '216003', '001001'], 'subject_importance_list': None}]",北京值得买科技股份有限公司
c9efab2c1c39445e,值得买：公司目前暂未使用AI进行广告投放,证券之星股票,1734964013,0,https://stock.stockstar.com/IG2024122300034971.shtml,☆☆☆☆☆,"[{'full_name': '北京值得买科技股份有限公司', 'subject_importance': None, 'subject_risk': None, 'orgid': 'T002465122', 'subject_code': None, 'subject_name': None, 'emotion': 'NEU', 'subject_risk_list': [], 'org_types': ['020006', '212100', '216003', '001001'], 'subject_importance_list': None}]",北京值得买科技股份有限公司
10b2a433fb99b0ca,利欧股份：累计诉讼、仲裁事项涉及金额合计16.79亿元,网易,1735557608,2,https://www.163.com/dy/article/JKM8Q9910514R9P4.html,★★★☆☆,"[{'full_name': '利欧集团股份有限公司', 'subject_importance': 3, 'subject_risk': '经营预警--法律诉讼', 'orgid': '03133589', 'subject_code': None, 'subject_name': None, 'emotion': 'NEG', 'subject_risk_list': ['R00007', 'R00007018'], 'org_types': ['216001', '002', '001001', '020006', '212100'], 'subject_importance_list': ['bond@2', 'stock@3']}]",利欧集团股份有限公司
c88ddd45738ad86c,利欧股份累计诉讼仲裁金额达16.79亿,东方财富网,1735556637,0,https://wap.eastmoney.com/a/202412303282901566.html,★★☆☆☆,"[{'full_name': '利欧集团股份有限公司', 'subject_importance': 2, 'subject_risk': '经营预警--涉及仲裁', 'orgid': '03133589', 'subject_code': None, 'subject_name': None, 'emotion': 'NEG', 'subject_risk_list': ['R00007', 'R00007041'], 'org_types': ['216001', '002', '001001', '020006', '212100'], 'subject_importance_list': ['bond@2', 'stock@2']}]",利欧集团股份有限公司
8c7962131b343d2e,利欧股份：关于累计诉讼、仲裁情况的公告,深交所股票,1735555454,3,http://static.cninfo.com.cn/finalpage/2024-12-31/1222181832.PDF,★★★☆☆,"[{'full_name': '利欧集团股份有限公司', 'subject_importance': 3, 'subject_risk': '经营预警--涉及仲裁', 'orgid': '03133589', 'subject_code': None, 'subject_name': None, 'emotion': 'NEG', 'subject_risk_list': ['R00007', 'R00007018', 'R00007041'], 'org_types': ['216001', '002', '001001', '020006', '212100'], 'subject_importance_list': ['bond@2', 'stock@3']}]",利欧集团股份有限公司
ff0435292533399e,利欧股份所属板块有何特点？这些特点对其发展有何影响？,和讯基金,1735455588,0,https://funds.hexun.com/2024-12-29/216480046.html,☆☆☆☆☆,"[{'full_name': '利欧集团股份有限公司', 'subject_importance': None, 'subject_risk': None, 'orgid': '03133589', 'subject_code': None, 'subject_name': None, 'emotion': 'NEU', 'subject_risk_list': [], 'org_types': ['212100', '020006', '216001', '001001', '002'], 'subject_importance_list': None}]",利欧集团股份有限公司
ba2ff670f6d0d9b6,利欧股份（002131）股东王壮利质押10000万股，占总股本1.48%,证券之星,1735219709,0,https://wap.stockstar.com/detail/RB2024122600033850,★★☆☆☆,"[{'full_name': '利欧集团股份有限公司', 'subject_importance': 2, 'subject_risk': '市场预警--股份质押', 'orgid': '03133589', 'subject_code': None, 'subject_name': None, 'emotion': 'NEG', 'subject_risk_list': ['R00003', 'R00003024'], 'org_types': ['216001', '002', '001001', '020006', '212100'], 'subject_importance_list': ['bond@2', 'stock@2']}]",利欧集团股份有限公司
179fab7f6b5ce1fb,利欧股份中场休息,新浪财经,1735214430,2,https://finance.sina.cn/stock/ssgs/2024-12-26/detail-ineauzhn7755265.d.html?cid=76524&node_id=76524&vt=4,★★★☆☆,"[{'full_name': '利欧集团股份有限公司', 'subject_importance': 3, 'subject_risk': '市场预警--交易异常波动', 'orgid': '03133589', 'subject_code': None, 'subject_name': None, 'emotion': 'NEG', 'subject_risk_list': ['R00003', 'R00003007'], 'org_types': ['216001', '002', '001001', '020006', '212100'], 'subject_importance_list': ['bond@3', 'stock@2']}]",利欧集团股份有限公司
3afdad97d88347b5,利欧股份股东王壮利质押1亿股，解除质押9750万股,新浪财经,1735213824,0,https://finance.sina.com.cn/stock/relnews/cn/2024-12-26/doc-ineauuyr6718355.shtml,★★☆☆☆,"[{'full_name': '利欧集团股份有限公司', 'subject_importance': 2, 'subject_risk': '市场预警--股份质押', 'orgid': '03133589', 'subject_code': None, 'subject_name': None, 'emotion': 'NEG', 'subject_risk_list': ['R00003', 'R00003024'], 'org_types': ['216001', '002', '001001', '020006', '212100'], 'subject_importance_list': ['bond@2', 'stock@2']}]",利欧集团股份有限公司
141a08de1c715b8a,利欧股份所属的板块是什么？该板块的发展趋势如何？,和讯基金,1735113971,0,https://funds.hexun.com/2024-12-25/216403802.html,☆☆☆☆☆,"[{'full_name': '利欧集团股份有限公司', 'subject_importance': None, 'subject_risk': None, 'orgid': '03133589', 'subject_code': None, 'subject_name': None, 'emotion': 'NEU', 'subject_risk_list': [], 'org_types': ['212100', '020006', '216001', '001001', '002'], 'subject_importance_list': None}]",利欧集团股份有限公司
d8c227321fcb85fb,2024年12月25日，利欧股份日内振幅超过7%,同花顺金融研究中心,1735091949,2,,★★★☆☆,"[{'full_name': '利欧集团股份有限公司', 'subject_importance': 3, 'subject_risk': '市场预警--交易异常波动', 'orgid': '03133589', 'subject_code': None, 'subject_name': None, 'emotion': 'NEG', 'subject_risk_list': ['R00003', 'R00003007'], 'org_types': ['216001', '002', '001001', '020006', '212100'], 'subject_importance_list': ['bond@3', 'stock@2']}]",利欧集团股份有限公司
ea905e71bc824cd2,2024年12月24日，利欧股份日内振幅超过7%,同花顺金融研究中心,1735007825,2,,★★★☆☆,"[{'full_name': '利欧集团股份有限公司', 'subject_importance': 3, 'subject_risk': '市场预警--交易异常波动', 'orgid': '03133589', 'subject_code': None, 'subject_name': None, 'emotion': 'NEG', 'subject_risk_list': ['R00003', 'R00003007'], 'org_types': ['216001', '002', '001001', '020006', '212100'], 'subject_importance_list': ['bond@3', 'stock@2']}]",利欧集团股份有限公司
98cf605a8ce29f2,微信小店概念股走弱：多家上市公司称有布局，东方甄选表示送礼订单激增,澎湃新闻网,1735296438,0,https://www.thepaper.cn/newsDetail_forward_29773164,☆☆☆☆☆,"[{'full_name': '广东因赛品牌营销集团股份有限公司', 'subject_importance': None, 'subject_risk': None, 'orgid': 'T004054988', 'subject_code': None, 'subject_name': None, 'emotion': 'NEU', 'subject_risk_list': [], 'org_types': ['216003', '001001', '212100', '020006'], 'subject_importance_list': None}]",广东因赛品牌营销集团股份有限公司
1e34231127d2c972,因赛集团董事郭晓清辞职,东方财富网,1735289139,0,https://finance.eastmoney.com/a/202412273281272916.html,★★★☆☆,"[{'full_name': '广东因赛品牌营销集团股份有限公司', 'subject_importance': 3, 'subject_risk': '管理预警--董监高变更预警', 'orgid': 'T004054988', 'subject_code': None, 'subject_name': None, 'emotion': 'NEG', 'subject_risk_list': ['R00006', 'R00006003'], 'org_types': ['020006', '212100', '216003', '001001'], 'subject_importance_list': ['stock@3']}]",广东因赛品牌营销集团股份有限公司
cb8404bceb320b3,因赛集团：郭晓清辞去公司第三届董事会董事、审计委员会委员职务,每日经济新闻,1735288752,0,https://www.nbd.com.cn/articles/2024-12-27/3702009.html,★★★☆☆,"[{'full_name': '广东因赛品牌营销集团股份有限公司', 'subject_importance': 3, 'subject_risk': '管理预警--董监高变更预警', 'orgid': 'T004054988', 'subject_code': None, 'subject_name': None, 'emotion': 'NEG', 'subject_risk_list': ['R00006', 'R00006003'], 'org_types': ['020006', '212100', '216003', '001001'], 'subject_importance_list': ['stock@3']}]",广东因赛品牌营销集团股份有限公司
a1108b86286a0ce3,因赛集团：关于公司董事辞职的公告,深交所股票,1735288139,2,http://static.cninfo.com.cn/finalpage/2024-12-27/1222163604.PDF,★★★☆☆,"[{'full_name': '广东因赛品牌营销集团股份有限公司', 'subject_importance': 3, 'subject_risk': '管理预警--核心人员离职', 'orgid': 'T004054988', 'subject_code': None, 'subject_name': None, 'emotion': 'NEG', 'subject_risk_list': ['R00006', 'R00006003', 'R00006004'], 'org_types': ['020006', '212100', '216003', '001001'], 'subject_importance_list': ['stock@3']}]",广东因赛品牌营销集团股份有限公司
ae6905b184b994ee,因赛集团：关于披露发行股份及支付现金购买资产预案后的进展公告,深交所股票,1735288103,2,http://static.cninfo.com.cn/finalpage/2024-12-27/1222163605.PDF,★★★★★,"[{'full_name': '广东因赛品牌营销集团股份有限公司', 'subject_importance': 5, 'subject_risk': '经营预警--资产重组', 'orgid': 'T004054988', 'subject_code': None, 'subject_name': None, 'emotion': 'NEG', 'subject_risk_list': ['R00007', 'R00007075'], 'org_types': ['020006', '212100', '216003', '001001'], 'subject_importance_list': ['stock@5']}]",广东因赛品牌营销集团股份有限公司
6b430ae9eec292c8,（官方问答平台）因赛集团：1、作为腾讯游戏的长期合作伙伴，目前公司为《PUBG MOBILE》《荒野乱斗》《无畏契约》《王者荣耀》《和平精英》《地下城与勇士：起源》《火影忍者》《三角洲行动》等多款游戏产品提供营销策划/创意/媒介投放/设计制作等服务……,同花顺金融研究中心,1735270449,0,,☆☆☆☆☆,"[{'full_name': '广东因赛品牌营销集团股份有限公司', 'subject_importance': None, 'subject_risk': None, 'orgid': 'T004054988', 'subject_code': None, 'subject_name': None, 'emotion': 'NEU', 'subject_risk_list': [], 'org_types': ['001001', '216003', '020006', '212100'], 'subject_importance_list': None}]",广东因赛品牌营销集团股份有限公司
22fc2546667e3722,因赛集团：阿里巴巴旗下平台上线因赛AI电商营销产品,中证网,1735185756,0,https://www.cs.com.cn/ssgs/gsxw/202412/t20241226_6464019.html,☆☆☆☆☆,"[{'full_name': '广东因赛品牌营销集团股份有限公司', 'subject_importance': None, 'subject_risk': None, 'orgid': 'T004054988', 'subject_code': None, 'subject_name': None, 'emotion': 'NEU', 'subject_risk_list': [], 'org_types': ['001001', '216003', '020006', '212100'], 'subject_importance_list': None}]",广东因赛品牌营销集团股份有限公司
7f83222f0c6df231,因赛集团：AI电商营销成果显著 服务众多用户,和讯网,1735133081,0,https://m.hexun.com/stock/2024-12-25/216415011.html,☆☆☆☆☆,"[{'full_name': '广东因赛品牌营销集团股份有限公司', 'subject_importance': None, 'subject_risk': None, 'orgid': 'T004054988', 'subject_code': None, 'subject_name': None, 'emotion': 'NEU', 'subject_risk_list': [], 'org_types': ['001001', '216003', '020006', '212100'], 'subject_importance_list': None}]",广东因赛品牌营销集团股份有限公司
83bcdbba89bc59f2,因赛集团：成为知名电商平台的AI营销服务商,证券时报网,1735130585,0,https://www.stcn.com/article/detail/1467981.html,☆☆☆☆☆,"[{'full_name': '广东因赛品牌营销集团股份有限公司', 'subject_importance': None, 'subject_risk': None, 'orgid': 'T004054988', 'subject_code': None, 'subject_name': None, 'emotion': 'NEU', 'subject_risk_list': [], 'org_types': ['001001', '216003', '020006', '212100'], 'subject_importance_list': None}]",广东因赛品牌营销集团股份有限公司
badc36ffeb87660f,因赛集团：AI电商营销产品已服务近万名电商类用户，其中包括微信小店商户,金融界,1735109848,0,https://m.jrj.com.cn/madapter/finance/2024/12/24205046766695.shtml,☆☆☆☆☆,"[{'full_name': '广东因赛品牌营销集团股份有限公司', 'subject_importance': None, 'subject_risk': None, 'orgid': 'T004054988', 'subject_code': None, 'subject_name': None, 'emotion': 'NEU', 'subject_risk_list': [], 'org_types': ['001001', '216003', '020006', '212100'], 'subject_importance_list': None}]",广东因赛品牌营销集团股份有限公司
4c8c86ff053d0704,君龙人寿携手恒生保泰打造新一代寿险核心系统,新浪财经,1735541637,0,https://finance.sina.com.cn/jjxw/2024-12-30/doc-inecfkur2486868.shtml,☆☆☆☆☆,"[{'full_name': '恒生电子股份有限公司', 'subject_importance': None, 'subject_risk': None, 'orgid': '03130389', 'subject_code': None, 'subject_name': None, 'emotion': 'NEU', 'subject_risk_list': [], 'org_types': ['212001', '216001', '001001', '020006'], 'subject_importance_list': None}]",恒生电子股份有限公司
7723918a0e508d67,山西证券新一代核心交易（OTC）系统运行启动仪式在太原举办,中证网,1735525972,0,https://www.cs.com.cn/qs/202412/t20241230_6464831.html,☆☆☆☆☆,"[{'full_name': '恒生电子股份有限公司', 'subject_importance': None, 'subject_risk': None, 'orgid': '03130389', 'subject_code': None, 'subject_name': None, 'emotion': 'NEU', 'subject_risk_list': [], 'org_types': ['212001', '216001', '001001', '020006'], 'subject_importance_list': None}]",恒生电子股份有限公司
aa3473ecbc03523b,国家队重仓清单曝光！含中医药、汽车、电子及科技龙头,网易,1735515275,0,https://www.163.com/dy/article/JKJN9J2R055612JK.html,☆☆☆☆☆,"[{'full_name': '恒生电子股份有限公司', 'subject_importance': None, 'subject_risk': None, 'orgid': '03130389', 'subject_code': None, 'subject_name': None, 'emotion': 'NEU', 'subject_risk_list': [], 'org_types': ['212001', '020006', '001001', '216001'], 'subject_importance_list': None}]",恒生电子股份有限公司
e35e544efaa0b7d0,恒生电子助力山西证券新一代核心交易（OTC）系统正式上线,中国证券网,1735479800,0,https://www.cnstock.com/commonDetail/337847,☆☆☆☆☆,"[{'full_name': '恒生电子股份有限公司', 'subject_importance': None, 'subject_risk': None, 'orgid': '03130389', 'subject_code': None, 'subject_name': None, 'emotion': 'NEU', 'subject_risk_list': [], 'org_types': ['212001', '216001', '001001', '020006'], 'subject_importance_list': None}]",恒生电子股份有限公司
90788a4d691df371,恒生电子携手华为 助力山西证券新一代核心交易（OTC）系统上线,证券日报,1735470654,0,http://www.zqrb.cn/gscy/gongsi/2024-12-29/A1735457409098.html,☆☆☆☆☆,"[{'full_name': '恒生电子股份有限公司', 'subject_importance': None, 'subject_risk': None, 'orgid': '03130389', 'subject_code': None, 'subject_name': None, 'emotion': 'NEU', 'subject_risk_list': [], 'org_types': ['212001', '216001', '001001', '020006'], 'subject_importance_list': None}]",恒生电子股份有限公司
7d458b233c6ec65f,财通集团军｜永安期货举办服务实体经济30载高质量发展大会,微信-财通证券,1735446921,0,https://mp.weixin.qq.com/s?__biz=MzU2MzYwMDQyMw==&idx=1&mid=2247671306&sn=888e7d66fcfefc0badaa4e01d863b975,☆☆☆☆☆,"[{'full_name': '恒生电子股份有限公司', 'subject_importance': None, 'subject_risk': None, 'orgid': '03130389', 'subject_code': None, 'subject_name': None, 'emotion': 'NEU', 'subject_risk_list': [], 'org_types': ['212001', '216001', '020006', '001001'], 'subject_importance_list': None}]",恒生电子股份有限公司
db86abae090d5fc,立潮头 期未来｜永安期货举办服务实体经济30载高质量发展大会,微信-永安期货,1735379751,0,https://mp.weixin.qq.com/s?__biz=MzA5MzQ2NjYzNA==&idx=1&mid=2652864385&sn=62ae1b6fdb25f840f7ccdf8a6b409aa7,☆☆☆☆☆,"[{'full_name': '恒生电子股份有限公司', 'subject_importance': None, 'subject_risk': None, 'orgid': '03130389', 'subject_code': None, 'subject_name': None, 'emotion': 'NEU', 'subject_risk_list': [], 'org_types': ['212001', '020006', '001001', '216001'], 'subject_importance_list': None}]",恒生电子股份有限公司
d017726ed2c2fd98,恒生电子助力山西证券新一代核心交易（OTC）系统正式上线 暨联合创新实验室成立,证券之星财经,1735354434,0,https://finance.stockstar.com/IG2024122800008906.shtml,☆☆☆☆☆,"[{'full_name': '恒生电子股份有限公司', 'subject_importance': None, 'subject_risk': None, 'orgid': '03130389', 'subject_code': None, 'subject_name': None, 'emotion': 'NEU', 'subject_risk_list': [], 'org_types': ['212001', '216001', '001001', '020006'], 'subject_importance_list': None}]",恒生电子股份有限公司
f66d16d66fc9279b,恒生携手华为 助力山西证券新一代核心交易（OTC）全栈自主创新上线 金十数据12月28日讯，12月27日，山西证券新一代核心交易（OTC）系统正式上线暨联合创新实验室揭牌仪式隆重举行。据悉，此次上线是恒生新一代核心交易系统UF3.0首个一次性全切换自主创新案例，以松耦合、云原生、组件化的系统架构设计助力业务开展。此次上线也意味着恒生UF3.0在交易、账户、两融、OTC等全业务场景上都拥有了全栈自主创新的上线案例。此外，项目作为华为GuassDB数据库自主创新落地的券商案例，不仅探索了券商核心交易系统自主创新的新路径，也同样显示了恒生在金融自主创新产业链中全面的生态组织能力。,金十数据,1735347105,0,https://flash.jin10.com/detail/20241228085145292800,☆☆☆☆☆,"[{'full_name': '恒生电子股份有限公司', 'subject_importance': None, 'subject_risk': None, 'orgid': '03130389', 'subject_code': None, 'subject_name': None, 'emotion': 'NEU', 'subject_risk_list': [], 'org_types': ['216001', '212001', '001001', '020006'], 'subject_importance_list': None}]",恒生电子股份有限公司
f3e186f1c718a8fd,山西省人民政府,山西省人民政府,1735341300,0,https://www.shanxi.gov.cn/ywdt/sxyw/202412/t20241228_9729888.shtml,☆☆☆☆☆,"[{'full_name': '恒生电子股份有限公司', 'subject_importance': None, 'subject_risk': None, 'orgid': '03130389', 'subject_code': None, 'subject_name': None, 'emotion': 'NEU', 'subject_risk_list': [], 'org_types': ['212001', '216001', '001001', '020006'], 'subject_importance_list': None}]",恒生电子股份有限公司
8ae648ae6ebe23fd,中公教育股东李永新再质押1200万股，累计质押超6亿股,证券之星财经,1735555905,2,https://finance.stockstar.com/IG2024123000026761.shtml,★★☆☆☆,"[{'full_name': '中公教育科技股份有限公司', 'subject_importance': 2, 'subject_risk': '市场预警--股份质押', 'orgid': 'T000045443', 'subject_code': None, 'subject_name': None, 'emotion': 'NEG', 'subject_risk_list': ['R00003', 'R00003024'], 'org_types': ['212100', '020006', '216001', '002', '001001'], 'subject_importance_list': ['bond@2', 'stock@2']}]",中公教育科技股份有限公司
3e879c8661fa2a5e,数智建模精准匹配就业需求，泗阳中公AI就业服务中心亮相,中国江苏网,1735462262,0,https://jsnews.jschina.com.cn/sq/a/202412/t20241229_s67710c67e4b05777c177e831.shtml,☆☆☆☆☆,"[{'full_name': '中公教育科技股份有限公司', 'subject_importance': None, 'subject_risk': None, 'orgid': 'T000045443', 'subject_code': None, 'subject_name': None, 'emotion': 'NEU', 'subject_risk_list': [], 'org_types': ['212100', '002', '020006', '216001', '001001'], 'subject_importance_list': None}]",中公教育科技股份有限公司
f77e8354fff3c707,中公教育首个AI就业服务中心落地江苏泗阳,中国网财经,1735452863,0,http://finance.china.com.cn/roll/20241229/6201186.shtml,☆☆☆☆☆,"[{'full_name': '中公教育科技股份有限公司', 'subject_importance': None, 'subject_risk': None, 'orgid': 'T000045443', 'subject_code': None, 'subject_name': None, 'emotion': 'NEU', 'subject_risk_list': [], 'org_types': ['212100', '002', '020006', '216001', '001001'], 'subject_importance_list': None}]",中公教育科技股份有限公司
67b09a143967f8a5,中公教育控股的北京中公教育科技有限公司新增2条限制消费令信息,证券之星,1735333697,0,http://stock.10jqka.com.cn/20241228/c664983575.shtml,★☆☆☆☆,"[{'full_name': '中公教育科技股份有限公司', 'subject_importance': 1, 'subject_risk': '信用预警', 'orgid': 'T000045443', 'subject_code': None, 'subject_name': None, 'emotion': 'NEG', 'subject_risk_list': ['R00002'], 'org_types': ['212100', '020006', '216001', '002', '001001'], 'subject_importance_list': ['stock@1', 'bond@1']}]",中公教育科技股份有限公司
f6ee604ab8ad9cea,中公教育(002607)控股的北京中公教育科技有限公司新增1条失信人信息，涉及违反财产报告制度行为,证券之星股票,1735332804,0,http://stock.stockstar.com/RB2024122800005960.shtml,★★★☆☆,"[{'full_name': '中公教育科技股份有限公司', 'subject_importance': 3, 'subject_risk': '经营预警--关联企业出现问题', 'orgid': 'T000045443', 'subject_code': None, 'subject_name': None, 'emotion': 'NEG', 'subject_risk_list': ['R00007', 'R00007017'], 'org_types': ['216001', '001001', '212100', '020006', '002'], 'subject_importance_list': ['stock@2', 'bond@3']}]",中公教育科技股份有限公司
f9ea87aec1623ec8,中公教育控股股东质押1200万股 此前疑似触发质押平仓线,新浪财经,1735314649,0,https://finance.sina.com.cn/stock/aiassist/zy/2024-12-27/doc-ineaxqvi5484821.shtml,★★☆☆☆,"[{'full_name': '中公教育科技股份有限公司', 'subject_importance': 2, 'subject_risk': '市场预警--股份质押', 'orgid': 'T000045443', 'subject_code': None, 'subject_name': None, 'emotion': 'NEG', 'subject_risk_list': ['R00003', 'R00003024'], 'org_types': ['212100', '020006', '216001', '002', '001001'], 'subject_importance_list': ['bond@2', 'stock@2']}]",中公教育科技股份有限公司
34d6021cddc7f6c5,中公教育：控股股东李永新质押1200万股，用于非融资担保,新浪财经,1735309545,0,https://finance.sina.cn/7x24/2024-12-27/detail-ineaxkpt4132558.d.html,★★☆☆☆,"[{'full_name': '中公教育科技股份有限公司', 'subject_importance': 2, 'subject_risk': '市场预警--股份质押', 'orgid': 'T000045443', 'subject_code': None, 'subject_name': None, 'emotion': 'NEG', 'subject_risk_list': ['R00003', 'R00003024'], 'org_types': ['212100', '020006', '216001', '002', '001001'], 'subject_importance_list': ['bond@2', 'stock@2']}]",中公教育科技股份有限公司
278f776abce85a7c,中公教育(002607.SZ)：股东李永新质押1200万股，用于非融资担保,资本邦,1735293120,0,https://aigc.ylaigc.com/yly-boot/saas/common/previewConsultingById?id=5935693,★★☆☆☆,"[{'full_name': '中公教育科技股份有限公司', 'subject_importance': 2, 'subject_risk': '市场预警--股份质押', 'orgid': 'T000045443', 'subject_code': None, 'subject_name': None, 'emotion': 'NEG', 'subject_risk_list': ['R00003', 'R00003024'], 'org_types': ['212100', '020006', '216001', '002', '001001'], 'subject_importance_list': ['bond@2', 'stock@2']}]",中公教育科技股份有限公司
bcd2adc2cf10eb0c,中公教育：关于股东部分股份质押的公告,深交所股票,1735291796,2,http://static.cninfo.com.cn/finalpage/2024-12-28/1222164946.PDF,★★☆☆☆,"[{'full_name': '中公教育科技股份有限公司', 'subject_importance': 2, 'subject_risk': '市场预警--股份质押', 'orgid': 'T000045443', 'subject_code': None, 'subject_name': None, 'emotion': 'NEG', 'subject_risk_list': ['R00003', 'R00003024'], 'org_types': ['212100', '020006', '216001', '002', '001001'], 'subject_importance_list': ['bond@2', 'stock@2']}]",中公教育科技股份有限公司
c2657298bc948bed,中公教育(002607)控股的北京中公教育科技有限公司新增1条限制消费令信息,证券之星股票,1735158488,0,http://stock.stockstar.com/RB2024122600002307.shtml,★★★☆☆,"[{'full_name': '中公教育科技股份有限公司', 'subject_importance': 3, 'subject_risk': '经营预警--关联企业出现问题', 'orgid': 'T000045443', 'subject_code': None, 'subject_name': None, 'emotion': 'NEG', 'subject_risk_list': ['R00007', 'R00007017'], 'org_types': ['216001', '001001', '212100', '020006', '002'], 'subject_importance_list': ['stock@2', 'bond@3']}]",中公教育科技股份有限公司
ee56bdbb894f155d,监管风暴医疗反腐双管齐下，医药领域多名高管被留置｜2024中国经济年报,华夏时报网,1735564077,2,https://www.chinatimes.net.cn/article/142102.html,★☆☆☆☆,"[{'full_name': '卫宁健康科技集团股份有限公司', 'subject_importance': 1, 'subject_risk': '管理预警', 'orgid': 'T000027606', 'subject_code': None, 'subject_name': None, 'emotion': 'NEG', 'subject_risk_list': ['R00006'], 'org_types': ['020006', '216003', '001001', '212100', '002'], 'subject_importance_list': ['bond@1', 'stock@1']}]",卫宁健康科技集团股份有限公司
1f496c8698189ccf,喜报！卫宁健康WiNEX荣获第三届“鼎信杯”医疗赛道“金鼎产品奖”,微信-卫宁健康,1735551049,0,https://mp.weixin.qq.com/s?__biz=MzA3MjI5OTAyNA==&idx=1&mid=2651057364&sn=2bdb177e99dc7ea8244e4895e7f74da3,☆☆☆☆☆,"[{'full_name': '卫宁健康科技集团股份有限公司', 'subject_importance': None, 'subject_risk': None, 'orgid': 'T000027606', 'subject_code': None, 'subject_name': None, 'emotion': 'NEU', 'subject_risk_list': [], 'org_types': ['020006', '212100', '216003', '002', '001001'], 'subject_importance_list': None}]",卫宁健康科技集团股份有限公司
e02fab750504339b,卫宁健康：维护全体股东利益，不向下修正“卫宁转债”转股价格,网易,1735483705,0,https://www.163.com/dy/article/JKK2B6LI0553YQCC.html,☆☆☆☆☆,"[{'full_name': '卫宁健康科技集团股份有限公司', 'subject_importance': None, 'subject_risk': None, 'orgid': 'T000027606', 'subject_code': None, 'subject_name': None, 'emotion': 'NEU', 'subject_risk_list': [], 'org_types': ['020006', '212100', '216003', '002', '001001'], 'subject_importance_list': None}]",卫宁健康科技集团股份有限公司
adacbcd9c1b4cbc8,卫宁健康：不向下修正“卫宁转债”转股价格,证券时报e公司,1735467457,0,https://www.egsea.com/news/detail/1950538.html,☆☆☆☆☆,"[{'full_name': '卫宁健康科技集团股份有限公司', 'subject_importance': None, 'subject_risk': None, 'orgid': 'T000027606', 'subject_code': None, 'subject_name': None, 'emotion': 'NEU', 'subject_risk_list': [], 'org_types': ['020006', '212100', '216003', '002', '001001'], 'subject_importance_list': None}]",卫宁健康科技集团股份有限公司
44e6282455185277,（官方问答平台）卫宁健康：之前已介绍过，卫宁健康2017年就成立了人工智能实验室，开始了医疗AI的投入和布局，并已于2023年发布了医疗大模型WiNGPT，相关应用也已经落地……,同花顺金融研究中心,1735304163,0,,☆☆☆☆☆,"[{'full_name': '卫宁健康科技集团股份有限公司', 'subject_importance': None, 'subject_risk': None, 'orgid': 'T000027606', 'subject_code': None, 'subject_name': None, 'emotion': 'NEU', 'subject_risk_list': [], 'org_types': ['020006', '212100', '216003', '002', '001001'], 'subject_importance_list': None}]",卫宁健康科技集团股份有限公司
7c69d35699b3a49b,卫宁健康：2017年成立人工智能实验室，2023年发布医疗大模型WiNGPT,证券之星股票,1735304035,0,http://stock.stockstar.com/RB2024122700042630.shtml,☆☆☆☆☆,"[{'full_name': '卫宁健康科技集团股份有限公司', 'subject_importance': None, 'subject_risk': None, 'orgid': 'T000027606', 'subject_code': None, 'subject_name': None, 'emotion': 'NEU', 'subject_risk_list': [], 'org_types': ['020006', '212100', '216003', '002', '001001'], 'subject_importance_list': None}]",卫宁健康科技集团股份有限公司
7161d67889241c18,扬帆续航 | 卫宁健康与用户并肩同行，再创佳绩,微信-卫宁健康,1735287769,0,https://mp.weixin.qq.com/s?__biz=MzA3MjI5OTAyNA==&idx=1&mid=2651057308&sn=7a06ae56228b3d14fca367d21b156eaa,☆☆☆☆☆,"[{'full_name': '卫宁健康科技集团股份有限公司', 'subject_importance': None, 'subject_risk': None, 'orgid': 'T000027606', 'subject_code': None, 'subject_name': None, 'emotion': 'NEU', 'subject_risk_list': [], 'org_types': ['020006', '212100', '216003', '002', '001001'], 'subject_importance_list': None}]",卫宁健康科技集团股份有限公司
8a06f8388ffeb202,（官方问答平台）卫宁健康：1、之前介绍过，公司目前暂无相关计划……,同花顺金融研究中心,1735270448,0,,☆☆☆☆☆,"[{'full_name': '卫宁健康科技集团股份有限公司', 'subject_importance': None, 'subject_risk': None, 'orgid': 'T000027606', 'subject_code': None, 'subject_name': None, 'emotion': 'NEU', 'subject_risk_list': [], 'org_types': ['020006', '212100', '216003', '002', '001001'], 'subject_importance_list': None}]",卫宁健康科技集团股份有限公司
c37a8e71dd098ed5,医疗云原生的实践与思考 | Winning Insights,微信-卫宁健康,1735196972,0,https://mp.weixin.qq.com/s?__biz=MzA3MjI5OTAyNA==&idx=1&mid=2651057228&sn=e8d68f39268661a17a90d2eed4eaf008,☆☆☆☆☆,"[{'full_name': '卫宁健康科技集团股份有限公司', 'subject_importance': None, 'subject_risk': None, 'orgid': 'T000027606', 'subject_code': None, 'subject_name': None, 'emotion': 'NEU', 'subject_risk_list': [], 'org_types': ['020006', '212100', '216003', '002', '001001'], 'subject_importance_list': None}]",卫宁健康科技集团股份有限公司
c35c46216c41cec6,Odin Health 深度对话：共探卫宁健康WiNEX的国际融合之道,微信-卫宁健康,1735104382,0,https://mp.weixin.qq.com/s?__biz=MzA3MjI5OTAyNA==&idx=1&mid=2651057227&sn=6bc0564cf98fae9efa7360caaf81cf59,☆☆☆☆☆,"[{'full_name': '卫宁健康科技集团股份有限公司', 'subject_importance': None, 'subject_risk': None, 'orgid': 'T000027606', 'subject_code': None, 'subject_name': None, 'emotion': 'NEU', 'subject_risk_list': [], 'org_types': ['020006', '212100', '216003', '002', '001001'], 'subject_importance_list': None}]",卫宁健康科技集团股份有限公司
3bd4cf12d3e0d59d,致远互联入选“2024年度低代码企业TOP50”榜单,致远互联,1735550049,0,https://www.seeyon.com/News/desc/id/6758/typeid/1.html,☆☆☆☆☆,"[{'full_name': '北京致远互联软件股份有限公司', 'subject_importance': None, 'subject_risk': None, 'orgid': 'T001908980', 'subject_code': None, 'subject_name': None, 'emotion': 'NEU', 'subject_risk_list': [], 'org_types': ['001001', '216011', '020006', '212001'], 'subject_importance_list': None}]",北京致远互联软件股份有限公司
c46c048850333d5e,490 万大单、监督追责管理系统：致远互联（中）,网易,1735527805,0,https://www.163.com/dy/article/JKLCI3RG0511D6RL.html,☆☆☆☆☆,"[{'full_name': '北京致远互联软件股份有限公司', 'subject_importance': None, 'subject_risk': None, 'orgid': 'T001908980', 'subject_code': None, 'subject_name': None, 'emotion': 'NEU', 'subject_risk_list': [], 'org_types': ['001001', '216011', '020006', '212001'], 'subject_importance_list': None}]",北京致远互联软件股份有限公司
ce8739e16175286b,致远互联中标中国建筑“OA信创平台项目”,微信-致远互联,1735517080,0,https://mp.weixin.qq.com/s?__biz=MjM5MTM4NDQ4MA==&idx=1&mid=2651210584&sn=8bbb9e2a5c1d4d176d2e2eb8ce556b1c,☆☆☆☆☆,"[{'full_name': '北京致远互联软件股份有限公司', 'subject_importance': None, 'subject_risk': None, 'orgid': 'T001908980', 'subject_code': None, 'subject_name': None, 'emotion': 'NEU', 'subject_risk_list': [], 'org_types': ['001001', '216011', '020006', '212001'], 'subject_importance_list': None}]",北京致远互联软件股份有限公司
9bca4fb1ac2e42b2,鸿蒙先锋！致远互联荣获“2024年度鸿蒙生态开发服务商卓越奖”,致远互联,1735488000,0,https://www.seeyon.com/News/desc/id/6757/typeid/1.html,☆☆☆☆☆,"[{'full_name': '北京致远互联软件股份有限公司', 'subject_importance': None, 'subject_risk': None, 'orgid': 'T001908980', 'subject_code': None, 'subject_name': None, 'emotion': 'NEU', 'subject_risk_list': [], 'org_types': ['001001', '216011', '020006', '212001'], 'subject_importance_list': None}]",北京致远互联软件股份有限公司
ba2bc948cd2d7a14,十余年长期伴随式服务 AI-COP助力重咨集团数智跨越,微信-致远互联,1735257976,0,https://mp.weixin.qq.com/s?__biz=MjM5MTM4NDQ4MA==&idx=1&mid=2651210569&sn=f4668f186639eaee4bf1048f195cd669,☆☆☆☆☆,"[{'full_name': '北京致远互联软件股份有限公司', 'subject_importance': None, 'subject_risk': None, 'orgid': 'T001908980', 'subject_code': None, 'subject_name': None, 'emotion': 'NEU', 'subject_risk_list': [], 'org_types': ['001001', '216011', '020006', '212001'], 'subject_importance_list': None}]",北京致远互联软件股份有限公司
f6bdf5079244af95,二期启动！致远互联中标兵装财务公司“国产化协同办公系统二期建设项目”,微信-致远互联,1735171653,0,https://mp.weixin.qq.com/s?__biz=MjM5MTM4NDQ4MA==&idx=1&mid=2651210564&sn=d02d1ec5e93d3ac2a986bd6bdcb9d536,☆☆☆☆☆,"[{'full_name': '北京致远互联软件股份有限公司', 'subject_importance': None, 'subject_risk': None, 'orgid': 'T001908980', 'subject_code': None, 'subject_name': None, 'emotion': 'NEU', 'subject_risk_list': [], 'org_types': ['001001', '216011', '020006', '212001'], 'subject_importance_list': None}]",北京致远互联软件股份有限公司
990b0adc56f81da7,致远互联中标绵阳市商业银行“合同管理系统建设项目”,微信-致远互联,1735085187,0,https://mp.weixin.qq.com/s?__biz=MjM5MTM4NDQ4MA==&idx=1&mid=2651210558&sn=b33e33b68ebc15efd140f6b21cdbd622,☆☆☆☆☆,"[{'full_name': '北京致远互联软件股份有限公司', 'subject_importance': None, 'subject_risk': None, 'orgid': 'T001908980', 'subject_code': None, 'subject_name': None, 'emotion': 'NEU', 'subject_risk_list': [], 'org_types': ['001001', '216011', '020006', '212001'], 'subject_importance_list': None}]",北京致远互联软件股份有限公司
5c62ce9255258f6,139 万、自主可控 OA 大单：致远互联（中）,网易,1735051704,0,https://www.163.com/dy/article/JK76B3J40511D6RL.html,☆☆☆☆☆,"[{'full_name': '北京致远互联软件股份有限公司', 'subject_importance': None, 'subject_risk': None, 'orgid': 'T001908980', 'subject_code': None, 'subject_name': None, 'emotion': 'NEU', 'subject_risk_list': [], 'org_types': ['216011', '212001', '001001', '020006'], 'subject_importance_list': None}]",北京致远互联软件股份有限公司
5e74b243d57838a0,致远互联亮相2024年国有企业应用场景发布会 助力国有企业数智升级,微信-致远互联,1734998592,0,https://mp.weixin.qq.com/s?__biz=MjM5MTM4NDQ4MA==&idx=2&mid=2651210552&sn=d28d6d17bad1a66db0384327aeb321a0,☆☆☆☆☆,"[{'full_name': '北京致远互联软件股份有限公司', 'subject_importance': None, 'subject_risk': None, 'orgid': 'T001908980', 'subject_code': None, 'subject_name': None, 'emotion': 'NEU', 'subject_risk_list': [], 'org_types': ['001001', '216011', '020006', '212001'], 'subject_importance_list': None}]",北京致远互联软件股份有限公司
1a4042a6a778194d,上榜🥳 致远互联AI应用案例入选《2024年度“人工智能+”案例》,微信-致远互联,1734998590,0,https://mp.weixin.qq.com/s?__biz=MjM5MTM4NDQ4MA==&idx=1&mid=2651210552&sn=ae0e46b838b2b0480b66c74963a558d1,☆☆☆☆☆,"[{'full_name': '北京致远互联软件股份有限公司', 'subject_importance': None, 'subject_risk': None, 'orgid': 'T001908980', 'subject_code': None, 'subject_name': None, 'emotion': 'NEU', 'subject_risk_list': [], 'org_types': ['001001', '216011', '020006', '212001'], 'subject_importance_list': None}]",北京致远互联软件股份有限公司
d765371a158be59b,河南省数据局党组书记、局长郑华卿一行莅临河南启明星辰调研指导,启明星辰,1735488000,0,https://www.venustech.com.cn/new_type/gsxw/20241230/28252.html,☆☆☆☆☆,"[{'full_name': '启明星辰信息技术集团股份有限公司', 'subject_importance': None, 'subject_risk': None, 'orgid': 'T000027264', 'subject_code': None, 'subject_name': None, 'emotion': 'NEU', 'subject_risk_list': [], 'org_types': ['216001', '001001', '002', '020006', '212100'], 'subject_importance_list': None}]",启明星辰信息技术集团股份有限公司
d61c6ec8b4ee8de4,408 万大单、数据与网络安全运营中心：启明星辰（中）,网易,1735366348,0,https://www.163.com/dy/article/JKGIMGTN0511D6RL.html,☆☆☆☆☆,"[{'full_name': '启明星辰信息技术集团股份有限公司', 'subject_importance': None, 'subject_risk': None, 'orgid': 'T000027264', 'subject_code': None, 'subject_name': None, 'emotion': 'NEU', 'subject_risk_list': [], 'org_types': ['216001', '001001', '212100', '002', '020006'], 'subject_importance_list': None}]",启明星辰信息技术集团股份有限公司
e174535ecfb01bed,数据安全管理平台，第一！,新浪财经,1735235421,0,https://finance.sina.com.cn/roll/2024-12-26/doc-ineauuyr6731427.shtml,☆☆☆☆☆,"[{'full_name': '启明星辰信息技术集团股份有限公司', 'subject_importance': None, 'subject_risk': None, 'orgid': 'T000027264', 'subject_code': None, 'subject_name': None, 'emotion': 'NEU', 'subject_risk_list': [], 'org_types': ['216001', '001001', '002', '020006', '212100'], 'subject_importance_list': None}]",启明星辰信息技术集团股份有限公司
67e86c8841e74ff9,启明星辰集团数据安全检查工具箱正式发布，“有理有据”搞定数据安全检查“痛点”！,中华网,1735181600,0,https://hea.china.com/article/20241226/122024_1622103.html,☆☆☆☆☆,"[{'full_name': '启明星辰信息技术集团股份有限公司', 'subject_importance': None, 'subject_risk': None, 'orgid': 'T000027264', 'subject_code': None, 'subject_name': None, 'emotion': 'NEU', 'subject_risk_list': [], 'org_types': ['216001', '001001', '212100', '002', '020006'], 'subject_importance_list': None}]",启明星辰信息技术集团股份有限公司
8564a054b4d02206,启明星辰入选Gartner《中国特权访问管理创新洞察》代表厂商,新浪财经,1735145449,0,https://finance.sina.com.cn/roll/2024-12-25/doc-ineasrzi0538015.shtml,☆☆☆☆☆,"[{'full_name': '启明星辰信息技术集团股份有限公司', 'subject_importance': None, 'subject_risk': None, 'orgid': 'T000027264', 'subject_code': None, 'subject_name': None, 'emotion': 'NEU', 'subject_risk_list': [], 'org_types': ['216001', '001001', '212100', '002', '020006'], 'subject_importance_list': None}]",启明星辰信息技术集团股份有限公司
d881b9bcafd9f9d4,港澳市场新突破！启明星辰再揽安全服务项目,新浪财经,1735145441,0,https://finance.sina.com.cn/roll/2024-12-25/doc-ineasrzi0545363.shtml,☆☆☆☆☆,"[{'full_name': '启明星辰信息技术集团股份有限公司', 'subject_importance': None, 'subject_risk': None, 'orgid': 'T000027264', 'subject_code': None, 'subject_name': None, 'emotion': 'NEU', 'subject_risk_list': [], 'org_types': ['216001', '001001', '212100', '002', '020006'], 'subject_importance_list': None}]",启明星辰信息技术集团股份有限公司
5da641cc07d9cdce,启明星辰成功中标中国移动国际有限公司2024年安全运维和技术支撑服务项目,证券时报e公司,1735119761,0,https://www.egsea.com/news/detail/1948695.html,☆☆☆☆☆,"[{'full_name': '启明星辰信息技术集团股份有限公司', 'subject_importance': None, 'subject_risk': None, 'orgid': 'T000027264', 'subject_code': None, 'subject_name': None, 'emotion': 'NEU', 'subject_risk_list': [], 'org_types': ['216001', '001001', '002', '020006', '212100'], 'subject_importance_list': None}]",启明星辰信息技术集团股份有限公司
cccd2edc9134f202,聚焦“AI+安全”——启明星辰亮相第五届中国人工智能大赛成果发布会,新浪财经,1735005025,0,https://finance.sina.com.cn/roll/2024-12-23/doc-ineamxpq9324811.shtml,☆☆☆☆☆,"[{'full_name': '启明星辰信息技术集团股份有限公司', 'subject_importance': None, 'subject_risk': None, 'orgid': 'T000027264', 'subject_code': None, 'subject_name': None, 'emotion': 'NEU', 'subject_risk_list': [], 'org_types': ['216001', '001001', '212100', '002', '020006'], 'subject_importance_list': None}]",启明星辰信息技术集团股份有限公司
99a1fac3a317901c,智能研判 高效溯源——启明星辰安星智能体助力XDR精准还原海莲花APT攻击,启明星辰,1734969600,0,https://www.venustech.com.cn/new_type/gsxw/20241224/28231.html,☆☆☆☆☆,"[{'full_name': '启明星辰信息技术集团股份有限公司', 'subject_importance': None, 'subject_risk': None, 'orgid': 'T000027264', 'subject_code': None, 'subject_name': None, 'emotion': 'NEU', 'subject_risk_list': [], 'org_types': ['216001', '001001', '212100', '002', '020006'], 'subject_importance_list': None}]",启明星辰信息技术集团股份有限公司
cbe0be565c14b62d,长安银行（网安）大单：启明星辰、绿盟（中）,网易,1734919956,0,https://www.163.com/dy/article/JK38KSLR0511D6RL.html,☆☆☆☆☆,"[{'full_name': '启明星辰信息技术集团股份有限公司', 'subject_importance': None, 'subject_risk': None, 'orgid': 'T000027264', 'subject_code': None, 'subject_name': None, 'emotion': 'NEU', 'subject_risk_list': [], 'org_types': ['216001', '001001', '212100', '002', '020006'], 'subject_importance_list': None}]",启明星辰信息技术集团股份有限公司
8986517ce9173a9f,（官方问答平台）超图软件：截至12月20日，公司股东户数约4.54万户……,同花顺金融研究中心,1735530724,0,,☆☆☆☆☆,"[{'full_name': '北京超图软件股份有限公司', 'subject_importance': None, 'subject_risk': None, 'orgid': 'T000026114', 'subject_code': None, 'subject_name': None, 'emotion': 'NEU', 'subject_risk_list': [], 'org_types': ['216003', '001001', '020006', '212100'], 'subject_importance_list': None}]",北京超图软件股份有限公司
113df852db0a7448,（官方问答平台）超图软件：公司中标湖北省自然资源全要素推介平台，中标金额1752万元……,同花顺金融研究中心,1735529647,0,,☆☆☆☆☆,"[{'full_name': '北京超图软件股份有限公司', 'subject_importance': None, 'subject_risk': None, 'orgid': 'T000026114', 'subject_code': None, 'subject_name': None, 'emotion': 'NEU', 'subject_risk_list': [], 'org_types': ['216003', '001001', '020006', '212100'], 'subject_importance_list': None}]",北京超图软件股份有限公司
4d845bef7c862fc5,超图软件新设子公司，含地理遥感信息服务,证券之星,1735268317,0,http://bank.stockstar.com/IG2024122700012977.shtml,☆☆☆☆☆,"[{'full_name': '北京超图软件股份有限公司', 'subject_importance': None, 'subject_risk': None, 'orgid': 'T000026114', 'subject_code': None, 'subject_name': None, 'emotion': 'NEU', 'subject_risk_list': [], 'org_types': ['216003', '001001', '020006', '212100'], 'subject_importance_list': None}]",北京超图软件股份有限公司
5de88a9801a740fa,超图软件与浙江省城乡规划设计研究院签署战略合作协议,证券时报网,1735120160,0,http://egs.stcn.com/news/detail/1948701.html,☆☆☆☆☆,"[{'full_name': '北京超图软件股份有限公司', 'subject_importance': None, 'subject_risk': None, 'orgid': 'T000026114', 'subject_code': None, 'subject_name': None, 'emotion': 'NEU', 'subject_risk_list': [], 'org_types': ['216003', '001001', '020006', '212100'], 'subject_importance_list': None}]",北京超图软件股份有限公司
dd7dfd876092baf7,超图参建项目入选广东省未来城市建设及新技术应用典型案例,新浪财经,1735095023,0,https://finance.sina.com.cn/roll/2024-12-24/doc-ineaqanq8431051.shtml,☆☆☆☆☆,"[{'full_name': '北京超图软件股份有限公司', 'subject_importance': None, 'subject_risk': None, 'orgid': 'T000026114', 'subject_code': None, 'subject_name': None, 'emotion': 'NEU', 'subject_risk_list': [], 'org_types': ['001001', '216003', '020006', '212100'], 'subject_importance_list': None}]",北京超图软件股份有限公司
4e3d477785df54d5,超图软件与北京市测绘院签署战略合作协议,证券时报e公司,1734939603,0,https://www.egsea.com/news/detail/1947031.html,☆☆☆☆☆,"[{'full_name': '北京超图软件股份有限公司', 'subject_importance': None, 'subject_risk': None, 'orgid': 'T000026114', 'subject_code': None, 'subject_name': None, 'emotion': 'NEU', 'subject_risk_list': [], 'org_types': ['216003', '001001', '020006', '212100'], 'subject_importance_list': None}]",北京超图软件股份有限公司
efba8a8a208b5414,超图软件：融资净偿还612.92万元，融资余额8.6亿元（12-20）,东方财富网,1734915840,0,https://finance.eastmoney.com/a/202412233275374672.html,☆☆☆☆☆,"[{'full_name': '北京超图软件股份有限公司', 'subject_importance': None, 'subject_risk': None, 'orgid': 'T000026114', 'subject_code': None, 'subject_name': None, 'emotion': 'NEU', 'subject_risk_list': [], 'org_types': ['216003', '001001', '020006', '212100'], 'subject_importance_list': None}]",北京超图软件股份有限公司
106f39c95adf6a9f,自然资源部海南基础地理信息中心云套件软件采购项目中标公告,中国政府采购网,1734883200,0,https://www.mnr.gov.cn/gk/czgk/zfcg/zbx/202412/t20241223_2878832.html,☆☆☆☆☆,"[{'full_name': '北京超图软件股份有限公司', 'subject_importance': None, 'subject_risk': None, 'orgid': 'T000026114', 'subject_code': None, 'subject_name': None, 'emotion': 'NEU', 'subject_risk_list': [], 'org_types': ['020006', '216003', '212100', '001001'], 'subject_importance_list': None}]",北京超图软件股份有限公司
fec0b6f84460ee62,*ST银江：关于公司股票被实施其他风险警示相关事项的进展公告,深交所股票,1735563969,3,http://static.cninfo.com.cn/finalpage/2024-12-30/1222184427.PDF,★★★★☆,"[{'full_name': '银江技术股份有限公司', 'subject_importance': 4, 'subject_risk': '市场预警--其他风险警示', 'orgid': 'T000025749', 'subject_code': None, 'subject_name': None, 'emotion': 'NEG', 'subject_risk_list': ['R00003', 'R00003035'], 'org_types': ['001001', '216003', '002', '212100', '020006'], 'subject_importance_list': ['bond@4', 'stock@4']}]",银江技术股份有限公司
24e9051605c0dd9a,ST银江（300020）再次提交立案，投资者索赔继续征集,微信-韶关国鑫咨询有限责任公司,1735522683,2,https://mp.weixin.qq.com/s?__biz=MzkwNzY4OTYzNA==&idx=1&mid=2247487074&sn=74f8d6d04a20ae267200711930d66e31,★★☆☆☆,"[{'full_name': '银江技术股份有限公司', 'subject_importance': 2, 'subject_risk': '经营预警--经济纠纷', 'orgid': 'T000025749', 'subject_code': None, 'subject_name': None, 'emotion': 'NEG', 'subject_risk_list': ['R00007', 'R00007019'], 'org_types': ['001001', '216003', '002', '212100', '020006'], 'subject_importance_list': ['stock@1', 'bond@2']}]",银江技术股份有限公司
5b6a36e72e3ec7c4,案件进展：*ST银江（300020）实际控制人被证监会立案调查,新浪财经,1735291811,0,https://finance.sina.com.cn/stock/gmwq/rightscase/2024-12-27/doc-ineawxxx4231415.shtml,★★★★★,"[{'full_name': '银江技术股份有限公司', 'subject_importance': 5, 'subject_risk': '管理预警--实控人被查或被处罚', 'orgid': 'T000025749', 'subject_code': None, 'subject_name': None, 'emotion': 'NEG', 'subject_risk_list': ['R00006', 'R00006006'], 'org_types': ['001001', '216003', '002', '212100', '020006'], 'subject_importance_list': ['bond@5', 'stock@5']}]",银江技术股份有限公司
90a2401d3e78dfd3,"浙江银江电子股份有限公司,银江股份",北京证券网-股民天地,1735278925,0,http://www.bjzq.com.cn/dpfx/News/202412/20241227135121_827964_1.html,☆☆☆☆☆,"[{'full_name': '银江技术股份有限公司', 'subject_importance': None, 'subject_risk': None, 'orgid': 'T000025749', 'subject_code': None, 'subject_name': None, 'emotion': 'NEU', 'subject_risk_list': [], 'org_types': ['216003', '001001', '212100', '002', '020006'], 'subject_importance_list': None}]",银江技术股份有限公司
2ad23e1e2a1d6a35,创新提质丨银江技术上榜浙江省企业创造力百强榜,微信-银江技术,1735270118,0,https://mp.weixin.qq.com/s?__biz=MzA4OTM1NjcxOA==&idx=1&mid=2650404958&sn=0f737ab129a909349f1f4d63c47ed8f8,☆☆☆☆☆,"[{'full_name': '银江技术股份有限公司', 'subject_importance': None, 'subject_risk': None, 'orgid': 'T000025749', 'subject_code': None, 'subject_name': None, 'emotion': 'NEU', 'subject_risk_list': [], 'org_types': ['216003', '001001', '212100', '002', '020006'], 'subject_importance_list': None}]",银江技术股份有限公司
866ab3586b4dc524,广州农行大厦项目办公区智能化施工专业承包中标结果揭晓,donews,1735267876,0,https://www.donews.com/news/detail/4/4661399.html,☆☆☆☆☆,"[{'full_name': '银江技术股份有限公司', 'subject_importance': None, 'subject_risk': None, 'orgid': 'T000025749', 'subject_code': None, 'subject_name': None, 'emotion': 'NEU', 'subject_risk_list': [], 'org_types': ['212100', '002', '216003', '020006', '001001'], 'subject_importance_list': None}]",银江技术股份有限公司
2cca670bc4d6a5fe,*ST银江实控人涉信披违规被立案 公司屡触红线 适格投资者或可索赔,网易,1735124906,0,https://www.163.com/dy/article/JK9BVKDP0519BOCB.html,★★★★★,"[{'full_name': '银江技术股份有限公司', 'subject_importance': 5, 'subject_risk': '管理预警--实控人被查或被处罚', 'orgid': 'T000025749', 'subject_code': None, 'subject_name': None, 'emotion': 'NEG', 'subject_risk_list': ['R00006', 'R00006006'], 'org_types': ['002', '216003', '001001', '212100', '020006'], 'subject_importance_list': ['bond@5', 'stock@5']}]",银江技术股份有限公司
c17d2785f8588a9a,银江技术（300020）被立案调查，股民索赔可期,新浪财经,1735111479,0,https://finance.sina.com.cn/stock/gmwq/rightscase/2024-12-25/doc-ineasfmq7504865.shtml,★★★★☆,"[{'full_name': '银江技术股份有限公司', 'subject_importance': 4, 'subject_risk': '监管预警--立案调查', 'orgid': 'T000025749', 'subject_code': None, 'subject_name': None, 'emotion': 'NEG', 'subject_risk_list': ['R00005', 'R00005005'], 'org_types': ['001001', '216003', '002', '212100', '020006'], 'subject_importance_list': ['bond@4', 'stock@4']}]",银江技术股份有限公司
ce2c20a86c31ba1c,*ST银江（银江技术）股票索赔：实控人涉嫌信披违规被立案，前期公司信披违规已可索赔,新浪财经,1735110769,2,https://finance.sina.com.cn/stock/gmwq/rightscase/2024-12-25/doc-ineasfmp0722458.shtml,★★★★★,"[{'full_name': '银江技术股份有限公司', 'subject_importance': 5, 'subject_risk': '管理预警--实控人被查或被处罚', 'orgid': 'T000025749', 'subject_code': None, 'subject_name': None, 'emotion': 'NEG', 'subject_risk_list': ['R00006', 'R00006006'], 'org_types': ['001001', '216003', '002', '212100', '020006'], 'subject_importance_list': ['bond@5', 'stock@5']}]",银江技术股份有限公司
e4763ba23a701f96,银江技术实控人信披违规被立案，投资索赔预登记,新浪财经,1735110098,2,https://finance.sina.cn/stock/ssgs/2024-12-25/detail-ineasfmq7493063.d.html?cid=76524&node_id=76524&vt=4,★★★★★,"[{'full_name': '银江技术股份有限公司', 'subject_importance': 5, 'subject_risk': '管理预警--实控人被查或被处罚', 'orgid': 'T000025749', 'subject_code': None, 'subject_name': None, 'emotion': 'NEG', 'subject_risk_list': ['R00006', 'R00006006'], 'org_types': ['001001', '216003', '002', '212100', '020006'], 'subject_importance_list': ['bond@5', 'stock@5']}]",银江技术股份有限公司
5bebc0c643613fd1,数字政通：关于董事会、监事会完成换届选举及聘任高级管理人员的公告,深交所股票,1735558464,1,http://static.cninfo.com.cn/finalpage/2024-12-30/1222183388.PDF,★★★☆☆,"[{'full_name': '北京数字政通科技股份有限公司', 'subject_importance': 3, 'subject_risk': '管理预警--董监高变更预警', 'orgid': 'T000027204', 'subject_code': None, 'subject_name': None, 'emotion': 'NEG', 'subject_risk_list': ['R00006', 'R00006003'], 'org_types': ['001001', '216003', '212100', '020006'], 'subject_importance_list': ['stock@3']}]",北京数字政通科技股份有限公司
29e48e25328c4b6b,数字政通：2024泉城数智论坛成功举办,微信-数字政通,1735479757,0,https://mp.weixin.qq.com/s?__biz=MzA4NzMyNDIxMA==&idx=1&mid=2653970646&sn=012c19e0966344a2ba2b21bc6f97f24f,☆☆☆☆☆,"[{'full_name': '北京数字政通科技股份有限公司', 'subject_importance': None, 'subject_risk': None, 'orgid': 'T000027204', 'subject_code': None, 'subject_name': None, 'emotion': 'NEU', 'subject_risk_list': [], 'org_types': ['216003', '001001', '212100', '020006'], 'subject_importance_list': None}]",北京数字政通科技股份有限公司
22f07899bfca9193,“百镜大战”催热供应链 AI端侧落地驶入快车道｜AI 2025前瞻系列①,网易,1735477742,0,https://www.163.com/dy/article/JKJS2LQJ05198CJN.html,☆☆☆☆☆,"[{'full_name': '北京数字政通科技股份有限公司', 'subject_importance': None, 'subject_risk': None, 'orgid': 'T000027204', 'subject_code': None, 'subject_name': None, 'emotion': 'NEU', 'subject_risk_list': [], 'org_types': ['216003', '001001', '212100', '020006'], 'subject_importance_list': None}]",北京数字政通科技股份有限公司
bb7c3241d2ea1766,聚焦丨数字政通受邀出席2025年中国信通院深度观察报告会并发表主题演讲,微信-数字政通,1735136384,0,https://mp.weixin.qq.com/s?__biz=MzA4NzMyNDIxMA==&idx=3&mid=2653970589&sn=30c28afaa282487df7fbbe76d02e707b,☆☆☆☆☆,"[{'full_name': '北京数字政通科技股份有限公司', 'subject_importance': None, 'subject_risk': None, 'orgid': 'T000027204', 'subject_code': None, 'subject_name': None, 'emotion': 'NEU', 'subject_risk_list': [], 'org_types': ['216003', '001001', '212100', '020006'], 'subject_importance_list': None}]",北京数字政通科技股份有限公司
122177447bc3cf57,关注 | 数字政通受邀出席第四届山东省城市建设博览会,微信-数字政通,1734960763,0,https://mp.weixin.qq.com/s?__biz=MzA4NzMyNDIxMA==&idx=3&mid=2653970540&sn=c88121bb301243a3529c97daee9d4960,☆☆☆☆☆,"[{'full_name': '北京数字政通科技股份有限公司', 'subject_importance': None, 'subject_risk': None, 'orgid': 'T000027204', 'subject_code': None, 'subject_name': None, 'emotion': 'NEU', 'subject_risk_list': [], 'org_types': ['216003', '001001', '212100', '020006'], 'subject_importance_list': None}]",北京数字政通科技股份有限公司
4eb4816b1873bd5d,2024年12月23日，数字政通日内振幅超过7%,同花顺金融研究中心,1734934874,2,,★★☆☆☆,"[{'full_name': '北京数字政通科技股份有限公司', 'subject_importance': 2, 'subject_risk': '市场预警--交易异常波动', 'orgid': 'T000027204', 'subject_code': None, 'subject_name': None, 'emotion': 'NEG', 'subject_risk_list': ['R00003', 'R00003007'], 'org_types': ['001001', '216003', '212100', '020006'], 'subject_importance_list': ['stock@2']}]",北京数字政通科技股份有限公司
71059925e95da11a,数字政通：12月20日获融资买入4453.95万元，占当日流入资金比例24.12%,同花顺iNews,1734916822,0,http://stock.10jqka.com.cn/20241223/c664763325.shtml,☆☆☆☆☆,"[{'full_name': '北京数字政通科技股份有限公司', 'subject_importance': None, 'subject_risk': None, 'orgid': 'T000027204', 'subject_code': None, 'subject_name': None, 'emotion': 'NEU', 'subject_risk_list': [], 'org_types': ['216003', '001001', '212100', '020006'], 'subject_importance_list': None}]",北京数字政通科技股份有限公司
cf5fb6987c4210b4,调研| 机构密集调研AI眼镜概念股！龙头双双20CM涨停，本月接待量居前热门股名单来了,微信-京城夜读,1734858773,0,https://mp.weixin.qq.com/s?__biz=MzUxMzE5MDA1Mg==&idx=2&mid=2247532271&sn=f27a14f6337e938aeed3ff0eb8cd0db8,☆☆☆☆☆,"[{'full_name': '北京数字政通科技股份有限公司', 'subject_importance': None, 'subject_risk': None, 'orgid': 'T000027204', 'subject_code': None, 'subject_name': None, 'emotion': 'NEU', 'subject_risk_list': [], 'org_types': ['216003', '001001', '212100', '020006'], 'subject_importance_list': None}]",北京数字政通科技股份有限公司
60f13e8130b8d0f,机构密集调研AI眼镜概念股！龙头双双20CM涨停，本月接待量居前热门股名单来了,金融界,1734849832,0,https://stock.jrj.com.cn/2024/12/22144346681805.shtml,☆☆☆☆☆,"[{'full_name': '北京数字政通科技股份有限公司', 'subject_importance': None, 'subject_risk': None, 'orgid': 'T000027204', 'subject_code': None, 'subject_name': None, 'emotion': 'NEU', 'subject_risk_list': [], 'org_types': ['216003', '001001', '212100', '020006'], 'subject_importance_list': None}]",北京数字政通科技股份有限公司
c7af6f4d5aa14d3b,万达信息(SZ300168)：万达信息垂类大模型聚焦医疗健康领域，灵素融入OCR和大模型能力提供智能健康服务,新浪财经,1735534223,0,https://finance.sina.com.cn/stock/relnews/dongmiqa/2024-12-30/doc-inecfenz1444844.shtml,☆☆☆☆☆,"[{'full_name': '万达信息股份有限公司', 'subject_importance': None, 'subject_risk': None, 'orgid': 'T000029069', 'subject_code': None, 'subject_name': None, 'emotion': 'NEU', 'subject_risk_list': [], 'org_types': ['212100', '216003', '002', '020006', '001001'], 'subject_importance_list': None}]",万达信息股份有限公司
e0ac374a230f6d03,万达信息：董秘回答关于公司发展战略和资本市场的关注与计划,新浪财经,1735534223,0,https://finance.sina.com.cn/stock/relnews/dongmiqa/2024-12-30/doc-inecfent2579745.shtml,☆☆☆☆☆,"[{'full_name': '万达信息股份有限公司', 'subject_importance': None, 'subject_risk': None, 'orgid': 'T000029069', 'subject_code': None, 'subject_name': None, 'emotion': 'NEU', 'subject_risk_list': [], 'org_types': ['212100', '216003', '002', '020006', '001001'], 'subject_importance_list': None}]",万达信息股份有限公司
443eebac0104b4ac,万达信息：白泽晓医疗大模型创新赋能多场景,金融界财经,1735532587,0,https://finance.jrj.com.cn/2024/12/30114746926940.shtml,☆☆☆☆☆,"[{'full_name': '万达信息股份有限公司', 'subject_importance': None, 'subject_risk': None, 'orgid': 'T000029069', 'subject_code': None, 'subject_name': None, 'emotion': 'NEU', 'subject_risk_list': [], 'org_types': ['212100', '216003', '002', '020006', '001001'], 'subject_importance_list': None}]",万达信息股份有限公司
8ab88824a525d808,万达信息：探索运用各类资本市场工具赋能公司发展,证券之星股票,1735531332,0,https://stock.stockstar.com/IG2024123000011354.shtml,☆☆☆☆☆,"[{'full_name': '万达信息股份有限公司', 'subject_importance': None, 'subject_risk': None, 'orgid': 'T000029069', 'subject_code': None, 'subject_name': None, 'emotion': 'NEU', 'subject_risk_list': [], 'org_types': ['212100', '216003', '002', '020006', '001001'], 'subject_importance_list': None}]",万达信息股份有限公司
fc1e805113e2bb5d,万达信息：公司垂类大模型聚焦在医疗健康领域等主营业务，可运用于辅助医疗和公共卫生等多个场景,证券之星股票,1735531313,0,https://stock.stockstar.com/IG2024123000011379.shtml,☆☆☆☆☆,"[{'full_name': '万达信息股份有限公司', 'subject_importance': None, 'subject_risk': None, 'orgid': 'T000029069', 'subject_code': None, 'subject_name': None, 'emotion': 'NEU', 'subject_risk_list': [], 'org_types': ['212100', '216003', '002', '020006', '001001'], 'subject_importance_list': None}]",万达信息股份有限公司
c251ca0314890564,（官方问答平台）万达信息：公司垂类大模型聚焦在医疗健康领域等主营业务，可运用于辅助医疗和公共卫生等多个场景……,同花顺金融研究中心,1735530606,0,,☆☆☆☆☆,"[{'full_name': '万达信息股份有限公司', 'subject_importance': None, 'subject_risk': None, 'orgid': 'T000029069', 'subject_code': None, 'subject_name': None, 'emotion': 'NEU', 'subject_risk_list': [], 'org_types': ['212100', '216003', '002', '020006', '001001'], 'subject_importance_list': None}]",万达信息股份有限公司
97f0a1e26cd23ab,（官方问答平台）万达信息：公司一直关注行业发展，注重上下游及业务协同整合，始终围绕公司发展战略考虑投融资机会，高度关注国家关于行业产业发展以及资本市场高质量发展的政策要求和支持举措，探索运用各类资本市场工具赋能公司发展……,同花顺金融研究中心,1735530606,0,,☆☆☆☆☆,"[{'full_name': '万达信息股份有限公司', 'subject_importance': None, 'subject_risk': None, 'orgid': 'T000029069', 'subject_code': None, 'subject_name': None, 'emotion': 'NEU', 'subject_risk_list': [], 'org_types': ['212100', '216003', '002', '020006', '001001'], 'subject_importance_list': None}]",万达信息股份有限公司
6b59e994639eb664,万达信息(300168)12月20日股东户数5.75万户，较上期减少1.26%,证券之星,1735290964,0,https://wap.stockstar.com/detail/RB2024122700028073,☆☆☆☆☆,"[{'full_name': '万达信息股份有限公司', 'subject_importance': None, 'subject_risk': None, 'orgid': 'T000029069', 'subject_code': None, 'subject_name': None, 'emotion': 'NEU', 'subject_risk_list': [], 'org_types': ['212100', '216003', '002', '020006', '001001'], 'subject_importance_list': None}]",万达信息股份有限公司
45ccd2613835eabf,万达信息：云数据中心规模5000平方米，130多个机柜，服务100多家客户，考虑多种合作方式提升效益,新浪财经,1735289484,0,https://finance.sina.com.cn/stock/relnews/dongmiqa/2024-12-27/doc-ineawtrt5850327.shtml,☆☆☆☆☆,"[{'full_name': '万达信息股份有限公司', 'subject_importance': None, 'subject_risk': None, 'orgid': 'T000029069', 'subject_code': None, 'subject_name': None, 'emotion': 'NEU', 'subject_risk_list': [], 'org_types': ['212100', '216003', '002', '020006', '001001'], 'subject_importance_list': None}]",万达信息股份有限公司
97b9d3d930fff0c5,"万达信息(SZ300168)：2024年12月20日总股本1,441,777,126股，机构股东持有649,467,629股，自然人股东持有792,309,497股",新浪财经,1735289431,0,https://finance.sina.com.cn/stock/relnews/dongmiqa/2024-12-27/doc-ineawtrv2626421.shtml,☆☆☆☆☆,"[{'full_name': '万达信息股份有限公司', 'subject_importance': None, 'subject_risk': None, 'orgid': 'T000029069', 'subject_code': None, 'subject_name': None, 'emotion': 'NEU', 'subject_risk_list': [], 'org_types': ['212100', '216003', '002', '020006', '001001'], 'subject_importance_list': None}]",万达信息股份有限公司
7c2e0aaa211c9d15,2024软件和信息服务业助推高质量发展杰出贡献企业发布,中华网,1735554469,0,https://hea.china.com/article/20241230/122024_1624214.html,☆☆☆☆☆,"[{'full_name': '东华软件股份公司', 'subject_importance': None, 'subject_risk': None, 'orgid': '03131973', 'subject_code': None, 'subject_name': None, 'emotion': 'NEU', 'subject_risk_list': [], 'org_types': ['212100', '001001', '002', '216001', '020006'], 'subject_importance_list': None}]",东华软件股份公司
607bca469b48c6d,东华软件：全资子公司神州新桥向银行申请综合授信及担保,网易,1735296208,0,https://www.163.com/dy/article/JKEFLTQ20519QIKK.html,☆☆☆☆☆,"[{'full_name': '东华软件股份公司', 'subject_importance': None, 'subject_risk': None, 'orgid': '03131973', 'subject_code': None, 'subject_name': None, 'emotion': 'NEU', 'subject_risk_list': [], 'org_types': ['212100', '020006', '216001', '002', '001001'], 'subject_importance_list': None}]",东华软件股份公司
f1ff1e193d5f5322,东华软件(002065.SZ)：拟以3亿元投资设立重庆东华,格隆汇资讯-公司信息,1735294994,3,https://www.gelonghui.com/news/4918353,☆☆☆☆☆,"[{'full_name': '东华软件股份公司', 'subject_importance': None, 'subject_risk': None, 'orgid': '03131973', 'subject_code': None, 'subject_name': None, 'emotion': 'NEU', 'subject_risk_list': [], 'org_types': ['212100', '020006', '216001', '002', '001001'], 'subject_importance_list': None}]",东华软件股份公司
c1fc3cc786815b0,东华软件(002065.SZ)拟出资3亿元设立重庆东华以打造多域数智中心,智通财经,1735294456,0,https://www.zhitongcaijing.com/content/detail/1230163.html,☆☆☆☆☆,"[{'full_name': '东华软件股份公司', 'subject_importance': None, 'subject_risk': None, 'orgid': '03131973', 'subject_code': None, 'subject_name': None, 'emotion': 'NEU', 'subject_risk_list': [], 'org_types': ['212100', '020006', '216001', '002', '001001'], 'subject_importance_list': None}]",东华软件股份公司
4d01189dec896c80,东华软件：拟对外投资设立“重庆东华软件有限公司”,和讯股票,1735294364,0,https://stock.hexun.com/2024-12-27/216460831.html,☆☆☆☆☆,"[{'full_name': '东华软件股份公司', 'subject_importance': None, 'subject_risk': None, 'orgid': '03131973', 'subject_code': None, 'subject_name': None, 'emotion': 'NEU', 'subject_risk_list': [], 'org_types': ['212100', '020006', '216001', '002', '001001'], 'subject_importance_list': None}]",东华软件股份公司
957f8c16cc77d05e,东华软件：拟以3亿元设立全资子公司重庆东华,新浪财经,1735294089,0,https://finance.sina.cn/7x24/2024-12-27/detail-ineawxxx4249263.d.html,☆☆☆☆☆,"[{'full_name': '东华软件股份公司', 'subject_importance': None, 'subject_risk': None, 'orgid': '03131973', 'subject_code': None, 'subject_name': None, 'emotion': 'NEU', 'subject_risk_list': [], 'org_types': ['212100', '020006', '216001', '002', '001001'], 'subject_importance_list': None}]",东华软件股份公司
b2e0751a2f334dc6,东华软件荣登2024北京企业百强等3项榜单,微信-东华软件股份公司,1735117736,0,https://mp.weixin.qq.com/s?__biz=MzAxNDYxOTE4MQ==&idx=2&mid=2677145632&sn=d5bba396a6cb6fdb68011916c7069380,☆☆☆☆☆,"[{'full_name': '东华软件股份公司', 'subject_importance': None, 'subject_risk': None, 'orgid': '03131973', 'subject_code': None, 'subject_name': None, 'emotion': 'NEU', 'subject_risk_list': [], 'org_types': ['212100', '020006', '216001', '002', '001001'], 'subject_importance_list': None}]",东华软件股份公司
c17e19e00be3d0f1,东华软件加码AI 近三个月斥资8亿元新设4家公司,搜狐-北京市,1735117115,0,https://www.sohu.com/a/841733024_153054,☆☆☆☆☆,"[{'full_name': '东华软件股份公司', 'subject_importance': None, 'subject_risk': None, 'orgid': '03131973', 'subject_code': None, 'subject_name': None, 'emotion': 'NEU', 'subject_risk_list': [], 'org_types': ['212100', '020006', '216001', '002', '001001'], 'subject_importance_list': None}]",东华软件股份公司
c7110eac546a83dd,东华软件子公司中标又废标？到嘴的鸭子飞了？,新浪财经,1735109419,0,https://finance.sina.com.cn/jjxw/2024-12-25/doc-ineasfmq7487474.shtml,★☆☆☆☆,"[{'full_name': '东华软件股份公司', 'subject_importance': 1, 'subject_risk': '项目预警', 'orgid': '03131973', 'subject_code': None, 'subject_name': None, 'emotion': 'NEG', 'subject_risk_list': ['R00009'], 'org_types': ['212100', '216001', '001001', '020006', '002'], 'subject_importance_list': ['stock@1', 'bond@1']}]",东华软件股份公司
981938915185a5a8,聚融财智 湘商资本论坛暨湘商创业项目融资对接会在京举行,新湖南,1734945016,0,https://www.hunantoday.cn/news/xhn/202412/21534902.html,☆☆☆☆☆,"[{'full_name': '东华软件股份公司', 'subject_importance': None, 'subject_risk': None, 'orgid': '03131973', 'subject_code': None, 'subject_name': None, 'emotion': 'NEU', 'subject_risk_list': [], 'org_types': ['212100', '001001', '002', '216001', '020006'], 'subject_importance_list': None}]",东华软件股份公司
323a37f7bb60e06a,华胜天成-做新一代数字化创新服务的领先企业,华胜天成,1735542130,0,https://www.teamsun.com.cn/,☆☆☆☆☆,"[{'full_name': '北京华胜天成科技股份有限公司', 'subject_importance': None, 'subject_risk': None, 'orgid': '03130700', 'subject_code': None, 'subject_name': None, 'emotion': 'NEU', 'subject_risk_list': [], 'org_types': ['002', '216001', '001001', '020006', '212001'], 'subject_importance_list': None}]",北京华胜天成科技股份有限公司
9929c5f101961c07,华胜天成荣获“2024年度人工智能领域领军企业奖”,新浪财经,1735195829,0,https://finance.sina.com.cn/roll/2024-12-26/doc-ineatxux1366661.shtml,☆☆☆☆☆,"[{'full_name': '北京华胜天成科技股份有限公司', 'subject_importance': None, 'subject_risk': None, 'orgid': '03130700', 'subject_code': None, 'subject_name': None, 'emotion': 'NEU', 'subject_risk_list': [], 'org_types': ['002', '216001', '001001', '020006', '212001'], 'subject_importance_list': None}]",北京华胜天成科技股份有限公司
71c2300120ffc1be,双榜殊荣！华胜天成入选“2024北京数字经济企业百强”与“2024北京服务业企业百强”,新浪财经,1735145446,0,https://finance.sina.com.cn/roll/2024-12-25/doc-ineasfmp0732983.shtml,☆☆☆☆☆,"[{'full_name': '北京华胜天成科技股份有限公司', 'subject_importance': None, 'subject_risk': None, 'orgid': '03130700', 'subject_code': None, 'subject_name': None, 'emotion': 'NEU', 'subject_risk_list': [], 'org_types': ['002', '216001', '001001', '020006', '212001'], 'subject_importance_list': None}]",北京华胜天成科技股份有限公司
4cf35dc08c086c5,华胜天成中标结果：中国移动北京公司网运中心2025年1月-2026年12月MDN、短信中心、网管系统数通设备、CDN、IPTV网络技术支持服务项目_中选结果公示,证券之星股票,1734962011,0,https://stock.stockstar.com/RB2024122300032504.shtml,☆☆☆☆☆,"[{'full_name': '北京华胜天成科技股份有限公司', 'subject_importance': None, 'subject_risk': None, 'orgid': '03130700', 'subject_code': None, 'subject_name': None, 'emotion': 'NEU', 'subject_risk_list': [], 'org_types': ['002', '216001', '212001', '001001', '020006'], 'subject_importance_list': None}]",北京华胜天成科技股份有限公司
e1a0ac6de6190983,2024年12月23日，华胜天成日内振幅超过7%,同花顺金融研究中心,1734930670,2,,★★★☆☆,"[{'full_name': '北京华胜天成科技股份有限公司', 'subject_importance': 3, 'subject_risk': '市场预警--交易异常波动', 'orgid': '03130700', 'subject_code': None, 'subject_name': None, 'emotion': 'NEG', 'subject_risk_list': ['R00003', 'R00003007'], 'org_types': ['212001', '002', '216001', '020006', '001001'], 'subject_importance_list': ['bond@3', 'stock@2']}]",北京华胜天成科技股份有限公司
c99b3faca3b006bc,华胜天成12月20日获融资买入1.35亿元，融资余额7.07亿元,新浪财经,1734916320,0,https://finance.sina.com.cn/stock/aiassist/rzrq/2024-12-23/doc-ineamakc4086968.shtml,☆☆☆☆☆,"[{'full_name': '北京华胜天成科技股份有限公司', 'subject_importance': None, 'subject_risk': None, 'orgid': '03130700', 'subject_code': None, 'subject_name': None, 'emotion': 'NEU', 'subject_risk_list': [], 'org_types': ['002', '216001', '001001', '020006', '212001'], 'subject_importance_list': None}]",北京华胜天成科技股份有限公司
23bda266f8445439,华胜天成上周获融资净卖出3127.37万元，居两市第133位,金融界,1734909844,0,https://stock.jrj.com.cn/2024/12/23072446682885.shtml,☆☆☆☆☆,"[{'full_name': '北京华胜天成科技股份有限公司', 'subject_importance': None, 'subject_risk': None, 'orgid': '03130700', 'subject_code': None, 'subject_name': None, 'emotion': 'NEU', 'subject_risk_list': [], 'org_types': ['002', '216001', '001001', '020006', '212001'], 'subject_importance_list': None}]",北京华胜天成科技股份有限公司
43ac66186e8540e3,太极股份新注册《产品测试数据管理系统V1.0》等2个项目的软件著作权,证券之星,1735322832,0,https://wap.stockstar.com/detail/RB2024122800003267,☆☆☆☆☆,"[{'full_name': '太极计算机股份有限公司', 'subject_importance': None, 'subject_risk': None, 'orgid': 'T000026778', 'subject_code': None, 'subject_name': None, 'emotion': 'NEU', 'subject_risk_list': [], 'org_types': ['216001', '001001', '020001', '020001002002', '002', '212100'], 'subject_importance_list': None}]",太极计算机股份有限公司
ddb48c8d6d8aa82c,【企业动态】太极股份新增2件判决结果，涉及建设工程分包合同纠纷、电信服务合同纠纷等,证券之星股票,1735258390,0,http://stock.stockstar.com/RB2024122700006135.shtml,★★★☆☆,"[{'full_name': '太极计算机股份有限公司', 'subject_importance': 3, 'subject_risk': '经营预警--法律诉讼', 'orgid': 'T000026778', 'subject_code': None, 'subject_name': None, 'emotion': 'NEG', 'subject_risk_list': ['R00007', 'R00007018'], 'org_types': ['020001002002', '002', '212100', '216001', '020001', '001001'], 'subject_importance_list': ['bond@2', 'stock@3']}]",太极计算机股份有限公司
2687e4cf92c6a0c8,太极股份新注册《跨模态司法决策要素抽取系统V1.0》项目的软件著作权,证券之星,1735234129,0,https://wap.stockstar.com/detail/RB2024122700000442,☆☆☆☆☆,"[{'full_name': '太极计算机股份有限公司', 'subject_importance': None, 'subject_risk': None, 'orgid': 'T000026778', 'subject_code': None, 'subject_name': None, 'emotion': 'NEU', 'subject_risk_list': [], 'org_types': ['216001', '001001', '020001', '020001002002', '002', '212100'], 'subject_importance_list': None}]",太极计算机股份有限公司
bf015334f958a125,北京市网上政务服务大厅运行中心2024年政务云服务政府采购合同正式签订,donews,1735202557,0,https://www.donews.com/news/detail/4/4659393.html,☆☆☆☆☆,"[{'full_name': '太极计算机股份有限公司', 'subject_importance': None, 'subject_risk': None, 'orgid': 'T000026778', 'subject_code': None, 'subject_name': None, 'emotion': 'NEU', 'subject_risk_list': [], 'org_types': ['216001', '001001', '020001', '020001002002', '002', '212100'], 'subject_importance_list': None}]",太极计算机股份有限公司
8f32271632898252,太极股份新提交“太极”商标注册申请,证券之星,1735076544,0,https://wap.stockstar.com/detail/RB2024122500004288,☆☆☆☆☆,"[{'full_name': '太极计算机股份有限公司', 'subject_importance': None, 'subject_risk': None, 'orgid': 'T000026778', 'subject_code': None, 'subject_name': None, 'emotion': 'NEU', 'subject_risk_list': [], 'org_types': ['216001', '001001', '020001', '020001002002', '002', '212100'], 'subject_importance_list': None}]",太极计算机股份有限公司
45f63158b2cad1fa,太极股份新注册《类似案件不同判预警系统V1.0》项目的软件著作权,证券之星,1735061361,0,https://wap.stockstar.com/detail/RB2024122500000613,☆☆☆☆☆,"[{'full_name': '太极计算机股份有限公司', 'subject_importance': None, 'subject_risk': None, 'orgid': 'T000026778', 'subject_code': None, 'subject_name': None, 'emotion': 'NEU', 'subject_risk_list': [], 'org_types': ['216001', '001001', '020001', '020001002002', '002', '212100'], 'subject_importance_list': None}]",太极计算机股份有限公司
3a381e01fb314ffb,太极股份：公司连续多年为北京、天津、海南等省市提供政务云服务,网易,1735019035,0,https://www.163.com/dy/article/JK67C03Q0512B07B.html,☆☆☆☆☆,"[{'full_name': '太极计算机股份有限公司', 'subject_importance': None, 'subject_risk': None, 'orgid': 'T000026778', 'subject_code': None, 'subject_name': None, 'emotion': 'NEU', 'subject_risk_list': [], 'org_types': ['216001', '001001', '020001', '020001002002', '002', '212100'], 'subject_importance_list': None}]",太极计算机股份有限公司
3c70050427913fad,太极股份：部分省市政务云算力基础设施由公司建设,网易,1735014325,0,https://www.163.com/dy/article/JK62PQFO0519QIKK.html,☆☆☆☆☆,"[{'full_name': '太极计算机股份有限公司', 'subject_importance': None, 'subject_risk': None, 'orgid': 'T000026778', 'subject_code': None, 'subject_name': None, 'emotion': 'NEU', 'subject_risk_list': [], 'org_types': ['216001', '001001', '020001', '020001002002', '002', '212100'], 'subject_importance_list': None}]",太极计算机股份有限公司
5f1d124aad8cc0df,（官方问答平台）太极股份：公司面向党政、公共安全等领域以及重点行业企业提供涵盖信息基础设施、业务应用、数据运营、网络信息安全等的数字化服务……,同花顺金融研究中心,1735011245,0,,☆☆☆☆☆,"[{'full_name': '太极计算机股份有限公司', 'subject_importance': None, 'subject_risk': None, 'orgid': 'T000026778', 'subject_code': None, 'subject_name': None, 'emotion': 'NEU', 'subject_risk_list': [], 'org_types': ['216001', '001001', '020001', '020001002002', '002', '212100'], 'subject_importance_list': None}]",太极计算机股份有限公司
107135a450089240,（官方问答平台）太极股份：截止2024年12月20日，公司的股东户数为56434户，感谢您的关注……,同花顺金融研究中心,1734942242,0,,☆☆☆☆☆,"[{'full_name': '太极计算机股份有限公司', 'subject_importance': None, 'subject_risk': None, 'orgid': 'T000026778', 'subject_code': None, 'subject_name': None, 'emotion': 'NEU', 'subject_risk_list': [], 'org_types': ['216001', '001001', '020001', '020001002002', '002', '212100'], 'subject_importance_list': None}]",太极计算机股份有限公司
