uuid,title,host_source,display_time,importance,url,subject_importance_to_show,type_tag,company_name
f1e0b2c63a5d2a95,寒武纪被前CTO起诉，索赔43亿！市值90亿股权归谁？股权律师分配,网易-股权律师卢庆华广东,1737720686,0,https://www.163.com/dy/article/JMMMTPJR0525B1G3.html,★★★☆☆,"[{'full_name': '中科寒武纪科技股份有限公司', 'subject_importance': 3, 'subject_risk': '经营预警--法律诉讼', 'orgid': 'T004646002', 'subject_code': None, 'subject_name': None, 'emotion': 'NEG', 'subject_risk_list': ['R00007', 'R00007018'], 'org_types': ['216011', '020006', '212001', '001001'], 'subject_importance_list': ['stock@3']}]",中科寒武纪科技股份有限公司
b8703d86e6c72e84,寒武纪：公司尚未实施股份回购,和讯股票,1737715185,0,https://stock.hexun.com/2025-01-24/217031771.html,☆☆☆☆☆,"[{'full_name': '中科寒武纪科技股份有限公司', 'subject_importance': None, 'subject_risk': None, 'orgid': 'T004646002', 'subject_code': None, 'subject_name': None, 'emotion': 'NEU', 'subject_risk_list': [], 'org_types': ['216011', '001001', '020006', '212001'], 'subject_importance_list': None}]",中科寒武纪科技股份有限公司
10bc964915216533,价值70亿股权归谁？“中国版英伟达”寒武纪和前CTO互诉始末,搜狐-北京市,1737703496,0,https://www.sohu.com/a/852867402_115565,★★★☆☆,"[{'full_name': '中科寒武纪科技股份有限公司', 'subject_importance': 3, 'subject_risk': '经营预警--法律诉讼', 'orgid': 'T004646002', 'subject_code': None, 'subject_name': None, 'emotion': 'NEG', 'subject_risk_list': ['R00007', 'R00007018'], 'org_types': ['216011', '020006', '212001', '001001'], 'subject_importance_list': ['stock@3']}]",中科寒武纪科技股份有限公司
21d7fb99634cb514,前CTO向寒武纪“讨薪”超42亿元，股权激励算劳动报酬吗？,银柿财经,1737681671,2,https://www.yinsfinance.com/article/1365620.shtml,★★★☆☆,"[{'full_name': '中科寒武纪科技股份有限公司', 'subject_importance': 3, 'subject_risk': '经营预警--法律诉讼', 'orgid': 'T004646002', 'subject_code': None, 'subject_name': None, 'emotion': 'NEG', 'subject_risk_list': ['R00007', 'R00007018'], 'org_types': ['216011', '020006', '212001', '001001'], 'subject_importance_list': ['stock@3']}]",中科寒武纪科技股份有限公司
3f5d820cf067ddda,寒武纪为何在涨幅上超过英伟达？背后真相揭晓！,搜狐,1737680485,2,https://www.sohu.com/a/852726492_122118476,★★☆☆☆,"[{'full_name': '中科寒武纪科技股份有限公司', 'subject_importance': 2, 'subject_risk': '市场预警--交易异常波动', 'orgid': 'T004646002', 'subject_code': None, 'subject_name': None, 'emotion': 'NEG', 'subject_risk_list': ['R00003', 'R00003007'], 'org_types': ['216011', '020006', '212001', '001001'], 'subject_importance_list': ['stock@2']}]",中科寒武纪科技股份有限公司
263d1df6115446a6,公募基金2024年四季报收官 重仓八大行业超千亿元,东方财富网,1737657610,0,https://finance.eastmoney.com/a/202501243306651333.html,☆☆☆☆☆,"[{'full_name': '中科寒武纪科技股份有限公司', 'subject_importance': None, 'subject_risk': None, 'orgid': 'T004646002', 'subject_code': None, 'subject_name': None, 'emotion': 'NEU', 'subject_risk_list': [], 'org_types': ['020006', '216011', '001001', '212001'], 'subject_importance_list': None}]",中科寒武纪科技股份有限公司
4ea06cb2fe224a68,寒武纪股价大涨背后：前CTO与公司股权争夺战，1152万股值几何？,ITBEAR,1737630878,0,http://www.itbear.com.cn/html/2025-01/691506.html,★★★☆☆,"[{'full_name': '中科寒武纪科技股份有限公司', 'subject_importance': 3, 'subject_risk': '市场预警--舆论预警', 'orgid': 'T004646002', 'subject_code': None, 'subject_name': None, 'emotion': 'NEG', 'subject_risk_list': ['R00003', 'R00003034'], 'org_types': ['216011', '020006', '212001', '001001'], 'subject_importance_list': ['stock@3']}]",中科寒武纪科技股份有限公司
329dbfc79540b5d5,寒武纪前CTO离职近三年后与公司互诉公堂，1152万股寒武纪股票到底值5万还是4亿？,搜狐-湖北省,1737629705,0,https://www.sohu.com/a/852540777_122045489,★★★☆☆,"[{'full_name': '中科寒武纪科技股份有限公司', 'subject_importance': 3, 'subject_risk': '经营预警--法律诉讼', 'orgid': 'T004646002', 'subject_code': None, 'subject_name': None, 'emotion': 'NEG', 'subject_risk_list': ['R00007', 'R00007018'], 'org_types': ['216011', '020006', '212001', '001001'], 'subject_importance_list': ['stock@3']}]",中科寒武纪科技股份有限公司
a15b6d9384c3f026,市值超70亿的股权究竟归谁？寒武纪与前CTO对簿公堂,微信-国际金融报,1737626512,0,https://mp.weixin.qq.com/s/kKXaQyqFRBP90zdFjr4NmA,★★★☆☆,"[{'full_name': '中科寒武纪科技股份有限公司', 'subject_importance': 3, 'subject_risk': '管理预警--董监高变更预警', 'orgid': 'T004646002', 'subject_code': None, 'subject_name': None, 'emotion': 'NEG', 'subject_risk_list': ['R00006', 'R00006003'], 'org_types': ['216011', '020006', '212001', '001001'], 'subject_importance_list': ['stock@3']}]",中科寒武纪科技股份有限公司
af318940c95236c1,用 5 万换价值 73 亿的股份？因离职让寒武纪市值蒸发 60 亿的 CTO，与老东家“开撕”了！,微信-AI前线,1737609195,2,https://mp.weixin.qq.com/s/DHnsHMA8hHDUb98eZSQ0hg,★★★☆☆,"[{'full_name': '中科寒武纪科技股份有限公司', 'subject_importance': 3, 'subject_risk': '经营预警--法律诉讼', 'orgid': 'T004646002', 'subject_code': None, 'subject_name': None, 'emotion': 'NEG', 'subject_risk_list': ['R00007', 'R00007018'], 'org_types': ['216011', '020006', '212001', '001001'], 'subject_importance_list': ['stock@3']}]",中科寒武纪科技股份有限公司
f55b24333b1b6bf3,消费电子回暖叠加AI驱动 科创板集成电路公司2024年业绩频传“芯”喜讯,搜狐-上海市,1737640580,0,https://www.sohu.com/a/852611566_120988576,☆☆☆☆☆,"[{'full_name': '海光信息技术股份有限公司', 'subject_importance': None, 'subject_risk': None, 'orgid': 'T000233634', 'subject_code': None, 'subject_name': None, 'emotion': 'NEU', 'subject_risk_list': [], 'org_types': ['001001', '212001', '216011', '020006', '020001'], 'subject_importance_list': None}]",海光信息技术股份有限公司
ee6ebb7502693716,业绩 公募业绩有起有落 重仓科技者“尝到甜头”,上海证券报,1737569744,0,https://paper.cnstock.com/html/2025-01/23/content_2022298.htm,☆☆☆☆☆,"[{'full_name': '海光信息技术股份有限公司', 'subject_importance': None, 'subject_risk': None, 'orgid': 'T000233634', 'subject_code': None, 'subject_name': None, 'emotion': 'NEU', 'subject_risk_list': [], 'org_types': ['212001', '001001', '216011', '020001', '020006'], 'subject_importance_list': None}]",海光信息技术股份有限公司
7798563b3e3e3b96,算力投资持续增长，多公司业绩大增，但这家跨界明星恐下降449.2%,微信-投资有道杂志,1737536766,0,https://mp.weixin.qq.com/s?__biz=MzAwNjMzMzEyNA==&idx=1&mid=2247515546&sn=d261df341e411e98bdf2b1e4d8151981,☆☆☆☆☆,"[{'full_name': '海光信息技术股份有限公司', 'subject_importance': None, 'subject_risk': None, 'orgid': 'T000233634', 'subject_code': None, 'subject_name': None, 'emotion': 'NEU', 'subject_risk_list': [], 'org_types': ['212001', '216011', '001001', '020006', '020001'], 'subject_importance_list': None}]",海光信息技术股份有限公司
42e0fb3cb853674a,万家人工智能混合A基金2024年第四季度业绩强劲，展望AI应用新机遇,搜狐,1737531757,0,https://www.sohu.com/a/851892334_121798711,☆☆☆☆☆,"[{'full_name': '海光信息技术股份有限公司', 'subject_importance': None, 'subject_risk': None, 'orgid': 'T000233634', 'subject_code': None, 'subject_name': None, 'emotion': 'NEU', 'subject_risk_list': [], 'org_types': ['001001', '216011', '212001', '020001', '020006'], 'subject_importance_list': None}]",海光信息技术股份有限公司
69236ba1f3964b47,海光信息推出新型内存管理技术，提升计算性能,donews,1737525361,0,https://www.donews.com/news/detail/4/4717992.html,☆☆☆☆☆,"[{'full_name': '海光信息技术股份有限公司', 'subject_importance': None, 'subject_risk': None, 'orgid': 'T000233634', 'subject_code': None, 'subject_name': None, 'emotion': 'NEU', 'subject_risk_list': [], 'org_types': ['216011', '020006', '001001', '020001', '212001'], 'subject_importance_list': None}]",海光信息技术股份有限公司
5f26460cdb5e4bcc,海光信息技术申请时钟约束定义专利，能节省人力并保证早期时钟约束的正确性,百家号,1737517860,0,https://baijiahao.baidu.com/s?id=1821920362923129309&wfr=spider&for=pc,☆☆☆☆☆,"[{'full_name': '海光信息技术股份有限公司', 'subject_importance': None, 'subject_risk': None, 'orgid': 'T000233634', 'subject_code': None, 'subject_name': None, 'emotion': 'NEU', 'subject_risk_list': [], 'org_types': ['216011', '020006', '001001', '020001', '212001'], 'subject_importance_list': None}]",海光信息技术股份有限公司
41b9d97d76a8a600,诺安基金邓心怡：关注2025年人工智能应用生态和端侧硬件新品类,金融界,1737511217,0,https://fund.jrj.com.cn/2025/01/22095747683943.shtml,☆☆☆☆☆,"[{'full_name': '海光信息技术股份有限公司', 'subject_importance': None, 'subject_risk': None, 'orgid': 'T000233634', 'subject_code': None, 'subject_name': None, 'emotion': 'NEU', 'subject_risk_list': [], 'org_types': ['212001', '001001', '216011', '020001', '020006'], 'subject_importance_list': None}]",海光信息技术股份有限公司
708835d111364f9b,拿下全国第一，3000亿芯片龙头，巨轮启航！,网易-飞鲸投研山东,1737498017,0,https://www.163.com/dy/article/JMERQR860539IMJ0.html,☆☆☆☆☆,"[{'full_name': '海光信息技术股份有限公司', 'subject_importance': None, 'subject_risk': None, 'orgid': 'T000233634', 'subject_code': None, 'subject_name': None, 'emotion': 'NEU', 'subject_risk_list': [], 'org_types': ['216011', '020006', '001001', '020001', '212001'], 'subject_importance_list': None}]",海光信息技术股份有限公司
bfcd2d3a6ae7a3d5,多家科创板公司业绩预喜 彰显韧性和活力,证券日报,1737481235,0,http://www.zqrb.cn/gscy/gongsi/2025-01-22/A1737465717481.html,☆☆☆☆☆,"[{'full_name': '海光信息技术股份有限公司', 'subject_importance': None, 'subject_risk': None, 'orgid': 'T000233634', 'subject_code': None, 'subject_name': None, 'emotion': 'NEU', 'subject_risk_list': [], 'org_types': ['212001', '001001', '216011', '020001', '020006'], 'subject_importance_list': None}]",海光信息技术股份有限公司
a50b623723682964,集微咨询：2024年中国大陆半导体设计企业专利实力榜单,网易,1737423110,0,https://www.163.com/dy/article/JMDRN05I0511RIVP.html?clickfrom=w_tech,☆☆☆☆☆,"[{'full_name': '海光信息技术股份有限公司', 'subject_importance': None, 'subject_risk': None, 'orgid': 'T000233634', 'subject_code': None, 'subject_name': None, 'emotion': 'NEU', 'subject_risk_list': [], 'org_types': ['001001', '216011', '020006', '020001', '212001'], 'subject_importance_list': None}]",海光信息技术股份有限公司
d0fbc25977ed199f,V观财报｜中科曙光：董事长李国杰因个人年龄原因辞职,中新经纬,1737712934,0,http://www.jwview.com/jingwei/kb/pc/01-24/215946.shtml,★★★★☆,"[{'full_name': '曙光信息产业股份有限公司', 'subject_importance': 4, 'subject_risk': '管理预警--董事长变更预警', 'orgid': '00057892', 'subject_code': None, 'subject_name': None, 'emotion': 'NEG', 'subject_risk_list': ['R00006', 'R00006031'], 'org_types': ['212001', '020001', '002', '020006', '216001', '001001'], 'subject_importance_list': ['stock@4', 'bond@4']}]",曙光信息产业股份有限公司
f4cccb3c5855e530,中科曙光董事长李国杰因年龄原因辞任，新任人选待定,证券之星,1737712511,0,http://finance.itbear.com.cn/html/2025-01/137637.html,★★★★☆,"[{'full_name': '曙光信息产业股份有限公司', 'subject_importance': 4, 'subject_risk': '管理预警--董事长变更预警', 'orgid': '00057892', 'subject_code': None, 'subject_name': None, 'emotion': 'NEG', 'subject_risk_list': ['R00006', 'R00006031'], 'org_types': ['212001', '020001', '002', '020006', '216001', '001001'], 'subject_importance_list': ['stock@4', 'bond@4']}]",曙光信息产业股份有限公司
fab766e38405c873,中科曙光变动风云：李国杰董事长辞职风波如何影响未来发展？,搜狐,1737709057,0,https://www.sohu.com/a/852921005_122066676,★★★★☆,"[{'full_name': '曙光信息产业股份有限公司', 'subject_importance': 4, 'subject_risk': '管理预警--董事长变更预警', 'orgid': '00057892', 'subject_code': None, 'subject_name': None, 'emotion': 'NEG', 'subject_risk_list': ['R00006', 'R00006031'], 'org_types': ['212001', '020001', '002', '020006', '216001', '001001'], 'subject_importance_list': ['stock@4', 'bond@4']}]",曙光信息产业股份有限公司
accaadd74674ee0,中科曙光：董事长因个人年龄原因辞职,证券时报网,1737708372,0,http://www.stcn.com/article/detail/1509301.html,★★★★☆,"[{'full_name': '曙光信息产业股份有限公司', 'subject_importance': 4, 'subject_risk': '管理预警--董事长变更预警', 'orgid': '00057892', 'subject_code': None, 'subject_name': None, 'emotion': 'NEG', 'subject_risk_list': ['R00006', 'R00006031'], 'org_types': ['212001', '020001', '002', '020006', '216001', '001001'], 'subject_importance_list': ['stock@4', 'bond@4']}]",曙光信息产业股份有限公司
33ae7e6fb1fc68d9,中科曙光董事长李国杰因年龄辞职，未来公司战略何去何从？,搜狐,1737708146,0,https://www.sohu.com/a/852912579_122066678,★★★★☆,"[{'full_name': '曙光信息产业股份有限公司', 'subject_importance': 4, 'subject_risk': '管理预警--董事长变更预警', 'orgid': '00057892', 'subject_code': None, 'subject_name': None, 'emotion': 'NEG', 'subject_risk_list': ['R00006', 'R00006031'], 'org_types': ['212001', '020001', '002', '020006', '216001', '001001'], 'subject_importance_list': ['stock@4', 'bond@4']}]",曙光信息产业股份有限公司
588d950c193cb8ee,中科曙光：董事长李国杰辞任,同花顺整理,1737707378,0,https://www.cls.cn/detail/1929231,★★★★☆,"[{'full_name': '曙光信息产业股份有限公司', 'subject_importance': 4, 'subject_risk': '管理预警--董事长变更预警', 'orgid': '00057892', 'subject_code': None, 'subject_name': None, 'emotion': 'NEG', 'subject_risk_list': ['R00006', 'R00006031'], 'org_types': ['212001', '020001', '002', '020006', '216001', '001001'], 'subject_importance_list': ['stock@4', 'bond@4']}]",曙光信息产业股份有限公司
d2ad9e40e79b32f6,中科曙光(603019.SH)：董事长李国杰辞任,格隆汇资讯-公司信息,1737707203,0,https://www.gelonghui.com/news/4932964,★★★★☆,"[{'full_name': '曙光信息产业股份有限公司', 'subject_importance': 4, 'subject_risk': '管理预警--董事长变更预警', 'orgid': '00057892', 'subject_code': None, 'subject_name': None, 'emotion': 'NEG', 'subject_risk_list': ['R00006', 'R00006031'], 'org_types': ['212001', '020001', '002', '020006', '216001', '001001'], 'subject_importance_list': ['stock@4', 'bond@4']}]",曙光信息产业股份有限公司
327f1238132a7253,中科曙光：因个人年龄原因，李国杰先生决定辞去公司董事长、董事及董事会战略委员会主任等一切职务,上交所,1737707127,0,https://xuangutong.com.cn/article/1183717,★★★★☆,"[{'full_name': '曙光信息产业股份有限公司', 'subject_importance': 4, 'subject_risk': '管理预警--董事长变更预警', 'orgid': '00057892', 'subject_code': None, 'subject_name': None, 'emotion': 'NEG', 'subject_risk_list': ['R00006', 'R00006031'], 'org_types': ['001001', '212001', '002', '020001', '216001', '020006'], 'subject_importance_list': ['stock@4', 'bond@4']}]",曙光信息产业股份有限公司
816c29b11680a728,中科曙光：董事长李国杰因个人年龄原因辞任,同花顺7x24快讯,1737707109,0,http://stock.10jqka.com.cn/20250124/c665717484.shtml,★★★★☆,"[{'full_name': '曙光信息产业股份有限公司', 'subject_importance': 4, 'subject_risk': '管理预警--董事长变更预警', 'orgid': '00057892', 'subject_code': None, 'subject_name': None, 'emotion': 'NEG', 'subject_risk_list': ['R00006', 'R00006031'], 'org_types': ['212001', '020001', '002', '020006', '216001', '001001'], 'subject_importance_list': ['stock@4', 'bond@4']}]",曙光信息产业股份有限公司
8db1b75441dde763,中科曙光：中科曙光关于董事长辞任的公告,上交所股票,1737707102,2,http://www.sse.com.cn/disclosure/listedinfo/announcement/c/new/2025-01-25/603019_20250125_IBH0.pdf,★★★☆☆,"[{'full_name': '曙光信息产业股份有限公司', 'subject_importance': 3, 'subject_risk': '管理预警--核心人员离职', 'orgid': '00057892', 'subject_code': None, 'subject_name': None, 'emotion': 'NEG', 'subject_risk_list': ['R00006', 'R00006003', 'R00006004'], 'org_types': ['212001', '020001', '002', '020006', '216001', '001001'], 'subject_importance_list': ['bond@3', 'stock@3']}]",曙光信息产业股份有限公司
a9cedd74105025d6,陈杰任紫光国微董事长,新浪财经,1737359444,2,https://finance.sina.com.cn/stock/relnews/cn/2025-01-20/doc-inefraiy0319112.shtml,★★★☆☆,"[{'full_name': '紫光国芯微电子股份有限公司', 'subject_importance': 3, 'subject_risk': '管理预警--法定代表人变更', 'orgid': '03131126', 'subject_code': None, 'subject_name': None, 'emotion': 'NEG', 'subject_risk_list': ['R00006', 'R00006041'], 'org_types': ['212100', '216001', '002', '020006', '001001'], 'subject_importance_list': ['stock@3', 'bond@3']}]",紫光国芯微电子股份有限公司
b232e75a03f9a27b,紫光国微换帅完成工商变更,新浪财经,1737356192,2,https://finance.sina.cn/7x24/2025-01-20/detail-inefraiz9603530.d.html,★★★★☆,"[{'full_name': '紫光国芯微电子股份有限公司', 'subject_importance': 4, 'subject_risk': '管理预警--董事长变更预警', 'orgid': '03131126', 'subject_code': None, 'subject_name': None, 'emotion': 'NEG', 'subject_risk_list': ['R00006', 'R00006031'], 'org_types': ['212100', '216001', '002', '020006', '001001'], 'subject_importance_list': ['stock@4', 'bond@4']}]",紫光国芯微电子股份有限公司
531047dfe0dbbd67,紫光国微换帅完成工商变更 陈杰任紫光国微董事长,每日经济新闻,1737356172,3,http://www.nbd.com.cn/rss/xingye_zhengquan/articles/3728182.html,★★★★☆,"[{'full_name': '紫光国芯微电子股份有限公司', 'subject_importance': 4, 'subject_risk': '管理预警--董事长变更预警', 'orgid': '03131126', 'subject_code': None, 'subject_name': None, 'emotion': 'NEG', 'subject_risk_list': ['R00006', 'R00006031'], 'org_types': ['212100', '216001', '002', '020006', '001001'], 'subject_importance_list': ['stock@4', 'bond@4']}]",紫光国芯微电子股份有限公司
5fab81965f28300,2025年1月17日，紫光国芯微电子股份有限公司法定代表人发生变更,同花顺金融研究中心,1737266421,3,,★★★☆☆,"[{'full_name': '紫光国芯微电子股份有限公司', 'subject_importance': 3, 'subject_risk': '管理预警--法定代表人变更', 'orgid': '03131126', 'subject_code': None, 'subject_name': None, 'emotion': 'NEG', 'subject_risk_list': ['R00006', 'R00006041'], 'org_types': ['212100', '216001', '002', '020006', '001001'], 'subject_importance_list': ['stock@3', 'bond@3']}]",紫光国芯微电子股份有限公司
c547d08b05c4b994,蒸发1000亿！中国芯片大厂爆雷了,新浪财经,1736948993,0,https://finance.sina.com.cn/stock/relnews/cn/2025-01-15/doc-inefaiqv7056363.shtml,★★★☆☆,"[{'full_name': '紫光国芯微电子股份有限公司', 'subject_importance': 3, 'subject_risk': '财务预警--盈利能力下降或亏损', 'orgid': '03131126', 'subject_code': None, 'subject_name': None, 'emotion': 'NEG', 'subject_risk_list': ['R00008', 'R00008015'], 'org_types': ['212100', '216001', '002', '020006', '001001'], 'subject_importance_list': ['stock@3', 'bond@3']}]",紫光国芯微电子股份有限公司
edb8c646605126c3,紫光国微：公司于2023年7月初完成股份回购，计划用于股权激励或员工持股计划，由于公司2024年经营业绩受行业周期波动影响，目前公司仍在积极推进相关工作,同花顺iNews,1736945822,0,http://yuanchuang.10jqka.com.cn/20250115/c665509259.shtml,☆☆☆☆☆,"[{'full_name': '紫光国芯微电子股份有限公司', 'subject_importance': None, 'subject_risk': None, 'orgid': '03131126', 'subject_code': None, 'subject_name': None, 'emotion': 'NEU', 'subject_risk_list': [], 'org_types': ['020006', '216001', '001001', '212100', '002'], 'subject_importance_list': None}]",紫光国芯微电子股份有限公司
a823bddaca2e378c,紫光国微2024年净利润“腰斩” 这一产品出货量减少,GPLP,1736936267,0,https://www.gplp.cn/archives/126641,★★★☆☆,"[{'full_name': '紫光国芯微电子股份有限公司', 'subject_importance': 3, 'subject_risk': '经营预警--经营下降或恶化', 'orgid': '03131126', 'subject_code': None, 'subject_name': None, 'emotion': 'NEG', 'subject_risk_list': ['R00007', 'R00007044'], 'org_types': ['212100', '216001', '002', '020006', '001001'], 'subject_importance_list': ['stock@3', 'bond@3']}]",紫光国芯微电子股份有限公司
37e7c1e45728ed90,中国芯片巨头市值蒸发近70%！,同花顺整理,1736914209,2,https://www.eetop.cn/semi/6963209.html,★★★☆☆,"[{'full_name': '紫光国芯微电子股份有限公司', 'subject_importance': 3, 'subject_risk': '财务预警--盈利能力下降或亏损', 'orgid': '03131126', 'subject_code': None, 'subject_name': None, 'emotion': 'NEG', 'subject_risk_list': ['R00008', 'R00008015'], 'org_types': ['212100', '216001', '002', '020006', '001001'], 'subject_importance_list': ['stock@3', 'bond@3']}]",紫光国芯微电子股份有限公司
46e89650802407f4,中国芯片大厂蒸发1000亿！70%的市值蒸发!,微信-是说芯语,1736912440,2,https://mp.weixin.qq.com/s?__biz=Mzg4NTA2NzE0Mg==&idx=1&mid=2247556449&sn=a908f95b1b6af928d56550efca2706d5,★★★☆☆,"[{'full_name': '紫光国芯微电子股份有限公司', 'subject_importance': 3, 'subject_risk': '财务预警--盈利能力下降或亏损', 'orgid': '03131126', 'subject_code': None, 'subject_name': None, 'emotion': 'NEG', 'subject_risk_list': ['R00008', 'R00008015'], 'org_types': ['212100', '216001', '002', '020006', '001001'], 'subject_importance_list': ['stock@3', 'bond@3']}]",紫光国芯微电子股份有限公司
25c232d2ee29166c,澜起科技推出超高速互连芯片，2024年利润预计增长超200%,搜狐,1737729540,0,https://www.sohu.com/a/853046689_121924584,☆☆☆☆☆,"[{'full_name': '澜起科技股份有限公司', 'subject_importance': None, 'subject_risk': None, 'orgid': 'Q0044AA455', 'subject_code': None, 'subject_name': None, 'emotion': 'NEU', 'subject_risk_list': [], 'org_types': ['216011', '001001', '212001', '020011'], 'subject_importance_list': None}]",澜起科技股份有限公司
7a828717fb0efc54,澜起科技高端互连芯片交付，利润增长超200%，AI时代的技术先锋,搜狐,1737729540,0,https://www.sohu.com/a/853046729_121798711,☆☆☆☆☆,"[{'full_name': '澜起科技股份有限公司', 'subject_importance': None, 'subject_risk': None, 'orgid': 'Q0044AA455', 'subject_code': None, 'subject_name': None, 'emotion': 'NEU', 'subject_risk_list': [], 'org_types': ['216011', '001001', '212001', '020011'], 'subject_importance_list': None}]",澜起科技股份有限公司
84d04b4a9dbbb7af,澜起科技最新互连芯片交付，利润暴涨超200%!,搜狐,1737729540,0,https://www.sohu.com/a/853046671_122004016,☆☆☆☆☆,"[{'full_name': '澜起科技股份有限公司', 'subject_importance': None, 'subject_risk': None, 'orgid': 'Q0044AA455', 'subject_code': None, 'subject_name': None, 'emotion': 'NEU', 'subject_risk_list': [], 'org_types': ['216011', '001001', '212001', '020011'], 'subject_importance_list': None}]",澜起科技股份有限公司
7d76ed24e6d76fc3,澜起科技交付高端互连芯片，助力AI计算市场蓬勃发展,搜狐,1737729540,0,https://www.sohu.com/a/853046697_121798711,☆☆☆☆☆,"[{'full_name': '澜起科技股份有限公司', 'subject_importance': None, 'subject_risk': None, 'orgid': 'Q0044AA455', 'subject_code': None, 'subject_name': None, 'emotion': 'NEU', 'subject_risk_list': [], 'org_types': ['216011', '001001', '212001', '020011'], 'subject_importance_list': None}]",澜起科技股份有限公司
d90247a7e7ed731b,澜起科技交付高端互连芯片，去年利润预计增长超200%,一财网,1737729244,0,https://www.yicai.com/news/102456282.html,☆☆☆☆☆,"[{'full_name': '澜起科技股份有限公司', 'subject_importance': None, 'subject_risk': None, 'orgid': 'Q0044AA455', 'subject_code': None, 'subject_name': None, 'emotion': 'NEU', 'subject_risk_list': [], 'org_types': ['216011', '001001', '212001', '020011'], 'subject_importance_list': None}]",澜起科技股份有限公司
aed778a74fe11fd6,澜起科技:机器人应用中的时钟芯片研发进展,新浪财经,1737715830,0,https://finance.sina.com.cn/stock/relnews/dongmiqa/2025-01-24/doc-inehaiaa2740898.shtml,☆☆☆☆☆,"[{'full_name': '澜起科技股份有限公司', 'subject_importance': None, 'subject_risk': None, 'orgid': 'Q0044AA455', 'subject_code': None, 'subject_name': None, 'emotion': 'NEU', 'subject_risk_list': [], 'org_types': ['216011', '001001', '212001', '020011'], 'subject_importance_list': None}]",澜起科技股份有限公司
fde3552be1c855ee,澜起科技：AEC领域的Retimer芯片应用及技术储备分析,新浪财经,1737715830,0,https://finance.sina.com.cn/stock/relnews/dongmiqa/2025-01-24/doc-inehahzy3966163.shtml,☆☆☆☆☆,"[{'full_name': '澜起科技股份有限公司', 'subject_importance': None, 'subject_risk': None, 'orgid': 'Q0044AA455', 'subject_code': None, 'subject_name': None, 'emotion': 'NEU', 'subject_risk_list': [], 'org_types': ['216011', '001001', '212001', '020011'], 'subject_importance_list': None}]",澜起科技股份有限公司
c211b0366b8e108d,澜起科技：公司已推出首批可编程时钟发生器芯片，主要针对存储、算力芯片、交换机等应用场景,证券之星股票,1737711064,0,http://stock.stockstar.com/RB2025012400036639.shtml,☆☆☆☆☆,"[{'full_name': '澜起科技股份有限公司', 'subject_importance': None, 'subject_risk': None, 'orgid': 'Q0044AA455', 'subject_code': None, 'subject_name': None, 'emotion': 'NEU', 'subject_risk_list': [], 'org_types': ['216011', '001001', '212001', '020011'], 'subject_importance_list': None}]",澜起科技股份有限公司
d1bba88bd19f5d83,（官方问答平台）澜起科技：关于2025年经营情况，请关注公司后续公告……,同花顺金融研究中心,1737710765,0,,☆☆☆☆☆,"[{'full_name': '澜起科技股份有限公司', 'subject_importance': None, 'subject_risk': None, 'orgid': 'Q0044AA455', 'subject_code': None, 'subject_name': None, 'emotion': 'NEU', 'subject_risk_list': [], 'org_types': ['216011', '001001', '212001', '020011'], 'subject_importance_list': None}]",澜起科技股份有限公司
ff5d3a9e03181acf,（官方问答平台）澜起科技：据行业分析，AEC领域既有以太网Retimer，也有PCIe Retimer，目前是以太网Retimer为主……,同花顺金融研究中心,1737710765,0,,☆☆☆☆☆,"[{'full_name': '澜起科技股份有限公司', 'subject_importance': None, 'subject_risk': None, 'orgid': 'Q0044AA455', 'subject_code': None, 'subject_name': None, 'emotion': 'NEU', 'subject_risk_list': [], 'org_types': ['216011', '001001', '212001', '020011'], 'subject_importance_list': None}]",澜起科技股份有限公司
2a1d30fda28f70b1,景嘉微：公司聚焦主业发展，坚持技术创新，全力提升产品研发能力,腾讯证券,1737715112,0,http://gu.qq.com/resources/shy/news/detail-v2/index.html#/?id=nesSN20250124170613abb6efec&s=b,☆☆☆☆☆,"[{'full_name': '长沙景嘉微电子股份有限公司', 'subject_importance': None, 'subject_risk': None, 'orgid': 'T000125853', 'subject_code': None, 'subject_name': None, 'emotion': 'NEU', 'subject_risk_list': [], 'org_types': ['001001', '216003', '212100', '020006'], 'subject_importance_list': None}]",长沙景嘉微电子股份有限公司
4f9bb7e00b0353f5,景嘉微：公司将持续开拓在国内通用芯片领域的市场,腾讯证券,1737715112,0,http://gu.qq.com/resources/shy/news/detail-v2/index.html#/?id=nesSN20250124170154abb6edd6&s=b,☆☆☆☆☆,"[{'full_name': '长沙景嘉微电子股份有限公司', 'subject_importance': None, 'subject_risk': None, 'orgid': 'T000125853', 'subject_code': None, 'subject_name': None, 'emotion': 'NEU', 'subject_risk_list': [], 'org_types': ['001001', '216003', '212100', '020006'], 'subject_importance_list': None}]",长沙景嘉微电子股份有限公司
4d76171a2ddd71f7,景嘉微:算力提升版本或在调整中，景宏产品下一个迭代进行中,新浪财经,1737712243,0,https://finance.sina.com.cn/stock/relnews/dongmiqa/2025-01-24/doc-inehahzv5049406.shtml,☆☆☆☆☆,"[{'full_name': '长沙景嘉微电子股份有限公司', 'subject_importance': None, 'subject_risk': None, 'orgid': 'T000125853', 'subject_code': None, 'subject_name': None, 'emotion': 'NEU', 'subject_risk_list': [], 'org_types': ['001001', '216003', '212100', '020006'], 'subject_importance_list': None}]",长沙景嘉微电子股份有限公司
21b08e46834f71a5,景嘉微:公司持续深度合作共建国产GPU应用生态,新浪财经,1737712242,0,https://finance.sina.com.cn/stock/relnews/dongmiqa/2025-01-24/doc-inehahzw7174460.shtml,☆☆☆☆☆,"[{'full_name': '长沙景嘉微电子股份有限公司', 'subject_importance': None, 'subject_risk': None, 'orgid': 'T000125853', 'subject_code': None, 'subject_name': None, 'emotion': 'NEU', 'subject_risk_list': [], 'org_types': ['001001', '216003', '212100', '020006'], 'subject_importance_list': None}]",长沙景嘉微电子股份有限公司
78abb813ed1c626c,景嘉微:公司支持Windows系统，驱动更新根据客户需求不定期进行,新浪财经,1737712241,0,https://finance.sina.com.cn/stock/relnews/dongmiqa/2025-01-24/doc-inehahzv5050844.shtml,☆☆☆☆☆,"[{'full_name': '长沙景嘉微电子股份有限公司', 'subject_importance': None, 'subject_risk': None, 'orgid': 'T000125853', 'subject_code': None, 'subject_name': None, 'emotion': 'NEU', 'subject_risk_list': [], 'org_types': ['001001', '216003', '212100', '020006'], 'subject_importance_list': None}]",长沙景嘉微电子股份有限公司
948f4ce6230c3959,景嘉微(SZ300474)：董秘回答关注者，理性投资为上,新浪财经,1737712233,0,https://finance.sina.com.cn/stock/relnews/dongmiqa/2025-01-24/doc-inehaiaa2725868.shtml,☆☆☆☆☆,"[{'full_name': '长沙景嘉微电子股份有限公司', 'subject_importance': None, 'subject_risk': None, 'orgid': 'T000125853', 'subject_code': None, 'subject_name': None, 'emotion': 'NEU', 'subject_risk_list': [], 'org_types': ['001001', '216003', '212100', '020006'], 'subject_importance_list': None}]",长沙景嘉微电子股份有限公司
d8a876b10ea53815,景嘉微:公司最新迭代的GPU产品是JM11系列图形处理芯片,新浪财经,1737712232,0,https://finance.sina.com.cn/stock/relnews/dongmiqa/2025-01-24/doc-inehaiaa2722962.shtml,☆☆☆☆☆,"[{'full_name': '长沙景嘉微电子股份有限公司', 'subject_importance': None, 'subject_risk': None, 'orgid': 'T000125853', 'subject_code': None, 'subject_name': None, 'emotion': 'NEU', 'subject_risk_list': [], 'org_types': ['001001', '216003', '212100', '020006'], 'subject_importance_list': None}]",长沙景嘉微电子股份有限公司
1ecc03481369e551,景嘉微(SZ300474)：JM11系列图形处理芯片功能测试完成，市场前景存在不确定性,新浪财经,1737712232,0,https://finance.sina.com.cn/stock/relnews/dongmiqa/2025-01-24/doc-inehahzw7174501.shtml,★★☆☆☆,"[{'full_name': '长沙景嘉微电子股份有限公司', 'subject_importance': 2, 'subject_risk': '市场预警--风险澄清', 'orgid': 'T000125853', 'subject_code': None, 'subject_name': None, 'emotion': 'NEG', 'subject_risk_list': ['R00003', 'R00003025'], 'org_types': ['020006', '001001', '212100', '216003'], 'subject_importance_list': ['stock@2']}]",长沙景嘉微电子股份有限公司
a60bb95557b48f60,景嘉微(SZ300474): JM11系列图形处理芯片非定制产品，公司最新迭代GPU产品,新浪财经,1737712231,0,https://finance.sina.com.cn/stock/relnews/dongmiqa/2025-01-24/doc-inehahzv5054250.shtml,☆☆☆☆☆,"[{'full_name': '长沙景嘉微电子股份有限公司', 'subject_importance': None, 'subject_risk': None, 'orgid': 'T000125853', 'subject_code': None, 'subject_name': None, 'emotion': 'NEU', 'subject_risk_list': [], 'org_types': ['001001', '216003', '212100', '020006'], 'subject_importance_list': None}]",长沙景嘉微电子股份有限公司
afa64039ef4db485,景嘉微:国产GPU行业生态合作持续推进,新浪财经,1737712231,0,https://finance.sina.com.cn/stock/relnews/dongmiqa/2025-01-24/doc-inehahzw7174476.shtml,☆☆☆☆☆,"[{'full_name': '长沙景嘉微电子股份有限公司', 'subject_importance': None, 'subject_risk': None, 'orgid': 'T000125853', 'subject_code': None, 'subject_name': None, 'emotion': 'NEU', 'subject_risk_list': [], 'org_types': ['001001', '216003', '212100', '020006'], 'subject_importance_list': None}]",长沙景嘉微电子股份有限公司
b087ee6714f3bc30,中际旭创预计2024年净利润46亿元-58亿元,北京商报,1737731926,0,https://www.bbtnews.com.cn/2025/0124/545486.shtml,☆☆☆☆☆,"[{'full_name': '中际旭创股份有限公司', 'subject_importance': None, 'subject_risk': None, 'orgid': 'T000056654', 'subject_code': None, 'subject_name': None, 'emotion': 'NEU', 'subject_risk_list': [], 'org_types': ['216003', '001001', '020010', '212100', '020006'], 'subject_importance_list': None}]",中际旭创股份有限公司
9591099347b3579e,公募开年忙调研！机构关注这些赛道,微信-国际金融报,1737729843,0,https://mp.weixin.qq.com/s/Kexcopc0Vf3-cNLiNn4v5g,☆☆☆☆☆,"[{'full_name': '中际旭创股份有限公司', 'subject_importance': None, 'subject_risk': None, 'orgid': 'T000056654', 'subject_code': None, 'subject_name': None, 'emotion': 'NEU', 'subject_risk_list': [], 'org_types': ['216003', '020010', '020006', '212100', '001001'], 'subject_importance_list': None}]",中际旭创股份有限公司
f17341edff00736,800G高端光模块需求大增 中际旭创预计2024年净利润至高增长166.85%,东方财富网,1737727440,0,https://finance.eastmoney.com/a/202501243307863735.html,☆☆☆☆☆,"[{'full_name': '中际旭创股份有限公司', 'subject_importance': None, 'subject_risk': None, 'orgid': 'T000056654', 'subject_code': None, 'subject_name': None, 'emotion': 'NEU', 'subject_risk_list': [], 'org_types': ['216003', '001001', '020010', '212100', '020006'], 'subject_importance_list': None}]",中际旭创股份有限公司
93dbf6e32a69abfd,中际旭创(300308.SZ)发预增，预计年度净利润46亿元至58亿元，同比增长111.64%至166.85%,智通财经,1737726987,0,https://www.zhitongcaijing.com/content/detail/1243972.html,☆☆☆☆☆,"[{'full_name': '中际旭创股份有限公司', 'subject_importance': None, 'subject_risk': None, 'orgid': 'T000056654', 'subject_code': None, 'subject_name': None, 'emotion': 'NEU', 'subject_risk_list': [], 'org_types': ['216003', '001001', '020010', '212100', '020006'], 'subject_importance_list': None}]",中际旭创股份有限公司
f4fd1464b6bc1355,中际旭创预计2024年度归母净利润46亿元至58亿元,新浪财经,1737723024,0,https://finance.sina.com.cn/stock/relnews/cn/2025-01-24/doc-inehatrw2532897.shtml,☆☆☆☆☆,"[{'full_name': '中际旭创股份有限公司', 'subject_importance': None, 'subject_risk': None, 'orgid': 'T000056654', 'subject_code': None, 'subject_name': None, 'emotion': 'NEU', 'subject_risk_list': [], 'org_types': ['216003', '001001', '020010', '212100', '020006'], 'subject_importance_list': None}]",中际旭创股份有限公司
aad1bd8e76d6efeb,高端光模块销量强劲增长！中际旭创：预计2024年净利润同比增长111.64%-166.85% | 财报见闻,新浪财经,1737723022,0,https://finance.sina.com.cn/roll/2025-01-24/doc-inehatrw2538042.shtml,☆☆☆☆☆,"[{'full_name': '中际旭创股份有限公司', 'subject_importance': None, 'subject_risk': None, 'orgid': 'T000056654', 'subject_code': None, 'subject_name': None, 'emotion': 'NEU', 'subject_risk_list': [], 'org_types': ['216003', '001001', '020010', '212100', '020006'], 'subject_importance_list': None}]",中际旭创股份有限公司
69ca25f8f229ca70,800G和400G高端光模块销售大增 中际旭创2024年净利润增长111.64%—166.85%,C114中国通信网,1737720995,0,https://www.c114.com.cn/4app/3542/a1282599.html,☆☆☆☆☆,"[{'full_name': '中际旭创股份有限公司', 'subject_importance': None, 'subject_risk': None, 'orgid': 'T000056654', 'subject_code': None, 'subject_name': None, 'emotion': 'NEU', 'subject_risk_list': [], 'org_types': ['216003', '001001', '020010', '212100', '020006'], 'subject_importance_list': None}]",中际旭创股份有限公司
f29d76f41463cc25,中际旭创：预计2024年全年净利润盈利47亿元至60亿元,证券之星,1737720411,0,https://wap.stockstar.com/detail/RB2025012400048357,☆☆☆☆☆,"[{'full_name': '中际旭创股份有限公司', 'subject_importance': None, 'subject_risk': None, 'orgid': 'T000056654', 'subject_code': None, 'subject_name': None, 'emotion': 'NEU', 'subject_risk_list': [], 'org_types': ['216003', '001001', '020010', '212100', '020006'], 'subject_importance_list': None}]",中际旭创股份有限公司
3022f088bef9768f,中际旭创：2024年净利同比预增111.64%—166.85%,证券时报e公司,1737718369,0,https://www.egsea.com/news/detail/1966055.html,☆☆☆☆☆,"[{'full_name': '中际旭创股份有限公司', 'subject_importance': None, 'subject_risk': None, 'orgid': 'T000056654', 'subject_code': None, 'subject_name': None, 'emotion': 'NEU', 'subject_risk_list': [], 'org_types': ['216003', '001001', '020010', '212100', '020006'], 'subject_importance_list': None}]",中际旭创股份有限公司
69089a3aa506a24,中际旭创：预计2024年全年盈利46.00亿至58.00亿 净利润同比增长111.64%至166.85%,证券之星股票,1737718314,0,https://stock.stockstar.com/IG2025012400046851.shtml,☆☆☆☆☆,"[{'full_name': '中际旭创股份有限公司', 'subject_importance': None, 'subject_risk': None, 'orgid': 'T000056654', 'subject_code': None, 'subject_name': None, 'emotion': 'NEU', 'subject_risk_list': [], 'org_types': ['216003', '001001', '020010', '212100', '020006'], 'subject_importance_list': None}]",中际旭创股份有限公司
c9b02e93e33e97d1,深市2024年业绩高增长公司数量占比提升 237家公司预计净利润同比增长超100%,证券日报,1737726780,0,http://www.zqrb.cn/gscy/gongsi/2025-01-24/A1737725909882.html,☆☆☆☆☆,"[{'full_name': '成都新易盛通信技术股份有限公司', 'subject_importance': None, 'subject_risk': None, 'orgid': 'T000124532', 'subject_code': None, 'subject_name': None, 'emotion': 'NEU', 'subject_risk_list': [], 'org_types': ['020006', '001001', '212100', '020011', '216003'], 'subject_importance_list': None}]",成都新易盛通信技术股份有限公司
aba7c946fd1f4406,这才是新常态？四川国资公司、多家民营企业相继被监管......,微信-科创四川,1737720715,0,https://mp.weixin.qq.com/s?__biz=MzA3NTU0MDM4OQ==&idx=1&mid=2247543351&sn=9050de49cae24690150f04e0880e50f4,★★★☆☆,"[{'full_name': '成都新易盛通信技术股份有限公司', 'subject_importance': 3, 'subject_risk': '管理预警--董监高被查或处罚', 'orgid': 'T000124532', 'subject_code': None, 'subject_name': None, 'emotion': 'NEG', 'subject_risk_list': ['R00006', 'R00006035'], 'org_types': ['212100', '020011', '020006', '001001', '216003'], 'subject_importance_list': ['stock@3']}]",成都新易盛通信技术股份有限公司
6d88cb1f740b8fba,牛股实控人被罚,微信-上海证券报,1737696236,2,https://mp.weixin.qq.com/s/YEsRXvObv-LAmJ4g-yBLYA,★★★★★,"[{'full_name': '成都新易盛通信技术股份有限公司', 'subject_importance': 5, 'subject_risk': '管理预警--实控人被查或被处罚', 'orgid': 'T000124532', 'subject_code': None, 'subject_name': None, 'emotion': 'NEG', 'subject_risk_list': ['R00006', 'R00006006'], 'org_types': ['212100', '020011', '020006', '001001', '216003'], 'subject_importance_list': ['stock@5']}]",成都新易盛通信技术股份有限公司
64ad3e67e762fdc8,多家光模块上市公司2024年业绩预喜,证券日报,1737654037,0,http://www.zqrb.cn/gscy/gongsi/2025-01-24/A1737647508029.html,☆☆☆☆☆,"[{'full_name': '成都新易盛通信技术股份有限公司', 'subject_importance': None, 'subject_risk': None, 'orgid': 'T000124532', 'subject_code': None, 'subject_name': None, 'emotion': 'NEU', 'subject_risk_list': [], 'org_types': ['216003', '212100', '020011', '020006', '001001'], 'subject_importance_list': None}]",成都新易盛通信技术股份有限公司
a8f3218624f4ba29,新易盛实控人高光荣被罚没3150万元，此前连续5年减持超2000万股,证券之星财经,1737647148,2,https://finance.stockstar.com/IG2025012300046646.shtml,★★★★★,"[{'full_name': '成都新易盛通信技术股份有限公司', 'subject_importance': 5, 'subject_risk': '管理预警--实控人被查或被处罚', 'orgid': 'T000124532', 'subject_code': None, 'subject_name': None, 'emotion': 'NEG', 'subject_risk_list': ['R00006', 'R00006006'], 'org_types': ['212100', '020011', '020006', '001001', '216003'], 'subject_importance_list': ['stock@5']}]",成都新易盛通信技术股份有限公司
d806aa061ee1e74d,违规多减持0.42% 新易盛实控人被罚没3149.9万元,ZAKER,1737640859,0,http://app.myzaker.com/news/article.php?pk=67924c3c8e9f096df10a9bef,★★★★★,"[{'full_name': '成都新易盛通信技术股份有限公司', 'subject_importance': 5, 'subject_risk': '管理预警--实控人被查或被处罚', 'orgid': 'T000124532', 'subject_code': None, 'subject_name': None, 'emotion': 'NEG', 'subject_risk_list': ['R00006', 'R00006006'], 'org_types': ['212100', '020011', '020006', '001001', '216003'], 'subject_importance_list': ['stock@5']}]",成都新易盛通信技术股份有限公司
9110fd2a131c81fa,新易盛：公司实控人、董事长高光荣被处以罚款2200万元,搜狐-北京市,1737636695,0,https://www.sohu.com/a/852590561_122014422,★★★★★,"[{'full_name': '成都新易盛通信技术股份有限公司', 'subject_importance': 5, 'subject_risk': '管理预警--实控人被查或被处罚', 'orgid': 'T000124532', 'subject_code': None, 'subject_name': None, 'emotion': 'NEG', 'subject_risk_list': ['R00006', 'R00006006'], 'org_types': ['212100', '020011', '020006', '001001', '216003'], 'subject_importance_list': ['stock@5']}]",成都新易盛通信技术股份有限公司
6aa954c265110196,违规转让股票和信披违法 新易盛实控人被罚没超3000万元!,证券日报,1737632409,0,http://www.zqrb.cn/gscy/gongsi/2025-01-23/A1737630841393.html,★★★★★,"[{'full_name': '成都新易盛通信技术股份有限公司', 'subject_importance': 5, 'subject_risk': '管理预警--实控人被查或被处罚', 'orgid': 'T000124532', 'subject_code': None, 'subject_name': None, 'emotion': 'NEG', 'subject_risk_list': ['R00006', 'R00006006'], 'org_types': ['212100', '020011', '020006', '001001', '216003'], 'subject_importance_list': ['stock@5']}]",成都新易盛通信技术股份有限公司
5d513eb98c5478,涉嫌违规转让股票 新易盛实控人高光荣被罚没超3000万元,经济参考网,1737631925,0,http://www.jjckb.cn/20250123/615eaa41fdb440f88c1750c3452480cb/c.html,★★★★★,"[{'full_name': '成都新易盛通信技术股份有限公司', 'subject_importance': 5, 'subject_risk': '管理预警--实控人被查或被处罚', 'orgid': 'T000124532', 'subject_code': None, 'subject_name': None, 'emotion': 'NEG', 'subject_risk_list': ['R00006', 'R00006006'], 'org_types': ['212100', '020011', '020006', '001001', '216003'], 'subject_importance_list': ['stock@5']}]",成都新易盛通信技术股份有限公司
477d75b6c09ecf7a,涉嫌违反限制性规定转让股票 新易盛实控人被罚没3149万元,新京报,1737626069,0,https://www.bjnews.com.cn/detail/1737620976129787.html,★★★★★,"[{'full_name': '成都新易盛通信技术股份有限公司', 'subject_importance': 5, 'subject_risk': '管理预警--实控人被查或被处罚', 'orgid': 'T000124532', 'subject_code': None, 'subject_name': None, 'emotion': 'NEG', 'subject_risk_list': ['R00006', 'R00006006'], 'org_types': ['212100', '020011', '020006', '001001', '216003'], 'subject_importance_list': ['stock@5']}]",成都新易盛通信技术股份有限公司
f413cb61a4bf0b2e,天孚通信：2025年01月20日股东人数78214，董秘回答,新浪财经,1737708641,0,https://finance.sina.com.cn/stock/relnews/dongmiqa/2025-01-24/doc-inehaiaa2697597.shtml,☆☆☆☆☆,"[{'full_name': '苏州天孚光通信股份有限公司', 'subject_importance': None, 'subject_risk': None, 'orgid': 'T000060141', 'subject_code': None, 'subject_name': None, 'emotion': 'NEU', 'subject_risk_list': [], 'org_types': ['212100', '020006', '216003', '001001', '020011'], 'subject_importance_list': None}]",苏州天孚光通信股份有限公司
372673f4ac05456b,天孚通信：截至2025年01月20日股东人数为78214人,金融界财经,1737706562,0,https://finance.jrj.com.cn/2025/01/24160547786308.shtml,☆☆☆☆☆,"[{'full_name': '苏州天孚光通信股份有限公司', 'subject_importance': None, 'subject_risk': None, 'orgid': 'T000060141', 'subject_code': None, 'subject_name': None, 'emotion': 'NEU', 'subject_risk_list': [], 'org_types': ['212100', '020006', '216003', '001001', '020011'], 'subject_importance_list': None}]",苏州天孚光通信股份有限公司
cc1eb32328fc5e9f,（官方问答平台）天孚通信：截至2025年01月20日收盘，公司股东人数为78214（合并信用账户）……,同花顺金融研究中心,1737705963,0,,☆☆☆☆☆,"[{'full_name': '苏州天孚光通信股份有限公司', 'subject_importance': None, 'subject_risk': None, 'orgid': 'T000060141', 'subject_code': None, 'subject_name': None, 'emotion': 'NEU', 'subject_risk_list': [], 'org_types': ['212100', '020006', '216003', '001001', '020011'], 'subject_importance_list': None}]",苏州天孚光通信股份有限公司
7e4c5d5acce542cc,天孚通信下游需求拉动全年预盈13亿 上市以来分红15亿派息融资比116%,长江商报,1737679690,0,http://www.changjiangtimes.com/2025/01/644140.html,☆☆☆☆☆,"[{'full_name': '苏州天孚光通信股份有限公司', 'subject_importance': None, 'subject_risk': None, 'orgid': 'T000060141', 'subject_code': None, 'subject_name': None, 'emotion': 'NEU', 'subject_risk_list': [], 'org_types': ['212100', '020006', '216003', '001001', '020011'], 'subject_importance_list': None}]",苏州天孚光通信股份有限公司
64ad3e67e762fdc8,多家光模块上市公司2024年业绩预喜,证券日报,1737654037,0,http://www.zqrb.cn/gscy/gongsi/2025-01-24/A1737647508029.html,☆☆☆☆☆,"[{'full_name': '苏州天孚光通信股份有限公司', 'subject_importance': None, 'subject_risk': None, 'orgid': 'T000060141', 'subject_code': None, 'subject_name': None, 'emotion': 'NEU', 'subject_risk_list': [], 'org_types': ['216003', '212100', '001001', '020006', '020011'], 'subject_importance_list': None}]",苏州天孚光通信股份有限公司
ce76282eeff9313b,2025年1月23日，天孚通信日内振幅超过7%,同花顺金融研究中心,1737611944,2,,★★☆☆☆,"[{'full_name': '苏州天孚光通信股份有限公司', 'subject_importance': 2, 'subject_risk': '市场预警--交易异常波动', 'orgid': 'T000060141', 'subject_code': None, 'subject_name': None, 'emotion': 'NEG', 'subject_risk_list': ['R00003', 'R00003007'], 'org_types': ['212100', '020011', '001001', '216003', '020006'], 'subject_importance_list': ['stock@2']}]",苏州天孚光通信股份有限公司
e6af70e860d63e30,受益于光模块等业务发展 剑桥科技预计去年净利润同比增长59.97%至78.91%,证券时报网,1737551325,0,http://egs.stcn.com/news/detail/1964164.html,☆☆☆☆☆,"[{'full_name': '苏州天孚光通信股份有限公司', 'subject_importance': None, 'subject_risk': None, 'orgid': 'T000060141', 'subject_code': None, 'subject_name': None, 'emotion': 'NEU', 'subject_risk_list': [], 'org_types': ['216003', '212100', '001001', '020006', '020011'], 'subject_importance_list': None}]",苏州天孚光通信股份有限公司
a4070cb0fdcb1f9e,2024年多家AI企业业绩大逆袭：算力需求激增，未来潜力无限,搜狐,1737464940,0,https://www.sohu.com/a/851629179_122004016,☆☆☆☆☆,"[{'full_name': '苏州天孚光通信股份有限公司', 'subject_importance': None, 'subject_risk': None, 'orgid': 'T000060141', 'subject_code': None, 'subject_name': None, 'emotion': 'NEU', 'subject_risk_list': [], 'org_types': ['020006', '001001', '212100', '020011', '216003'], 'subject_importance_list': None}]",苏州天孚光通信股份有限公司
7969420799fc1741,2024年业绩暴增创业板股名单,新浪财经,1737424462,0,https://finance.sina.com.cn/stock/relnews/cn/2025-01-21/doc-inefsutn6758441.shtml,☆☆☆☆☆,"[{'full_name': '苏州天孚光通信股份有限公司', 'subject_importance': None, 'subject_risk': None, 'orgid': 'T000060141', 'subject_code': None, 'subject_name': None, 'emotion': 'NEU', 'subject_risk_list': [], 'org_types': ['020011', '216003', '001001', '212100', '020006'], 'subject_importance_list': None}]",苏州天孚光通信股份有限公司
75d5e7e743898b26,天孚通信：公司认真学习监管机构发布的相关政策，高度重视投资者利益保护,新浪财经,1737366619,0,https://finance.sina.com.cn/stock/relnews/cn/2025-01-20/doc-inefrhrw0271184.shtml,☆☆☆☆☆,"[{'full_name': '苏州天孚光通信股份有限公司', 'subject_importance': None, 'subject_risk': None, 'orgid': 'T000060141', 'subject_code': None, 'subject_name': None, 'emotion': 'NEU', 'subject_risk_list': [], 'org_types': ['212100', '020006', '216003', '001001', '020011'], 'subject_importance_list': None}]",苏州天孚光通信股份有限公司
2ec1a03279641aa0,武汉东湖新技术开发区上市公司协会召开理事会 积极融入区域发展大局,中证网,1737730920,0,https://www.cs.com.cn/ssgs/gsxw/202501/t20250124_6471362.html,☆☆☆☆☆,"[{'full_name': '华工科技产业股份有限公司', 'subject_importance': None, 'subject_risk': None, 'orgid': '01000988', 'subject_code': None, 'subject_name': None, 'emotion': 'NEU', 'subject_risk_list': [], 'org_types': ['020001002002', '002', '216001', '001001', '212100', '020001'], 'subject_importance_list': None}]",华工科技产业股份有限公司
9591099347b3579e,公募开年忙调研！机构关注这些赛道,微信-国际金融报,1737729843,0,https://mp.weixin.qq.com/s/Kexcopc0Vf3-cNLiNn4v5g,☆☆☆☆☆,"[{'full_name': '华工科技产业股份有限公司', 'subject_importance': None, 'subject_risk': None, 'orgid': '01000988', 'subject_code': None, 'subject_name': None, 'emotion': 'NEU', 'subject_risk_list': [], 'org_types': ['020001002002', '216001', '002', '020001', '001001', '212100'], 'subject_importance_list': None}]",华工科技产业股份有限公司
dd879548a69dea55,光谷上协第一届二次理事会圆满召开 华工科技马新强当选为名誉会长,证券时报网,1737718740,0,https://www.stcn.com/article/detail/1509771.html,☆☆☆☆☆,"[{'full_name': '华工科技产业股份有限公司', 'subject_importance': None, 'subject_risk': None, 'orgid': '01000988', 'subject_code': None, 'subject_name': None, 'emotion': 'NEU', 'subject_risk_list': [], 'org_types': ['001001', '216001', '020001002002', '002', '212100', '020001'], 'subject_importance_list': None}]",华工科技产业股份有限公司
b5363abdb2fcc977,“开门红”15亿！聚焦新兴产业，武汉基金新年首只基金正式落地,今日湖北网,1737684777,0,http://www.hubeitoday.com.cn/post/5/205254,☆☆☆☆☆,"[{'full_name': '华工科技产业股份有限公司', 'subject_importance': None, 'subject_risk': None, 'orgid': '01000988', 'subject_code': None, 'subject_name': None, 'emotion': 'NEU', 'subject_risk_list': [], 'org_types': ['002', '020001002002', '020001', '212100', '216001', '001001'], 'subject_importance_list': None}]",华工科技产业股份有限公司
4e6f09ee80503d8b,华工科技：共建半导体激光装备产业创新联合实验室推动技术进步和产业发展,新浪财经,1737467412,0,https://finance.sina.com.cn/stock/relnews/cn/2025-01-21/doc-ineftwet8451896.shtml,☆☆☆☆☆,"[{'full_name': '华工科技产业股份有限公司', 'subject_importance': None, 'subject_risk': None, 'orgid': '01000988', 'subject_code': None, 'subject_name': None, 'emotion': 'NEU', 'subject_risk_list': [], 'org_types': ['001001', '216001', '020001002002', '002', '212100', '020001'], 'subject_importance_list': None}]",华工科技产业股份有限公司
504713c922e1d097,华工科技：中研院联合20家单位推动人工智能、半导体、新材料领域技术进步,金融界财经,1737464041,0,https://finance.jrj.com.cn/2025/01/21204847675658.shtml,☆☆☆☆☆,"[{'full_name': '华工科技产业股份有限公司', 'subject_importance': None, 'subject_risk': None, 'orgid': '01000988', 'subject_code': None, 'subject_name': None, 'emotion': 'NEU', 'subject_risk_list': [], 'org_types': ['001001', '216001', '020001002002', '002', '212100', '020001'], 'subject_importance_list': None}]",华工科技产业股份有限公司
b86743bac0ee4121,华工科技：聚焦核心业务，推动关键技术突破，保持稳中有进的发展态势,金融界财经,1737464041,0,https://finance.jrj.com.cn/2025/01/21204847675667.shtml,☆☆☆☆☆,"[{'full_name': '华工科技产业股份有限公司', 'subject_importance': None, 'subject_risk': None, 'orgid': '01000988', 'subject_code': None, 'subject_name': None, 'emotion': 'NEU', 'subject_risk_list': [], 'org_types': ['001001', '216001', '020001002002', '002', '212100', '020001'], 'subject_importance_list': None}]",华工科技产业股份有限公司
996a4eeda579ff8c,（官方问答平台）华工科技：公司积极主动融入国家战略和行业发展，围绕客户需求持续创新，围绕“感知、光联接、激光+智能制造”三大核心业务，面向国内、国际两大市场，聚焦新能源汽车、船舶制造、AI产业赛道，持续推动关键核心技术突破，打造专精特新产品，公司高度关注前沿技术发展情况，对于与主业相关的前沿技术会进行前瞻性的研究，感谢您对公司的关注……,同花顺金融研究中心,1737463805,0,,☆☆☆☆☆,"[{'full_name': '华工科技产业股份有限公司', 'subject_importance': None, 'subject_risk': None, 'orgid': '01000988', 'subject_code': None, 'subject_name': None, 'emotion': 'NEU', 'subject_risk_list': [], 'org_types': ['001001', '216001', '020001002002', '002', '212100', '020001'], 'subject_importance_list': None}]",华工科技产业股份有限公司
e9cb139bec9d8b18,（官方问答平台）华工科技：公司拥有光通信行业领先的一站式解决方案，具备从芯片到器件、模块、子系统全系列产品的垂直整合能力，持续夯实全球光模块供应商行业领先地位，在AIGC、云计算、5G-A行业应用等推动下，业务全面向高端升级，在Net5.5G（AIGC）业务领域，公司产品包括运用于数据中心市场的400G、800G、 1.6T高速光模块，基本实现高端光芯片自主可控，具备硅光芯片到模块的全自研设计能力，公司积极开拓光联接业务海外市场，加快在多家头部客户进行400G、800G以及1.6T数通光模块产品的测试及产品导入准备，具体进度请您关注公司相关公告，感谢您对公司的关注……,同花顺金融研究中心,1737463805,0,,☆☆☆☆☆,"[{'full_name': '华工科技产业股份有限公司', 'subject_importance': None, 'subject_risk': None, 'orgid': '01000988', 'subject_code': None, 'subject_name': None, 'emotion': 'NEU', 'subject_risk_list': [], 'org_types': ['001001', '216001', '020001002002', '002', '212100', '020001'], 'subject_importance_list': None}]",华工科技产业股份有限公司
3a8ecd13d59f67d8,知名基金经理，最新调研动向来了！,微信-中国基金报,1737424555,0,https://mp.weixin.qq.com/s/HvVTvevNgAgrsxUXzfw1Nw,☆☆☆☆☆,"[{'full_name': '华工科技产业股份有限公司', 'subject_importance': None, 'subject_risk': None, 'orgid': '01000988', 'subject_code': None, 'subject_name': None, 'emotion': 'NEU', 'subject_risk_list': [], 'org_types': ['020001002002', '216001', '002', '020001', '001001', '212100'], 'subject_importance_list': None}]",华工科技产业股份有限公司
302d97f2d2d09d79,浪潮信息：1月23日召开董事会会议,搜狐-四川省,1737641755,0,https://www.sohu.com/a/852620260_115362,☆☆☆☆☆,"[{'full_name': '浪潮电子信息产业股份有限公司', 'subject_importance': None, 'subject_risk': None, 'orgid': '01000977', 'subject_code': None, 'subject_name': None, 'emotion': 'NEU', 'subject_risk_list': [], 'org_types': ['020001002002', '212100', '020001', '001001', '002', '216001'], 'subject_importance_list': None}]",浪潮电子信息产业股份有限公司
db7bd9165d0468ff,注意！浪潮信息将于2月13日召开股东大会,每日经济新闻,1737640203,0,https://www.nbd.com.cn/articles/2025-01-23/3735294.html,☆☆☆☆☆,"[{'full_name': '浪潮电子信息产业股份有限公司', 'subject_importance': None, 'subject_risk': None, 'orgid': '01000977', 'subject_code': None, 'subject_name': None, 'emotion': 'NEU', 'subject_risk_list': [], 'org_types': ['020001002002', '212100', '020001', '001001', '002', '216001'], 'subject_importance_list': None}]",浪潮电子信息产业股份有限公司
ef92035a876ce7de,浪潮信息2月13日股东大会即将召开，董事会独立董事选举成焦点！,搜狐,1737639934,0,https://www.sohu.com/a/852610709_122066678,☆☆☆☆☆,"[{'full_name': '浪潮电子信息产业股份有限公司', 'subject_importance': None, 'subject_risk': None, 'orgid': '01000977', 'subject_code': None, 'subject_name': None, 'emotion': 'NEU', 'subject_risk_list': [], 'org_types': ['020001002002', '212100', '020001', '001001', '002', '216001'], 'subject_importance_list': None}]",浪潮电子信息产业股份有限公司
99974251ba50c457,浪潮信息：2月13日将召开2025年第一次临时股东大会,证券日报,1737639678,0,http://www.zqrb.cn/gscy/ggkx/2025-01-23/A1737630841767.html,☆☆☆☆☆,"[{'full_name': '浪潮电子信息产业股份有限公司', 'subject_importance': None, 'subject_risk': None, 'orgid': '01000977', 'subject_code': None, 'subject_name': None, 'emotion': 'NEU', 'subject_risk_list': [], 'org_types': ['020001002002', '212100', '020001', '001001', '002', '216001'], 'subject_importance_list': None}]",浪潮电子信息产业股份有限公司
2dc8b8d62b3df96b,浪潮信息：关于改选公司独立董事及调整董事会专门委员会成员的公告,深交所股票,1737630688,1,http://static.cninfo.com.cn/finalpage/2025-01-24/1222418002.PDF,★★★☆☆,"[{'full_name': '浪潮电子信息产业股份有限公司', 'subject_importance': 3, 'subject_risk': '管理预警--董监高变更预警', 'orgid': '01000977', 'subject_code': None, 'subject_name': None, 'emotion': 'NEG', 'subject_risk_list': ['R00006', 'R00006003'], 'org_types': ['212100', '020001', '216001', '001001', '020001002002', '002'], 'subject_importance_list': ['stock@3', 'bond@3']}]",浪潮电子信息产业股份有限公司
573897de41402579,《中国金融科技发展报告（2024）》正式发布，浪潮信息参与数字基础设施章节编写,donews,1737630366,0,https://www.donews.com/news/detail/4/4721161.html,☆☆☆☆☆,"[{'full_name': '浪潮电子信息产业股份有限公司', 'subject_importance': None, 'subject_risk': None, 'orgid': '01000977', 'subject_code': None, 'subject_name': None, 'emotion': 'NEU', 'subject_risk_list': [], 'org_types': ['020001002002', '212100', '020001', '001001', '002', '216001'], 'subject_importance_list': None}]",浪潮电子信息产业股份有限公司
11e43df1a57022b1,浪潮信息推出高性能自研SATA SSD新品TS6000G1,donews,1737630096,0,https://www.donews.com/news/detail/4/4721150.html,☆☆☆☆☆,"[{'full_name': '浪潮电子信息产业股份有限公司', 'subject_importance': None, 'subject_risk': None, 'orgid': '01000977', 'subject_code': None, 'subject_name': None, 'emotion': 'NEU', 'subject_risk_list': [], 'org_types': ['020001002002', '212100', '020001', '001001', '002', '216001'], 'subject_importance_list': None}]",浪潮电子信息产业股份有限公司
24609def9c58db1d,浪潮信息存储SATA SSD：以技术创新，开启数据存储新篇章,新浪财经,1737629438,0,https://finance.sina.com.cn/roll/2025-01-23/doc-inefyeca3629825.shtml,☆☆☆☆☆,"[{'full_name': '浪潮电子信息产业股份有限公司', 'subject_importance': None, 'subject_risk': None, 'orgid': '01000977', 'subject_code': None, 'subject_name': None, 'emotion': 'NEU', 'subject_risk_list': [], 'org_types': ['020001002002', '212100', '020001', '001001', '002', '216001'], 'subject_importance_list': None}]",浪潮电子信息产业股份有限公司
841aff37f23c9de7,浪潮信息：关于监事辞职暨补选非职工代表监事的公告,深交所股票,1737627791,1,http://static.cninfo.com.cn/finalpage/2025-01-24/1222417998.PDF,★★★☆☆,"[{'full_name': '浪潮电子信息产业股份有限公司', 'subject_importance': 3, 'subject_risk': '管理预警--核心人员离职', 'orgid': '01000977', 'subject_code': None, 'subject_name': None, 'emotion': 'NEG', 'subject_risk_list': ['R00006', 'R00006003', 'R00006004'], 'org_types': ['212100', '020001', '216001', '001001', '020001002002', '002'], 'subject_importance_list': ['stock@3', 'bond@3']}]",浪潮电子信息产业股份有限公司
3660f081372acceb,浪潮信息SATA SSD推动数据存储技术发展,电子发烧友网,1737545826,0,https://www.elecfans.com/d/6442953.html,☆☆☆☆☆,"[{'full_name': '浪潮电子信息产业股份有限公司', 'subject_importance': None, 'subject_risk': None, 'orgid': '01000977', 'subject_code': None, 'subject_name': None, 'emotion': 'NEU', 'subject_risk_list': [], 'org_types': ['020001002002', '212100', '020001', '001001', '002', '216001'], 'subject_importance_list': None}]",浪潮电子信息产业股份有限公司
bbf4a9edcef6ffd6,沪电股份：企业通讯市场板的平均毛利率均高于汽车板,中金在线,1737708733,0,http://sc.stock.cnfol.com/gushiyaowen/20250124/31128457.shtml,☆☆☆☆☆,"[{'full_name': '沪士电子股份有限公司', 'subject_importance': None, 'subject_risk': None, 'orgid': 'T000026708', 'subject_code': None, 'subject_name': None, 'emotion': 'NEU', 'subject_risk_list': [], 'org_types': ['216001', '212100', '020011', '001001', '020003'], 'subject_importance_list': None}]",沪士电子股份有限公司
737bbc3be5269060,沪电股份:企业通讯市场板高于汽车板的毛利率，产品竞争力和盈利能力持续提升,新浪财经,1737705039,0,https://finance.sina.com.cn/stock/relnews/dongmiqa/2025-01-24/doc-inehaaue2800812.shtml,☆☆☆☆☆,"[{'full_name': '沪士电子股份有限公司', 'subject_importance': None, 'subject_risk': None, 'orgid': 'T000026708', 'subject_code': None, 'subject_name': None, 'emotion': 'NEU', 'subject_risk_list': [], 'org_types': ['216001', '212100', '020011', '001001', '020003'], 'subject_importance_list': None}]",沪士电子股份有限公司
e1b29b57ec070b43,沪电股份：近年来公司企业通讯市场板的平均毛利率均高于汽车板,证券之星股票,1737703944,0,https://stock.stockstar.com/IG2025012400026931.shtml,☆☆☆☆☆,"[{'full_name': '沪士电子股份有限公司', 'subject_importance': None, 'subject_risk': None, 'orgid': 'T000026708', 'subject_code': None, 'subject_name': None, 'emotion': 'NEU', 'subject_risk_list': [], 'org_types': ['216001', '212100', '020011', '001001', '020003'], 'subject_importance_list': None}]",沪士电子股份有限公司
3b972a804b3ff97e,沪电股份：企业通讯市场板毛利率高于汽车板，提升产品竞争力为公司经营目标,金融界财经,1737703376,0,https://finance.jrj.com.cn/2025/01/24151547783207.shtml,☆☆☆☆☆,"[{'full_name': '沪士电子股份有限公司', 'subject_importance': None, 'subject_risk': None, 'orgid': 'T000026708', 'subject_code': None, 'subject_name': None, 'emotion': 'NEU', 'subject_risk_list': [], 'org_types': ['216001', '212100', '020011', '001001', '020003'], 'subject_importance_list': None}]",沪士电子股份有限公司
dafdcc4c4209d485,（官方问答平台）沪电股份：企业通讯市场板和汽车板的市场需求、产品特性、竞争格局等方面均存在差异，近年来公司企业通讯市场板的平均毛利率均高于汽车板……,同花顺金融研究中心,1737703082,0,,☆☆☆☆☆,"[{'full_name': '沪士电子股份有限公司', 'subject_importance': None, 'subject_risk': None, 'orgid': 'T000026708', 'subject_code': None, 'subject_name': None, 'emotion': 'NEU', 'subject_risk_list': [], 'org_types': ['216001', '212100', '020011', '001001', '020003'], 'subject_importance_list': None}]",沪士电子股份有限公司
12cd9074aea0a2f5,沪电股份2024年实现营收133.42亿元，净利润同比增长71.05%,集微网,1737696811,0,https://laoyaoba.com/n/931579,☆☆☆☆☆,"[{'full_name': '沪士电子股份有限公司', 'subject_importance': None, 'subject_risk': None, 'orgid': 'T000026708', 'subject_code': None, 'subject_name': None, 'emotion': 'NEU', 'subject_risk_list': [], 'org_types': ['216001', '212100', '020011', '001001', '020003'], 'subject_importance_list': None}]",沪士电子股份有限公司
ad78d85ee80fd8b1,沪电股份2024年营收133亿元 PCB业务毛利率提升至36%,环球网,1737694562,0,https://art.huanqiu.com/article/4LCW4Nib9Lo,☆☆☆☆☆,"[{'full_name': '沪士电子股份有限公司', 'subject_importance': None, 'subject_risk': None, 'orgid': 'T000026708', 'subject_code': None, 'subject_name': None, 'emotion': 'NEU', 'subject_risk_list': [], 'org_types': ['216001', '212100', '020011', '001001', '020003'], 'subject_importance_list': None}]",沪士电子股份有限公司
9b530bcf23b0b432,2024年PCB行业迎AI与数据中心的机遇,搜狐,1737643714,0,https://www.sohu.com/a/852626789_122118477,☆☆☆☆☆,"[{'full_name': '沪士电子股份有限公司', 'subject_importance': None, 'subject_risk': None, 'orgid': 'T000026708', 'subject_code': None, 'subject_name': None, 'emotion': 'NEU', 'subject_risk_list': [], 'org_types': ['216001', '212100', '020011', '001001', '020003'], 'subject_importance_list': None}]",沪士电子股份有限公司
364e7966fd18abff,数据中心、AI领域快速发展 PCB行业2024年业绩普遍预喜,证券时报网,1737642972,0,http://egs.stcn.com/news/detail/1965123.html,☆☆☆☆☆,"[{'full_name': '沪士电子股份有限公司', 'subject_importance': None, 'subject_risk': None, 'orgid': 'T000026708', 'subject_code': None, 'subject_name': None, 'emotion': 'NEU', 'subject_risk_list': [], 'org_types': ['216001', '212100', '020011', '001001', '020003'], 'subject_importance_list': None}]",沪士电子股份有限公司
e47f96513863f121,沪电股份(002463.SZ)2024年度净利润25.87亿元 同比增长71.05%,智通财经,1737630247,0,https://www.zhitongcaijing.com/content/detail/1242776.html,☆☆☆☆☆,"[{'full_name': '沪士电子股份有限公司', 'subject_importance': None, 'subject_risk': None, 'orgid': 'T000026708', 'subject_code': None, 'subject_name': None, 'emotion': 'NEU', 'subject_risk_list': [], 'org_types': ['216001', '212100', '020011', '001001', '020003'], 'subject_importance_list': None}]",沪士电子股份有限公司
d8cb0448eceb718b,生益科技(600183)：Q4新品研发大幅投入 25年高速板材放量驱动新一轮高成长,新浪财经,1737697155,0,http://stock.finance.sina.com.cn/stock/go.php/vReport_Show/kind/lastest/rptid/791037854177/index.phtml,☆☆☆☆☆,"[{'full_name': '广东生益科技股份有限公司', 'subject_importance': None, 'subject_risk': None, 'orgid': '02600183', 'subject_code': None, 'subject_name': None, 'emotion': 'NEU', 'subject_risk_list': [], 'org_types': ['020001', '002', '212001', '216001', '001001', '020010'], 'subject_importance_list': None}]",广东生益科技股份有限公司
200aeb77e303de62,生益科技：预计2024年净利17亿元-18亿元 同比增长46%-55%,搜狐,1737632911,0,https://www.sohu.com/a/852561470_120988533,☆☆☆☆☆,"[{'full_name': '广东生益科技股份有限公司', 'subject_importance': None, 'subject_risk': None, 'orgid': '02600183', 'subject_code': None, 'subject_name': None, 'emotion': 'NEU', 'subject_risk_list': [], 'org_types': ['020001', '002', '212001', '216001', '001001', '020010'], 'subject_importance_list': None}]",广东生益科技股份有限公司
e4d3987182fb3f0c,覆铜板销量同比上升，生益科技2024年预盈17亿元-18亿元,集微网,1737629580,0,https://laoyaoba.com/n/931528,☆☆☆☆☆,"[{'full_name': '广东生益科技股份有限公司', 'subject_importance': None, 'subject_risk': None, 'orgid': '02600183', 'subject_code': None, 'subject_name': None, 'emotion': 'NEU', 'subject_risk_list': [], 'org_types': ['020001', '002', '212001', '216001', '001001', '020010'], 'subject_importance_list': None}]",广东生益科技股份有限公司
8c6a9e267e612570,生益科技：预计2024年全年归属净利润盈利17亿元至18亿元,网易-证券之星上海,1737627334,0,https://www.163.com/dy/article/JMJUP9UN051984TV.html,☆☆☆☆☆,"[{'full_name': '广东生益科技股份有限公司', 'subject_importance': None, 'subject_risk': None, 'orgid': '02600183', 'subject_code': None, 'subject_name': None, 'emotion': 'NEU', 'subject_risk_list': [], 'org_types': ['020001', '002', '212001', '216001', '001001', '020010'], 'subject_importance_list': None}]",广东生益科技股份有限公司
99a97d54b2adfd7c,生益科技(600183.SH)发预增，预计2024年度净利润17亿元到18亿元，同比增加46%到55%,智通财经,1737625327,0,https://www.zhitongcaijing.com/content/detail/1242637.html,☆☆☆☆☆,"[{'full_name': '广东生益科技股份有限公司', 'subject_importance': None, 'subject_risk': None, 'orgid': '02600183', 'subject_code': None, 'subject_name': None, 'emotion': 'NEU', 'subject_risk_list': [], 'org_types': ['020001', '002', '212001', '216001', '001001', '020010'], 'subject_importance_list': None}]",广东生益科技股份有限公司
54254468024aac2b,生益科技：预计2024年全年盈利17.00亿至18.00亿 净利润同比增长46.00%至55.00%,证券之星股票,1737625043,0,https://stock.stockstar.com/IG2025012300034442.shtml,☆☆☆☆☆,"[{'full_name': '广东生益科技股份有限公司', 'subject_importance': None, 'subject_risk': None, 'orgid': '02600183', 'subject_code': None, 'subject_name': None, 'emotion': 'NEU', 'subject_risk_list': [], 'org_types': ['020001', '002', '212001', '216001', '001001', '020010'], 'subject_importance_list': None}]",广东生益科技股份有限公司
41a878dd521e1efd,生益科技：预计2024年年度净利润为17亿元~18亿元，同比增加46%~55%,搜狐-四川省,1737624811,0,https://www.sohu.com/a/852508739_115362,☆☆☆☆☆,"[{'full_name': '广东生益科技股份有限公司', 'subject_importance': None, 'subject_risk': None, 'orgid': '02600183', 'subject_code': None, 'subject_name': None, 'emotion': 'NEU', 'subject_risk_list': [], 'org_types': ['020001', '002', '212001', '216001', '001001', '020010'], 'subject_importance_list': None}]",广东生益科技股份有限公司
98d43f732746b61b,生益科技预计2024年归母净利润17亿元到18亿元,腾讯证券,1737624670,0,http://gu.qq.com/resources/shy/news/detail-v2/index.html#/?id=nesSN20250123173021a22cba20&s=b,☆☆☆☆☆,"[{'full_name': '广东生益科技股份有限公司', 'subject_importance': None, 'subject_risk': None, 'orgid': '02600183', 'subject_code': None, 'subject_name': None, 'emotion': 'NEU', 'subject_risk_list': [], 'org_types': ['020001', '002', '212001', '216001', '001001', '020010'], 'subject_importance_list': None}]",广东生益科技股份有限公司
38441fd17a49a14d,生益科技(600183.SH)：2024年净利预增46%到55%,格隆汇资讯-公司信息,1737624278,0,https://www.gelonghui.com/news/4932261,☆☆☆☆☆,"[{'full_name': '广东生益科技股份有限公司', 'subject_importance': None, 'subject_risk': None, 'orgid': '02600183', 'subject_code': None, 'subject_name': None, 'emotion': 'NEU', 'subject_risk_list': [], 'org_types': ['020001', '002', '212001', '216001', '001001', '020010'], 'subject_importance_list': None}]",广东生益科技股份有限公司
24ec9fdccb2a5d43,生益科技：2024年净利润17亿元-18亿元，同比预增46%-55%-36氪,36氪,1737624157,0,https://36kr.com/newsflashes/3135113668073988,☆☆☆☆☆,"[{'full_name': '广东生益科技股份有限公司', 'subject_importance': None, 'subject_risk': None, 'orgid': '02600183', 'subject_code': None, 'subject_name': None, 'emotion': 'NEU', 'subject_risk_list': [], 'org_types': ['020001', '002', '212001', '216001', '001001', '020010'], 'subject_importance_list': None}]",广东生益科技股份有限公司
b509a375d4ae00e4,基金2024年4季度报发布，张坤、刘格菘、谢治宇等提到了什么？,环球网,1737683942,0,https://art.huanqiu.com/article/4LCPagkR7WY,☆☆☆☆☆,"[{'full_name': '北方华创科技集团股份有限公司', 'subject_importance': None, 'subject_risk': None, 'orgid': 'T000007615', 'subject_code': None, 'subject_name': None, 'emotion': 'NEU', 'subject_risk_list': [], 'org_types': ['212100', '020001002002', '002', '001001', '216001', '020001'], 'subject_importance_list': None}]",北方华创科技集团股份有限公司
22de89c75a36fae,景顺长城基金旗下景顺长城融景一年持有混合C规模0.07亿元，环比减少12.01%,金融界财经,1737633708,0,https://finance.jrj.com.cn/2025/01/23195847757429.shtml,☆☆☆☆☆,"[{'full_name': '北方华创科技集团股份有限公司', 'subject_importance': None, 'subject_risk': None, 'orgid': 'T000007615', 'subject_code': None, 'subject_name': None, 'emotion': 'NEU', 'subject_risk_list': [], 'org_types': ['212100', '002', '216001', '020001002002', '020001', '001001'], 'subject_importance_list': None}]",北方华创科技集团股份有限公司
57ebcd65b4b2b8fc,工银瑞信基金旗下工银瑞信恒兴6个月持有混合A规模5.93亿元，环比增加0.65%,金融界财经,1737623584,0,https://finance.jrj.com.cn/2025/01/23170947744010.shtml,☆☆☆☆☆,"[{'full_name': '北方华创科技集团股份有限公司', 'subject_importance': None, 'subject_risk': None, 'orgid': 'T000007615', 'subject_code': None, 'subject_name': None, 'emotion': 'NEU', 'subject_risk_list': [], 'org_types': ['212100', '020001002002', '001001', '002', '216001', '020001'], 'subject_importance_list': None}]",北方华创科技集团股份有限公司
2a2ae7c4d02584c8,“主动不及被动”！基金经理正面回应：不再以行业大偏离求超额收益,微信-券商中国,1737588185,2,https://mp.weixin.qq.com/s/lMoS5FuUopd7D4w4fFgw6Q,☆☆☆☆☆,"[{'full_name': '北方华创科技集团股份有限公司', 'subject_importance': None, 'subject_risk': None, 'orgid': 'T000007615', 'subject_code': None, 'subject_name': None, 'emotion': 'NEU', 'subject_risk_list': [], 'org_types': ['212100', '020001002002', '002', '001001', '216001', '020001'], 'subject_importance_list': None}]",北方华创科技集团股份有限公司
9b99e1c411529a97,狂热尽头，“中国芯片人”没有狂欢,ofweek电子工程网,1737352793,0,https://ee.ofweek.com/2025-01/ART-8470-2800-30655837.html,☆☆☆☆☆,"[{'full_name': '北方华创科技集团股份有限公司', 'subject_importance': None, 'subject_risk': None, 'orgid': 'T000007615', 'subject_code': None, 'subject_name': None, 'emotion': 'NEU', 'subject_risk_list': [], 'org_types': ['212100', '002', '216001', '020001002002', '020001', '001001'], 'subject_importance_list': None}]",北方华创科技集团股份有限公司
2ba20e5165289fa,学大教育董事长金鑫出席中关村融信金融信息化产业联盟大会,中华网,1737338852,0,https://hea.china.com/article/20250120/012025_1631116.html,☆☆☆☆☆,"[{'full_name': '北方华创科技集团股份有限公司', 'subject_importance': None, 'subject_risk': None, 'orgid': 'T000007615', 'subject_code': None, 'subject_name': None, 'emotion': 'NEU', 'subject_risk_list': [], 'org_types': ['212100', '002', '216001', '020001002002', '020001', '001001'], 'subject_importance_list': None}]",北方华创科技集团股份有限公司
5fcbe64c2348a21a,消费电子行业“冬去春来” 深市公司业绩企稳回暖丨深“视”年报,东方财富网,1737302400,0,https://wap.eastmoney.com/a/202501213303816073.html,☆☆☆☆☆,"[{'full_name': '北方华创科技集团股份有限公司', 'subject_importance': None, 'subject_risk': None, 'orgid': 'T000007615', 'subject_code': None, 'subject_name': None, 'emotion': 'NEU', 'subject_risk_list': [], 'org_types': ['216001', '001001', '002', '212100', '020001002002', '020001'], 'subject_importance_list': None}]",北方华创科技集团股份有限公司
82763166a51506fe,半导体公司2024年业绩释放积极信号 持续构建核心竞争力,证券日报,1737294042,0,http://www.zqrb.cn/gscy/gongsi/2025-01-19/A1737157030045.html,☆☆☆☆☆,"[{'full_name': '北方华创科技集团股份有限公司', 'subject_importance': None, 'subject_risk': None, 'orgid': 'T000007615', 'subject_code': None, 'subject_name': None, 'emotion': 'NEU', 'subject_risk_list': [], 'org_types': ['216001', '212100', '020001002002', '001001', '002', '020001'], 'subject_importance_list': None}]",北方华创科技集团股份有限公司
ec8cecc8bcb9c71f,半数亏损！1家扭亏！38家锂电领域上市公司2024年业绩抢先看,微信-我的电池网,1737258810,1,https://mp.weixin.qq.com/s?__biz=MzkzNjM3MjE2NQ==&idx=1&mid=2247590512&sn=b0f9f60dfef09ed2ba70fff79ecc5c3f,★★★☆☆,"[{'full_name': '北方华创科技集团股份有限公司', 'subject_importance': 3, 'subject_risk': '财务预警--盈利能力下降或亏损', 'orgid': 'T000007615', 'subject_code': None, 'subject_name': None, 'emotion': 'NEG', 'subject_risk_list': ['R00008', 'R00008015'], 'org_types': ['002', '001001', '020001002002', '020001', '216001', '212100'], 'subject_importance_list': ['bond@3', 'stock@3']}]",北方华创科技集团股份有限公司
5f939afe4fad9168,机构集体盯上这些龙头！,微信-巨丰投顾,1737256200,0,https://mp.weixin.qq.com/s?__biz=MjM5Njc5NDQ2MA==&idx=1&mid=2650430267&sn=ea2c8f3256c932dd2a8dad501f2a6aea,☆☆☆☆☆,"[{'full_name': '北方华创科技集团股份有限公司', 'subject_importance': None, 'subject_risk': None, 'orgid': 'T000007615', 'subject_code': None, 'subject_name': None, 'emotion': 'NEU', 'subject_risk_list': [], 'org_types': ['212100', '020001', '216001', '020001002002', '001001', '002'], 'subject_importance_list': None}]",北方华创科技集团股份有限公司
b509a375d4ae00e4,基金2024年4季度报发布，张坤、刘格菘、谢治宇等提到了什么？,环球网,1737683942,0,https://art.huanqiu.com/article/4LCPagkR7WY,☆☆☆☆☆,"[{'full_name': '中微半导体设备(上海)股份有限公司', 'subject_importance': None, 'subject_risk': None, 'orgid': 'Q01B38D3B0', 'subject_code': None, 'subject_name': None, 'emotion': 'NEU', 'subject_risk_list': [], 'org_types': ['216011', '001001', '020011', '212001', '020001'], 'subject_importance_list': None}]",中微半导体设备（上海）股份有限公司
f55b24333b1b6bf3,消费电子回暖叠加AI驱动 科创板集成电路公司2024年业绩频传“芯”喜讯,搜狐-上海市,1737640580,0,https://www.sohu.com/a/852611566_120988576,☆☆☆☆☆,"[{'full_name': '中微半导体设备(上海)股份有限公司', 'subject_importance': None, 'subject_risk': None, 'orgid': 'Q01B38D3B0', 'subject_code': None, 'subject_name': None, 'emotion': 'NEU', 'subject_risk_list': [], 'org_types': ['216011', '212001', '001001', '020001', '020011'], 'subject_importance_list': None}]",中微半导体设备（上海）股份有限公司
fb079f9bb04ad043,中微公司增收不增利,微信-信风公闻,1737617828,0,https://mp.weixin.qq.com/s?__biz=MzAwNjg0MDIzMw==&idx=1&mid=2664369119&sn=ca8eeb59969df6051f6151b9e3a3eb82,★★★☆☆,"[{'full_name': '中微半导体设备(上海)股份有限公司', 'subject_importance': 3, 'subject_risk': '财务预警--盈利能力下降或亏损', 'orgid': 'Q01B38D3B0', 'subject_code': None, 'subject_name': None, 'emotion': 'NEG', 'subject_risk_list': ['R00008', 'R00008015'], 'org_types': ['216011', '212001', '020011', '020001', '001001'], 'subject_importance_list': ['stock@3']}]",中微半导体设备（上海）股份有限公司
ce4669cbf7ea87ad,中微半导体设备取得一种加热灯和化学气相沉积设备专利，提高晶圆表面加热后各处温度的均匀性,百家号,1737555320,0,https://baijiahao.baidu.com/s?id=1821924641597420087&wfr=spider&for=pc,☆☆☆☆☆,"[{'full_name': '中微半导体设备(上海)股份有限公司', 'subject_importance': None, 'subject_risk': None, 'orgid': 'Q01B38D3B0', 'subject_code': None, 'subject_name': None, 'emotion': 'NEU', 'subject_risk_list': [], 'org_types': ['216011', '001001', '020001', '212001', '020011'], 'subject_importance_list': None}]",中微半导体设备（上海）股份有限公司
438875c3965aedb9,中微半导体取得喷淋头组件及等离子体处理设备专利，提高清洁效率,百家号,1737555317,0,https://baijiahao.baidu.com/s?id=1821924835020064312&wfr=spider&for=pc,☆☆☆☆☆,"[{'full_name': '中微半导体设备(上海)股份有限公司', 'subject_importance': None, 'subject_risk': None, 'orgid': 'Q01B38D3B0', 'subject_code': None, 'subject_name': None, 'emotion': 'NEU', 'subject_risk_list': [], 'org_types': ['216011', '001001', '020001', '212001', '020011'], 'subject_importance_list': None}]",中微半导体设备（上海）股份有限公司
6576089cf12845b2,中微公司2024年营收大增44.73%,电子发烧友网,1737545826,0,https://www.elecfans.com/d/6442974.html,☆☆☆☆☆,"[{'full_name': '中微半导体设备(上海)股份有限公司', 'subject_importance': None, 'subject_risk': None, 'orgid': 'Q01B38D3B0', 'subject_code': None, 'subject_name': None, 'emotion': 'NEU', 'subject_risk_list': [], 'org_types': ['216011', '001001', '020001', '212001', '020011'], 'subject_importance_list': None}]",中微半导体设备（上海）股份有限公司
4871c2f6311b6d65,看好权益资产 绩优基金去年四季度增配科技成长,上海证券报,1737482373,0,https://paper.cnstock.com/html/2025-01/22/content_2021305.htm,☆☆☆☆☆,"[{'full_name': '中微半导体设备(上海)股份有限公司', 'subject_importance': None, 'subject_risk': None, 'orgid': 'Q01B38D3B0', 'subject_code': None, 'subject_name': None, 'emotion': 'NEU', 'subject_risk_list': [], 'org_types': ['020011', '212001', '216011', '001001', '020001'], 'subject_importance_list': None}]",中微半导体设备（上海）股份有限公司
bfcd2d3a6ae7a3d5,多家科创板公司业绩预喜 彰显韧性和活力,证券日报,1737481235,0,http://www.zqrb.cn/gscy/gongsi/2025-01-22/A1737465717481.html,☆☆☆☆☆,"[{'full_name': '中微半导体设备(上海)股份有限公司', 'subject_importance': None, 'subject_risk': None, 'orgid': 'Q01B38D3B0', 'subject_code': None, 'subject_name': None, 'emotion': 'NEU', 'subject_risk_list': [], 'org_types': ['020011', '212001', '216011', '001001', '020001'], 'subject_importance_list': None}]",中微半导体设备（上海）股份有限公司
43281f7f44f60cbe,致敬中国经济最强驱动力！,新浪财经,1737419503,0,https://finance.sina.com.cn/stock/stockzmt/2025-01-21/doc-inefsutf8822361.shtml,☆☆☆☆☆,"[{'full_name': '中微半导体设备(上海)股份有限公司', 'subject_importance': None, 'subject_risk': None, 'orgid': 'Q01B38D3B0', 'subject_code': None, 'subject_name': None, 'emotion': 'NEU', 'subject_risk_list': [], 'org_types': ['216011', '212001', '020001', '020011', '001001'], 'subject_importance_list': None}]",中微半导体设备（上海）股份有限公司
fdd8e09f7c077c55,30.5亿，中微公司拟落子成都,微信-天天IC,1737342855,0,https://mp.weixin.qq.com/s?__biz=MzUxNjE2NTYwNA==&idx=3&mid=2247670384&sn=5d30d4456b310bf0d98d1f75ca76ccf7,☆☆☆☆☆,"[{'full_name': '中微半导体设备(上海)股份有限公司', 'subject_importance': None, 'subject_risk': None, 'orgid': 'Q01B38D3B0', 'subject_code': None, 'subject_name': None, 'emotion': 'NEU', 'subject_risk_list': [], 'org_types': ['216011', '001001', '020001', '212001', '020011'], 'subject_importance_list': None}]",中微半导体设备（上海）股份有限公司
d93f607f5de6ae2e,（官方问答平台）北京君正：请关注相关公司产品介绍……,同花顺金融研究中心,1737702362,0,,☆☆☆☆☆,"[{'full_name': '北京君正集成电路股份有限公司', 'subject_importance': None, 'subject_risk': None, 'orgid': 'T000032799', 'subject_code': None, 'subject_name': None, 'emotion': 'NEU', 'subject_risk_list': [], 'org_types': ['001001', '020006', '212100', '216003'], 'subject_importance_list': None}]",北京君正集成电路股份有限公司
de40364b9a6d6fce,兆易创新净利润增5倍！AI催化端侧SoC芯片爆发，六家IoT芯片公司2024年业绩预喜,电子发烧友网,1737682602,0,https://www.elecfans.com/d/6443902.html,☆☆☆☆☆,"[{'full_name': '北京君正集成电路股份有限公司', 'subject_importance': None, 'subject_risk': None, 'orgid': 'T000032799', 'subject_code': None, 'subject_name': None, 'emotion': 'NEU', 'subject_risk_list': [], 'org_types': ['212100', '001001', '216003', '020006'], 'subject_importance_list': None}]",北京君正集成电路股份有限公司
73eec12074bb34e8,芯动科技携手北京君正共筑芯片行业未来,电子发烧友网,1737530855,0,https://www.elecfans.com/d/6442801.html,☆☆☆☆☆,"[{'full_name': '北京君正集成电路股份有限公司', 'subject_importance': None, 'subject_risk': None, 'orgid': 'T000032799', 'subject_code': None, 'subject_name': None, 'emotion': 'NEU', 'subject_risk_list': [], 'org_types': ['001001', '020006', '212100', '216003'], 'subject_importance_list': None}]",北京君正集成电路股份有限公司
73a1725ff7a5cf7b,融资净买入275万元，北京君正股市表现为何如此引人注目？,搜狐,1737508196,0,https://www.sohu.com/a/851749619_122066678,☆☆☆☆☆,"[{'full_name': '北京君正集成电路股份有限公司', 'subject_importance': None, 'subject_risk': None, 'orgid': 'T000032799', 'subject_code': None, 'subject_name': None, 'emotion': 'NEU', 'subject_risk_list': [], 'org_types': ['001001', '020006', '212100', '216003'], 'subject_importance_list': None}]",北京君正集成电路股份有限公司
230ca4c3579f1966,北京君正：T40主要用在多摄市场，客户有乔安，anker等,腾讯证券,1737475801,0,http://gu.qq.com/resources/shy/news/detail-v2/index.html#/?id=nesSN20250121181507abb2fff2&s=b,☆☆☆☆☆,"[{'full_name': '北京君正集成电路股份有限公司', 'subject_importance': None, 'subject_risk': None, 'orgid': 'T000032799', 'subject_code': None, 'subject_name': None, 'emotion': 'NEU', 'subject_risk_list': [], 'org_types': ['001001', '020006', '212100', '216003'], 'subject_importance_list': None}]",北京君正集成电路股份有限公司
867f122d9073845f,北京君正：公司目前正在研发21nm和20nm的产品,网易-证券之星上海,1737457953,0,https://www.163.com/dy/article/JMET5NH8051984TV.html,☆☆☆☆☆,"[{'full_name': '北京君正集成电路股份有限公司', 'subject_importance': None, 'subject_risk': None, 'orgid': 'T000032799', 'subject_code': None, 'subject_name': None, 'emotion': 'NEU', 'subject_risk_list': [], 'org_types': ['001001', '020006', '212100', '216003'], 'subject_importance_list': None}]",北京君正集成电路股份有限公司
ced66df0adcb90b3,北京君正推进内存工艺革命：21nm与20nm技术将如何改变市场格局？,搜狐,1737456365,0,https://www.sohu.com/a/851575497_122066676,☆☆☆☆☆,"[{'full_name': '北京君正集成电路股份有限公司', 'subject_importance': None, 'subject_risk': None, 'orgid': 'T000032799', 'subject_code': None, 'subject_name': None, 'emotion': 'NEU', 'subject_risk_list': [], 'org_types': ['001001', '020006', '212100', '216003'], 'subject_importance_list': None}]",北京君正集成电路股份有限公司
b7038e8ab90af11e,北京君正：T40已大批量销售,证券之星股票,1737454169,0,https://stock.stockstar.com/IG2025012100031488.shtml,☆☆☆☆☆,"[{'full_name': '北京君正集成电路股份有限公司', 'subject_importance': None, 'subject_risk': None, 'orgid': 'T000032799', 'subject_code': None, 'subject_name': None, 'emotion': 'NEU', 'subject_risk_list': [], 'org_types': ['001001', '020006', '212100', '216003'], 'subject_importance_list': None}]",北京君正集成电路股份有限公司
b59254cf9c675d55,北京君正：公司目前正在研发21nm和20nm的产品，后续会继续推进更新工艺的产品研发,证券之星股票,1737454159,0,https://stock.stockstar.com/IG2025012100031479.shtml,☆☆☆☆☆,"[{'full_name': '北京君正集成电路股份有限公司', 'subject_importance': None, 'subject_risk': None, 'orgid': 'T000032799', 'subject_code': None, 'subject_name': None, 'emotion': 'NEU', 'subject_risk_list': [], 'org_types': ['001001', '020006', '212100', '216003'], 'subject_importance_list': None}]",北京君正集成电路股份有限公司
48f7e37adfd3907f,（官方问答平台）北京君正：请关注公司定期报告……,同花顺金融研究中心,1737453722,0,,☆☆☆☆☆,"[{'full_name': '北京君正集成电路股份有限公司', 'subject_importance': None, 'subject_risk': None, 'orgid': 'T000032799', 'subject_code': None, 'subject_name': None, 'emotion': 'NEU', 'subject_risk_list': [], 'org_types': ['001001', '020006', '212100', '216003'], 'subject_importance_list': None}]",北京君正集成电路股份有限公司
dd6eb1b829c5f7f1,民生证券：维持兆易创新“推荐”评级，看好公司在利基型存储行业领先地位,新浪财经,1737703960,0,https://finance.sina.cn/7x24/2025-01-24/detail-inehahzw7118719.d.html,☆☆☆☆☆,"[{'full_name': '兆易创新科技集团股份有限公司', 'subject_importance': None, 'subject_risk': None, 'orgid': 'T000125448', 'subject_code': None, 'subject_name': None, 'emotion': 'NEU', 'subject_risk_list': [], 'org_types': ['212001', '020010', '020006', '216001', '001001'], 'subject_importance_list': None}]",兆易创新科技集团股份有限公司
b7c08c7ce4b22599,兆易创新：存储龙头稳健前行 聚焦利基市场多元成长,新浪财经,1737690724,0,https://finance.sina.com.cn/stock/relnews/cn/2025-01-24/doc-inefzwnh2867200.shtml,☆☆☆☆☆,"[{'full_name': '兆易创新科技集团股份有限公司', 'subject_importance': None, 'subject_risk': None, 'orgid': 'T000125448', 'subject_code': None, 'subject_name': None, 'emotion': 'NEU', 'subject_risk_list': [], 'org_types': ['212001', '020010', '020006', '216001', '001001'], 'subject_importance_list': None}]",兆易创新科技集团股份有限公司
b509a375d4ae00e4,基金2024年4季度报发布，张坤、刘格菘、谢治宇等提到了什么？,环球网,1737683942,0,https://art.huanqiu.com/article/4LCPagkR7WY,☆☆☆☆☆,"[{'full_name': '兆易创新科技集团股份有限公司', 'subject_importance': None, 'subject_risk': None, 'orgid': 'T000125448', 'subject_code': None, 'subject_name': None, 'emotion': 'NEU', 'subject_risk_list': [], 'org_types': ['216001', '020006', '212001', '020010', '001001'], 'subject_importance_list': None}]",兆易创新科技集团股份有限公司
de40364b9a6d6fce,兆易创新净利润增5倍！AI催化端侧SoC芯片爆发，六家IoT芯片公司2024年业绩预喜,电子发烧友网,1737682602,0,https://www.elecfans.com/d/6443902.html,☆☆☆☆☆,"[{'full_name': '兆易创新科技集团股份有限公司', 'subject_importance': None, 'subject_risk': None, 'orgid': 'T000125448', 'subject_code': None, 'subject_name': None, 'emotion': 'NEU', 'subject_risk_list': [], 'org_types': ['020006', '001001', '020010', '212001', '216001'], 'subject_importance_list': None}]",兆易创新科技集团股份有限公司
81a9e04a36a67228,中芯国际、长鑫现身这家公司最新股东榜,微信-科创板日报,1737673277,0,https://mp.weixin.qq.com/s?__biz=Mzg4MTEyNzc4Mg==&idx=1&mid=2247593167&sn=8e6075b2a99e8e6e445e9a80ba04a1d2,☆☆☆☆☆,"[{'full_name': '兆易创新科技集团股份有限公司', 'subject_importance': None, 'subject_risk': None, 'orgid': 'T000125448', 'subject_code': None, 'subject_name': None, 'emotion': 'NEU', 'subject_risk_list': [], 'org_types': ['216001', '001001', '212001', '020010', '020006'], 'subject_importance_list': None}]",兆易创新科技集团股份有限公司
da833587403bccf3,“兆易创新”业绩大增，能否持续？,网易,1737645734,0,https://www.163.com/dy/article/JMKG8R1L0552RVU3.html?clickfrom=w_money,☆☆☆☆☆,"[{'full_name': '兆易创新科技集团股份有限公司', 'subject_importance': None, 'subject_risk': None, 'orgid': 'T000125448', 'subject_code': None, 'subject_name': None, 'emotion': 'NEU', 'subject_risk_list': [], 'org_types': ['212001', '020010', '020006', '216001', '001001'], 'subject_importance_list': None}]",兆易创新科技集团股份有限公司
7a685c05fb613145,紫光展锐2024年成绩单：营收创新高，抗衡市场压力能否扭亏？,搜狐,1737627522,0,https://www.sohu.com/a/852528953_122004016,☆☆☆☆☆,"[{'full_name': '兆易创新科技集团股份有限公司', 'subject_importance': None, 'subject_risk': None, 'orgid': 'T000125448', 'subject_code': None, 'subject_name': None, 'emotion': 'NEU', 'subject_risk_list': [], 'org_types': ['216001', '212001', '020006', '020010', '001001'], 'subject_importance_list': None}]",兆易创新科技集团股份有限公司
7d7f941193e2d215,东方证券：维持兆易创新“买入”评级，目标价145.18元,新浪财经,1737618648,0,https://finance.sina.cn/7x24/2025-01-23/detail-inefxxuy7965512.d.html,☆☆☆☆☆,"[{'full_name': '兆易创新科技集团股份有限公司', 'subject_importance': None, 'subject_risk': None, 'orgid': 'T000125448', 'subject_code': None, 'subject_name': None, 'emotion': 'NEU', 'subject_risk_list': [], 'org_types': ['212001', '020010', '020006', '216001', '001001'], 'subject_importance_list': None}]",兆易创新科技集团股份有限公司
83c89b054a8ccb81,产品销量大幅上扬 兆易创新2024年净利润预增576.43%,中国证券网,1737616138,0,https://www.cnstock.com/commonDetail/352147,☆☆☆☆☆,"[{'full_name': '兆易创新科技集团股份有限公司', 'subject_importance': None, 'subject_risk': None, 'orgid': 'T000125448', 'subject_code': None, 'subject_name': None, 'emotion': 'NEU', 'subject_risk_list': [], 'org_types': ['212001', '020010', '020006', '216001', '001001'], 'subject_importance_list': None}]",兆易创新科技集团股份有限公司
991579628e9e406e,2025年1月23日，兆易创新日内振幅超过7%,同花顺金融研究中心,1737610983,2,,★★☆☆☆,"[{'full_name': '兆易创新科技集团股份有限公司', 'subject_importance': 2, 'subject_risk': '市场预警--交易异常波动', 'orgid': 'T000125448', 'subject_code': None, 'subject_name': None, 'emotion': 'NEG', 'subject_risk_list': ['R00003', 'R00003007'], 'org_types': ['216001', '020010', '001001', '020006', '212001'], 'subject_importance_list': ['stock@2']}]",兆易创新科技集团股份有限公司
8927146c2e91137b,教育数字化获政策力挺 相关上市公司积极布局,上海证券报,1737734400,0,https://paper.cnstock.com/html/2025-01/25/content_2023201.htm,☆☆☆☆☆,"[{'full_name': '科大讯飞股份有限公司', 'subject_importance': None, 'subject_risk': None, 'orgid': '03134688', 'subject_code': None, 'subject_name': None, 'emotion': 'NEU', 'subject_risk_list': [], 'org_types': ['212100', '216001', '002', '001001', '020006'], 'subject_importance_list': None}]",科大讯飞股份有限公司
6f1bd9b837dd0bb3,科大讯飞申请韩语文本发音预测等专利，提高韩语发音预测准确性,百家号,1737723060,0,https://baijiahao.baidu.com/s?id=1822137073129727550&wfr=spider&for=pc,☆☆☆☆☆,"[{'full_name': '科大讯飞股份有限公司', 'subject_importance': None, 'subject_risk': None, 'orgid': '03134688', 'subject_code': None, 'subject_name': None, 'emotion': 'NEU', 'subject_risk_list': [], 'org_types': ['216001', '001001', '002', '212100', '020006'], 'subject_importance_list': None}]",科大讯飞股份有限公司
4f00418ebb6fba92,南京玄武区新“数枢”观察｜让数据“动起来”，建成全省最具代表性的数据和大模型产业园区,新浪财经,1737719160,0,https://finance.sina.com.cn/jjxw/2025-01-24/doc-inehatrw2528200.shtml,☆☆☆☆☆,"[{'full_name': '科大讯飞股份有限公司', 'subject_importance': None, 'subject_risk': None, 'orgid': '03134688', 'subject_code': None, 'subject_name': None, 'emotion': 'NEU', 'subject_risk_list': [], 'org_types': ['216001', '001001', '002', '212100', '020006'], 'subject_importance_list': None}]",科大讯飞股份有限公司
672e39bbe1daed2,科大讯飞分拆项目财务顾问主办人变更 谢瑾接替刘岩狄,观点地产网,1737716387,0,https://www.guandian.cn:443/article/20250124/465467.html,☆☆☆☆☆,"[{'full_name': '科大讯飞股份有限公司', 'subject_importance': None, 'subject_risk': None, 'orgid': '03134688', 'subject_code': None, 'subject_name': None, 'emotion': 'NEU', 'subject_risk_list': [], 'org_types': ['216001', '001001', '002', '212100', '020006'], 'subject_importance_list': None}]",科大讯飞股份有限公司
20b15ddbcf4ae00b,四川中行AI智能翻译屏落地成都铁像寺水街,金融投资网,1737699860,0,https://www.jrtzb.com.cn/349yx/202501/82888992.html,☆☆☆☆☆,"[{'full_name': '科大讯飞股份有限公司', 'subject_importance': None, 'subject_risk': None, 'orgid': '03134688', 'subject_code': None, 'subject_name': None, 'emotion': 'NEU', 'subject_risk_list': [], 'org_types': ['212100', '216001', '001001', '002', '020006'], 'subject_importance_list': None}]",科大讯飞股份有限公司
b0865429fb2878fa,科大讯飞取得汽车座舱监控相关专利,金融界财经,1737696869,0,https://finance.jrj.com.cn/2025/01/24132147780391.shtml,☆☆☆☆☆,"[{'full_name': '科大讯飞股份有限公司', 'subject_importance': None, 'subject_risk': None, 'orgid': '03134688', 'subject_code': None, 'subject_name': None, 'emotion': 'NEU', 'subject_risk_list': [], 'org_types': ['216001', '001001', '002', '212100', '020006'], 'subject_importance_list': None}]",科大讯飞股份有限公司
3b6bd977b06358ba,关键信号！中国银行1万亿支持人工智能，谁将受益？,东方财富网,1737694300,0,https://finance.eastmoney.com/a/202501243307315382.html,☆☆☆☆☆,"[{'full_name': '科大讯飞股份有限公司', 'subject_importance': None, 'subject_risk': None, 'orgid': '03134688', 'subject_code': None, 'subject_name': None, 'emotion': 'NEU', 'subject_risk_list': [], 'org_types': ['212100', '216001', '001001', '002', '020006'], 'subject_importance_list': None}]",科大讯飞股份有限公司
215540eb491c9ca2,医疗大模型算法标准再进阶 八年深耕铸就讯飞医疗(02506)大模型“国家队”底色,智通财经,1737689730,0,https://www.zhitongcaijing.com/content/detail/1243169.html,☆☆☆☆☆,"[{'full_name': '科大讯飞股份有限公司', 'subject_importance': None, 'subject_risk': None, 'orgid': '03134688', 'subject_code': None, 'subject_name': None, 'emotion': 'NEU', 'subject_risk_list': [], 'org_types': ['020006', '002', '212100', '216001', '001001'], 'subject_importance_list': None}]",科大讯飞股份有限公司
86d995d8a65c8084,大模型“独角兽”亟须差异化应对价格冲击,东方财富网,1737665149,0,https://finance.eastmoney.com/a/202501243306658643.html,☆☆☆☆☆,"[{'full_name': '科大讯飞股份有限公司', 'subject_importance': None, 'subject_risk': None, 'orgid': '03134688', 'subject_code': None, 'subject_name': None, 'emotion': 'NEU', 'subject_risk_list': [], 'org_types': ['212100', '216001', '001001', '002', '020006'], 'subject_importance_list': None}]",科大讯飞股份有限公司
a5aa14fbdbcba3b2,首家，5年万亿，人工智能投资再添活水，涟漪正在荡起,零壹财经,1737648000,0,https://www.01caijing.com/article/343228.htm,☆☆☆☆☆,"[{'full_name': '科大讯飞股份有限公司', 'subject_importance': None, 'subject_risk': None, 'orgid': '03134688', 'subject_code': None, 'subject_name': None, 'emotion': 'NEU', 'subject_risk_list': [], 'org_types': ['212100', '216001', '002', '001001', '020006'], 'subject_importance_list': None}]",科大讯飞股份有限公司
d72de8cf433e39d5,2025年1月24日，金山办公日内振幅超过7%,同花顺金融研究中心,1737688924,2,,★★☆☆☆,"[{'full_name': '北京金山办公软件股份有限公司', 'subject_importance': 2, 'subject_risk': '市场预警--交易异常波动', 'orgid': 'T001323122', 'subject_code': None, 'subject_name': None, 'emotion': 'NEG', 'subject_risk_list': ['R00003', 'R00003007'], 'org_types': ['001001', '216011', '020006', '212001', '020011'], 'subject_importance_list': ['stock@2']}]",北京金山办公软件股份有限公司
22b23c6885ddbaf2,2025商业新愿景｜金山办公CEO章庆元：让AI成为每个企业的中枢神经,经济观察网,1737531725,0,http://www.eeo.com.cn/2025/0122/707857.shtml,☆☆☆☆☆,"[{'full_name': '北京金山办公软件股份有限公司', 'subject_importance': None, 'subject_risk': None, 'orgid': 'T001323122', 'subject_code': None, 'subject_name': None, 'emotion': 'NEU', 'subject_risk_list': [], 'org_types': ['216011', '020011', '001001', '020006', '212001'], 'subject_importance_list': None}]",北京金山办公软件股份有限公司
e4cdec2e33e828d7,金山办公新提交4件商标注册申请,证券之星股票,1737233926,0,http://stock.stockstar.com/RB2025011900000114.shtml,☆☆☆☆☆,"[{'full_name': '北京金山办公软件股份有限公司', 'subject_importance': None, 'subject_risk': None, 'orgid': 'T001323122', 'subject_code': None, 'subject_name': None, 'emotion': 'NEU', 'subject_risk_list': [], 'org_types': ['216011', '020011', '001001', '020006', '212001'], 'subject_importance_list': None}]",北京金山办公软件股份有限公司
93e502df22b05faf,金山办公新注册《WPS扫描王软件V1.0》项目的软件著作权,证券之星,1737137085,0,https://wap.stockstar.com/detail/RB2025011800004111,☆☆☆☆☆,"[{'full_name': '北京金山办公软件股份有限公司', 'subject_importance': None, 'subject_risk': None, 'orgid': 'T001323122', 'subject_code': None, 'subject_name': None, 'emotion': 'NEU', 'subject_risk_list': [], 'org_types': ['216011', '020011', '001001', '020006', '212001'], 'subject_importance_list': None}]",北京金山办公软件股份有限公司
e41eaf6a69483ee4,2025年，“大模型价格战”不怕亏钱了？,搜狐-北京市,1737077400,0,https://www.sohu.com/a/849942585_250147,☆☆☆☆☆,"[{'full_name': '北京金山办公软件股份有限公司', 'subject_importance': None, 'subject_risk': None, 'orgid': 'T001323122', 'subject_code': None, 'subject_name': None, 'emotion': 'NEU', 'subject_risk_list': [], 'org_types': ['216011', '001001', '020006', '020011', '212001'], 'subject_importance_list': None}]",北京金山办公软件股份有限公司
fb6a7a694266362f,浦发银行南京分行启幕新年“科技会客厅”，探讨AI管理变革,搜狐,1737710714,0,https://www.sohu.com/a/852935254_121798711,☆☆☆☆☆,"[{'full_name': '拓尔思信息技术股份有限公司', 'subject_importance': None, 'subject_risk': None, 'orgid': 'T000034655', 'subject_code': None, 'subject_name': None, 'emotion': 'NEU', 'subject_risk_list': [], 'org_types': ['216003', '212100', '020006', '002', '001001'], 'subject_importance_list': None}]",拓尔思信息技术股份有限公司
95800e6f1a3aeb3d,2025年1月24日，拓尔思日内振幅超过7%,同花顺金融研究中心,1737684003,2,,★★★☆☆,"[{'full_name': '拓尔思信息技术股份有限公司', 'subject_importance': 3, 'subject_risk': '市场预警--交易异常波动', 'orgid': 'T000034655', 'subject_code': None, 'subject_name': None, 'emotion': 'NEG', 'subject_risk_list': ['R00003', 'R00003007'], 'org_types': ['212100', '002', '001001', '216003', '020006'], 'subject_importance_list': ['stock@2', 'bond@3']}]",拓尔思信息技术股份有限公司
5358f69d383f91a9,拓尔思TRS海贝搜索数据库与自然语言处理引擎通过软件自主可控测评,搜狐,1737613703,0,https://www.sohu.com/a/852423510_121924584,☆☆☆☆☆,"[{'full_name': '拓尔思信息技术股份有限公司', 'subject_importance': None, 'subject_risk': None, 'orgid': 'T000034655', 'subject_code': None, 'subject_name': None, 'emotion': 'NEU', 'subject_risk_list': [], 'org_types': ['020006', '212100', '216003', '001001', '002'], 'subject_importance_list': None}]",拓尔思信息技术股份有限公司
68fe5a06509c19bd,拓尔思AI产品通过权威机构测评，展现自主可控能力,搜狐,1737613693,0,https://www.sohu.com/a/852423422_121798711,☆☆☆☆☆,"[{'full_name': '拓尔思信息技术股份有限公司', 'subject_importance': None, 'subject_risk': None, 'orgid': 'T000034655', 'subject_code': None, 'subject_name': None, 'emotion': 'NEU', 'subject_risk_list': [], 'org_types': ['020006', '212100', '216003', '001001', '002'], 'subject_importance_list': None}]",拓尔思信息技术股份有限公司
3ed0d204d198d16e,拓尔思海贝搜索与海文引擎获自主可控B+级认证，揭示AI技术新趋势,搜狐,1737613693,0,https://www.sohu.com/a/852423231_121798711,☆☆☆☆☆,"[{'full_name': '拓尔思信息技术股份有限公司', 'subject_importance': None, 'subject_risk': None, 'orgid': 'T000034655', 'subject_code': None, 'subject_name': None, 'emotion': 'NEU', 'subject_risk_list': [], 'org_types': ['020006', '212100', '216003', '001001', '002'], 'subject_importance_list': None}]",拓尔思信息技术股份有限公司
c96f622edbfc0bd2,拓尔思跌超7%，业绩预亏计提商誉减值,新浪财经,1737613274,2,https://finance.sina.cn/7x24/2025-01-23/detail-inefxtpa8057940.d.html,★★★☆☆,"[{'full_name': '拓尔思信息技术股份有限公司', 'subject_importance': 3, 'subject_risk': '财务预警--盈利能力下降或亏损', 'orgid': 'T000034655', 'subject_code': None, 'subject_name': None, 'emotion': 'NEG', 'subject_risk_list': ['R00008', 'R00008015'], 'org_types': ['001001', '002', '020006', '212100', '216003'], 'subject_importance_list': ['stock@3', 'bond@3']}]",拓尔思信息技术股份有限公司
24519c6667e0a820,A股异动丨拓尔思跌超7%，业绩预亏计提商誉减值,格隆汇资讯-公司信息,1737613134,0,https://www.gelonghui.com/news/4931945,★★★☆☆,"[{'full_name': '拓尔思信息技术股份有限公司', 'subject_importance': 3, 'subject_risk': '财务预警--盈利能力下降或亏损', 'orgid': 'T000034655', 'subject_code': None, 'subject_name': None, 'emotion': 'NEG', 'subject_risk_list': ['R00008', 'R00008015'], 'org_types': ['001001', '002', '020006', '212100', '216003'], 'subject_importance_list': ['stock@3', 'bond@3']}]",拓尔思信息技术股份有限公司
6997b6ccc4a88bff,拓尔思两款产品通过某权威机构“软件自主可控”测评,微信-拓尔思,1737612999,0,https://mp.weixin.qq.com/s?__biz=MzI5ODAxNDUzMw==&idx=1&mid=2649257320&sn=60bcf36ef7a8d94696185a49644e7c01,☆☆☆☆☆,"[{'full_name': '拓尔思信息技术股份有限公司', 'subject_importance': None, 'subject_risk': None, 'orgid': 'T000034655', 'subject_code': None, 'subject_name': None, 'emotion': 'NEU', 'subject_risk_list': [], 'org_types': ['020006', '212100', '216003', '001001', '002'], 'subject_importance_list': None}]",拓尔思信息技术股份有限公司
9c562fe79473af96,拓尔思助力国家管网集团构建智能数据管理新生态，项目金额超1300万！,搜狐,1737608321,0,https://www.sohu.com/a/852397236_121798711,☆☆☆☆☆,"[{'full_name': '拓尔思信息技术股份有限公司', 'subject_importance': None, 'subject_risk': None, 'orgid': 'T000034655', 'subject_code': None, 'subject_name': None, 'emotion': 'NEU', 'subject_risk_list': [], 'org_types': ['020006', '212100', '216003', '001001', '002'], 'subject_importance_list': None}]",拓尔思信息技术股份有限公司
534f155b7b8e9663,拓尔思斩获1300万大单，助力国家管网集团数据转型！,搜狐,1737608268,0,https://www.sohu.com/a/852397162_122004016,☆☆☆☆☆,"[{'full_name': '拓尔思信息技术股份有限公司', 'subject_importance': None, 'subject_risk': None, 'orgid': 'T000034655', 'subject_code': None, 'subject_name': None, 'emotion': 'NEU', 'subject_risk_list': [], 'org_types': ['020006', '212100', '216003', '001001', '002'], 'subject_importance_list': None}]",拓尔思信息技术股份有限公司
38ab5c43c0f1b06e,2025年1月24日，云从科技日内振幅超过7%,同花顺金融研究中心,1737685807,2,,★★☆☆☆,"[{'full_name': '云从科技集团股份有限公司', 'subject_importance': 2, 'subject_risk': '市场预警--交易异常波动', 'orgid': 'T000225831', 'subject_code': None, 'subject_name': None, 'emotion': 'NEG', 'subject_risk_list': ['R00003', 'R00003007'], 'org_types': ['212001', '020006', '216011', '001001'], 'subject_importance_list': ['stock@2']}]",云从科技集团股份有限公司
651e35a91ae9bff2,AI四小龙云从科技预计2024年亏损6.88亿元至5.90亿元,电鳗快报,1737680823,0,http://finance.dmkb.net/html/2025/01/166478.html,★★★☆☆,"[{'full_name': '云从科技集团股份有限公司', 'subject_importance': 3, 'subject_risk': '财务预警--盈利能力下降或亏损', 'orgid': 'T000225831', 'subject_code': None, 'subject_name': None, 'emotion': 'NEG', 'subject_risk_list': ['R00008', 'R00008015'], 'org_types': ['212001', '020006', '216011', '001001'], 'subject_importance_list': ['stock@3']}]",云从科技集团股份有限公司
e2fcd9a76149bfd3,人才再次流失 云从科技何时扭亏为盈,微信-投资者网,1737626497,0,https://mp.weixin.qq.com/s/0U_gZMpvw0zcHCSxOsl5OA,☆☆☆☆☆,"[{'full_name': '云从科技集团股份有限公司', 'subject_importance': None, 'subject_risk': None, 'orgid': 'T000225831', 'subject_code': None, 'subject_name': None, 'emotion': 'NEU', 'subject_risk_list': [], 'org_types': ['212001', '001001', '216011', '020006'], 'subject_importance_list': None}]",云从科技集团股份有限公司
7568a3551536694f,营收低迷、持续亏损，云从科技前景担忧,微信-传感物联网,1737623130,0,https://mp.weixin.qq.com/s?__biz=MjM5MDA5MTY2MA==&idx=1&mid=2650166734&sn=30244a805cadfe7ad09558fc64d6e60a,★★★☆☆,"[{'full_name': '云从科技集团股份有限公司', 'subject_importance': 3, 'subject_risk': '财务预警--盈利能力下降或亏损', 'orgid': 'T000225831', 'subject_code': None, 'subject_name': None, 'emotion': 'NEG', 'subject_risk_list': ['R00008', 'R00008015'], 'org_types': ['212001', '020006', '216011', '001001'], 'subject_importance_list': ['stock@3']}]",云从科技集团股份有限公司
cb09e006593772b8,2024年，云从科技预计亏损5.9亿至6.8亿元。值得注意的是，自2017年到2024年期间，累计亏......,微博,1737622638,0,http://weibo.com/1958969411/PaUvoeJbz,★★★☆☆,"[{'full_name': '云从科技集团股份有限公司', 'subject_importance': 3, 'subject_risk': '财务预警--盈利能力下降或亏损', 'orgid': 'T000225831', 'subject_code': None, 'subject_name': None, 'emotion': 'NEG', 'subject_risk_list': ['R00008', 'R00008015'], 'org_types': ['212001', '020006', '216011', '001001'], 'subject_importance_list': ['stock@3']}]",云从科技集团股份有限公司
538586c1284d7072,云从科技业绩预亏6亿，AI四小龙风采不再，仅余龙皮？,同花顺整理,1737591468,0,https://www.tlmhxx.com/keji/202501/8129.html,★★★☆☆,"[{'full_name': '云从科技集团股份有限公司', 'subject_importance': 3, 'subject_risk': '财务预警--盈利能力下降或亏损', 'orgid': 'T000225831', 'subject_code': None, 'subject_name': None, 'emotion': 'NEG', 'subject_risk_list': ['R00008', 'R00008015'], 'org_types': ['212001', '020006', '216011', '001001'], 'subject_importance_list': ['stock@3']}]",云从科技集团股份有限公司
8c7728cc0419d562,云从科技：连年亏损，前景仍存挑战与机遇,lack,1737562332,0,https://www.qinbaol.com/kjzx/202501/63147.html,★★★☆☆,"[{'full_name': '云从科技集团股份有限公司', 'subject_importance': 3, 'subject_risk': '财务预警--盈利能力下降或亏损', 'orgid': 'T000225831', 'subject_code': None, 'subject_name': None, 'emotion': 'NEG', 'subject_risk_list': ['R00008', 'R00008015'], 'org_types': ['212001', '020006', '216011', '001001'], 'subject_importance_list': ['stock@3']}]",云从科技集团股份有限公司
6ae938baef56e7f4,AI四小龙云从科技，连年亏损超35亿，核心技术人员流失，前路何在？,和讯网,1737533674,0,http://finance.itbear.com.cn/html/2025-01/136100.html,★★★☆☆,"[{'full_name': '云从科技集团股份有限公司', 'subject_importance': 3, 'subject_risk': '财务预警--盈利能力下降或亏损', 'orgid': 'T000225831', 'subject_code': None, 'subject_name': None, 'emotion': 'NEG', 'subject_risk_list': ['R00008', 'R00008015'], 'org_types': ['212001', '020006', '216011', '001001'], 'subject_importance_list': ['stock@3']}]",云从科技集团股份有限公司
da2db9c6448ed52c,云从科技近况堪忧：五年累计亏损或超35亿，AI四小龙光环不再？,和讯网,1737529793,0,http://finance.itbear.com.cn/html/2025-01/136021.html,★★★☆☆,"[{'full_name': '云从科技集团股份有限公司', 'subject_importance': 3, 'subject_risk': '财务预警--盈利能力下降或亏损', 'orgid': 'T000225831', 'subject_code': None, 'subject_name': None, 'emotion': 'NEG', 'subject_risk_list': ['R00008', 'R00008015'], 'org_types': ['212001', '020006', '216011', '001001'], 'subject_importance_list': ['stock@3']}]",云从科技集团股份有限公司
673d73a34d6a608b,AI四小龙云从科技，五年亏损超35亿，龙皮尚存否？,和讯网,1737516876,0,http://finance.itbear.com.cn/html/2025-01/135844.html,★★★☆☆,"[{'full_name': '云从科技集团股份有限公司', 'subject_importance': 3, 'subject_risk': '财务预警--盈利能力下降或亏损', 'orgid': 'T000225831', 'subject_code': None, 'subject_name': None, 'emotion': 'NEG', 'subject_risk_list': ['R00008', 'R00008015'], 'org_types': ['212001', '020006', '216011', '001001'], 'subject_importance_list': ['stock@3']}]",云从科技集团股份有限公司
115cb15d97d409c4,海康威视再获文旅部优秀解决方案殊荣,电子发烧友网,1737704214,0,https://www.elecfans.com/d/6444674.html,☆☆☆☆☆,"[{'full_name': '杭州海康威视数字技术股份有限公司', 'subject_importance': None, 'subject_risk': None, 'orgid': 'T000026753', 'subject_code': None, 'subject_name': None, 'emotion': 'NEU', 'subject_risk_list': [], 'org_types': ['002', '020001', '212100', '216001', '001001', '020001002002'], 'subject_importance_list': None}]",杭州海康威视数字技术股份有限公司
c08d690435c1936f,海康威视多项数字化产品及实践入选工信部2024实数融合典型案例,雷锋网,1737690377,0,https://www.leiphone.com/category/industrynews/Vymc41hsTKtpzpbR.html,☆☆☆☆☆,"[{'full_name': '杭州海康威视数字技术股份有限公司', 'subject_importance': None, 'subject_risk': None, 'orgid': 'T000026753', 'subject_code': None, 'subject_name': None, 'emotion': 'NEU', 'subject_risk_list': [], 'org_types': ['002', '020001', '212100', '216001', '001001', '020001002002'], 'subject_importance_list': None}]",杭州海康威视数字技术股份有限公司
31646b6c79937791,文化和旅游部发布新一批智慧旅游解决方案！海康威视这个方案入选,微信-海康威视,1737689601,0,https://mp.weixin.qq.com/s?__biz=MjM5OTA0NTM1Nw==&idx=1&mid=2651736668&sn=560b0fbea4edeae519361555030cd444,☆☆☆☆☆,"[{'full_name': '杭州海康威视数字技术股份有限公司', 'subject_importance': None, 'subject_risk': None, 'orgid': 'T000026753', 'subject_code': None, 'subject_name': None, 'emotion': 'NEU', 'subject_risk_list': [], 'org_types': ['002', '020001', '212100', '216001', '001001', '020001002002'], 'subject_importance_list': None}]",杭州海康威视数字技术股份有限公司
7d6bdb5c0f66aa71,【企业动态】海康威视新增1件法院诉讼，案由为买卖合同纠纷,证券之星,1737672287,2,https://wap.stockstar.com/detail/RB2025012400008005,★★★☆☆,"[{'full_name': '杭州海康威视数字技术股份有限公司', 'subject_importance': 3, 'subject_risk': '经营预警--法律诉讼', 'orgid': 'T000026753', 'subject_code': None, 'subject_name': None, 'emotion': 'NEG', 'subject_risk_list': ['R00007', 'R00007018'], 'org_types': ['020001002002', '020001', '001001', '216001', '212100', '002'], 'subject_importance_list': ['bond@2', 'stock@3']}]",杭州海康威视数字技术股份有限公司
345fc8ffbe71f54e,杭州海康威视推出新型恶意样本攻击行为分析方法,donews,1737619462,0,https://www.donews.com/news/detail/4/4718755.html,☆☆☆☆☆,"[{'full_name': '杭州海康威视数字技术股份有限公司', 'subject_importance': None, 'subject_risk': None, 'orgid': 'T000026753', 'subject_code': None, 'subject_name': None, 'emotion': 'NEU', 'subject_risk_list': [], 'org_types': ['002', '020001', '212100', '216001', '001001', '020001002002'], 'subject_importance_list': None}]",杭州海康威视数字技术股份有限公司
198f76431676130c,海康威视公开新型采购订单生成技术,donews,1737554776,0,https://www.donews.com/news/detail/4/4718757.html,☆☆☆☆☆,"[{'full_name': '杭州海康威视数字技术股份有限公司', 'subject_importance': None, 'subject_risk': None, 'orgid': 'T000026753', 'subject_code': None, 'subject_name': None, 'emotion': 'NEU', 'subject_risk_list': [], 'org_types': ['002', '020001', '212100', '216001', '001001', '020001002002'], 'subject_importance_list': None}]",杭州海康威视数字技术股份有限公司
d25106020e64610e,杭州海康威视申请界面渲染方法专利，可动态地渲染信息推广界面,百家号,1737532177,0,https://baijiahao.baidu.com/s?id=1821912058135396197&wfr=spider&for=pc,☆☆☆☆☆,"[{'full_name': '杭州海康威视数字技术股份有限公司', 'subject_importance': None, 'subject_risk': None, 'orgid': 'T000026753', 'subject_code': None, 'subject_name': None, 'emotion': 'NEU', 'subject_risk_list': [], 'org_types': ['002', '020001', '212100', '216001', '001001', '020001002002'], 'subject_importance_list': None}]",杭州海康威视数字技术股份有限公司
6af38343fc3cac3b,海康威视中标某智慧停车项目 中移集成报价更低却落标了！,新浪财经,1737528658,0,https://finance.sina.com.cn/jjxw/2025-01-22/doc-inefvqpx7612263.shtml,☆☆☆☆☆,"[{'full_name': '杭州海康威视数字技术股份有限公司', 'subject_importance': None, 'subject_risk': None, 'orgid': 'T000026753', 'subject_code': None, 'subject_name': None, 'emotion': 'NEU', 'subject_risk_list': [], 'org_types': ['002', '020001', '212100', '216001', '001001', '020001002002'], 'subject_importance_list': None}]",杭州海康威视数字技术股份有限公司
c335f950b1a5f709,海康威视申请一种图像融合方法、装置及电子设备专利，能够提高融合图像的质量,网易-金融界北京,1737525326,0,https://www.163.com/dy/article/JMGTI1HV0519QIKK.html,☆☆☆☆☆,"[{'full_name': '杭州海康威视数字技术股份有限公司', 'subject_importance': None, 'subject_risk': None, 'orgid': 'T000026753', 'subject_code': None, 'subject_name': None, 'emotion': 'NEU', 'subject_risk_list': [], 'org_types': ['002', '020001', '212100', '216001', '001001', '020001002002'], 'subject_importance_list': None}]",杭州海康威视数字技术股份有限公司
78cf0cbf4de7cd94,杭州海康威视申请目标图像的质量评估方法专利，能够自适应提供满足用户个性化需求的评估结果,百家号,1737523860,0,https://baijiahao.baidu.com/s?id=1821926654454466483&wfr=spider&for=pc,☆☆☆☆☆,"[{'full_name': '杭州海康威视数字技术股份有限公司', 'subject_importance': None, 'subject_risk': None, 'orgid': 'T000026753', 'subject_code': None, 'subject_name': None, 'emotion': 'NEU', 'subject_risk_list': [], 'org_types': ['002', '020001', '212100', '216001', '001001', '020001002002'], 'subject_importance_list': None}]",杭州海康威视数字技术股份有限公司
b8345c47a8ffe4bd,从高通手里抢客户，这家深圳芯片龙头去年狂揽43亿,微信-全球物联网观察,1737690171,0,https://mp.weixin.qq.com/s?__biz=MzU2MzU5NzMyMw==&idx=1&mid=2247551294&sn=4900a7fff4093cbc350293e8edeaca5f,☆☆☆☆☆,"[{'full_name': '深圳市汇顶科技股份有限公司', 'subject_importance': None, 'subject_risk': None, 'orgid': 'T000148045', 'subject_code': None, 'subject_name': None, 'emotion': 'NEU', 'subject_risk_list': [], 'org_types': ['020006', '216001', '001001', '212001', '020011'], 'subject_importance_list': None}]",深圳市汇顶科技股份有限公司
b509a375d4ae00e4,基金2024年4季度报发布，张坤、刘格菘、谢治宇等提到了什么？,环球网,1737683942,0,https://art.huanqiu.com/article/4LCPagkR7WY,☆☆☆☆☆,"[{'full_name': '深圳市汇顶科技股份有限公司', 'subject_importance': None, 'subject_risk': None, 'orgid': 'T000148045', 'subject_code': None, 'subject_name': None, 'emotion': 'NEU', 'subject_risk_list': [], 'org_types': ['212001', '020011', '020006', '216001', '001001'], 'subject_importance_list': None}]",深圳市汇顶科技股份有限公司
de40364b9a6d6fce,兆易创新净利润增5倍！AI催化端侧SoC芯片爆发，六家IoT芯片公司2024年业绩预喜,电子发烧友网,1737682602,0,https://www.elecfans.com/d/6443902.html,☆☆☆☆☆,"[{'full_name': '深圳市汇顶科技股份有限公司', 'subject_importance': None, 'subject_risk': None, 'orgid': 'T000148045', 'subject_code': None, 'subject_name': None, 'emotion': 'NEU', 'subject_risk_list': [], 'org_types': ['001001', '020006', '212001', '020011', '216001'], 'subject_importance_list': None}]",深圳市汇顶科技股份有限公司
d4fd9cfac37b9f0,汇顶科技2024年净利或同比暴涨287.75%,微信-芯智讯,1737681361,0,https://mp.weixin.qq.com/s?__biz=MzA4MTE5OTQxOQ==&idx=6&mid=2650107332&sn=3136d9cc5af8b05f5ea8d2da696e8ce2,☆☆☆☆☆,"[{'full_name': '深圳市汇顶科技股份有限公司', 'subject_importance': None, 'subject_risk': None, 'orgid': 'T000148045', 'subject_code': None, 'subject_name': None, 'emotion': 'NEU', 'subject_risk_list': [], 'org_types': ['020006', '216001', '001001', '212001', '020011'], 'subject_importance_list': None}]",深圳市汇顶科技股份有限公司
f077798aca3956ef,汇顶科技全年净利预增超2倍 收购独角兽云英谷事项仍在推进中,长江商报,1737651809,0,http://www.changjiangtimes.com/2025/01/644134.html,☆☆☆☆☆,"[{'full_name': '深圳市汇顶科技股份有限公司', 'subject_importance': None, 'subject_risk': None, 'orgid': 'T000148045', 'subject_code': None, 'subject_name': None, 'emotion': 'NEU', 'subject_risk_list': [], 'org_types': ['020006', '216001', '001001', '212001', '020011'], 'subject_importance_list': None}]",深圳市汇顶科技股份有限公司
34b9f01bcecf365a,汇顶科技：超声波指纹识别传感器批量出货，2024年净利润超5.5亿元,微信-MEMS,1737648305,0,https://mp.weixin.qq.com/s?__biz=MjM5NTQzNjk2MA==&idx=6&mid=2657382591&sn=219c92e40d9ed818a2e3412ddf5433dd,☆☆☆☆☆,"[{'full_name': '深圳市汇顶科技股份有限公司', 'subject_importance': None, 'subject_risk': None, 'orgid': 'T000148045', 'subject_code': None, 'subject_name': None, 'emotion': 'NEU', 'subject_risk_list': [], 'org_types': ['020006', '216001', '001001', '212001', '020011'], 'subject_importance_list': None}]",深圳市汇顶科技股份有限公司
fc96b54782ac3c3e,汇顶科技：预计2024年实现归属于母公司所有者的净利润同比增加233.22%至287.75%,证券日报,1737636039,0,http://www.zqrb.cn/gscy/ggkx/2025-01-23/A1737630841426.html,☆☆☆☆☆,"[{'full_name': '深圳市汇顶科技股份有限公司', 'subject_importance': None, 'subject_risk': None, 'orgid': 'T000148045', 'subject_code': None, 'subject_name': None, 'emotion': 'NEU', 'subject_risk_list': [], 'org_types': ['020006', '216001', '001001', '212001', '020011'], 'subject_importance_list': None}]",深圳市汇顶科技股份有限公司
5bee4be40394b123,新品批量出货提振业绩 汇顶科技2024年净利润预增超200%,经济参考网,1737631925,0,http://www.jjckb.cn/20250123/abee2638669f4a409b1f2afb075f1fa7/c.html,☆☆☆☆☆,"[{'full_name': '深圳市汇顶科技股份有限公司', 'subject_importance': None, 'subject_risk': None, 'orgid': 'T000148045', 'subject_code': None, 'subject_name': None, 'emotion': 'NEU', 'subject_risk_list': [], 'org_types': ['020006', '216001', '001001', '212001', '020011'], 'subject_importance_list': None}]",深圳市汇顶科技股份有限公司
7a685c05fb613145,紫光展锐2024年成绩单：营收创新高，抗衡市场压力能否扭亏？,搜狐,1737627522,0,https://www.sohu.com/a/852528953_122004016,☆☆☆☆☆,"[{'full_name': '深圳市汇顶科技股份有限公司', 'subject_importance': None, 'subject_risk': None, 'orgid': 'T000148045', 'subject_code': None, 'subject_name': None, 'emotion': 'NEU', 'subject_risk_list': [], 'org_types': ['020006', '212001', '020011', '001001', '216001'], 'subject_importance_list': None}]",深圳市汇顶科技股份有限公司
38dc03079e631c88,汇顶科技：预计2024年营收43.7亿元，净利超5.5亿,新浪财经,1737626038,0,https://finance.sina.com.cn/tech/roll/2025-01-23/doc-inefxxuv6614081.shtml,☆☆☆☆☆,"[{'full_name': '深圳市汇顶科技股份有限公司', 'subject_importance': None, 'subject_risk': None, 'orgid': 'T000148045', 'subject_code': None, 'subject_name': None, 'emotion': 'NEU', 'subject_risk_list': [], 'org_types': ['020006', '216001', '001001', '212001', '020011'], 'subject_importance_list': None}]",深圳市汇顶科技股份有限公司
ca878a8341bca46c,今夜，A股首家！,微信-中国证券报,1737729598,0,https://mp.weixin.qq.com/s/zqcKPjUBXc_mKpvx9kNiMQ,☆☆☆☆☆,"[{'full_name': '浙江核新同花顺网络信息股份有限公司', 'subject_importance': None, 'subject_risk': None, 'orgid': 'T000025753', 'subject_code': None, 'subject_name': None, 'emotion': 'NEU', 'subject_risk_list': [], 'org_types': ['020006', '001001', '216003', '212100'], 'subject_importance_list': None}]",浙江核新同花顺网络信息股份有限公司
b509a375d4ae00e4,基金2024年4季度报发布，张坤、刘格菘、谢治宇等提到了什么？,环球网,1737683942,0,https://art.huanqiu.com/article/4LCPagkR7WY,☆☆☆☆☆,"[{'full_name': '浙江核新同花顺网络信息股份有限公司', 'subject_importance': None, 'subject_risk': None, 'orgid': 'T000025753', 'subject_code': None, 'subject_name': None, 'emotion': 'NEU', 'subject_risk_list': [], 'org_types': ['020006', '001001', '216003', '212100'], 'subject_importance_list': None}]",浙江核新同花顺网络信息股份有限公司
6c5f2305ad963837,银行等纷纷出手！,微信-中国商报,1737626520,0,https://mp.weixin.qq.com/s?__biz=Mzg2NDA4NjczNw==&idx=1&mid=2247564757&sn=aaaf2c2e6ddbc277b9f5ab44dd255ab6,☆☆☆☆☆,"[{'full_name': '浙江核新同花顺网络信息股份有限公司', 'subject_importance': None, 'subject_risk': None, 'orgid': 'T000025753', 'subject_code': None, 'subject_name': None, 'emotion': 'NEU', 'subject_risk_list': [], 'org_types': ['020006', '001001', '216003', '212100'], 'subject_importance_list': None}]",浙江核新同花顺网络信息股份有限公司
b101e55b48367250,2025年1月23日，同花顺日内振幅超过7%,同花顺金融研究中心,1737596463,2,,★★☆☆☆,"[{'full_name': '浙江核新同花顺网络信息股份有限公司', 'subject_importance': 2, 'subject_risk': '市场预警--交易异常波动', 'orgid': 'T000025753', 'subject_code': None, 'subject_name': None, 'emotion': 'NEG', 'subject_risk_list': ['R00003', 'R00003007'], 'org_types': ['216003', '001001', '212100', '020006'], 'subject_importance_list': ['stock@2']}]",浙江核新同花顺网络信息股份有限公司
7debf676a97de950,券商APP大跃进：9家去年月均日活用户超200万，投顾业务成竞争关键,新浪财经,1737590608,0,https://finance.sina.com.cn/jjxw/2025-01-23/doc-inefxhxf6258035.shtml,☆☆☆☆☆,"[{'full_name': '浙江核新同花顺网络信息股份有限公司', 'subject_importance': None, 'subject_risk': None, 'orgid': 'T000025753', 'subject_code': None, 'subject_name': None, 'emotion': 'NEU', 'subject_risk_list': [], 'org_types': ['020006', '212100', '001001', '216003'], 'subject_importance_list': None}]",浙江核新同花顺网络信息股份有限公司
2356d4d5f49020d8,券商争相入驻小红书，教外国人如何炒A股,微信-金融界股灵通,1737586125,0,https://mp.weixin.qq.com/s?__biz=MjM5MzgzNzQyMw==&idx=3&mid=2652393854&sn=cae2331c7e1941cbb9df2adfcdf10128,☆☆☆☆☆,"[{'full_name': '浙江核新同花顺网络信息股份有限公司', 'subject_importance': None, 'subject_risk': None, 'orgid': 'T000025753', 'subject_code': None, 'subject_name': None, 'emotion': 'NEU', 'subject_risk_list': [], 'org_types': ['020006', '001001', '216003', '212100'], 'subject_importance_list': None}]",浙江核新同花顺网络信息股份有限公司
ffa8a7123942ea6c,2024券商APP排名出炉，11家月活超500万，聚焦六大发力点，差异化竞争关注投顾业务,新浪财经,1737287461,0,https://finance.sina.com.cn/jjxw/2025-01-19/doc-inefpiyr2760185.shtml,☆☆☆☆☆,"[{'full_name': '浙江核新同花顺网络信息股份有限公司', 'subject_importance': None, 'subject_risk': None, 'orgid': 'T000025753', 'subject_code': None, 'subject_name': None, 'emotion': 'NEU', 'subject_risk_list': [], 'org_types': ['020006', '212100', '001001', '216003'], 'subject_importance_list': None}]",浙江核新同花顺网络信息股份有限公司
eecc79d3a758a6d4,教外国人炒A股！券商冲进小红书,微信-中国证券报,1737264540,0,https://mp.weixin.qq.com/s?__biz=MjM5MzMwNjM0MA==&idx=2&mid=2651268396&sn=6a1b5aa6d7dadcfb3044910ddc77917a,☆☆☆☆☆,"[{'full_name': '浙江核新同花顺网络信息股份有限公司', 'subject_importance': None, 'subject_risk': None, 'orgid': 'T000025753', 'subject_code': None, 'subject_name': None, 'emotion': 'NEU', 'subject_risk_list': [], 'org_types': ['020006', '001001', '216003', '212100'], 'subject_importance_list': None}]",浙江核新同花顺网络信息股份有限公司
fc4a7de83a79567d,要接住涌入小红书的国外流量，券商抓紧贴热点，Welcome英文帖子争先上线,新浪财经,1737093116,0,https://finance.sina.com.cn/jjxw/2025-01-17/doc-inefhexa6596174.shtml,☆☆☆☆☆,"[{'full_name': '浙江核新同花顺网络信息股份有限公司', 'subject_importance': None, 'subject_risk': None, 'orgid': 'T000025753', 'subject_code': None, 'subject_name': None, 'emotion': 'NEU', 'subject_risk_list': [], 'org_types': ['020006', '001001', '216003', '212100'], 'subject_importance_list': None}]",浙江核新同花顺网络信息股份有限公司
8adbfda27a870530,国元证券荣获同花顺2024年度评选多项奖项,微信-国元研究,1737070313,0,https://mp.weixin.qq.com/s?__biz=MzAxMzM1OTc0MA==&idx=1&mid=2650382481&sn=e22f3b529797a10d5360f87ec6ddadcb,☆☆☆☆☆,"[{'full_name': '浙江核新同花顺网络信息股份有限公司', 'subject_importance': None, 'subject_risk': None, 'orgid': 'T000025753', 'subject_code': None, 'subject_name': None, 'emotion': 'NEU', 'subject_risk_list': [], 'org_types': ['212100', '216003', '020006', '001001'], 'subject_importance_list': None}]",浙江核新同花顺网络信息股份有限公司
639819b20ff16cde,四维图新：预计2024年营收34.5亿元，同增超10.51%,新浪财经,1737626083,0,https://finance.sina.com.cn/tech/roll/2025-01-23/doc-inefyeay4643059.shtml,☆☆☆☆☆,"[{'full_name': '北京四维图新科技股份有限公司', 'subject_importance': None, 'subject_risk': None, 'orgid': 'T000026674', 'subject_code': None, 'subject_name': None, 'emotion': 'NEU', 'subject_risk_list': [], 'org_types': ['020006', '001001', '216001', '002', '212100', '020001'], 'subject_importance_list': None}]",北京四维图新科技股份有限公司
10e9728ea1c7911e,四维图新多位高管计划合计减持不超过177万股,财中社,1737614463,0,https://www.caizhongshe.cn/news-7288079751150499632.html,★★☆☆☆,"[{'full_name': '北京四维图新科技股份有限公司', 'subject_importance': 2, 'subject_risk': '市场预警--减持套现', 'orgid': 'T000026674', 'subject_code': None, 'subject_name': None, 'emotion': 'NEG', 'subject_risk_list': ['R00003', 'R00003036'], 'org_types': ['002', '020001', '212100', '001001', '216001', '020006'], 'subject_importance_list': ['bond@2', 'stock@2']}]",北京四维图新科技股份有限公司
41ec198b451ca707,四维图新：股东拟减持不超过0.08%的股份,同花顺iNews,1737587433,0,http://stock.10jqka.com.cn/20250123/c665673550.shtml,★★☆☆☆,"[{'full_name': '北京四维图新科技股份有限公司', 'subject_importance': 2, 'subject_risk': '市场预警--减持套现', 'orgid': 'T000026674', 'subject_code': None, 'subject_name': None, 'emotion': 'NEG', 'subject_risk_list': ['R00003', 'R00003036'], 'org_types': ['002', '020001', '212100', '001001', '216001', '020006'], 'subject_importance_list': ['bond@2', 'stock@2']}]",北京四维图新科技股份有限公司
dc30b3fbc3269e38,四维图新高管毕垒拟减持47.75万股套现417.8万元，此前已累计减持59.3万股套现1119.97万元,搜狐-北京市,1737560947,0,https://www.sohu.com/a/852148280_122014422,★★☆☆☆,"[{'full_name': '北京四维图新科技股份有限公司', 'subject_importance': 2, 'subject_risk': '市场预警--减持套现', 'orgid': 'T000026674', 'subject_code': None, 'subject_name': None, 'emotion': 'NEG', 'subject_risk_list': ['R00003', 'R00003036'], 'org_types': ['002', '020001', '212100', '001001', '216001', '020006'], 'subject_importance_list': ['bond@2', 'stock@2']}]",北京四维图新科技股份有限公司
73d65158676465a2,四维图新高管梁永杰拟减持40万股套现350万元，此前已累计减持36.74万股套现654.12万元,搜狐-北京市,1737560935,2,https://www.sohu.com/a/852149053_122014422,★★☆☆☆,"[{'full_name': '北京四维图新科技股份有限公司', 'subject_importance': 2, 'subject_risk': '市场预警--减持套现', 'orgid': 'T000026674', 'subject_code': None, 'subject_name': None, 'emotion': 'NEG', 'subject_risk_list': ['R00003', 'R00003036'], 'org_types': ['002', '020001', '212100', '001001', '216001', '020006'], 'subject_importance_list': ['bond@2', 'stock@2']}]",北京四维图新科技股份有限公司
be9540d498aec579,四维图新高管张栩娜拟减持3938股套现3.45万元，为首次减持,搜狐-北京市,1737560916,0,https://www.sohu.com/a/852148282_122014422,★★☆☆☆,"[{'full_name': '北京四维图新科技股份有限公司', 'subject_importance': 2, 'subject_risk': '市场预警--股份减持', 'orgid': 'T000026674', 'subject_code': None, 'subject_name': None, 'emotion': 'NEG', 'subject_risk_list': ['R00003', 'R00003006'], 'org_types': ['002', '020001', '212100', '001001', '216001', '020006'], 'subject_importance_list': ['bond@1', 'stock@2']}]",北京四维图新科技股份有限公司
422463cf1cee23f5,四维图新高管孟庆昕拟减持42万股套现367.5万元，此前已累计减持36.19万股套现635.02万元,搜狐-北京市,1737560916,0,https://www.sohu.com/a/852149437_122014422,★★☆☆☆,"[{'full_name': '北京四维图新科技股份有限公司', 'subject_importance': 2, 'subject_risk': '市场预警--减持套现', 'orgid': 'T000026674', 'subject_code': None, 'subject_name': None, 'emotion': 'NEG', 'subject_risk_list': ['R00003', 'R00003036'], 'org_types': ['002', '020001', '212100', '001001', '216001', '020006'], 'subject_importance_list': ['bond@2', 'stock@2']}]",北京四维图新科技股份有限公司
c478bb7f335fe812,四维图新高管姜晓明拟减持47万股套现411.25万元，此前已累计减持9万股套现159.23万元,搜狐-北京市,1737560915,0,https://www.sohu.com/a/852149347_122014422,★★☆☆☆,"[{'full_name': '北京四维图新科技股份有限公司', 'subject_importance': 2, 'subject_risk': '市场预警--减持套现', 'orgid': 'T000026674', 'subject_code': None, 'subject_name': None, 'emotion': 'NEG', 'subject_risk_list': ['R00003', 'R00003036'], 'org_types': ['002', '020001', '212100', '001001', '216001', '020006'], 'subject_importance_list': ['bond@2', 'stock@2']}]",北京四维图新科技股份有限公司
d6cd5fbe4274542b,[快讯]四维图新:关于部分董监高拟减持股份的预披露,股权激励计划授予股份,1737560675,0,https://stock.cfi.cn/p20250122005199.html,★★☆☆☆,"[{'full_name': '北京四维图新科技股份有限公司', 'subject_importance': 2, 'subject_risk': '市场预警--减持套现', 'orgid': 'T000026674', 'subject_code': None, 'subject_name': None, 'emotion': 'NEG', 'subject_risk_list': ['R00003', 'R00003036'], 'org_types': ['002', '020001', '212100', '001001', '216001', '020006'], 'subject_importance_list': ['bond@2', 'stock@2']}]",北京四维图新科技股份有限公司
d8e30d88fc513d45,四维图新部分董监高拟减持合计不超177.14万股,智通财经,1737552869,0,http://stock.10jqka.com.cn/20250122/c665670758.shtml,★★☆☆☆,"[{'full_name': '北京四维图新科技股份有限公司', 'subject_importance': 2, 'subject_risk': '市场预警--减持套现', 'orgid': 'T000026674', 'subject_code': None, 'subject_name': None, 'emotion': 'NEG', 'subject_risk_list': ['R00003', 'R00003036'], 'org_types': ['002', '020001', '212100', '001001', '216001', '020006'], 'subject_importance_list': ['bond@2', 'stock@2']}]",北京四维图新科技股份有限公司
c95fb429fa369290,万兴科技旗下万兴喵影推出全新品牌套件 加码赋能用户品牌宣传,证券日报,1737727843,0,http://www.zqrb.cn/gscy/gongsi/2025-01-24/A1737725909880.html,☆☆☆☆☆,"[{'full_name': '万兴科技集团股份有限公司', 'subject_importance': None, 'subject_risk': None, 'orgid': 'T000159214', 'subject_code': None, 'subject_name': None, 'emotion': 'NEU', 'subject_risk_list': [], 'org_types': ['001001', '020006', '212100', '216003', '002'], 'subject_importance_list': None}]",万兴科技集团股份有限公司
3d740f74e06ae248,2024年12月AI产品榜单出炉 万兴科技旗下多款产品强势霸榜,金融界财经,1737722836,0,https://finance.jrj.com.cn/2025/01/24203047806809.shtml,☆☆☆☆☆,"[{'full_name': '万兴科技集团股份有限公司', 'subject_importance': None, 'subject_risk': None, 'orgid': 'T000159214', 'subject_code': None, 'subject_name': None, 'emotion': 'NEU', 'subject_risk_list': [], 'org_types': ['001001', '020006', '212100', '216003', '002'], 'subject_importance_list': None}]",万兴科技集团股份有限公司
dd785bad167bdb54,万兴科技公布业绩报：加大投入研发,网易-每日经济新闻,1737721004,0,https://www.163.com/dy/article/JMMG4MD40512B07B.html,☆☆☆☆☆,"[{'full_name': '万兴科技集团股份有限公司', 'subject_importance': None, 'subject_risk': None, 'orgid': 'T000159214', 'subject_code': None, 'subject_name': None, 'emotion': 'NEU', 'subject_risk_list': [], 'org_types': ['001001', '020006', '212100', '216003', '002'], 'subject_importance_list': None}]",万兴科技集团股份有限公司
34f8a305fa179ba2,万兴科技(300624.SZ)发预亏，预计年度净亏损1.4亿元至1.8亿元,智通财经,1737720142,0,https://www.zhitongcaijing.com/content/detail/1243761.html,★★★☆☆,"[{'full_name': '万兴科技集团股份有限公司', 'subject_importance': 3, 'subject_risk': '财务预警--盈利能力下降或亏损', 'orgid': 'T000159214', 'subject_code': None, 'subject_name': None, 'emotion': 'NEG', 'subject_risk_list': ['R00008', 'R00008015'], 'org_types': ['001001', '002', '212100', '216003', '020006'], 'subject_importance_list': ['bond@3', 'stock@3']}]",万兴科技集团股份有限公司
9b79f758c378b8c6,万兴科技旗下万兴喵影推出全新品牌套件,中国证券报·中证网,1737716440,0,https://cs.com.cn/ssgs/gsxw/202501/t20250124_6471263.html,☆☆☆☆☆,"[{'full_name': '万兴科技集团股份有限公司', 'subject_importance': None, 'subject_risk': None, 'orgid': 'T000159214', 'subject_code': None, 'subject_name': None, 'emotion': 'NEU', 'subject_risk_list': [], 'org_types': ['001001', '020006', '212100', '216003', '002'], 'subject_importance_list': None}]",万兴科技集团股份有限公司
30d9891e09a060be,万兴科技：预计2024年度净利润亏损1.4亿元~1.8亿元,搜狐-四川省,1737712498,0,https://www.sohu.com/a/852947788_115362,★★★☆☆,"[{'full_name': '万兴科技集团股份有限公司', 'subject_importance': 3, 'subject_risk': '财务预警--盈利能力下降或亏损', 'orgid': 'T000159214', 'subject_code': None, 'subject_name': None, 'emotion': 'NEG', 'subject_risk_list': ['R00008', 'R00008015'], 'org_types': ['001001', '002', '212100', '216003', '020006'], 'subject_importance_list': ['bond@3', 'stock@3']}]",万兴科技集团股份有限公司
edbeb0fb9d249775,万兴科技：预计2024年全年亏损1.80亿至1.40亿 净利润同比下降308.80%至262.40%,同花顺iNews,1737712399,0,http://yuanchuang.10jqka.com.cn/20250124/c665720118.shtml,★★★☆☆,"[{'full_name': '万兴科技集团股份有限公司', 'subject_importance': 3, 'subject_risk': '财务预警--盈利能力下降或亏损', 'orgid': 'T000159214', 'subject_code': None, 'subject_name': None, 'emotion': 'NEG', 'subject_risk_list': ['R00008', 'R00008015'], 'org_types': ['001001', '002', '212100', '216003', '020006'], 'subject_importance_list': ['bond@3', 'stock@3']}]",万兴科技集团股份有限公司
a99c7848236a9a24,万兴科技：2024年度业绩预告,深交所股票,1737712205,3,http://static.cninfo.com.cn/finalpage/2025-01-24/1222429888.PDF,★★★☆☆,"[{'full_name': '万兴科技集团股份有限公司', 'subject_importance': 3, 'subject_risk': '财务预警--盈利能力下降或亏损', 'orgid': 'T000159214', 'subject_code': None, 'subject_name': None, 'emotion': 'NEG', 'subject_risk_list': ['R00008', 'R00008015'], 'org_types': ['001001', '002', '212100', '216003', '020006'], 'subject_importance_list': ['bond@3', 'stock@3']}]",万兴科技集团股份有限公司
eb18bb378c3cffec,万兴科技旗下万兴喵影推出全新品牌套件 高质量创意素材加码赋能品牌宣传,金融界财经,1737710188,0,https://finance.jrj.com.cn/2025/01/24170547791301.shtml,☆☆☆☆☆,"[{'full_name': '万兴科技集团股份有限公司', 'subject_importance': None, 'subject_risk': None, 'orgid': 'T000159214', 'subject_code': None, 'subject_name': None, 'emotion': 'NEU', 'subject_risk_list': [], 'org_types': ['001001', '020006', '212100', '216003', '002'], 'subject_importance_list': None}]",万兴科技集团股份有限公司
e13291919b6c3fa7,2025年1月24日，万兴科技日内振幅超过7%,同花顺金融研究中心,1737683042,2,,★★★☆☆,"[{'full_name': '万兴科技集团股份有限公司', 'subject_importance': 3, 'subject_risk': '市场预警--交易异常波动', 'orgid': 'T000159214', 'subject_code': None, 'subject_name': None, 'emotion': 'NEG', 'subject_risk_list': ['R00003', 'R00003007'], 'org_types': ['001001', '002', '212100', '216003', '020006'], 'subject_importance_list': ['bond@3', 'stock@2']}]",万兴科技集团股份有限公司
a87c671aa2705ba2,彩讯股份：具备面向B端用户的AI Agent服务能力并推出多款相关产品,金融界财经,1737723902,0,https://finance.jrj.com.cn/2025/01/24205247809114.shtml,☆☆☆☆☆,"[{'full_name': '彩讯科技股份有限公司', 'subject_importance': None, 'subject_risk': None, 'orgid': 'T000811758', 'subject_code': None, 'subject_name': None, 'emotion': 'NEU', 'subject_risk_list': [], 'org_types': ['212100', '216003', '020006', '001001'], 'subject_importance_list': None}]",彩讯科技股份有限公司
a52c526adf11d124,（官方问答平台）彩讯股份：彩讯股份具备面向B端用户落地AI Agent服务的能力，并推出了AI邮箱、AI云盘、数字员工、智能客服、智能导购等多款产品……,同花顺金融研究中心,1737723006,0,,☆☆☆☆☆,"[{'full_name': '彩讯科技股份有限公司', 'subject_importance': None, 'subject_risk': None, 'orgid': 'T000811758', 'subject_code': None, 'subject_name': None, 'emotion': 'NEU', 'subject_risk_list': [], 'org_types': ['212100', '216003', '020006', '001001'], 'subject_importance_list': None}]",彩讯科技股份有限公司
678772fa0db9cda4,招商中证全指软件ETF走强，华为HMS主题股票表现突出,搜狐,1737693239,0,https://www.sohu.com/a/852816387_121798711,☆☆☆☆☆,"[{'full_name': '彩讯科技股份有限公司', 'subject_importance': None, 'subject_risk': None, 'orgid': 'T000811758', 'subject_code': None, 'subject_name': None, 'emotion': 'NEU', 'subject_risk_list': [], 'org_types': ['020006', '001001', '216003', '212100'], 'subject_importance_list': None}]",彩讯科技股份有限公司
5b8438b48f182822,2025年1月24日，彩讯股份日内振幅超过7%,同花顺金融研究中心,1737687784,2,,★★☆☆☆,"[{'full_name': '彩讯科技股份有限公司', 'subject_importance': 2, 'subject_risk': '市场预警--交易异常波动', 'orgid': 'T000811758', 'subject_code': None, 'subject_name': None, 'emotion': 'NEG', 'subject_risk_list': ['R00003', 'R00003007'], 'org_types': ['001001', '020006', '212100', '216003'], 'subject_importance_list': ['stock@2']}]",彩讯科技股份有限公司
7ca63e44e4ed651b,彩讯科技推出基于压缩算法的通讯录智能检索新专利,donews,1737624351,0,https://www.donews.com/news/detail/4/4719252.html,☆☆☆☆☆,"[{'full_name': '彩讯科技股份有限公司', 'subject_importance': None, 'subject_risk': None, 'orgid': 'T000811758', 'subject_code': None, 'subject_name': None, 'emotion': 'NEU', 'subject_risk_list': [], 'org_types': ['212100', '216003', '020006', '001001'], 'subject_importance_list': None}]",彩讯科技股份有限公司
7d182dc75226204a,彩讯股份：2月11日将召开2025年第一次临时股东大会,证券日报,1737619881,0,http://www.zqrb.cn/gscy/ggkx/2025-01-23/A1737613610954.html,☆☆☆☆☆,"[{'full_name': '彩讯科技股份有限公司', 'subject_importance': None, 'subject_risk': None, 'orgid': 'T000811758', 'subject_code': None, 'subject_name': None, 'emotion': 'NEU', 'subject_risk_list': [], 'org_types': ['212100', '216003', '020006', '001001'], 'subject_importance_list': None}]",彩讯科技股份有限公司
9cc1dcc5a6333c05,2025年1月23日，彩讯股份日内振幅超过7%,同花顺金融研究中心,1737596343,2,,★★☆☆☆,"[{'full_name': '彩讯科技股份有限公司', 'subject_importance': 2, 'subject_risk': '市场预警--交易异常波动', 'orgid': 'T000811758', 'subject_code': None, 'subject_name': None, 'emotion': 'NEG', 'subject_risk_list': ['R00003', 'R00003007'], 'org_types': ['001001', '020006', '212100', '216003'], 'subject_importance_list': ['stock@2']}]",彩讯科技股份有限公司
513baf8c7fd1ce11,注意！彩讯股份将于2月11日召开股东大会,每日经济新闻,1737548404,0,https://www.nbd.com.cn/articles/2025-01-22/3733186.html,☆☆☆☆☆,"[{'full_name': '彩讯科技股份有限公司', 'subject_importance': None, 'subject_risk': None, 'orgid': 'T000811758', 'subject_code': None, 'subject_name': None, 'emotion': 'NEU', 'subject_risk_list': [], 'org_types': ['212100', '216003', '020006', '001001'], 'subject_importance_list': None}]",彩讯科技股份有限公司
227aabe30f774bde,彩讯股份CEO白琳：构建全栈服务体系，助力企业智能化转型,中国证券网,1737547026,0,https://www.cnstock.com/commonDetail/351207,☆☆☆☆☆,"[{'full_name': '彩讯科技股份有限公司', 'subject_importance': None, 'subject_risk': None, 'orgid': 'T000811758', 'subject_code': None, 'subject_name': None, 'emotion': 'NEU', 'subject_risk_list': [], 'org_types': ['212100', '216003', '020006', '001001'], 'subject_importance_list': None}]",彩讯科技股份有限公司
67b822461f712199,彩讯股份(300634)1月20日股东户数4.12万户，较上期减少0.38%,证券之星,1737538422,0,https://wap.stockstar.com/detail/RB2025012200030441,☆☆☆☆☆,"[{'full_name': '彩讯科技股份有限公司', 'subject_importance': None, 'subject_risk': None, 'orgid': 'T000811758', 'subject_code': None, 'subject_name': None, 'emotion': 'NEU', 'subject_risk_list': [], 'org_types': ['212100', '216003', '020006', '001001'], 'subject_importance_list': None}]",彩讯科技股份有限公司
6797178dd471fca1,喜讯！久远银海荣登“2024年四川省新经济企业100强榜单”,微信-久远银海,1737706810,0,https://mp.weixin.qq.com/s?__biz=MzkxMTI1MDUwMQ==&idx=2&mid=2247567187&sn=376155b9cfd8334d4f12eb6d3b0e2f44,☆☆☆☆☆,"[{'full_name': '四川久远银海软件股份有限公司', 'subject_importance': None, 'subject_risk': None, 'orgid': 'T000062804', 'subject_code': None, 'subject_name': None, 'emotion': 'NEU', 'subject_risk_list': [], 'org_types': ['001001', '212100', '216001', '020006', '020001'], 'subject_importance_list': None}]",四川久远银海软件股份有限公司
35c8f85538a38646,久远银海与九州通集团达成战略合作 共筑医疗健康新未来,微信-久远银海,1737706800,0,https://mp.weixin.qq.com/s?__biz=MzkxMTI1MDUwMQ==&idx=1&mid=2247567187&sn=6ad7dabd100cf9d3807f82aa2b7244d4,☆☆☆☆☆,"[{'full_name': '四川久远银海软件股份有限公司', 'subject_importance': None, 'subject_risk': None, 'orgid': 'T000062804', 'subject_code': None, 'subject_name': None, 'emotion': 'NEU', 'subject_risk_list': [], 'org_types': ['020006', '020001', '001001', '212100', '216001'], 'subject_importance_list': None}]",四川久远银海软件股份有限公司
190d55ff538a9b54,久远银海2024年净利大幅下降，如何破解困境？,搜狐,1737634235,0,https://www.sohu.com/a/852570178_122066678,★★★☆☆,"[{'full_name': '四川久远银海软件股份有限公司', 'subject_importance': 3, 'subject_risk': '财务预警--盈利能力下降或亏损', 'orgid': 'T000062804', 'subject_code': None, 'subject_name': None, 'emotion': 'NEG', 'subject_risk_list': ['R00008', 'R00008015'], 'org_types': ['216001', '001001', '212100', '020001', '020006'], 'subject_importance_list': ['stock@3']}]",四川久远银海软件股份有限公司
c66963ecdf1d7421,久远银海：2024年净利同比预降53.55%-60.69%,搜狐,1737633690,0,https://www.sohu.com/a/852564497_120988533,★★★☆☆,"[{'full_name': '四川久远银海软件股份有限公司', 'subject_importance': 3, 'subject_risk': '财务预警--盈利能力下降或亏损', 'orgid': 'T000062804', 'subject_code': None, 'subject_name': None, 'emotion': 'NEG', 'subject_risk_list': ['R00008', 'R00008015'], 'org_types': ['216001', '001001', '212100', '020001', '020006'], 'subject_importance_list': ['stock@3']}]",四川久远银海软件股份有限公司
d3a5cc8407a9015b,久远银海预计2024年归母净利润6600万元至7800万元,新浪财经,1737629420,0,https://finance.sina.com.cn/stock/relnews/cn/2025-01-23/doc-inefyeav5962141.shtml,☆☆☆☆☆,"[{'full_name': '四川久远银海软件股份有限公司', 'subject_importance': None, 'subject_risk': None, 'orgid': 'T000062804', 'subject_code': None, 'subject_name': None, 'emotion': 'NEU', 'subject_risk_list': [], 'org_types': ['001001', '212100', '216001', '020006', '020001'], 'subject_importance_list': None}]",四川久远银海软件股份有限公司
c637b3456412f545,久远银海(002777.SZ)发预减，2024年度净利润6600万元–7800万元 下降53.55%至60.69%,智通财经,1737626510,0,https://www.zhitongcaijing.com/content/detail/1242672.html,★★★☆☆,"[{'full_name': '四川久远银海软件股份有限公司', 'subject_importance': 3, 'subject_risk': '财务预警--盈利能力下降或亏损', 'orgid': 'T000062804', 'subject_code': None, 'subject_name': None, 'emotion': 'NEG', 'subject_risk_list': ['R00008', 'R00008015'], 'org_types': ['216001', '001001', '212100', '020001', '020006'], 'subject_importance_list': ['stock@3']}]",四川久远银海软件股份有限公司
4a2ed6770cb1a67,"久远银海预计2024年1-12月净利润盈利6,600万元至7,800万元,同比上年下降53.55%至60.69%",金融界财经,1737625742,0,https://finance.jrj.com.cn/2025/01/23173047746065.shtml,★★★☆☆,"[{'full_name': '四川久远银海软件股份有限公司', 'subject_importance': 3, 'subject_risk': '财务预警--盈利能力下降或亏损', 'orgid': 'T000062804', 'subject_code': None, 'subject_name': None, 'emotion': 'NEG', 'subject_risk_list': ['R00008', 'R00008015'], 'org_types': ['216001', '001001', '212100', '020001', '020006'], 'subject_importance_list': ['stock@3']}]",四川久远银海软件股份有限公司
272f55308f93368,久远银海(002777.SZ)：2024年度净利润预降53.55%-60.69%,格隆汇资讯-公司信息,1737624861,0,https://www.gelonghui.com/news/4932286,★★★☆☆,"[{'full_name': '四川久远银海软件股份有限公司', 'subject_importance': 3, 'subject_risk': '财务预警--盈利能力下降或亏损', 'orgid': 'T000062804', 'subject_code': None, 'subject_name': None, 'emotion': 'NEG', 'subject_risk_list': ['R00008', 'R00008015'], 'org_types': ['216001', '001001', '212100', '020001', '020006'], 'subject_importance_list': ['stock@3']}]",四川久远银海软件股份有限公司
da59413c53a9200c,久远银海：预计2024年度净利润为6600万元~7800万元，同比下降53.55%~60.69%,搜狐-四川省,1737624820,0,https://www.sohu.com/a/852509152_115362,★★★☆☆,"[{'full_name': '四川久远银海软件股份有限公司', 'subject_importance': 3, 'subject_risk': '财务预警--盈利能力下降或亏损', 'orgid': 'T000062804', 'subject_code': None, 'subject_name': None, 'emotion': 'NEG', 'subject_risk_list': ['R00008', 'R00008015'], 'org_types': ['216001', '001001', '212100', '020001', '020006'], 'subject_importance_list': ['stock@3']}]",四川久远银海软件股份有限公司
eea6c78c7adfc0ab,久远银海：预计2024年全年盈利6600.00万至7800.00万 净利润同比下降60.69%至53.55%,同花顺iNews,1737624700,0,http://yuanchuang.10jqka.com.cn/20250123/c665688352.shtml,★★★☆☆,"[{'full_name': '四川久远银海软件股份有限公司', 'subject_importance': 3, 'subject_risk': '财务预警--盈利能力下降或亏损', 'orgid': 'T000062804', 'subject_code': None, 'subject_name': None, 'emotion': 'NEG', 'subject_risk_list': ['R00008', 'R00008015'], 'org_types': ['216001', '001001', '212100', '020001', '020006'], 'subject_importance_list': ['stock@3']}]",四川久远银海软件股份有限公司
12da846d77ae5dc4,恒华科技大跌8.94% 预亏1.1亿,腾讯证券,1737714519,0,http://gu.qq.com/resources/shy/news/detail-v2/index.html#/?id=nesSN20250124093030abb67f23&s=b,★★★☆☆,"[{'full_name': '北京恒华伟业科技股份有限公司', 'subject_importance': 3, 'subject_risk': '财务预警--盈利能力下降或亏损', 'orgid': 'T000058552', 'subject_code': None, 'subject_name': None, 'emotion': 'NEG', 'subject_risk_list': ['R00008', 'R00008015'], 'org_types': ['001001', '020006', '212100', '216003'], 'subject_importance_list': ['stock@3']}]",北京恒华伟业科技股份有限公司
5a787962bdb9c517,2025年1月24日，恒华科技日内振幅超过7%,同花顺金融研究中心,1737700984,2,,★★☆☆☆,"[{'full_name': '北京恒华伟业科技股份有限公司', 'subject_importance': 2, 'subject_risk': '市场预警--交易异常波动', 'orgid': 'T000058552', 'subject_code': None, 'subject_name': None, 'emotion': 'NEG', 'subject_risk_list': ['R00003', 'R00003007'], 'org_types': ['001001', '020006', '212100', '216003'], 'subject_importance_list': ['stock@2']}]",北京恒华伟业科技股份有限公司
b09a083ce1a18e12,恒华科技：预计2024年亏损1.1亿元-1.6亿元,搜狐,1737630689,0,https://www.sohu.com/a/852546161_120988533,★★★☆☆,"[{'full_name': '北京恒华伟业科技股份有限公司', 'subject_importance': 3, 'subject_risk': '财务预警--盈利能力下降或亏损', 'orgid': 'T000058552', 'subject_code': None, 'subject_name': None, 'emotion': 'NEG', 'subject_risk_list': ['R00008', 'R00008015'], 'org_types': ['001001', '020006', '212100', '216003'], 'subject_importance_list': ['stock@3']}]",北京恒华伟业科技股份有限公司
51bbdfd4bb4ced72,恒华科技预计2024年度归母净利润约亏损1.1亿元至1.6亿元,财中社,1737622442,0,https://www.caizhongshe.cn/news-7288115136744322600.html,★★★☆☆,"[{'full_name': '北京恒华伟业科技股份有限公司', 'subject_importance': 3, 'subject_risk': '财务预警--盈利能力下降或亏损', 'orgid': 'T000058552', 'subject_code': None, 'subject_name': None, 'emotion': 'NEG', 'subject_risk_list': ['R00008', 'R00008015'], 'org_types': ['001001', '020006', '212100', '216003'], 'subject_importance_list': ['stock@3']}]",北京恒华伟业科技股份有限公司
2ded084e0503d205,恒华科技(300365.SZ)：2024年度预亏1.1亿元-1.6亿元,格隆汇资讯-公司信息,1737621778,0,https://www.gelonghui.com/news/4932141,★★★☆☆,"[{'full_name': '北京恒华伟业科技股份有限公司', 'subject_importance': 3, 'subject_risk': '财务预警--盈利能力下降或亏损', 'orgid': 'T000058552', 'subject_code': None, 'subject_name': None, 'emotion': 'NEG', 'subject_risk_list': ['R00008', 'R00008015'], 'org_types': ['001001', '020006', '212100', '216003'], 'subject_importance_list': ['stock@3']}]",北京恒华伟业科技股份有限公司
4ea9b494232f64bf,恒华科技：预计2024年全年亏损1.60亿至1.10亿 净利润同比下降995.78%至715.85%,同花顺iNews,1737621673,0,http://yuanchuang.10jqka.com.cn/20250123/c665686906.shtml,★★★☆☆,"[{'full_name': '北京恒华伟业科技股份有限公司', 'subject_importance': 3, 'subject_risk': '财务预警--盈利能力下降或亏损', 'orgid': 'T000058552', 'subject_code': None, 'subject_name': None, 'emotion': 'NEG', 'subject_risk_list': ['R00008', 'R00008015'], 'org_types': ['001001', '020006', '212100', '216003'], 'subject_importance_list': ['stock@3']}]",北京恒华伟业科技股份有限公司
8504afc0ba51e770,恒华科技：预计2024年度净利润亏损1.1亿元~1.6亿元,和讯股票,1737621611,0,https://stock.hexun.com/2025-01-23/217002674.html,★★★☆☆,"[{'full_name': '北京恒华伟业科技股份有限公司', 'subject_importance': 3, 'subject_risk': '财务预警--盈利能力下降或亏损', 'orgid': 'T000058552', 'subject_code': None, 'subject_name': None, 'emotion': 'NEG', 'subject_risk_list': ['R00008', 'R00008015'], 'org_types': ['001001', '020006', '212100', '216003'], 'subject_importance_list': ['stock@3']}]",北京恒华伟业科技股份有限公司
62808f9c97e06a82,恒华科技(300365.SZ)发预亏，预计年度净亏损1.1亿元至1.6亿元,智通财经,1737621608,0,https://www.zhitongcaijing.com/content/detail/1242522.html,★★★☆☆,"[{'full_name': '北京恒华伟业科技股份有限公司', 'subject_importance': 3, 'subject_risk': '财务预警--盈利能力下降或亏损', 'orgid': 'T000058552', 'subject_code': None, 'subject_name': None, 'emotion': 'NEG', 'subject_risk_list': ['R00008', 'R00008015'], 'org_types': ['001001', '020006', '212100', '216003'], 'subject_importance_list': ['stock@3']}]",北京恒华伟业科技股份有限公司
6586b0587235d2de,恒华科技：2024年度业绩预告,深交所股票,1737621605,3,http://static.cninfo.com.cn/finalpage/2025-01-24/1222416931.PDF,★★★☆☆,"[{'full_name': '北京恒华伟业科技股份有限公司', 'subject_importance': 3, 'subject_risk': '财务预警--盈利能力下降或亏损', 'orgid': 'T000058552', 'subject_code': None, 'subject_name': None, 'emotion': 'NEG', 'subject_risk_list': ['R00008', 'R00008015'], 'org_types': ['001001', '020006', '212100', '216003'], 'subject_importance_list': ['stock@3']}]",北京恒华伟业科技股份有限公司
3e7f1dc14e964651,恒华科技：公司已与其在数字能源领域建立合作伙伴关系,腾讯证券,1737617431,0,http://gu.qq.com/resources/shy/news/detail-v2/index.html#/?id=nesSN20250123114516a22c64f5&s=b,☆☆☆☆☆,"[{'full_name': '北京恒华伟业科技股份有限公司', 'subject_importance': None, 'subject_risk': None, 'orgid': 'T000058552', 'subject_code': None, 'subject_name': None, 'emotion': 'NEU', 'subject_risk_list': [], 'org_types': ['216003', '001001', '020006', '212100'], 'subject_importance_list': None}]",北京恒华伟业科技股份有限公司
101a001890822317,2025年1月24日，虹软科技日内振幅超过7%,同花顺金融研究中心,1737688744,2,,★★☆☆☆,"[{'full_name': '虹软科技股份有限公司', 'subject_importance': 2, 'subject_risk': '市场预警--交易异常波动', 'orgid': 'T003041965', 'subject_code': None, 'subject_name': None, 'emotion': 'NEG', 'subject_risk_list': ['R00003', 'R00003007'], 'org_types': ['020003', '020011', '001001', '212001', '216011'], 'subject_importance_list': ['stock@2']}]",虹软科技股份有限公司
fc2f9862ea14c558,2025年1月23日，虹软科技日内振幅超过7%,同花顺金融研究中心,1737597545,2,,★★☆☆☆,"[{'full_name': '虹软科技股份有限公司', 'subject_importance': 2, 'subject_risk': '市场预警--交易异常波动', 'orgid': 'T003041965', 'subject_code': None, 'subject_name': None, 'emotion': 'NEG', 'subject_risk_list': ['R00003', 'R00003007'], 'org_types': ['020003', '020011', '001001', '212001', '216011'], 'subject_importance_list': ['stock@2']}]",虹软科技股份有限公司
198241798709bfc2,上调评级+调研 业绩高增长公司获券商青睐,上海证券报,1737482384,0,https://paper.cnstock.com/html/2025-01/22/content_2021304.htm,☆☆☆☆☆,"[{'full_name': '虹软科技股份有限公司', 'subject_importance': None, 'subject_risk': None, 'orgid': 'T003041965', 'subject_code': None, 'subject_name': None, 'emotion': 'NEU', 'subject_risk_list': [], 'org_types': ['020003', '001001', '216011', '212001', '020011'], 'subject_importance_list': None}]",虹软科技股份有限公司
a4070cb0fdcb1f9e,2024年多家AI企业业绩大逆袭：算力需求激增，未来潜力无限,搜狐,1737464940,0,https://www.sohu.com/a/851629179_122004016,☆☆☆☆☆,"[{'full_name': '虹软科技股份有限公司', 'subject_importance': None, 'subject_risk': None, 'orgid': 'T003041965', 'subject_code': None, 'subject_name': None, 'emotion': 'NEU', 'subject_risk_list': [], 'org_types': ['020003', '001001', '216011', '212001', '020011'], 'subject_importance_list': None}]",虹软科技股份有限公司
c2a90e78f830294b,泉果基金调研虹软科技,搜狐-上海市,1737424271,0,https://www.sohu.com/a/851349097_223785,☆☆☆☆☆,"[{'full_name': '虹软科技股份有限公司', 'subject_importance': None, 'subject_risk': None, 'orgid': 'T003041965', 'subject_code': None, 'subject_name': None, 'emotion': 'NEU', 'subject_risk_list': [], 'org_types': ['020003', '216011', '212001', '001001', '020011'], 'subject_importance_list': None}]",虹软科技股份有限公司
48f9ba75661cb2f4,汇丰晋信基金调研虹软科技、嘉澳环保,ZAKER,1737419940,0,http://app.myzaker.com/news/article.php?pk=678ee4c7b15ec00f7346041a,☆☆☆☆☆,"[{'full_name': '虹软科技股份有限公司', 'subject_importance': None, 'subject_risk': None, 'orgid': 'T003041965', 'subject_code': None, 'subject_name': None, 'emotion': 'NEU', 'subject_risk_list': [], 'org_types': ['020003', '216011', '212001', '001001', '020011'], 'subject_importance_list': None}]",虹软科技股份有限公司
8d7ea6d7b680c72d,【机构调研记录】泰信基金董季周调研虹软科技,证券之星,1737418054,0,https://wap.stockstar.com/detail/RB2025012100005450,☆☆☆☆☆,"[{'full_name': '虹软科技股份有限公司', 'subject_importance': None, 'subject_risk': None, 'orgid': 'T003041965', 'subject_code': None, 'subject_name': None, 'emotion': 'NEU', 'subject_risk_list': [], 'org_types': ['020003', '216011', '212001', '001001', '020011'], 'subject_importance_list': None}]",虹软科技股份有限公司
660a7855ad76bccc,【私募调研记录】呈瑞投资调研虹软科技,证券之星,1737418054,0,https://wap.stockstar.com/detail/RB2025012100005357,☆☆☆☆☆,"[{'full_name': '虹软科技股份有限公司', 'subject_importance': None, 'subject_risk': None, 'orgid': 'T003041965', 'subject_code': None, 'subject_name': None, 'emotion': 'NEU', 'subject_risk_list': [], 'org_types': ['020003', '216011', '212001', '001001', '020011'], 'subject_importance_list': None}]",虹软科技股份有限公司
a2ee03d529798900,【私募调研记录】明世伙伴基金调研虹软科技,证券之星,1737418054,0,https://wap.stockstar.com/detail/RB2025012100005372,☆☆☆☆☆,"[{'full_name': '虹软科技股份有限公司', 'subject_importance': None, 'subject_risk': None, 'orgid': 'T003041965', 'subject_code': None, 'subject_name': None, 'emotion': 'NEU', 'subject_risk_list': [], 'org_types': ['020003', '216011', '212001', '001001', '020011'], 'subject_importance_list': None}]",虹软科技股份有限公司
1c80381dbb73b6dd,【机构调研记录】汇丰晋信基金调研虹软科技、嘉澳环保,证券之星,1737418047,0,https://wap.stockstar.com/detail/RB2025012100005445,☆☆☆☆☆,"[{'full_name': '虹软科技股份有限公司', 'subject_importance': None, 'subject_risk': None, 'orgid': 'T003041965', 'subject_code': None, 'subject_name': None, 'emotion': 'NEU', 'subject_risk_list': [], 'org_types': ['020003', '216011', '212001', '001001', '020011'], 'subject_importance_list': None}]",虹软科技股份有限公司
82eeb911383efbf3,2025年1月24日川大智胜价格已连续下跌5日，近三个交易日累计跌幅达-21.22%,同花顺金融研究中心,1737702306,2,,★★☆☆☆,"[{'full_name': '四川川大智胜软件股份有限公司', 'subject_importance': 2, 'subject_risk': '市场预警--交易异常波动', 'orgid': '00071668', 'subject_code': None, 'subject_name': None, 'emotion': 'NEG', 'subject_risk_list': ['R00003', 'R00003007'], 'org_types': ['212100', '216001', '020006', '001001'], 'subject_importance_list': ['stock@2']}]",四川川大智胜软件股份有限公司
f4eb4f42ff2cda88,2025年1月24日川大智胜(002253)盘中跌停,同花顺金融研究中心,1737683702,2,,★★☆☆☆,"[{'full_name': '四川川大智胜软件股份有限公司', 'subject_importance': 2, 'subject_risk': '市场预警--交易异常波动', 'orgid': '00071668', 'subject_code': None, 'subject_name': None, 'emotion': 'NEG', 'subject_risk_list': ['R00003', 'R00003007'], 'org_types': ['212100', '216001', '020006', '001001'], 'subject_importance_list': ['stock@2']}]",四川川大智胜软件股份有限公司
b7f89fa9f018128f,五家A股公司预警：2024年报后或戴帽*ST,证券时报e公司,1737646473,2,http://finance.itbear.com.cn/html/2025-01/137143.html,★★★★★,"[{'full_name': '四川川大智胜软件股份有限公司', 'subject_importance': 5, 'subject_risk': '市场预警--退市风险警示', 'orgid': '00071668', 'subject_code': None, 'subject_name': None, 'emotion': 'NEG', 'subject_risk_list': ['R00003', 'R00003009'], 'org_types': ['001001', '020006', '212100', '216001'], 'subject_importance_list': ['stock@5']}]",四川川大智胜软件股份有限公司
a33a3e7dfcbd9e4b,2025年1月23日川大智胜价格已连续下跌4日，近三个交易日累计跌幅达-21.96%,同花顺金融研究中心,1737615903,2,,★★☆☆☆,"[{'full_name': '四川川大智胜软件股份有限公司', 'subject_importance': 2, 'subject_risk': '市场预警--交易异常波动', 'orgid': '00071668', 'subject_code': None, 'subject_name': None, 'emotion': 'NEG', 'subject_risk_list': ['R00003', 'R00003007'], 'org_types': ['212100', '216001', '020006', '001001'], 'subject_importance_list': ['stock@2']}]",四川川大智胜软件股份有限公司
6e8f146e5da81f36,【捉妖记】刹不住车！特朗普概念股4天暴跌超27%,财华智库网,1737603931,2,https://www.finet.com.cn/news/6791bb102308299a68021180.html,★★☆☆☆,"[{'full_name': '四川川大智胜软件股份有限公司', 'subject_importance': 2, 'subject_risk': '市场预警--交易异常波动', 'orgid': '00071668', 'subject_code': None, 'subject_name': None, 'emotion': 'NEG', 'subject_risk_list': ['R00003', 'R00003007'], 'org_types': ['212100', '216001', '020006', '001001'], 'subject_importance_list': ['stock@2']}]",四川川大智胜软件股份有限公司
df757bc9c0e052b0,川大智胜连吃两个跌停板，“川普行情”不灵了？,百家号,1737603359,2,https://baijiahao.baidu.com/s?id=1821936269784792971&wfr=spider&for=pc,★★☆☆☆,"[{'full_name': '四川川大智胜软件股份有限公司', 'subject_importance': 2, 'subject_risk': '市场预警--交易异常波动', 'orgid': '00071668', 'subject_code': None, 'subject_name': None, 'emotion': 'NEG', 'subject_risk_list': ['R00003', 'R00003007'], 'org_types': ['212100', '216001', '020006', '001001'], 'subject_importance_list': ['stock@2']}]",四川川大智胜软件股份有限公司
6d549b06ea68bedc,2025年1月23日，川大智胜日内振幅超过7%,同花顺金融研究中心,1737596405,2,,★★☆☆☆,"[{'full_name': '四川川大智胜软件股份有限公司', 'subject_importance': 2, 'subject_risk': '市场预警--交易异常波动', 'orgid': '00071668', 'subject_code': None, 'subject_name': None, 'emotion': 'NEG', 'subject_risk_list': ['R00003', 'R00003007'], 'org_types': ['212100', '216001', '020006', '001001'], 'subject_importance_list': ['stock@2']}]",四川川大智胜软件股份有限公司
388f4dc522fbeffc,2025年1月23日川大智胜(002253)盘中跌停,同花顺金融研究中心,1737596103,2,,★★☆☆☆,"[{'full_name': '四川川大智胜软件股份有限公司', 'subject_importance': 2, 'subject_risk': '市场预警--交易异常波动', 'orgid': '00071668', 'subject_code': None, 'subject_name': None, 'emotion': 'NEG', 'subject_risk_list': ['R00003', 'R00003007'], 'org_types': ['212100', '216001', '020006', '001001'], 'subject_importance_list': ['stock@2']}]",四川川大智胜软件股份有限公司
45fe013544243a0f,46家上市公司发布退市风险警示，留给这些公司的时间不多了,览富财经网,1737594447,2,https://www.lanfucaijing.com/read/129511,★★★★★,"[{'full_name': '四川川大智胜软件股份有限公司', 'subject_importance': 5, 'subject_risk': '市场预警--退市风险警示', 'orgid': '00071668', 'subject_code': None, 'subject_name': None, 'emotion': 'NEG', 'subject_risk_list': ['R00003', 'R00003009'], 'org_types': ['216001', '020006', '001001', '212100'], 'subject_importance_list': ['stock@5']}]",四川川大智胜软件股份有限公司
c2fe6dd9d8cc2649,川大智胜：股票交易异常波动,金融界,1737534645,0,https://24h.jrj.com.cn/2025/01/22163047694848.shtml,★★☆☆☆,"[{'full_name': '四川川大智胜软件股份有限公司', 'subject_importance': 2, 'subject_risk': '市场预警--交易异常波动', 'orgid': '00071668', 'subject_code': None, 'subject_name': None, 'emotion': 'NEG', 'subject_risk_list': ['R00003', 'R00003007'], 'org_types': ['212100', '216001', '020006', '001001'], 'subject_importance_list': ['stock@2']}]",四川川大智胜软件股份有限公司
598c8f3ebbaa870b,"#穿越,公司# 【大华股份：2024年净利同比预降58.16%—61.97%】 大华股份(00223......",微博,1737720823,0,http://weibo.com/1723860137/Pb5wsa1Gk,★★★☆☆,"[{'full_name': '浙江大华技术股份有限公司', 'subject_importance': 3, 'subject_risk': '财务预警--盈利能力下降或亏损', 'orgid': '03134713', 'subject_code': None, 'subject_name': None, 'emotion': 'NEG', 'subject_risk_list': ['R00008', 'R00008015'], 'org_types': ['216001', '001001', '020006', '212100'], 'subject_importance_list': ['stock@3']}]",浙江大华技术股份有限公司
1be4d0ab425a8eda,大华股份：预计2024年度净利润为28亿元~30.8亿元，同比下降58.16%~61.97%,每日经济新闻,1737712562,0,https://www.nbd.com.cn/articles/2025-01-24/3736417.html,★★★☆☆,"[{'full_name': '浙江大华技术股份有限公司', 'subject_importance': 3, 'subject_risk': '财务预警--盈利能力下降或亏损', 'orgid': '03134713', 'subject_code': None, 'subject_name': None, 'emotion': 'NEG', 'subject_risk_list': ['R00008', 'R00008015'], 'org_types': ['216001', '001001', '020006', '212100'], 'subject_importance_list': ['stock@3']}]",浙江大华技术股份有限公司
6efb6f74fd6494b2,大华股份：预计2024年全年盈利28.00亿至30.80亿 净利润同比下降61.97%至58.16%,同花顺iNews,1737712311,0,http://yuanchuang.10jqka.com.cn/20250124/c665720110.shtml,★★★☆☆,"[{'full_name': '浙江大华技术股份有限公司', 'subject_importance': 3, 'subject_risk': '财务预警--盈利能力下降或亏损', 'orgid': '03134713', 'subject_code': None, 'subject_name': None, 'emotion': 'NEG', 'subject_risk_list': ['R00008', 'R00008015'], 'org_types': ['216001', '001001', '020006', '212100'], 'subject_importance_list': ['stock@3']}]",浙江大华技术股份有限公司
8574c9568e9eea7f,大华股份：2024年度业绩预告,深交所股票,1737712204,3,http://static.cninfo.com.cn/finalpage/2025-01-25/1222429923.PDF,★★★☆☆,"[{'full_name': '浙江大华技术股份有限公司', 'subject_importance': 3, 'subject_risk': '财务预警--盈利能力下降或亏损', 'orgid': '03134713', 'subject_code': None, 'subject_name': None, 'emotion': 'NEG', 'subject_risk_list': ['R00008', 'R00008015'], 'org_types': ['216001', '001001', '020006', '212100'], 'subject_importance_list': ['stock@3']}]",浙江大华技术股份有限公司
3dc0e8bd7610f032,大华股份新注册《大华智能低代码开发平台V1.0》项目的软件著作权,证券之星,1737652346,0,https://wap.stockstar.com/detail/RB2025012400000402,☆☆☆☆☆,"[{'full_name': '浙江大华技术股份有限公司', 'subject_importance': None, 'subject_risk': None, 'orgid': '03134713', 'subject_code': None, 'subject_name': None, 'emotion': 'NEU', 'subject_risk_list': [], 'org_types': ['216001', '001001', '020006', '212100'], 'subject_importance_list': None}]",浙江大华技术股份有限公司
4f7a4447d0fec3f2,大华股份2024年预计归母净利润28亿元至30.8亿元,东方财富网,1737648000,0,https://wap.eastmoney.com/a/202501243307628796.html,☆☆☆☆☆,"[{'full_name': '浙江大华技术股份有限公司', 'subject_importance': None, 'subject_risk': None, 'orgid': '03134713', 'subject_code': None, 'subject_name': None, 'emotion': 'NEU', 'subject_risk_list': [], 'org_types': ['216001', '001001', '020006', '212100'], 'subject_importance_list': None}]",浙江大华技术股份有限公司
f9f914986e3a695d,政策助推电动自行车产业发展 智能化成行业发展新趋势,证券日报,1737637137,0,http://www.zqrb.cn/finance/hangyedongtai/2025-01-23/A1737630841536.html,☆☆☆☆☆,"[{'full_name': '浙江大华技术股份有限公司', 'subject_importance': None, 'subject_risk': None, 'orgid': '03134713', 'subject_code': None, 'subject_name': None, 'emotion': 'NEU', 'subject_risk_list': [], 'org_types': ['216001', '212100', '020006', '001001'], 'subject_importance_list': None}]",浙江大华技术股份有限公司
85e88bf3576045e6,大华股份新注册《大华塑胶件滑牙扭矩计算软件V1.0》等2个项目的软件著作权,证券之星,1737565543,0,https://wap.stockstar.com/detail/RB2025012300000399,☆☆☆☆☆,"[{'full_name': '浙江大华技术股份有限公司', 'subject_importance': None, 'subject_risk': None, 'orgid': '03134713', 'subject_code': None, 'subject_name': None, 'emotion': 'NEU', 'subject_risk_list': [], 'org_types': ['216001', '001001', '020006', '212100'], 'subject_importance_list': None}]",浙江大华技术股份有限公司
cbf00bc6d5270320,浙江大华技术股份有限公司申请一种配额管理专利，解决配额拦截越界及无效等问题,网易-金融界北京,1737507705,0,https://www.163.com/dy/article/JMGCIBTI0519QIKK.html,☆☆☆☆☆,"[{'full_name': '浙江大华技术股份有限公司', 'subject_importance': None, 'subject_risk': None, 'orgid': '03134713', 'subject_code': None, 'subject_name': None, 'emotion': 'NEU', 'subject_risk_list': [], 'org_types': ['216001', '001001', '020006', '212100'], 'subject_importance_list': None}]",浙江大华技术股份有限公司
ddd473dc759738b1,大华股份获得实用新型专利授权：“充电装置及充电系统”,证券之星,1737484781,0,https://wap.stockstar.com/detail/RB2025012200002726,☆☆☆☆☆,"[{'full_name': '浙江大华技术股份有限公司', 'subject_importance': None, 'subject_risk': None, 'orgid': '03134713', 'subject_code': None, 'subject_name': None, 'emotion': 'NEU', 'subject_risk_list': [], 'org_types': ['216001', '001001', '020006', '212100'], 'subject_importance_list': None}]",浙江大华技术股份有限公司
516b2906115f14cc,杭州安恒申请一种数据推送方法等专利，提升数据推送可靠性,百家号,1737701460,0,https://baijiahao.baidu.com/s?id=1822112881635666654&wfr=spider&for=pc,☆☆☆☆☆,"[{'full_name': '杭州安恒信息技术股份有限公司', 'subject_importance': None, 'subject_risk': None, 'orgid': 'T001301651', 'subject_code': None, 'subject_name': None, 'emotion': 'NEU', 'subject_risk_list': [], 'org_types': ['212001', '001001', '020006', '216011'], 'subject_importance_list': None}]",杭州安恒信息技术股份有限公司
eff6fb284f8f06d,官方认可！安恒信息收获新年的第一份荣誉,微信-安恒信息,1737597365,0,https://mp.weixin.qq.com/s?__biz=MjM5NTE0MjQyMg==&idx=2&mid=2650624385&sn=2cfd4a9669f058b8db2a5f0f878fafd0,☆☆☆☆☆,"[{'full_name': '杭州安恒信息技术股份有限公司', 'subject_importance': None, 'subject_risk': None, 'orgid': 'T001301651', 'subject_code': None, 'subject_name': None, 'emotion': 'NEU', 'subject_risk_list': [], 'org_types': ['212001', '001001', '020006', '216011'], 'subject_importance_list': None}]",杭州安恒信息技术股份有限公司
80a5d39b3fd64a08,连续四年！安恒信息二人荣膺“浙江工匠”,微信-安恒信息,1737597355,0,https://mp.weixin.qq.com/s?__biz=MjM5NTE0MjQyMg==&idx=1&mid=2650624385&sn=3114dbfe23de9fc980d854f1e42fde82,☆☆☆☆☆,"[{'full_name': '杭州安恒信息技术股份有限公司', 'subject_importance': None, 'subject_risk': None, 'orgid': 'T001301651', 'subject_code': None, 'subject_name': None, 'emotion': 'NEU', 'subject_risk_list': [], 'org_types': ['212001', '001001', '020006', '216011'], 'subject_importance_list': None}]",杭州安恒信息技术股份有限公司
2122881bc91ce242,金融人进上市公司当高管，总共有几条路？,微信-金融八卦女频道,1737518615,0,https://mp.weixin.qq.com/s?__biz=MzU0OTI2MzkxMA==&idx=1&mid=2247871614&sn=4b8e09b915a9b192dbd3bdf8aa531f84,☆☆☆☆☆,"[{'full_name': '杭州安恒信息技术股份有限公司', 'subject_importance': None, 'subject_risk': None, 'orgid': 'T001301651', 'subject_code': None, 'subject_name': None, 'emotion': 'NEU', 'subject_risk_list': [], 'org_types': ['001001', '216011', '212001', '020006'], 'subject_importance_list': None}]",杭州安恒信息技术股份有限公司
216843a9055c6b25,年度十佳！卓越贡献！安恒信息获网数专委多项荣誉,微信-安恒信息,1737512816,0,https://mp.weixin.qq.com/s?__biz=MjM5NTE0MjQyMg==&idx=2&mid=2650624325&sn=628ed7bb89afa0ff0dd9f3b03559ba18,☆☆☆☆☆,"[{'full_name': '杭州安恒信息技术股份有限公司', 'subject_importance': None, 'subject_risk': None, 'orgid': 'T001301651', 'subject_code': None, 'subject_name': None, 'emotion': 'NEU', 'subject_risk_list': [], 'org_types': ['212001', '001001', '020006', '216011'], 'subject_importance_list': None}]",杭州安恒信息技术股份有限公司
d74d8405e288fca,破局·智变·新程：安恒信息2025年度总结暨表彰大会举行,微信-安恒信息,1737512815,0,https://mp.weixin.qq.com/s?__biz=MjM5NTE0MjQyMg==&idx=1&mid=2650624325&sn=e1a90a6d1d514d2094ed384a805e23e4,☆☆☆☆☆,"[{'full_name': '杭州安恒信息技术股份有限公司', 'subject_importance': None, 'subject_risk': None, 'orgid': 'T001301651', 'subject_code': None, 'subject_name': None, 'emotion': 'NEU', 'subject_risk_list': [], 'org_types': ['212001', '001001', '020006', '216011'], 'subject_importance_list': None}]",杭州安恒信息技术股份有限公司
b5537b0d212aceb7,安恒信息恒脑安全垂域大模型系统，网络空间安全保障的好帮手,经济观察网,1737357200,0,http://www.eeo.com.cn/2025/0120/707457.shtml,☆☆☆☆☆,"[{'full_name': '杭州安恒信息技术股份有限公司', 'subject_importance': None, 'subject_risk': None, 'orgid': 'T001301651', 'subject_code': None, 'subject_name': None, 'emotion': 'NEU', 'subject_risk_list': [], 'org_types': ['212001', '001001', '020006', '216011'], 'subject_importance_list': None}]",杭州安恒信息技术股份有限公司
f38cebf6afe00e0d,荣膺多项荣誉！安恒信息担任白云区信息化发展协会会长单位,微信-安恒信息,1737338095,0,https://mp.weixin.qq.com/s?__biz=MjM5NTE0MjQyMg==&idx=2&mid=2650624110&sn=0ccb2bada5fd331a1af1739320762978,☆☆☆☆☆,"[{'full_name': '杭州安恒信息技术股份有限公司', 'subject_importance': None, 'subject_risk': None, 'orgid': 'T001301651', 'subject_code': None, 'subject_name': None, 'emotion': 'NEU', 'subject_risk_list': [], 'org_types': ['212001', '001001', '020006', '216011'], 'subject_importance_list': None}]",杭州安恒信息技术股份有限公司
6bdf9d2efa1b257c,湖北省公安厅网安总队与安恒信息签约，共建联合实验室,微信-安恒信息,1737338095,0,https://mp.weixin.qq.com/s?__biz=MjM5NTE0MjQyMg==&idx=1&mid=2650624110&sn=5a463c03928c8b86c7a7c05607a68d0d,☆☆☆☆☆,"[{'full_name': '杭州安恒信息技术股份有限公司', 'subject_importance': None, 'subject_risk': None, 'orgid': 'T001301651', 'subject_code': None, 'subject_name': None, 'emotion': 'NEU', 'subject_risk_list': [], 'org_types': ['212001', '001001', '020006', '216011'], 'subject_importance_list': None}]",杭州安恒信息技术股份有限公司
98c5bc4635e040a1,科创板股2024年业绩提前看 18股净利润增幅翻倍,证券时报网,1737336325,0,http://www.stcn.com/article/detail/1500523.html,☆☆☆☆☆,"[{'full_name': '杭州安恒信息技术股份有限公司', 'subject_importance': None, 'subject_risk': None, 'orgid': 'T001301651', 'subject_code': None, 'subject_name': None, 'emotion': 'NEU', 'subject_risk_list': [], 'org_types': ['001001', '216011', '020006', '212001'], 'subject_importance_list': None}]",杭州安恒信息技术股份有限公司
474d276a6679f6b5,创业慧康2024预亏，转型战略迎接挑战,金芒财讯,1737734400,0,http://www.insightstock.cn/2025/01/25/ugeh24rerubdbbmkgfdsfn/,★★★☆☆,"[{'full_name': '创业慧康科技股份有限公司', 'subject_importance': 3, 'subject_risk': '财务预警--盈利能力下降或亏损', 'orgid': '00087886', 'subject_code': None, 'subject_name': None, 'emotion': 'NEG', 'subject_risk_list': ['R00008', 'R00008015'], 'org_types': ['020006', '001001', '212100', '216003'], 'subject_importance_list': ['stock@3']}]",创业慧康科技股份有限公司
e2ff9cd7f5ee0d54,创业慧康：公司将持续实施精细化管理并推进“慧康云 3.0”战略,网易-金融界北京,1737691297,0,https://www.163.com/dy/article/JMLRMHON0519QIKK.html,☆☆☆☆☆,"[{'full_name': '创业慧康科技股份有限公司', 'subject_importance': None, 'subject_risk': None, 'orgid': '00087886', 'subject_code': None, 'subject_name': None, 'emotion': 'NEU', 'subject_risk_list': [], 'org_types': ['001001', '216003', '212100', '020006'], 'subject_importance_list': None}]",创业慧康科技股份有限公司
14a582716dd97c65,创业慧康:减值暴雷引发疑虑，董秘回应业绩变脸疑问,新浪财经,1737690620,2,https://finance.sina.com.cn/stock/relnews/dongmiqa/2025-01-24/doc-inefzwna7271902.shtml,★★★★☆,"[{'full_name': '创业慧康科技股份有限公司', 'subject_importance': 4, 'subject_risk': '财务预警--业绩变脸', 'orgid': '00087886', 'subject_code': None, 'subject_name': None, 'emotion': 'NEG', 'subject_risk_list': ['R00008', 'R00008047'], 'org_types': ['020006', '001001', '212100', '216003'], 'subject_importance_list': ['stock@4']}]",创业慧康科技股份有限公司
28ebcab741e06682,创业慧康:应对盈利偏差与退市风险，公司提出降本增效、推进云战略、加强应收账款管理三大举措,新浪财经,1737689812,0,https://finance.sina.com.cn/stock/relnews/dongmiqa/2025-01-24/doc-inefzwnh2862852.shtml,☆☆☆☆☆,"[{'full_name': '创业慧康科技股份有限公司', 'subject_importance': None, 'subject_risk': None, 'orgid': '00087886', 'subject_code': None, 'subject_name': None, 'emotion': 'NEU', 'subject_risk_list': [], 'org_types': ['001001', '216003', '212100', '020006'], 'subject_importance_list': None}]",创业慧康科技股份有限公司
d710324af03452f6,（官方问答平台）创业慧康：在“慧康云 3.0”战略的推动下，公司 Hi-HIS 陆续在浙江台州恩泽医疗中心、苏州市立医院（集团）、南京市第一医院以及江西省基层等大型项目中中标并实施……,同花顺金融研究中心,1737689649,0,,☆☆☆☆☆,"[{'full_name': '创业慧康科技股份有限公司', 'subject_importance': None, 'subject_risk': None, 'orgid': '00087886', 'subject_code': None, 'subject_name': None, 'emotion': 'NEU', 'subject_risk_list': [], 'org_types': ['001001', '216003', '212100', '020006'], 'subject_importance_list': None}]",创业慧康科技股份有限公司
56fee03a9aed4a71,创业慧康：公司没有应披未披信息，公司会严格按照信息披露要求予以披露,证券之星股票,1737681111,0,https://stock.stockstar.com/IG2025012400012184.shtml,☆☆☆☆☆,"[{'full_name': '创业慧康科技股份有限公司', 'subject_importance': None, 'subject_risk': None, 'orgid': '00087886', 'subject_code': None, 'subject_name': None, 'emotion': 'NEU', 'subject_risk_list': [], 'org_types': ['001001', '216003', '212100', '020006'], 'subject_importance_list': None}]",创业慧康科技股份有限公司
958fa324d93b014f,创业慧康:投资者关注ETF清仓情况，董秘回应公司未应披未披信息,新浪财经,1737680253,0,https://finance.sina.com.cn/stock/relnews/dongmiqa/2025-01-24/doc-inefzsec5253832.shtml,☆☆☆☆☆,"[{'full_name': '创业慧康科技股份有限公司', 'subject_importance': None, 'subject_risk': None, 'orgid': '00087886', 'subject_code': None, 'subject_name': None, 'emotion': 'NEU', 'subject_risk_list': [], 'org_types': ['001001', '216003', '212100', '020006'], 'subject_importance_list': None}]",创业慧康科技股份有限公司
b441f2d59244c78c,（官方问答平台）创业慧康：感谢您的关注，公司没有应披未披信息，公司会严格按照信息披露要求予以披露，谢谢……,同花顺金融研究中心,1737680043,0,,☆☆☆☆☆,"[{'full_name': '创业慧康科技股份有限公司', 'subject_importance': None, 'subject_risk': None, 'orgid': '00087886', 'subject_code': None, 'subject_name': None, 'emotion': 'NEU', 'subject_risk_list': [], 'org_types': ['001001', '216003', '212100', '020006'], 'subject_importance_list': None}]",创业慧康科技股份有限公司
f5ad2ebb08caf3,创业慧康：新产品全面推广尚在攀升期 2024年业绩预亏,搜狐-北京市,1737601786,2,https://www.sohu.com/a/852360194_114988,★★★☆☆,"[{'full_name': '创业慧康科技股份有限公司', 'subject_importance': 3, 'subject_risk': '财务预警--盈利能力下降或亏损', 'orgid': '00087886', 'subject_code': None, 'subject_name': None, 'emotion': 'NEG', 'subject_risk_list': ['R00008', 'R00008015'], 'org_types': ['020006', '001001', '212100', '216003'], 'subject_importance_list': ['stock@3']}]",创业慧康科技股份有限公司
ca27f588bed76c18,创业慧康：1月22日接受机构调研，中泰证券、中信建投等多家机构参与,证券之星股票,1737599653,0,http://stock.stockstar.com/RB2025012300016751.shtml,☆☆☆☆☆,"[{'full_name': '创业慧康科技股份有限公司', 'subject_importance': None, 'subject_risk': None, 'orgid': '00087886', 'subject_code': None, 'subject_name': None, 'emotion': 'NEU', 'subject_risk_list': [], 'org_types': ['001001', '216003', '212100', '020006'], 'subject_importance_list': None}]",创业慧康科技股份有限公司
5e3b9755be6c504f,2025年1月24日开普云(688228)盘中涨停,同花顺金融研究中心,1737701043,1,,☆☆☆☆☆,"[{'full_name': '开普云信息科技股份有限公司', 'subject_importance': None, 'subject_risk': None, 'orgid': 'T000829067', 'subject_code': None, 'subject_name': None, 'emotion': 'NEU', 'subject_risk_list': [], 'org_types': ['001004', '216011', '212001', '020006', '674001', '212005', '001001'], 'subject_importance_list': None}]",开普云信息科技股份有限公司
d9e521f412488ba2,2025年1月24日，开普云日内振幅超过7%,同花顺金融研究中心,1737684542,2,,★★☆☆☆,"[{'full_name': '开普云信息科技股份有限公司', 'subject_importance': 2, 'subject_risk': '市场预警--交易异常波动', 'orgid': 'T000829067', 'subject_code': None, 'subject_name': None, 'emotion': 'NEG', 'subject_risk_list': ['R00003', 'R00003007'], 'org_types': ['001001', '212005', '674001', '212001', '216011', '020006', '001004'], 'subject_importance_list': ['stock@2']}]",开普云信息科技股份有限公司
5703dea4d9cdd628,开普云新注册《开普云智能商情系统V2.0》等7个项目的软件著作权,证券之星,1737652342,0,https://wap.stockstar.com/detail/RB2025012400000435,☆☆☆☆☆,"[{'full_name': '开普云信息科技股份有限公司', 'subject_importance': None, 'subject_risk': None, 'orgid': 'T000829067', 'subject_code': None, 'subject_name': None, 'emotion': 'NEU', 'subject_risk_list': [], 'org_types': ['001004', '216011', '212001', '020006', '674001', '212005', '001001'], 'subject_importance_list': None}]",开普云信息科技股份有限公司
fe8f30cdd26a8bfe,开普云以AI和XR技术双重优势，加速AI眼镜产业发展,微信-开普云,1737636109,0,https://mp.weixin.qq.com/s?__biz=MzI0NTE0NDg4Ng==&idx=1&mid=2651711951&sn=f9943cb7afd4e4d69eda7813abca92ed,☆☆☆☆☆,"[{'full_name': '开普云信息科技股份有限公司', 'subject_importance': None, 'subject_risk': None, 'orgid': 'T000829067', 'subject_code': None, 'subject_name': None, 'emotion': 'NEU', 'subject_risk_list': [], 'org_types': ['001004', '216011', '212001', '020006', '674001', '212005', '001001'], 'subject_importance_list': None}]",开普云信息科技股份有限公司
453959914f3e6170,开普云：2024 年净利润预降 42%至 59%,和讯网,1737375881,0,https://hkstock.hexun.com/2025-01-20/216933801.html,★★★☆☆,"[{'full_name': '开普云信息科技股份有限公司', 'subject_importance': 3, 'subject_risk': '财务预警--盈利能力下降或亏损', 'orgid': 'T000829067', 'subject_code': None, 'subject_name': None, 'emotion': 'NEG', 'subject_risk_list': ['R00008', 'R00008015'], 'org_types': ['001001', '212005', '674001', '212001', '216011', '020006', '001004'], 'subject_importance_list': ['stock@3']}]",开普云信息科技股份有限公司
4090120aaf4c4d4,开普云：预计2024年全年扣非后净利润盈利600万元至900万元,证券之星,1737374592,0,https://wap.stockstar.com/detail/RB2025012000030314,☆☆☆☆☆,"[{'full_name': '开普云信息科技股份有限公司', 'subject_importance': None, 'subject_risk': None, 'orgid': 'T000829067', 'subject_code': None, 'subject_name': None, 'emotion': 'NEU', 'subject_risk_list': [], 'org_types': ['001004', '216011', '212001', '020006', '674001', '212005', '001001'], 'subject_importance_list': None}]",开普云信息科技股份有限公司
763b4cfdd6e0b6ec,开普云：预计2024年全年归属净利润盈利1700万元至2400万元,证券之星,1737374540,0,https://wap.stockstar.com/detail/RB2025012000030313,☆☆☆☆☆,"[{'full_name': '开普云信息科技股份有限公司', 'subject_importance': None, 'subject_risk': None, 'orgid': 'T000829067', 'subject_code': None, 'subject_name': None, 'emotion': 'NEU', 'subject_risk_list': [], 'org_types': ['001004', '216011', '212001', '020006', '674001', '212005', '001001'], 'subject_importance_list': None}]",开普云信息科技股份有限公司
20137698e43916e7,开普云(688228.SH)发预减，预计2024年度净利润2400万元至1700万元，同比下降42%至59%,智通财经,1737374079,0,https://www.zhitongcaijing.com/content/detail/1240608.html,★★★☆☆,"[{'full_name': '开普云信息科技股份有限公司', 'subject_importance': 3, 'subject_risk': '财务预警--盈利能力下降或亏损', 'orgid': 'T000829067', 'subject_code': None, 'subject_name': None, 'emotion': 'NEG', 'subject_risk_list': ['R00008', 'R00008015'], 'org_types': ['001001', '212005', '674001', '212001', '216011', '020006', '001004'], 'subject_importance_list': ['stock@3']}]",开普云信息科技股份有限公司
bf56cb2208cba6bc,开普云：预计2024年年度净利润为1700万元~2400万元，同比下降42%~59%,搜狐-四川省,1737370394,0,https://www.sohu.com/a/851061892_115362,★★★☆☆,"[{'full_name': '开普云信息科技股份有限公司', 'subject_importance': 3, 'subject_risk': '财务预警--盈利能力下降或亏损', 'orgid': 'T000829067', 'subject_code': None, 'subject_name': None, 'emotion': 'NEG', 'subject_risk_list': ['R00008', 'R00008015'], 'org_types': ['001001', '212005', '674001', '212001', '216011', '020006', '001004'], 'subject_importance_list': ['stock@3']}]",开普云信息科技股份有限公司
3949dd971417f351,开普云预计2024年归母净利润降42%至59%,财中社,1737369782,0,https://www.caizhongshe.cn/news-7287056097704866989.html,★★★☆☆,"[{'full_name': '开普云信息科技股份有限公司', 'subject_importance': 3, 'subject_risk': '财务预警--盈利能力下降或亏损', 'orgid': 'T000829067', 'subject_code': None, 'subject_name': None, 'emotion': 'NEG', 'subject_risk_list': ['R00008', 'R00008015'], 'org_types': ['001001', '212005', '674001', '212001', '216011', '020006', '001004'], 'subject_importance_list': ['stock@3']}]",开普云信息科技股份有限公司
9a4c4fa2008f5483,2024 ECI Young Awards 暨 “越秀乳业杯” 大学生数字（营销）创新大赛圆满落幕,中华网,1737524528,0,https://digi.china.com/digi/20250122/202501221632256.html,☆☆☆☆☆,"[{'full_name': '北京值得买科技股份有限公司', 'subject_importance': None, 'subject_risk': None, 'orgid': 'T002465122', 'subject_code': None, 'subject_name': None, 'emotion': 'NEU', 'subject_risk_list': [], 'org_types': ['212100', '001001', '020006', '216003'], 'subject_importance_list': None}]",北京值得买科技股份有限公司
f70b514e00343a2d,值得买科技入选金融界“金智奖”年度价值评选“杰出ESG践行卓越案例”,飞象网,1737516435,0,http://www.cctime.com/html/2025-1-22/1701416.htm,☆☆☆☆☆,"[{'full_name': '北京值得买科技股份有限公司', 'subject_importance': None, 'subject_risk': None, 'orgid': 'T002465122', 'subject_code': None, 'subject_name': None, 'emotion': 'NEU', 'subject_risk_list': [], 'org_types': ['020006', '212100', '216003', '001001'], 'subject_importance_list': None}]",北京值得买科技股份有限公司
d5830d729d628a4b,值得买股东、董事刘超累计减持160.14万股,智通财经,1737462728,0,http://stock.10jqka.com.cn/20250121/c665638810.shtml,★★☆☆☆,"[{'full_name': '北京值得买科技股份有限公司', 'subject_importance': 2, 'subject_risk': '市场预警--减持套现', 'orgid': 'T002465122', 'subject_code': None, 'subject_name': None, 'emotion': 'NEG', 'subject_risk_list': ['R00003', 'R00003036'], 'org_types': ['216003', '001001', '020006', '212100'], 'subject_importance_list': ['stock@2']}]",北京值得买科技股份有限公司
de85b6abc11912e4,值得买(300785.SZ)股东、董事刘超累计减持160.14万股,智通财经,1737462700,0,https://www.zhitongcaijing.com/content/detail/1241400.html,★★☆☆☆,"[{'full_name': '北京值得买科技股份有限公司', 'subject_importance': 2, 'subject_risk': '市场预警--减持套现', 'orgid': 'T002465122', 'subject_code': None, 'subject_name': None, 'emotion': 'NEG', 'subject_risk_list': ['R00003', 'R00003036'], 'org_types': ['020006', '001001', '216003', '212100'], 'subject_importance_list': ['stock@2']}]",北京值得买科技股份有限公司
450a735d782b16a3,[快讯]值得买:关于持股5%以上股东、董事减持至5%以下暨披露简式权益变动报告书的提示性,中财网,1737457182,0,https://cfi.net.cn/p20250121003732.html,★★☆☆☆,"[{'full_name': '北京值得买科技股份有限公司', 'subject_importance': 2, 'subject_risk': '市场预警--减持套现', 'orgid': 'T002465122', 'subject_code': None, 'subject_name': None, 'emotion': 'NEG', 'subject_risk_list': ['R00003', 'R00003036'], 'org_types': ['020006', '001001', '216003', '212100'], 'subject_importance_list': ['stock@2']}]",北京值得买科技股份有限公司
a8e9384851ef5810,[快讯]值得买:关于持股5%以上股东、董事减持股份达到1%,中财网,1737457181,0,https://cfi.net.cn/p20250121003733.html,★★☆☆☆,"[{'full_name': '北京值得买科技股份有限公司', 'subject_importance': 2, 'subject_risk': '市场预警--减持套现', 'orgid': 'T002465122', 'subject_code': None, 'subject_name': None, 'emotion': 'NEG', 'subject_risk_list': ['R00003', 'R00003036'], 'org_types': ['020006', '001001', '216003', '212100'], 'subject_importance_list': ['stock@2']}]",北京值得买科技股份有限公司
b883cfd8f83eded5,值得买股东刘超减持160万股：背后影响分析与市场解读,搜狐,1737455609,0,https://www.sohu.com/a/851571330_122066678,★★☆☆☆,"[{'full_name': '北京值得买科技股份有限公司', 'subject_importance': 2, 'subject_risk': '市场预警--减持套现', 'orgid': 'T002465122', 'subject_code': None, 'subject_name': None, 'emotion': 'NEG', 'subject_risk_list': ['R00003', 'R00003036'], 'org_types': ['216003', '001001', '020006', '212100'], 'subject_importance_list': ['stock@2']}]",北京值得买科技股份有限公司
46434ff4dca0ad3e,值得买股东刘超减持160万股股份,财中社,1737454563,0,https://www.caizhongshe.cn/news-7287412195150460201.html,★★☆☆☆,"[{'full_name': '北京值得买科技股份有限公司', 'subject_importance': 2, 'subject_risk': '市场预警--减持套现', 'orgid': 'T002465122', 'subject_code': None, 'subject_name': None, 'emotion': 'NEG', 'subject_risk_list': ['R00003', 'R00003036'], 'org_types': ['216003', '001001', '020006', '212100'], 'subject_importance_list': ['stock@2']}]",北京值得买科技股份有限公司
eeb676a3e11c07a0,值得买：持股 5%以上股东、董事刘超减持至 5%以下,金融界财经,1737454382,0,https://finance.jrj.com.cn/2025/01/21180147659651.shtml,★★☆☆☆,"[{'full_name': '北京值得买科技股份有限公司', 'subject_importance': 2, 'subject_risk': '市场预警--减持套现', 'orgid': 'T002465122', 'subject_code': None, 'subject_name': None, 'emotion': 'NEG', 'subject_risk_list': ['R00003', 'R00003036'], 'org_types': ['020006', '001001', '216003', '212100'], 'subject_importance_list': ['stock@2']}]",北京值得买科技股份有限公司
4e82e7cd4a2f0481,值得买：关于持股5%以上股东、董事减持至5%以下暨披露简式权益变动报告书的提示性公告,深交所股票,1737453705,3,http://static.cninfo.com.cn/finalpage/2025-01-21/1222388647.PDF,★★☆☆☆,"[{'full_name': '北京值得买科技股份有限公司', 'subject_importance': 2, 'subject_risk': '市场预警--减持套现', 'orgid': 'T002465122', 'subject_code': None, 'subject_name': None, 'emotion': 'NEG', 'subject_risk_list': ['R00003', 'R00003036'], 'org_types': ['020006', '001001', '216003', '212100'], 'subject_importance_list': ['stock@2']}]",北京值得买科技股份有限公司
49131366f4698693,2025年1月24日，利欧股份日内振幅超过7%,同花顺金融研究中心,1737699126,2,,★★★☆☆,"[{'full_name': '利欧集团股份有限公司', 'subject_importance': 3, 'subject_risk': '市场预警--交易异常波动', 'orgid': '03133589', 'subject_code': None, 'subject_name': None, 'emotion': 'NEG', 'subject_risk_list': ['R00003', 'R00003007'], 'org_types': ['216001', '002', '001001', '020006', '212100'], 'subject_importance_list': ['bond@3', 'stock@2']}]",利欧集团股份有限公司
61834dd0ec6fd18c,2025年1月22日，利欧股份日内振幅超过7%,同花顺金融研究中心,1737522845,2,,★★★☆☆,"[{'full_name': '利欧集团股份有限公司', 'subject_importance': 3, 'subject_risk': '市场预警--交易异常波动', 'orgid': '03133589', 'subject_code': None, 'subject_name': None, 'emotion': 'NEG', 'subject_risk_list': ['R00003', 'R00003007'], 'org_types': ['216001', '002', '001001', '020006', '212100'], 'subject_importance_list': ['bond@3', 'stock@2']}]",利欧集团股份有限公司
86a0499d35855fdd,2025年1月21日，利欧股份日内振幅超过7%,同花顺金融研究中心,1737426364,2,,★★★☆☆,"[{'full_name': '利欧集团股份有限公司', 'subject_importance': 3, 'subject_risk': '市场预警--交易异常波动', 'orgid': '03133589', 'subject_code': None, 'subject_name': None, 'emotion': 'NEG', 'subject_risk_list': ['R00003', 'R00003007'], 'org_types': ['216001', '002', '001001', '020006', '212100'], 'subject_importance_list': ['bond@3', 'stock@2']}]",利欧集团股份有限公司
fb157e9e1eaed7c1,利欧股份大跌 业绩预亏,腾讯证券,1737426289,0,http://gu.qq.com/resources/shy/news/detail-v2/index.html#/?id=nesSN20250121101658960afea9&s=b,★★★☆☆,"[{'full_name': '利欧集团股份有限公司', 'subject_importance': 3, 'subject_risk': '财务预警--盈利能力下降或亏损', 'orgid': '03133589', 'subject_code': None, 'subject_name': None, 'emotion': 'NEG', 'subject_risk_list': ['R00008', 'R00008015'], 'org_types': ['216001', '002', '001001', '020006', '212100'], 'subject_importance_list': ['bond@3', 'stock@3']}]",利欧集团股份有限公司
4d5e8d457f8e00df,2025年1月20日，利欧股份日内振幅超过7%,同花顺金融研究中心,1737353408,2,,★★★☆☆,"[{'full_name': '利欧集团股份有限公司', 'subject_importance': 3, 'subject_risk': '市场预警--交易异常波动', 'orgid': '03133589', 'subject_code': None, 'subject_name': None, 'emotion': 'NEG', 'subject_risk_list': ['R00003', 'R00003007'], 'org_types': ['216001', '002', '001001', '020006', '212100'], 'subject_importance_list': ['bond@3', 'stock@2']}]",利欧集团股份有限公司
13105e360560c1f3,利欧股份2024年预计净利增长超200% AI营销与双循环驱动增长,搜狐,1737221400,0,https://www.sohu.com/a/850537743_122006510,☆☆☆☆☆,"[{'full_name': '利欧集团股份有限公司', 'subject_importance': None, 'subject_risk': None, 'orgid': '03133589', 'subject_code': None, 'subject_name': None, 'emotion': 'NEU', 'subject_risk_list': [], 'org_types': ['212100', '020006', '216001', '001001', '002'], 'subject_importance_list': None}]",利欧集团股份有限公司
66f064a539f5ead4,利欧股份2024年净利润预计暴涨超200%，AI赋能与双循环战略助力未来,搜狐,1737221400,0,https://www.sohu.com/a/850537869_121956422,☆☆☆☆☆,"[{'full_name': '利欧集团股份有限公司', 'subject_importance': None, 'subject_risk': None, 'orgid': '03133589', 'subject_code': None, 'subject_name': None, 'emotion': 'NEU', 'subject_risk_list': [], 'org_types': ['212100', '020006', '216001', '001001', '002'], 'subject_importance_list': None}]",利欧集团股份有限公司
e1354929b778568c,利欧股份：主业稳增，理想汽车影响利润：2024 业绩,搜狐-北京市,1737217325,1,https://www.sohu.com/a/850525234_639898,★★★☆☆,"[{'full_name': '利欧集团股份有限公司', 'subject_importance': 3, 'subject_risk': '财务预警--盈利能力下降或亏损', 'orgid': '03133589', 'subject_code': None, 'subject_name': None, 'emotion': 'NEG', 'subject_risk_list': ['R00008', 'R00008015'], 'org_types': ['216001', '002', '001001', '020006', '212100'], 'subject_importance_list': ['bond@3', 'stock@3']}]",利欧集团股份有限公司
e5783f6494d83033,利欧股份：预计2024年扣非净利润增长超200%,搜狐-北京市,1737207900,0,https://www.sohu.com/a/850497898_160975,☆☆☆☆☆,"[{'full_name': '利欧集团股份有限公司', 'subject_importance': None, 'subject_risk': None, 'orgid': '03133589', 'subject_code': None, 'subject_name': None, 'emotion': 'NEU', 'subject_risk_list': [], 'org_types': ['212100', '020006', '216001', '001001', '002'], 'subject_importance_list': None}]",利欧集团股份有限公司
e9c18104a01eb8fe,利欧股份预计2024年亏损2.8亿元，市盈率大幅下滑,搜狐,1737200587,2,https://www.sohu.com/a/850473487_122006510,★★★☆☆,"[{'full_name': '利欧集团股份有限公司', 'subject_importance': 3, 'subject_risk': '财务预警--盈利能力下降或亏损', 'orgid': '03133589', 'subject_code': None, 'subject_name': None, 'emotion': 'NEG', 'subject_risk_list': ['R00008', 'R00008015'], 'org_types': ['216001', '002', '001001', '020006', '212100'], 'subject_importance_list': ['bond@3', 'stock@3']}]",利欧集团股份有限公司
8322541b515c81ee,2025年1月24日，因赛集团日内振幅超过7%,同花顺金融研究中心,1737689045,2,,★★☆☆☆,"[{'full_name': '广东因赛品牌营销集团股份有限公司', 'subject_importance': 2, 'subject_risk': '市场预警--交易异常波动', 'orgid': 'T004054988', 'subject_code': None, 'subject_name': None, 'emotion': 'NEG', 'subject_risk_list': ['R00003', 'R00003007'], 'org_types': ['020006', '212100', '216003', '001001'], 'subject_importance_list': ['stock@2']}]",广东因赛品牌营销集团股份有限公司
3de8decc254b5167,1月17日股市必读：因赛集团（300781）预计2024年全年归属净利润亏损2000万元至3900万元,证券之星股票,1737306223,0,http://stock.stockstar.com/RB2025012000000189.shtml,★★★☆☆,"[{'full_name': '广东因赛品牌营销集团股份有限公司', 'subject_importance': 3, 'subject_risk': '财务预警--盈利能力下降或亏损', 'orgid': 'T004054988', 'subject_code': None, 'subject_name': None, 'emotion': 'NEG', 'subject_risk_list': ['R00008', 'R00008015'], 'org_types': ['020006', '212100', '216003', '001001'], 'subject_importance_list': ['stock@3']}]",广东因赛品牌营销集团股份有限公司
2c94acb3ce13591a,因赛集团(300781.SZ)发预亏，预计2024年度净亏损3900万元—2000万元，由盈转亏,智通财经,1737119409,0,https://www.zhitongcaijing.com/content/detail/1239801.html,★★★☆☆,"[{'full_name': '广东因赛品牌营销集团股份有限公司', 'subject_importance': 3, 'subject_risk': '财务预警--盈利能力下降或亏损', 'orgid': 'T004054988', 'subject_code': None, 'subject_name': None, 'emotion': 'NEG', 'subject_risk_list': ['R00008', 'R00008015'], 'org_types': ['020006', '212100', '216003', '001001'], 'subject_importance_list': ['stock@3']}]",广东因赛品牌营销集团股份有限公司
dd75ffe7b03287a0,因赛集团：预计2024年全年归属净利润亏损2000万元至3900万元,证券之星,1737116026,0,https://wap.stockstar.com/detail/RB2025011700041128,★★★☆☆,"[{'full_name': '广东因赛品牌营销集团股份有限公司', 'subject_importance': 3, 'subject_risk': '财务预警--盈利能力下降或亏损', 'orgid': 'T004054988', 'subject_code': None, 'subject_name': None, 'emotion': 'NEG', 'subject_risk_list': ['R00008', 'R00008015'], 'org_types': ['020006', '212100', '216003', '001001'], 'subject_importance_list': ['stock@3']}]",广东因赛品牌营销集团股份有限公司
688a7f69c1c8e96b,因赛集团：预计2024年全年亏损3900.00万至2000.00万 净利润同比下降193.79%至148.10%,同花顺iNews,1737115613,0,http://yuanchuang.10jqka.com.cn/20250117/c665565299.shtml,★★★☆☆,"[{'full_name': '广东因赛品牌营销集团股份有限公司', 'subject_importance': 3, 'subject_risk': '财务预警--盈利能力下降或亏损', 'orgid': 'T004054988', 'subject_code': None, 'subject_name': None, 'emotion': 'NEG', 'subject_risk_list': ['R00008', 'R00008015'], 'org_types': ['020006', '212100', '216003', '001001'], 'subject_importance_list': ['stock@3']}]",广东因赛品牌营销集团股份有限公司
62f7e13541574bfc,因赛集团：2024年度业绩预告,深交所股票,1737114603,3,http://static.cninfo.com.cn/finalpage/2025-01-17/1222365400.PDF,★★★☆☆,"[{'full_name': '广东因赛品牌营销集团股份有限公司', 'subject_importance': 3, 'subject_risk': '财务预警--盈利能力下降或亏损', 'orgid': 'T004054988', 'subject_code': None, 'subject_name': None, 'emotion': 'NEG', 'subject_risk_list': ['R00008', 'R00008015'], 'org_types': ['020006', '212100', '216003', '001001'], 'subject_importance_list': ['stock@3']}]",广东因赛品牌营销集团股份有限公司
c166c6ab79e3cbbc,因赛集团：预计2024年度净利润亏损2000万元~3900万元,每日经济新闻,1737114482,0,https://www.nbd.com.cn/articles/2025-01-17/3726457.html,★★★☆☆,"[{'full_name': '广东因赛品牌营销集团股份有限公司', 'subject_importance': 3, 'subject_risk': '财务预警--盈利能力下降或亏损', 'orgid': 'T004054988', 'subject_code': None, 'subject_name': None, 'emotion': 'NEG', 'subject_risk_list': ['R00008', 'R00008015'], 'org_types': ['020006', '212100', '216003', '001001'], 'subject_importance_list': ['stock@3']}]",广东因赛品牌营销集团股份有限公司
770c0c4d8334b0ff,2025年1月15日，因赛集团日内振幅超过7%,同花顺金融研究中心,1736905144,2,,★★☆☆☆,"[{'full_name': '广东因赛品牌营销集团股份有限公司', 'subject_importance': 2, 'subject_risk': '市场预警--交易异常波动', 'orgid': 'T004054988', 'subject_code': None, 'subject_name': None, 'emotion': 'NEG', 'subject_risk_list': ['R00003', 'R00003007'], 'org_types': ['020006', '212100', '216003', '001001'], 'subject_importance_list': ['stock@2']}]",广东因赛品牌营销集团股份有限公司
d5f02bf0338f4027,创新突破！广东因赛集团推出人物营销视频生成新方法,donews,1736886962,0,https://www.donews.com/news/detail/4/4704095.html,☆☆☆☆☆,"[{'full_name': '广东因赛品牌营销集团股份有限公司', 'subject_importance': None, 'subject_risk': None, 'orgid': 'T004054988', 'subject_code': None, 'subject_name': None, 'emotion': 'NEU', 'subject_risk_list': [], 'org_types': ['001001', '216003', '020006', '212100'], 'subject_importance_list': None}]",广东因赛品牌营销集团股份有限公司
6b6d1d9e4135db1c,恒生电子新注册《恒生HUNDSUN财富产品生命周期管理系统软件V3.0》项目的软件著作权,证券之星,1737652343,0,https://wap.stockstar.com/detail/RB2025012400000422,☆☆☆☆☆,"[{'full_name': '恒生电子股份有限公司', 'subject_importance': None, 'subject_risk': None, 'orgid': '03130389', 'subject_code': None, 'subject_name': None, 'emotion': 'NEU', 'subject_risk_list': [], 'org_types': ['212001', '216001', '001001', '020006'], 'subject_importance_list': None}]",恒生电子股份有限公司
2650fdad84760b11,恒生智能投行助手“汇投”应用落地，助力券商投行业务数智化进阶,全景网,1737536510,0,https://www.p5w.net/roll/finance/202501/t20250122_6300468.htm,☆☆☆☆☆,"[{'full_name': '恒生电子股份有限公司', 'subject_importance': None, 'subject_risk': None, 'orgid': '03130389', 'subject_code': None, 'subject_name': None, 'emotion': 'NEU', 'subject_risk_list': [], 'org_types': ['216001', '212001', '001001', '020006'], 'subject_importance_list': None}]",恒生电子股份有限公司
72bab949cd3902f4,恒生信创这一年：深化落地，向下扎根,微信-恒生电子股份有限公司,1737514157,0,https://mp.weixin.qq.com/s?__biz=MjM5NjkwNjczMg==&idx=1&mid=2652826439&sn=7dff6474431c8cf1ff83462dfec0cb90,☆☆☆☆☆,"[{'full_name': '恒生电子股份有限公司', 'subject_importance': None, 'subject_risk': None, 'orgid': '03130389', 'subject_code': None, 'subject_name': None, 'emotion': 'NEU', 'subject_risk_list': [], 'org_types': ['212001', '216001', '001001', '020006'], 'subject_importance_list': None}]",恒生电子股份有限公司
d719541934287223,恒生电子资金管理系统Summit成功上线某大型银行澳门分行，助力金融市场境外业务一体化,证券之星财经,1737426586,0,https://finance.stockstar.com/IG2025012100008898.shtml,☆☆☆☆☆,"[{'full_name': '恒生电子股份有限公司', 'subject_importance': None, 'subject_risk': None, 'orgid': '03130389', 'subject_code': None, 'subject_name': None, 'emotion': 'NEU', 'subject_risk_list': [], 'org_types': ['212001', '216001', '001001', '020006'], 'subject_importance_list': None}]",恒生电子股份有限公司
144e0b80c470c881,河西中央科创区将新增产业人才超10万人,南报网,1737329806,0,http://www.njdaily.cn/news/2025/0120/7437768520742103992.html,☆☆☆☆☆,"[{'full_name': '恒生电子股份有限公司', 'subject_importance': None, 'subject_risk': None, 'orgid': '03130389', 'subject_code': None, 'subject_name': None, 'emotion': 'NEU', 'subject_risk_list': [], 'org_types': ['001001', '212001', '216001', '020006'], 'subject_importance_list': None}]",恒生电子股份有限公司
c8ad830f2f4a8a8,向新竞“数”，深耕“人工智能+”,新华日报,1737322442,0,http://xh.xhby.net/pc/con/202501/20/content_1413865.html,☆☆☆☆☆,"[{'full_name': '恒生电子股份有限公司', 'subject_importance': None, 'subject_risk': None, 'orgid': '03130389', 'subject_code': None, 'subject_name': None, 'emotion': 'NEU', 'subject_risk_list': [], 'org_types': ['212001', '216001', '001001', '020006'], 'subject_importance_list': None}]",恒生电子股份有限公司
e72f41c39a9fa084,恒生电子申请日志信息处理方法专利，提升业务问题排查的全面性和准确性,网易-金融界北京,1737170604,0,https://www.163.com/dy/article/JM6BC1J50519QIKK.html,☆☆☆☆☆,"[{'full_name': '恒生电子股份有限公司', 'subject_importance': None, 'subject_risk': None, 'orgid': '03130389', 'subject_code': None, 'subject_name': None, 'emotion': 'NEU', 'subject_risk_list': [], 'org_types': ['212001', '216001', '001001', '020006'], 'subject_importance_list': None}]",恒生电子股份有限公司
c857f45993e7bfb1,恒生电子申请持续集成交付处理专利，可合理化利用本地资源,网易-金融界北京,1737167955,0,https://www.163.com/dy/article/JM68R6FC0519QIKK.html,☆☆☆☆☆,"[{'full_name': '恒生电子股份有限公司', 'subject_importance': None, 'subject_risk': None, 'orgid': '03130389', 'subject_code': None, 'subject_name': None, 'emotion': 'NEU', 'subject_risk_list': [], 'org_types': ['212001', '216001', '001001', '020006'], 'subject_importance_list': None}]",恒生电子股份有限公司
77db6cf26e6782e1,恒生电子范径武：融入资本市场数字化变革,新浪财经,1737140580,0,https://finance.sina.com.cn/jjxw/2025-01-18/doc-inefinsm4778035.shtml,☆☆☆☆☆,"[{'full_name': '恒生电子股份有限公司', 'subject_importance': None, 'subject_risk': None, 'orgid': '03130389', 'subject_code': None, 'subject_name': None, 'emotion': 'NEU', 'subject_risk_list': [], 'org_types': ['212001', '216001', '001001', '020006'], 'subject_importance_list': None}]",恒生电子股份有限公司
d3e46d39c28685d,恒生电子新注册《恒生HUNDSUN吉林信托财富管理APP软件V1.0》项目的软件著作权,证券之星,1737136455,0,https://wap.stockstar.com/detail/RB2025011800004069,☆☆☆☆☆,"[{'full_name': '恒生电子股份有限公司', 'subject_importance': None, 'subject_risk': None, 'orgid': '03130389', 'subject_code': None, 'subject_name': None, 'emotion': 'NEU', 'subject_risk_list': [], 'org_types': ['212001', '216001', '001001', '020006'], 'subject_importance_list': None}]",恒生电子股份有限公司
8927146c2e91137b,教育数字化获政策力挺 相关上市公司积极布局,上海证券报,1737734400,0,https://paper.cnstock.com/html/2025-01/25/content_2023201.htm,☆☆☆☆☆,"[{'full_name': '中公教育科技股份有限公司', 'subject_importance': None, 'subject_risk': None, 'orgid': 'T000045443', 'subject_code': None, 'subject_name': None, 'emotion': 'NEU', 'subject_risk_list': [], 'org_types': ['002', '001001', '020006', '212100', '216001'], 'subject_importance_list': None}]",中公教育科技股份有限公司
e63549bb5dbb7a48,中公教育(002607.SZ)发预盈，预计2024年度净利润1.85亿元至2.35亿元，扭亏为盈,智通财经,1737732263,0,https://www.zhitongcaijing.com/content/detail/1244106.html,☆☆☆☆☆,"[{'full_name': '中公教育科技股份有限公司', 'subject_importance': None, 'subject_risk': None, 'orgid': 'T000045443', 'subject_code': None, 'subject_name': None, 'emotion': 'NEU', 'subject_risk_list': [], 'org_types': ['212100', '002', '020006', '216001', '001001'], 'subject_importance_list': None}]",中公教育科技股份有限公司
67c5538866219519,中公教育扭亏：预计去年归母净利润至少1.85亿元,澎湃新闻网,1737729709,0,https://www.thepaper.cn/newsDetail_forward_30019938,☆☆☆☆☆,"[{'full_name': '中公教育科技股份有限公司', 'subject_importance': None, 'subject_risk': None, 'orgid': 'T000045443', 'subject_code': None, 'subject_name': None, 'emotion': 'NEU', 'subject_risk_list': [], 'org_types': ['212100', '002', '020006', '216001', '001001'], 'subject_importance_list': None}]",中公教育科技股份有限公司
766e4f5ee91327fd,中公教育：预计2024年盈利约1.85亿—2.35亿元，实现扭亏为盈,东方财富网,1737722731,0,https://finance.eastmoney.com/a/202501243307767487.html,☆☆☆☆☆,"[{'full_name': '中公教育科技股份有限公司', 'subject_importance': None, 'subject_risk': None, 'orgid': 'T000045443', 'subject_code': None, 'subject_name': None, 'emotion': 'NEU', 'subject_risk_list': [], 'org_types': ['212100', '002', '020006', '216001', '001001'], 'subject_importance_list': None}]",中公教育科技股份有限公司
89af65eb59ffb17a,中公教育及子公司面临诉讼仲裁案件,财中社,1737722583,0,https://www.caizhongshe.cn/news-7288531629336360727.html,★★★☆☆,"[{'full_name': '中公教育科技股份有限公司', 'subject_importance': 3, 'subject_risk': '经营预警--法律诉讼', 'orgid': 'T000045443', 'subject_code': None, 'subject_name': None, 'emotion': 'NEG', 'subject_risk_list': ['R00007', 'R00007018'], 'org_types': ['216001', '001001', '212100', '020006', '002'], 'subject_importance_list': ['bond@2', 'stock@3']}]",中公教育科技股份有限公司
e6b88d7a7d260c91,中公教育预计2024年扭亏为盈 归母净利润1.85亿元至2.35亿元,财中社,1737722402,0,https://www.caizhongshe.cn/news-7288528794049770598.html,★★★☆☆,"[{'full_name': '中公教育科技股份有限公司', 'subject_importance': 3, 'subject_risk': '财务预警--盈利能力下降或亏损', 'orgid': 'T000045443', 'subject_code': None, 'subject_name': None, 'emotion': 'NEG', 'subject_risk_list': ['R00008', 'R00008015'], 'org_types': ['212100', '020006', '216001', '002', '001001'], 'subject_importance_list': ['stock@3', 'bond@3']}]",中公教育科技股份有限公司
c04927202368330f,中公教育：预计2024年全年盈利1.85亿至2.35亿,证券之星股票,1737720492,0,https://stock.stockstar.com/IG2025012400047905.shtml,☆☆☆☆☆,"[{'full_name': '中公教育科技股份有限公司', 'subject_importance': None, 'subject_risk': None, 'orgid': 'T000045443', 'subject_code': None, 'subject_name': None, 'emotion': 'NEU', 'subject_risk_list': [], 'org_types': ['212100', '002', '020006', '216001', '001001'], 'subject_importance_list': None}]",中公教育科技股份有限公司
e94585c909f3e551,中公教育：预计2024年净利润为1.85亿至2.35亿,界面新闻,1737720419,0,https://www.jiemian.com/article/12293218.html,☆☆☆☆☆,"[{'full_name': '中公教育科技股份有限公司', 'subject_importance': None, 'subject_risk': None, 'orgid': 'T000045443', 'subject_code': None, 'subject_name': None, 'emotion': 'NEU', 'subject_risk_list': [], 'org_types': ['212100', '002', '020006', '216001', '001001'], 'subject_importance_list': None}]",中公教育科技股份有限公司
55756727c66a4604,中公教育：重大诉讼、仲裁进展及新增累计诉讼、仲裁情况,金融界财经,1737720305,0,https://finance.jrj.com.cn/2025/01/24194447801432.shtml,★★★☆☆,"[{'full_name': '中公教育科技股份有限公司', 'subject_importance': 3, 'subject_risk': '经营预警--法律诉讼', 'orgid': 'T000045443', 'subject_code': None, 'subject_name': None, 'emotion': 'NEG', 'subject_risk_list': ['R00007', 'R00007018'], 'org_types': ['212100', '020006', '216001', '002', '001001'], 'subject_importance_list': ['bond@2', 'stock@3']}]",中公教育科技股份有限公司
d9c31aa1f700f5d8,中公教育：预计2024年净利1.85亿元—2.35亿元 同比扭亏,证券时报e公司,1737719439,0,https://www.egsea.com/news/detail/1966084.html,☆☆☆☆☆,"[{'full_name': '中公教育科技股份有限公司', 'subject_importance': None, 'subject_risk': None, 'orgid': 'T000045443', 'subject_code': None, 'subject_name': None, 'emotion': 'NEU', 'subject_risk_list': [], 'org_types': ['212100', '002', '020006', '216001', '001001'], 'subject_importance_list': None}]",中公教育科技股份有限公司
f3eeb13251262719,新冠后医疗信息化公司还在艰难爬坑,东方财富Choice数据,1737717282,0,https://news.qq.com/rain/a/20250124A087JJ00,★★★☆☆,"[{'full_name': '卫宁健康科技集团股份有限公司', 'subject_importance': 3, 'subject_risk': '财务预警--盈利能力下降或亏损', 'orgid': 'T000027606', 'subject_code': None, 'subject_name': None, 'emotion': 'NEG', 'subject_risk_list': ['R00008', 'R00008015'], 'org_types': ['002', '001001', '020006', '212100', '216003'], 'subject_importance_list': ['bond@3', 'stock@3']}]",卫宁健康科技集团股份有限公司
722803106a2f88f2,卫宁健康申请微服务单需求发布组件专利，减少工作量保证稳定,百家号,1737699660,0,https://baijiahao.baidu.com/s?id=1822110868686251819&wfr=spider&for=pc,☆☆☆☆☆,"[{'full_name': '卫宁健康科技集团股份有限公司', 'subject_importance': None, 'subject_risk': None, 'orgid': 'T000027606', 'subject_code': None, 'subject_name': None, 'emotion': 'NEU', 'subject_risk_list': [], 'org_types': ['020006', '212100', '216003', '002', '001001'], 'subject_importance_list': None}]",卫宁健康科技集团股份有限公司
9b530890f7bc9793,卫宁健康：预计2024年全年归属净利润盈利8000万元至1.2亿元,证券之星,1737626926,0,https://wap.stockstar.com/detail/RB2025012300037727,☆☆☆☆☆,"[{'full_name': '卫宁健康科技集团股份有限公司', 'subject_importance': None, 'subject_risk': None, 'orgid': 'T000027606', 'subject_code': None, 'subject_name': None, 'emotion': 'NEU', 'subject_risk_list': [], 'org_types': ['020006', '212100', '216003', '002', '001001'], 'subject_importance_list': None}]",卫宁健康科技集团股份有限公司
64b3cef2cae45ca5,卫宁健康：预计2024年全年扣非后净利润盈利1.09亿元至1.5亿元,证券之星,1737626925,0,https://wap.stockstar.com/detail/RB2025012300037726,☆☆☆☆☆,"[{'full_name': '卫宁健康科技集团股份有限公司', 'subject_importance': None, 'subject_risk': None, 'orgid': 'T000027606', 'subject_code': None, 'subject_name': None, 'emotion': 'NEU', 'subject_risk_list': [], 'org_types': ['020006', '212100', '216003', '002', '001001'], 'subject_importance_list': None}]",卫宁健康科技集团股份有限公司
56e71aabf0a4d30b,"卫宁健康预计2024年1-12月净利润盈利8,000万元至12,000万元,同比上年下降66.48%至77.65%",金融界财经,1737625742,0,https://finance.jrj.com.cn/2025/01/23173147746052.shtml,★★★☆☆,"[{'full_name': '卫宁健康科技集团股份有限公司', 'subject_importance': 3, 'subject_risk': '财务预警--盈利能力下降或亏损', 'orgid': 'T000027606', 'subject_code': None, 'subject_name': None, 'emotion': 'NEG', 'subject_risk_list': ['R00008', 'R00008015'], 'org_types': ['002', '001001', '020006', '212100', '216003'], 'subject_importance_list': ['bond@3', 'stock@3']}]",卫宁健康科技集团股份有限公司
2d981ea4785d046,卫宁健康：预计2024年度净利润为8000万元~1.2亿元，同比下降66.48%~77.65%,每日经济新闻,1737625142,0,https://www.nbd.com.cn/articles/2025-01-23/3734745.html,★★★☆☆,"[{'full_name': '卫宁健康科技集团股份有限公司', 'subject_importance': 3, 'subject_risk': '财务预警--盈利能力下降或亏损', 'orgid': 'T000027606', 'subject_code': None, 'subject_name': None, 'emotion': 'NEG', 'subject_risk_list': ['R00008', 'R00008015'], 'org_types': ['002', '001001', '020006', '212100', '216003'], 'subject_importance_list': ['bond@3', 'stock@3']}]",卫宁健康科技集团股份有限公司
28dbd1f9344945b3,卫宁健康(300253.SZ)发预减，预计2024年度净利润8000万元-1.2亿元，同比下降77.65%-66.48%,智通财经,1737625028,0,https://www.zhitongcaijing.com/content/detail/1242629.html,★★★☆☆,"[{'full_name': '卫宁健康科技集团股份有限公司', 'subject_importance': 3, 'subject_risk': '财务预警--盈利能力下降或亏损', 'orgid': 'T000027606', 'subject_code': None, 'subject_name': None, 'emotion': 'NEG', 'subject_risk_list': ['R00008', 'R00008015'], 'org_types': ['002', '001001', '020006', '212100', '216003'], 'subject_importance_list': ['bond@3', 'stock@3']}]",卫宁健康科技集团股份有限公司
1678440ba9897aff,卫宁健康预计2024年度归母净利润8000万元至1.2亿元,东方财富网,1737624643,0,https://finance.eastmoney.com/a/202501233306322276.html,☆☆☆☆☆,"[{'full_name': '卫宁健康科技集团股份有限公司', 'subject_importance': None, 'subject_risk': None, 'orgid': 'T000027606', 'subject_code': None, 'subject_name': None, 'emotion': 'NEU', 'subject_risk_list': [], 'org_types': ['020006', '212100', '216003', '002', '001001'], 'subject_importance_list': None}]",卫宁健康科技集团股份有限公司
a53caa77cd551129,卫宁健康：2024年度业绩预告,深交所股票,1737624604,3,http://static.cninfo.com.cn/finalpage/2025-01-23/1222417547.PDF,★★★☆☆,"[{'full_name': '卫宁健康科技集团股份有限公司', 'subject_importance': 3, 'subject_risk': '财务预警--盈利能力下降或亏损', 'orgid': 'T000027606', 'subject_code': None, 'subject_name': None, 'emotion': 'NEG', 'subject_risk_list': ['R00008', 'R00008015'], 'org_types': ['002', '001001', '020006', '212100', '216003'], 'subject_importance_list': ['bond@3', 'stock@3']}]",卫宁健康科技集团股份有限公司
7606d1f6601e67a,卫宁健康：预计2024年全年盈利8000.00万至1.20亿 净利润同比下降77.65%至66.48%,同花顺iNews,1737624129,0,http://yuanchuang.10jqka.com.cn/20250123/c665688053.shtml,★★★☆☆,"[{'full_name': '卫宁健康科技集团股份有限公司', 'subject_importance': 3, 'subject_risk': '财务预警--盈利能力下降或亏损', 'orgid': 'T000027606', 'subject_code': None, 'subject_name': None, 'emotion': 'NEG', 'subject_risk_list': ['R00008', 'R00008015'], 'org_types': ['002', '001001', '020006', '212100', '216003'], 'subject_importance_list': ['bond@3', 'stock@3']}]",卫宁健康科技集团股份有限公司
91a7ac08dc5085fd,致远互联：预计2024年全年扣非后净利润亏损1.34亿元至1.86亿元,百家号,1737734097,2,https://baijiahao.baidu.com/s?id=1822124079370120519&wfr=spider&for=pc,★★★☆☆,"[{'full_name': '北京致远互联软件股份有限公司', 'subject_importance': 3, 'subject_risk': '财务预警--盈利能力下降或亏损', 'orgid': 'T001908980', 'subject_code': None, 'subject_name': None, 'emotion': 'NEG', 'subject_risk_list': ['R00008', 'R00008015'], 'org_types': ['212001', '020006', '216011', '001001'], 'subject_importance_list': ['stock@3']}]",北京致远互联软件股份有限公司
501c80c4fea3538c,致远互联：预计2024年亏损1.3亿元-1.8亿元,新浪财经,1737723043,0,https://finance.sina.com.cn/stock/relnews/cn/2025-01-24/doc-inehatrw2543776.shtml,★★★☆☆,"[{'full_name': '北京致远互联软件股份有限公司', 'subject_importance': 3, 'subject_risk': '财务预警--盈利能力下降或亏损', 'orgid': 'T001908980', 'subject_code': None, 'subject_name': None, 'emotion': 'NEG', 'subject_risk_list': ['R00008', 'R00008015'], 'org_types': ['212001', '020006', '216011', '001001'], 'subject_importance_list': ['stock@3']}]",北京致远互联软件股份有限公司
46479e8e8ecfaa0,致远互联(688369.SH)发预亏，预计2024年净亏损1.3亿元到1.8亿元,智通财经,1737713922,0,https://www.zhitongcaijing.com/content/detail/1243571.html,★★★☆☆,"[{'full_name': '北京致远互联软件股份有限公司', 'subject_importance': 3, 'subject_risk': '财务预警--盈利能力下降或亏损', 'orgid': 'T001908980', 'subject_code': None, 'subject_name': None, 'emotion': 'NEG', 'subject_risk_list': ['R00008', 'R00008015'], 'org_types': ['212001', '020006', '216011', '001001'], 'subject_importance_list': ['stock@3']}]",北京致远互联软件股份有限公司
fb789340c39a662a,致远互联(688369.SH)：2024年预亏1.3亿元至1.8亿元,格隆汇资讯-公司信息,1737711181,0,https://www.gelonghui.com/news/4933108,★★★☆☆,"[{'full_name': '北京致远互联软件股份有限公司', 'subject_importance': 3, 'subject_risk': '财务预警--盈利能力下降或亏损', 'orgid': 'T001908980', 'subject_code': None, 'subject_name': None, 'emotion': 'NEG', 'subject_risk_list': ['R00008', 'R00008015'], 'org_types': ['212001', '020006', '216011', '001001'], 'subject_importance_list': ['stock@3']}]",北京致远互联软件股份有限公司
129af4c5117d8fc9,致远互联预计2024年度计提资产减值准备合计3308万元,财中社,1737710532,0,https://www.caizhongshe.cn/news-7288484874049746615.html,★★☆☆☆,"[{'full_name': '北京致远互联软件股份有限公司', 'subject_importance': 2, 'subject_risk': '财务预警--资产减值', 'orgid': 'T001908980', 'subject_code': None, 'subject_name': None, 'emotion': 'NEG', 'subject_risk_list': ['R00008', 'R00008020'], 'org_types': ['212001', '020006', '216011', '001001'], 'subject_importance_list': ['stock@2']}]",北京致远互联软件股份有限公司
9e91ae5ae0b98ad,致远互联预计2024年度归母净利润亏损1.3亿元至1.8亿元,财中社,1737710522,0,https://www.caizhongshe.cn/news-7288484676661605376.html,★★★☆☆,"[{'full_name': '北京致远互联软件股份有限公司', 'subject_importance': 3, 'subject_risk': '财务预警--盈利能力下降或亏损', 'orgid': 'T001908980', 'subject_code': None, 'subject_name': None, 'emotion': 'NEG', 'subject_risk_list': ['R00008', 'R00008015'], 'org_types': ['212001', '020006', '216011', '001001'], 'subject_importance_list': ['stock@3']}]",北京致远互联软件股份有限公司
1557fb5e3944a5a3,致远互联：2024净利预计亏损1.3亿元到1.8亿元，上年同期亏损5001.81万元。,金十数据,1737710402,0,https://flash.jin10.com/detail/20250124171950727800,★★★☆☆,"[{'full_name': '北京致远互联软件股份有限公司', 'subject_importance': 3, 'subject_risk': '财务预警--盈利能力下降或亏损', 'orgid': 'T001908980', 'subject_code': None, 'subject_name': None, 'emotion': 'NEG', 'subject_risk_list': ['R00008', 'R00008015'], 'org_types': ['212001', '020006', '216011', '001001'], 'subject_importance_list': ['stock@3']}]",北京致远互联软件股份有限公司
b17e5388d520c1de,致远互联：1月24日召开董事会会议,搜狐-四川省,1737710001,0,https://www.sohu.com/a/852929551_115362,☆☆☆☆☆,"[{'full_name': '北京致远互联软件股份有限公司', 'subject_importance': None, 'subject_risk': None, 'orgid': 'T001908980', 'subject_code': None, 'subject_name': None, 'emotion': 'NEU', 'subject_risk_list': [], 'org_types': ['001001', '216011', '020006', '212001'], 'subject_importance_list': None}]",北京致远互联软件股份有限公司
94cfced97ec0a31a,致远互联：预计2024年年度净利润亏损1.3亿元到1.8亿元,搜狐-四川省,1737709993,0,https://www.sohu.com/a/852929397_115362,★★★☆☆,"[{'full_name': '北京致远互联软件股份有限公司', 'subject_importance': 3, 'subject_risk': '财务预警--盈利能力下降或亏损', 'orgid': 'T001908980', 'subject_code': None, 'subject_name': None, 'emotion': 'NEG', 'subject_risk_list': ['R00008', 'R00008015'], 'org_types': ['212001', '020006', '216011', '001001'], 'subject_importance_list': ['stock@3']}]",北京致远互联软件股份有限公司
95a3296dc5370d9e,致远互联董事会会议：明日一探未来发展蓝图,搜狐,1737709958,0,https://www.sohu.com/a/852929179_122066676,☆☆☆☆☆,"[{'full_name': '北京致远互联软件股份有限公司', 'subject_importance': None, 'subject_risk': None, 'orgid': 'T001908980', 'subject_code': None, 'subject_name': None, 'emotion': 'NEU', 'subject_risk_list': [], 'org_types': ['001001', '216011', '020006', '212001'], 'subject_importance_list': None}]",北京致远互联软件股份有限公司
97ff0c35eaabb862,2025年1月24日启明星辰(002439)盘中涨停,同花顺金融研究中心,1737701163,1,,☆☆☆☆☆,"[{'full_name': '启明星辰信息技术集团股份有限公司', 'subject_importance': None, 'subject_risk': None, 'orgid': 'T000027264', 'subject_code': None, 'subject_name': None, 'emotion': 'NEU', 'subject_risk_list': [], 'org_types': ['216001', '001001', '212100', '002', '020006'], 'subject_importance_list': None}]",启明星辰信息技术集团股份有限公司
a63a7fc322c5d258,2025年1月24日，启明星辰日内振幅超过7%,同花顺金融研究中心,1737696904,2,,★★★☆☆,"[{'full_name': '启明星辰信息技术集团股份有限公司', 'subject_importance': 3, 'subject_risk': '市场预警--交易异常波动', 'orgid': 'T000027264', 'subject_code': None, 'subject_name': None, 'emotion': 'NEG', 'subject_risk_list': ['R00003', 'R00003007'], 'org_types': ['216001', '020006', '001001', '212100', '002'], 'subject_importance_list': ['bond@3', 'stock@2']}]",启明星辰信息技术集团股份有限公司
78703d43f2c78cb6,启明星辰2股东增持12.60万股 占公司总股本的0.01%,同花顺金融研究中心,1737554346,1,,☆☆☆☆☆,"[{'full_name': '启明星辰信息技术集团股份有限公司', 'subject_importance': None, 'subject_risk': None, 'orgid': 'T000027264', 'subject_code': None, 'subject_name': None, 'emotion': 'NEU', 'subject_risk_list': [], 'org_types': ['216001', '001001', '212100', '002', '020006'], 'subject_importance_list': None}]",启明星辰信息技术集团股份有限公司
5aed578cf36d0cd1,启明星辰：副总经理张媛及潘宇东近日增持公司股份,腾讯证券,1737547439,0,http://gu.qq.com/resources/shy/news/detail-v2/index.html#/?id=nesSN20250122190500abb46be1&s=b,☆☆☆☆☆,"[{'full_name': '启明星辰信息技术集团股份有限公司', 'subject_importance': None, 'subject_risk': None, 'orgid': 'T000027264', 'subject_code': None, 'subject_name': None, 'emotion': 'NEU', 'subject_risk_list': [], 'org_types': ['216001', '001001', '212100', '002', '020006'], 'subject_importance_list': None}]",启明星辰信息技术集团股份有限公司
b5796b290b799d5e,启明星辰副总经理合计增持13万股股份,东方财富网,1737544366,0,https://finance.eastmoney.com/a/202501223304992637.html,☆☆☆☆☆,"[{'full_name': '启明星辰信息技术集团股份有限公司', 'subject_importance': None, 'subject_risk': None, 'orgid': 'T000027264', 'subject_code': None, 'subject_name': None, 'emotion': 'NEU', 'subject_risk_list': [], 'org_types': ['216001', '001001', '212100', '002', '020006'], 'subject_importance_list': None}]",启明星辰信息技术集团股份有限公司
34cf1a00bc4f382a,启明星辰高管增持股份：信心满满的投资信号！,搜狐,1737543452,0,https://www.sohu.com/a/852005445_122066676,☆☆☆☆☆,"[{'full_name': '启明星辰信息技术集团股份有限公司', 'subject_importance': None, 'subject_risk': None, 'orgid': 'T000027264', 'subject_code': None, 'subject_name': None, 'emotion': 'NEU', 'subject_risk_list': [], 'org_types': ['216001', '001001', '212100', '002', '020006'], 'subject_importance_list': None}]",启明星辰信息技术集团股份有限公司
6801760e33b01bd,启明星辰：公司两位高管增持股份逾 12 万股,金融界,1737543340,0,https://24h.jrj.com.cn/2025/01/22185547707713.shtml,☆☆☆☆☆,"[{'full_name': '启明星辰信息技术集团股份有限公司', 'subject_importance': None, 'subject_risk': None, 'orgid': 'T000027264', 'subject_code': None, 'subject_name': None, 'emotion': 'NEU', 'subject_risk_list': [], 'org_types': ['216001', '001001', '212100', '002', '020006'], 'subject_importance_list': None}]",启明星辰信息技术集团股份有限公司
31026dd1e51b2c5e,启明星辰(002439.SZ)：目前还没有和摩尔线程签署战略合作协议,格隆汇资讯-公司信息,1737530213,0,https://www.gelonghui.com/news/4931153,☆☆☆☆☆,"[{'full_name': '启明星辰信息技术集团股份有限公司', 'subject_importance': None, 'subject_risk': None, 'orgid': 'T000027264', 'subject_code': None, 'subject_name': None, 'emotion': 'NEU', 'subject_risk_list': [], 'org_types': ['216001', '001001', '212100', '002', '020006'], 'subject_importance_list': None}]",启明星辰信息技术集团股份有限公司
4a32d1ce27d15776,启明星辰：已发布九天泰合安全大模型,网易-金融界北京,1737519107,0,https://www.163.com/dy/article/JMGNHU650519QIKK.html,☆☆☆☆☆,"[{'full_name': '启明星辰信息技术集团股份有限公司', 'subject_importance': None, 'subject_risk': None, 'orgid': 'T000027264', 'subject_code': None, 'subject_name': None, 'emotion': 'NEU', 'subject_risk_list': [], 'org_types': ['216001', '001001', '212100', '002', '020006'], 'subject_importance_list': None}]",启明星辰信息技术集团股份有限公司
25d2a9483ff0c111,启明星辰：目前还没有和摩尔线程签署战略合作协议,证券之星股票,1737518811,0,https://stock.stockstar.com/IG2025012200018268.shtml,☆☆☆☆☆,"[{'full_name': '启明星辰信息技术集团股份有限公司', 'subject_importance': None, 'subject_risk': None, 'orgid': 'T000027264', 'subject_code': None, 'subject_name': None, 'emotion': 'NEU', 'subject_risk_list': [], 'org_types': ['216001', '001001', '212100', '002', '020006'], 'subject_importance_list': None}]",启明星辰信息技术集团股份有限公司
93732f981677e81b,超图软件(300036.SZ)：预计2024年亏损1亿元–2亿元,格隆汇资讯-公司信息,1737723399,0,https://www.gelonghui.com/news/4933504,★★★☆☆,"[{'full_name': '北京超图软件股份有限公司', 'subject_importance': 3, 'subject_risk': '财务预警--盈利能力下降或亏损', 'orgid': 'T000026114', 'subject_code': None, 'subject_name': None, 'emotion': 'NEG', 'subject_risk_list': ['R00008', 'R00008015'], 'org_types': ['001001', '216003', '212100', '020006'], 'subject_importance_list': ['stock@3']}]",北京超图软件股份有限公司
e8e98515d16db077,超图软件(300036.SZ)发预亏，预计2024年度净亏损1亿元至2亿元,智通财经,1737714011,0,https://www.zhitongcaijing.com/content/detail/1243569.html,★★★☆☆,"[{'full_name': '北京超图软件股份有限公司', 'subject_importance': 3, 'subject_risk': '财务预警--盈利能力下降或亏损', 'orgid': 'T000026114', 'subject_code': None, 'subject_name': None, 'emotion': 'NEG', 'subject_risk_list': ['R00008', 'R00008015'], 'org_types': ['001001', '216003', '212100', '020006'], 'subject_importance_list': ['stock@3']}]",北京超图软件股份有限公司
3c9ae9f1c066cdda,超图软件：预计2024年全年营业收入14亿元至15亿元,证券之星,1737713304,0,https://wap.stockstar.com/detail/RB2025012400041162,☆☆☆☆☆,"[{'full_name': '北京超图软件股份有限公司', 'subject_importance': None, 'subject_risk': None, 'orgid': 'T000026114', 'subject_code': None, 'subject_name': None, 'emotion': 'NEU', 'subject_risk_list': [], 'org_types': ['216003', '001001', '020006', '212100'], 'subject_importance_list': None}]",北京超图软件股份有限公司
f6042002c4ee4d,"超图软件预计2024年1-12月净利润亏损10,000万元至20,000万元",金融界财经,1737711602,0,https://finance.jrj.com.cn/2025/01/24173347793313.shtml,★★★☆☆,"[{'full_name': '北京超图软件股份有限公司', 'subject_importance': 3, 'subject_risk': '财务预警--盈利能力下降或亏损', 'orgid': 'T000026114', 'subject_code': None, 'subject_name': None, 'emotion': 'NEG', 'subject_risk_list': ['R00008', 'R00008015'], 'org_types': ['001001', '216003', '212100', '020006'], 'subject_importance_list': ['stock@3']}]",北京超图软件股份有限公司
8cebdee5539c7c2c,超图软件：预计2024年全年亏损2.00亿至1.00亿 净利润同比下降231.48%至165.74%,同花顺iNews,1737710484,0,http://yuanchuang.10jqka.com.cn/20250124/c665719271.shtml,★★★☆☆,"[{'full_name': '北京超图软件股份有限公司', 'subject_importance': 3, 'subject_risk': '财务预警--盈利能力下降或亏损', 'orgid': 'T000026114', 'subject_code': None, 'subject_name': None, 'emotion': 'NEG', 'subject_risk_list': ['R00008', 'R00008015'], 'org_types': ['001001', '216003', '212100', '020006'], 'subject_importance_list': ['stock@3']}]",北京超图软件股份有限公司
4d9f4518338ca912,超图软件：2024年度业绩预告,深交所股票,1737710405,3,http://static.cninfo.com.cn/finalpage/2025-01-24/1222429260.PDF,★★★☆☆,"[{'full_name': '北京超图软件股份有限公司', 'subject_importance': 3, 'subject_risk': '财务预警--盈利能力下降或亏损', 'orgid': 'T000026114', 'subject_code': None, 'subject_name': None, 'emotion': 'NEG', 'subject_risk_list': ['R00008', 'R00008015'], 'org_types': ['001001', '216003', '212100', '020006'], 'subject_importance_list': ['stock@3']}]",北京超图软件股份有限公司
c41f60068fb6edd6,超图软件：预计2024年净利润亏损1亿元–2亿元,同花顺7x24快讯,1737710275,0,http://stock.10jqka.com.cn/20250124/c665719135.shtml,★★★☆☆,"[{'full_name': '北京超图软件股份有限公司', 'subject_importance': 3, 'subject_risk': '财务预警--盈利能力下降或亏损', 'orgid': 'T000026114', 'subject_code': None, 'subject_name': None, 'emotion': 'NEG', 'subject_risk_list': ['R00008', 'R00008015'], 'org_types': ['001001', '216003', '212100', '020006'], 'subject_importance_list': ['stock@3']}]",北京超图软件股份有限公司
20658a6846ffcc27,超图软件新注册《超图时空数据治理平台V2.0》项目的软件著作权,证券之星,1737652373,0,https://wap.stockstar.com/detail/RB2025012400000413,☆☆☆☆☆,"[{'full_name': '北京超图软件股份有限公司', 'subject_importance': None, 'subject_risk': None, 'orgid': 'T000026114', 'subject_code': None, 'subject_name': None, 'emotion': 'NEU', 'subject_risk_list': [], 'org_types': ['216003', '001001', '020006', '212100'], 'subject_importance_list': None}]",北京超图软件股份有限公司
54bfe98f566ca57b,超图软件：当前，公司在跨平台GIS技术、新一代三维GIS技术、分布式GIS技术、云原生GIS技术、边缘GIS技术等方面确立了全球领先地位，都是在全球范围内率先推出,证券之星股票,1737463890,0,https://stock.stockstar.com/IG2025012100038748.shtml,☆☆☆☆☆,"[{'full_name': '北京超图软件股份有限公司', 'subject_importance': None, 'subject_risk': None, 'orgid': 'T000026114', 'subject_code': None, 'subject_name': None, 'emotion': 'NEU', 'subject_risk_list': [], 'org_types': ['216003', '001001', '020006', '212100'], 'subject_importance_list': None}]",北京超图软件股份有限公司
13c30664120b1888,（官方问答平台）超图软件：公司在2024年汇集产品各种AI能力，形成地理空间AI技术底座SuperMap AIF，作为底层技术支撑向上赋能基础软件产品和行业应用产品……,同花顺金融研究中心,1737463806,0,,☆☆☆☆☆,"[{'full_name': '北京超图软件股份有限公司', 'subject_importance': None, 'subject_risk': None, 'orgid': 'T000026114', 'subject_code': None, 'subject_name': None, 'emotion': 'NEU', 'subject_risk_list': [], 'org_types': ['216003', '001001', '020006', '212100'], 'subject_importance_list': None}]",北京超图软件股份有限公司
b3bc4a49f1f6d972,*ST银江：预计2024年全年扣非后净利润亏损7.14亿元至9.64亿元,证券之星,1737727816,0,https://wap.stockstar.com/detail/RB2025012400053866,★★★☆☆,"[{'full_name': '银江技术股份有限公司', 'subject_importance': 3, 'subject_risk': '财务预警--盈利能力下降或亏损', 'orgid': 'T000025749', 'subject_code': None, 'subject_name': None, 'emotion': 'NEG', 'subject_risk_list': ['R00008', 'R00008015'], 'org_types': ['002', '216003', '001001', '212100', '020006'], 'subject_importance_list': ['stock@3', 'bond@3']}]",银江技术股份有限公司
28b9511fc55d6a11,*ST银江：控股股东偿还占用资金但警示情形尚未消除,搜狐-北京市,1737727475,0,https://www.sohu.com/a/853039613_114984,★☆☆☆☆,"[{'full_name': '银江技术股份有限公司', 'subject_importance': 1, 'subject_risk': '市场预警', 'orgid': 'T000025749', 'subject_code': None, 'subject_name': None, 'emotion': 'NEG', 'subject_risk_list': ['R00003'], 'org_types': ['002', '216003', '001001', '212100', '020006'], 'subject_importance_list': ['stock@1', 'bond@1']}]",银江技术股份有限公司
706e6d9190e8e5c9,*ST银江：关于公司股票被实施其他风险警示相关事项的进展公告,深交所股票,1737727383,3,http://static.cninfo.com.cn/finalpage/2025-01-24/1222432638.PDF,★★★★☆,"[{'full_name': '银江技术股份有限公司', 'subject_importance': 4, 'subject_risk': '市场预警--其他风险警示', 'orgid': 'T000025749', 'subject_code': None, 'subject_name': None, 'emotion': 'NEG', 'subject_risk_list': ['R00003', 'R00003035'], 'org_types': ['001001', '216003', '002', '212100', '020006'], 'subject_importance_list': ['bond@4', 'stock@4']}]",银江技术股份有限公司
16820ded4246f996,*ST银江：预计2024年全年亏损9.60亿至7.10亿 ,同花顺iNews,1737727316,0,http://yuanchuang.10jqka.com.cn/20250124/c665733315.shtml,★★★☆☆,"[{'full_name': '银江技术股份有限公司', 'subject_importance': 3, 'subject_risk': '财务预警--盈利能力下降或亏损', 'orgid': 'T000025749', 'subject_code': None, 'subject_name': None, 'emotion': 'NEG', 'subject_risk_list': ['R00008', 'R00008015'], 'org_types': ['001001', '216003', '002', '212100', '020006'], 'subject_importance_list': ['stock@3', 'bond@3']}]",银江技术股份有限公司
3d17902ea8d8c534,*ST银江：2024年度业绩预告,深交所股票,1737727204,3,http://static.cninfo.com.cn/finalpage/2025-01-24/1222432639.PDF,★★★☆☆,"[{'full_name': '银江技术股份有限公司', 'subject_importance': 3, 'subject_risk': '财务预警--盈利能力下降或亏损', 'orgid': 'T000025749', 'subject_code': None, 'subject_name': None, 'emotion': 'NEG', 'subject_risk_list': ['R00008', 'R00008015'], 'org_types': ['001001', '216003', '002', '212100', '020006'], 'subject_importance_list': ['stock@3', 'bond@3']}]",银江技术股份有限公司
5ac0e1ab48de92c3,*ST银江：2024年度预计净亏损7.1亿元—9.6亿元,同花顺整理,1737727186,0,https://www.cls.cn/detail/1929798,★★★☆☆,"[{'full_name': '银江技术股份有限公司', 'subject_importance': 3, 'subject_risk': '财务预警--盈利能力下降或亏损', 'orgid': 'T000025749', 'subject_code': None, 'subject_name': None, 'emotion': 'NEG', 'subject_risk_list': ['R00008', 'R00008015'], 'org_types': ['002', '216003', '001001', '212100', '020006'], 'subject_importance_list': ['stock@3', 'bond@3']}]",银江技术股份有限公司
ca1c0d0557c52f5b,【企业动态】*ST银江新增1件法院诉讼，案由为建设工程合同纠纷案件执行,证券之星,1737672287,2,https://wap.stockstar.com/detail/RB2025012400007991,★★★☆☆,"[{'full_name': '银江技术股份有限公司', 'subject_importance': 3, 'subject_risk': '经营预警--法律诉讼', 'orgid': 'T000025749', 'subject_code': None, 'subject_name': None, 'emotion': 'NEG', 'subject_risk_list': ['R00007', 'R00007018'], 'org_types': ['001001', '216003', '002', '212100', '020006'], 'subject_importance_list': ['stock@3', 'bond@2']}]",银江技术股份有限公司
22d8b76325d6f80,银江技术作为原告/上诉人的1起涉及建设工程合同纠纷的诉讼将于2025年1月22日开庭,证券之星股票,1737289863,2,http://stock.stockstar.com/RB2025011900001943.shtml,★★★☆☆,"[{'full_name': '银江技术股份有限公司', 'subject_importance': 3, 'subject_risk': '经营预警--法律诉讼', 'orgid': 'T000025749', 'subject_code': None, 'subject_name': None, 'emotion': 'NEG', 'subject_risk_list': ['R00007', 'R00007018'], 'org_types': ['001001', '216003', '002', '212100', '020006'], 'subject_importance_list': ['stock@3', 'bond@2']}]",银江技术股份有限公司
7802d11f28d8bad9,*ST银江：关于公司股票可能被终止上市的风险提示公告,深交所股票,1737105882,3,http://static.cninfo.com.cn/finalpage/2025-01-17/1222364350.PDF,★★★★★,"[{'full_name': '银江技术股份有限公司', 'subject_importance': 5, 'subject_risk': '市场预警--终止上市预警', 'orgid': 'T000025749', 'subject_code': None, 'subject_name': None, 'emotion': 'NEG', 'subject_risk_list': ['R00003', 'R00005', 'R00003016', 'R00005013'], 'org_types': ['001001', '216003', '002', '212100', '020006'], 'subject_importance_list': ['bond@5', 'stock@5']}]",银江技术股份有限公司
50dc11172c7403f2,数字政通(300075.SZ)发预亏，预计2024年度净亏损3.12亿元–3.98亿元，由盈转亏,智通财经,1737730030,0,https://www.zhitongcaijing.com/content/detail/1244052.html,★★★☆☆,"[{'full_name': '北京数字政通科技股份有限公司', 'subject_importance': 3, 'subject_risk': '财务预警--盈利能力下降或亏损', 'orgid': 'T000027204', 'subject_code': None, 'subject_name': None, 'emotion': 'NEG', 'subject_risk_list': ['R00008', 'R00008015'], 'org_types': ['001001', '216003', '212100', '020006'], 'subject_importance_list': ['stock@3']}]",北京数字政通科技股份有限公司
a81b8c10b9610827,数字政通：预计2024年全年扣非后净利润亏损3.38亿元至4.24亿元,证券之星,1737727826,0,https://wap.stockstar.com/detail/RB2025012400053859,★★★☆☆,"[{'full_name': '北京数字政通科技股份有限公司', 'subject_importance': 3, 'subject_risk': '财务预警--盈利能力下降或亏损', 'orgid': 'T000027204', 'subject_code': None, 'subject_name': None, 'emotion': 'NEG', 'subject_risk_list': ['R00008', 'R00008015'], 'org_types': ['001001', '216003', '212100', '020006'], 'subject_importance_list': ['stock@3']}]",北京数字政通科技股份有限公司
5a3d21da52c5fc21,数字政通：预计2024年度净利润亏损3.12亿元~3.98亿元,搜狐-四川省,1737725806,0,https://www.sohu.com/a/853033544_115362,★★★☆☆,"[{'full_name': '北京数字政通科技股份有限公司', 'subject_importance': 3, 'subject_risk': '财务预警--盈利能力下降或亏损', 'orgid': 'T000027204', 'subject_code': None, 'subject_name': None, 'emotion': 'NEG', 'subject_risk_list': ['R00008', 'R00008015'], 'org_types': ['001001', '216003', '212100', '020006'], 'subject_importance_list': ['stock@3']}]",北京数字政通科技股份有限公司
8100979170ce3c8,数字政通：预计2024年全年亏损3.98亿至3.12亿 净利润同比下降396.17%至332.17%,同花顺iNews,1737724913,0,http://yuanchuang.10jqka.com.cn/20250124/c665732913.shtml,★★★☆☆,"[{'full_name': '北京数字政通科技股份有限公司', 'subject_importance': 3, 'subject_risk': '财务预警--盈利能力下降或亏损', 'orgid': 'T000027204', 'subject_code': None, 'subject_name': None, 'emotion': 'NEG', 'subject_risk_list': ['R00008', 'R00008015'], 'org_types': ['001001', '216003', '212100', '020006'], 'subject_importance_list': ['stock@3']}]",北京数字政通科技股份有限公司
64b1f47060176ae8,数字政通：2024年度业绩预告,深交所股票,1737724803,3,http://static.cninfo.com.cn/finalpage/2025-01-24/1222432484.PDF,★★★☆☆,"[{'full_name': '北京数字政通科技股份有限公司', 'subject_importance': 3, 'subject_risk': '财务预警--盈利能力下降或亏损', 'orgid': 'T000027204', 'subject_code': None, 'subject_name': None, 'emotion': 'NEG', 'subject_risk_list': ['R00008', 'R00008015'], 'org_types': ['001001', '216003', '212100', '020006'], 'subject_importance_list': ['stock@3']}]",北京数字政通科技股份有限公司
235a07e1c6988424,数字政通：2024年预计净亏损3.12亿元-3.98亿元,同花顺整理,1737724191,0,https://www.cls.cn/detail/1929728,★★★☆☆,"[{'full_name': '北京数字政通科技股份有限公司', 'subject_importance': 3, 'subject_risk': '财务预警--盈利能力下降或亏损', 'orgid': 'T000027204', 'subject_code': None, 'subject_name': None, 'emotion': 'NEG', 'subject_risk_list': ['R00008', 'R00008015'], 'org_types': ['001001', '216003', '212100', '020006'], 'subject_importance_list': ['stock@3']}]",北京数字政通科技股份有限公司
1ee7d691d9f7a018,专访数字政通副总裁赵明明：AI技术助推政务服务提质增效,证券日报,1737372799,0,http://www.zqrb.cn/gscy/gongsi/2025-01-20/A1737363642509.html,☆☆☆☆☆,"[{'full_name': '北京数字政通科技股份有限公司', 'subject_importance': None, 'subject_risk': None, 'orgid': 'T000027204', 'subject_code': None, 'subject_name': None, 'emotion': 'NEU', 'subject_risk_list': [], 'org_types': ['216003', '001001', '212100', '020006'], 'subject_importance_list': None}]",北京数字政通科技股份有限公司
5992ac227b10ac1d,万达信息：与中国人寿广西分公司签订789万元项目合同,搜狐-四川省,1737711720,0,https://www.sohu.com/a/852943286_115362,☆☆☆☆☆,"[{'full_name': '万达信息股份有限公司', 'subject_importance': None, 'subject_risk': None, 'orgid': 'T000029069', 'subject_code': None, 'subject_name': None, 'emotion': 'NEU', 'subject_risk_list': [], 'org_types': ['212100', '216003', '020006', '001001', '002'], 'subject_importance_list': None}]",万达信息股份有限公司
1b6aac672886c317,[快讯]万达信息:与中国人寿保险股份有限公司广西壮族自治区分公司签订项目合同暨关联交易,中财网,1737707277,0,https://stock.cfi.cn/p20250124000933.html,★★★☆☆,"[{'full_name': '万达信息股份有限公司', 'subject_importance': 3, 'subject_risk': '经营预警--关联企业出现问题', 'orgid': 'T000029069', 'subject_code': None, 'subject_name': None, 'emotion': 'NEG', 'subject_risk_list': ['R00007', 'R00007017'], 'org_types': ['020006', '001001', '212100', '216003', '002'], 'subject_importance_list': ['stock@2', 'bond@3']}]",万达信息股份有限公司
79111e392be17d9f,万达信息与中国人寿广西分公司签订789万元关联交易合同,财中社,1737706622,0,https://www.caizhongshe.cn/news-7288468317944870886.html,☆☆☆☆☆,"[{'full_name': '万达信息股份有限公司', 'subject_importance': None, 'subject_risk': None, 'orgid': 'T000029069', 'subject_code': None, 'subject_name': None, 'emotion': 'NEU', 'subject_risk_list': [], 'org_types': ['212100', '216003', '020006', '001001', '002'], 'subject_importance_list': None}]",万达信息股份有限公司
5bcfa044fcadde05,万达信息：1月24日召开董事会会议,每日经济新闻,1737706088,0,https://www.nbd.com.cn/articles/2025-01-24/3736050.html,☆☆☆☆☆,"[{'full_name': '万达信息股份有限公司', 'subject_importance': None, 'subject_risk': None, 'orgid': 'T000029069', 'subject_code': None, 'subject_name': None, 'emotion': 'NEU', 'subject_risk_list': [], 'org_types': ['212100', '216003', '002', '020006', '001001'], 'subject_importance_list': None}]",万达信息股份有限公司
4856fc99b080bed7,万达信息：蛮牛健康持续聚焦核心业务领域，通过差异化的产品定位积累核心能力,腾讯证券,1737646590,0,http://gu.qq.com/resources/shy/news/detail-v2/index.html#/?id=nesSN20250123205527a22cf449&s=b,☆☆☆☆☆,"[{'full_name': '万达信息股份有限公司', 'subject_importance': None, 'subject_risk': None, 'orgid': 'T000029069', 'subject_code': None, 'subject_name': None, 'emotion': 'NEU', 'subject_risk_list': [], 'org_types': ['212100', '216003', '002', '020006', '001001'], 'subject_importance_list': None}]",万达信息股份有限公司
8cdb9992da9e95f5,万达信息：蛮牛健康优化健康管理服务，赋能金融机构与大中型企业拓展业务,金融界财经,1737639317,0,https://finance.jrj.com.cn/2025/01/23210047765862.shtml,☆☆☆☆☆,"[{'full_name': '万达信息股份有限公司', 'subject_importance': None, 'subject_risk': None, 'orgid': 'T000029069', 'subject_code': None, 'subject_name': None, 'emotion': 'NEU', 'subject_risk_list': [], 'org_types': ['212100', '216003', '002', '020006', '001001'], 'subject_importance_list': None}]",万达信息股份有限公司
ad2aed828c9e222a,万达信息：大股东减持时间过半无需披露减持情况,同花顺iNews,1737636733,0,http://yuanchuang.10jqka.com.cn/20250123/c665700965.shtml,☆☆☆☆☆,"[{'full_name': '万达信息股份有限公司', 'subject_importance': None, 'subject_risk': None, 'orgid': 'T000029069', 'subject_code': None, 'subject_name': None, 'emotion': 'NEU', 'subject_risk_list': [], 'org_types': ['212100', '216003', '002', '020006', '001001'], 'subject_importance_list': None}]",万达信息股份有限公司
6cbcb9ec51843d5d,（官方问答平台）万达信息：公司始终围绕公司主营业务及发展战略考虑投资机会……,同花顺金融研究中心,1737636604,0,,☆☆☆☆☆,"[{'full_name': '万达信息股份有限公司', 'subject_importance': None, 'subject_risk': None, 'orgid': 'T000029069', 'subject_code': None, 'subject_name': None, 'emotion': 'NEU', 'subject_risk_list': [], 'org_types': ['212100', '216003', '002', '020006', '001001'], 'subject_importance_list': None}]",万达信息股份有限公司
baf105b31ceff463,（官方问答平台）万达信息：公司控股子公司蛮牛健康坚定健康管理发展战略，不断强化核心能力和品牌认知，拓展健康管理场景布局，围绕客户实际需求优化健康管理产品和服务，已形成赋能包括中国人寿在内的金融机构和大中型企业的平台化业务形态，健康管理服务业务稳定发展……,同花顺金融研究中心,1737636604,0,,☆☆☆☆☆,"[{'full_name': '万达信息股份有限公司', 'subject_importance': None, 'subject_risk': None, 'orgid': 'T000029069', 'subject_code': None, 'subject_name': None, 'emotion': 'NEU', 'subject_risk_list': [], 'org_types': ['212100', '216003', '002', '020006', '001001'], 'subject_importance_list': None}]",万达信息股份有限公司
9b86e41432b9f140,万达信息：子公司大部分诉讼案件已取得阶段性成果，一些案件已经开始陆续收到回款,同花顺整理,1737613347,0,https://web.caixuntong.pro/news/DfRjz426C1M%3D,☆☆☆☆☆,"[{'full_name': '万达信息股份有限公司', 'subject_importance': None, 'subject_risk': None, 'orgid': 'T000029069', 'subject_code': None, 'subject_name': None, 'emotion': 'NEU', 'subject_risk_list': [], 'org_types': ['212100', '216003', '002', '020006', '001001'], 'subject_importance_list': None}]",万达信息股份有限公司
90bad49efbf73c5b,浪潮智慧投标某项目报价高结果还中标了 东华合创也中标了,新浪财经,1737633496,0,https://finance.sina.com.cn/tech/roll/2025-01-23/doc-inefyeav5969298.shtml,☆☆☆☆☆,"[{'full_name': '东华软件股份公司', 'subject_importance': None, 'subject_risk': None, 'orgid': '03131973', 'subject_code': None, 'subject_name': None, 'emotion': 'NEU', 'subject_risk_list': [], 'org_types': ['002', '216001', '212100', '020006', '001001'], 'subject_importance_list': None}]",东华软件股份公司
dfc7a5cbc65fa605,[快讯]东华软件:变更部分募投项目实施主体后签订《募集资金四方监管协议》,中国财经信息网,1737628843,0,https://www.cfi.net.cn/p20250123002235.html,☆☆☆☆☆,"[{'full_name': '东华软件股份公司', 'subject_importance': None, 'subject_risk': None, 'orgid': '03131973', 'subject_code': None, 'subject_name': None, 'emotion': 'NEU', 'subject_risk_list': [], 'org_types': ['212100', '020006', '216001', '002', '001001'], 'subject_importance_list': None}]",东华软件股份公司
310e93d4f6f60acd,东华软件：关于变更部分募投项目实施主体后签订《募集资金四方监管协议》的公告,深交所股票,1737625919,2,http://static.cninfo.com.cn/finalpage/2025-01-24/1222418184.PDF,★★★★☆,"[{'full_name': '东华软件股份公司', 'subject_importance': 4, 'subject_risk': '信用预警--募集资金用途变更', 'orgid': '03131973', 'subject_code': None, 'subject_name': None, 'emotion': 'NEG', 'subject_risk_list': ['R00002', 'R00002042'], 'org_types': ['212100', '216001', '001001', '020006', '002'], 'subject_importance_list': ['bond@4', 'stock@4']}]",东华软件股份公司
49285acb00359358,东华软件新注册《一表通报送区系统V1.0》项目的软件著作权,证券之星,1737393802,0,https://wap.stockstar.com/detail/RB2025012100000337,☆☆☆☆☆,"[{'full_name': '东华软件股份公司', 'subject_importance': None, 'subject_risk': None, 'orgid': '03131973', 'subject_code': None, 'subject_name': None, 'emotion': 'NEU', 'subject_risk_list': [], 'org_types': ['212100', '020006', '216001', '002', '001001'], 'subject_importance_list': None}]",东华软件股份公司
7af7dec0408edf47,A股年报行情纵深推进 13家上市公司净利最高同比预增超10倍,东方财富网,1737734400,0,https://wap.eastmoney.com/a/202501253308228297.html,☆☆☆☆☆,"[{'full_name': '北京华胜天成科技股份有限公司', 'subject_importance': None, 'subject_risk': None, 'orgid': '03130700', 'subject_code': None, 'subject_name': None, 'emotion': 'NEU', 'subject_risk_list': [], 'org_types': ['020006', '216001', '001001', '212001', '002'], 'subject_importance_list': None}]",北京华胜天成科技股份有限公司
db01af17a806b68,华胜天成：主营业务未发生重大变化,新浪财经,1737708322,0,https://finance.sina.cn/7x24/2025-01-24/detail-inehahzv5046073.d.html,☆☆☆☆☆,"[{'full_name': '北京华胜天成科技股份有限公司', 'subject_importance': None, 'subject_risk': None, 'orgid': '03130700', 'subject_code': None, 'subject_name': None, 'emotion': 'NEU', 'subject_risk_list': [], 'org_types': ['002', '216001', '001001', '020006', '212001'], 'subject_importance_list': None}]",北京华胜天成科技股份有限公司
8ad2f1e3af4e8869,华胜天成：关于北京华胜天成科技股份有限公司股票交易异常波动问询函的回函,上交所股票,1737708219,3,http://www.sse.com.cn/disclosure/listedinfo/announcement/c/new/2025-01-25/600410_20250125_0TUS.pdf,★★★☆☆,"[{'full_name': '北京华胜天成科技股份有限公司', 'subject_importance': 3, 'subject_risk': '监管预警--被关注或问询', 'orgid': '03130700', 'subject_code': None, 'subject_name': None, 'emotion': 'NEG', 'subject_risk_list': ['R00005', 'R00005001'], 'org_types': ['212001', '002', '216001', '020006', '001001'], 'subject_importance_list': ['bond@3', 'stock@3']}]",北京华胜天成科技股份有限公司
ed4b96c9f486b340,华胜天成：股票交易异常波动公告,上交所股票,1737708219,2,http://www.sse.com.cn/disclosure/listedinfo/announcement/c/new/2025-01-25/600410_20250125_RRF1.pdf,★★★☆☆,"[{'full_name': '北京华胜天成科技股份有限公司', 'subject_importance': 3, 'subject_risk': '市场预警--交易异常波动', 'orgid': '03130700', 'subject_code': None, 'subject_name': None, 'emotion': 'NEG', 'subject_risk_list': ['R00003', 'R00003007'], 'org_types': ['212001', '002', '216001', '020006', '001001'], 'subject_importance_list': ['bond@3', 'stock@2']}]",北京华胜天成科技股份有限公司
8067e3ec5421b9f6,2025年1月24日华胜天成(600410)盘中涨停,同花顺金融研究中心,1737698883,1,,☆☆☆☆☆,"[{'full_name': '北京华胜天成科技股份有限公司', 'subject_importance': None, 'subject_risk': None, 'orgid': '03130700', 'subject_code': None, 'subject_name': None, 'emotion': 'NEU', 'subject_risk_list': [], 'org_types': ['002', '216001', '001001', '020006', '212001'], 'subject_importance_list': None}]",北京华胜天成科技股份有限公司
57e35baeb5cb5251,2025年1月24日，华胜天成日内振幅超过7%,同花顺金融研究中心,1737694928,2,,★★★☆☆,"[{'full_name': '北京华胜天成科技股份有限公司', 'subject_importance': 3, 'subject_risk': '市场预警--交易异常波动', 'orgid': '03130700', 'subject_code': None, 'subject_name': None, 'emotion': 'NEG', 'subject_risk_list': ['R00003', 'R00003007'], 'org_types': ['212001', '002', '216001', '020006', '001001'], 'subject_importance_list': ['bond@3', 'stock@2']}]",北京华胜天成科技股份有限公司
d5a49ec112a9d43d,2025年1月23日，华胜天成日内振幅超过7%,同花顺金融研究中心,1737611046,2,,★★★☆☆,"[{'full_name': '北京华胜天成科技股份有限公司', 'subject_importance': 3, 'subject_risk': '市场预警--交易异常波动', 'orgid': '03130700', 'subject_code': None, 'subject_name': None, 'emotion': 'NEG', 'subject_risk_list': ['R00003', 'R00003007'], 'org_types': ['212001', '002', '216001', '020006', '001001'], 'subject_importance_list': ['bond@3', 'stock@2']}]",北京华胜天成科技股份有限公司
9f7d375c49a065b6,"华胜天成2024年净利润预计达1,500万至2,200万元",证券之星财经,1737530326,0,https://finance.stockstar.com/IG2025012200020761.shtml,☆☆☆☆☆,"[{'full_name': '北京华胜天成科技股份有限公司', 'subject_importance': None, 'subject_risk': None, 'orgid': '03130700', 'subject_code': None, 'subject_name': None, 'emotion': 'NEU', 'subject_risk_list': [], 'org_types': ['002', '216001', '001001', '020006', '212001'], 'subject_importance_list': None}]",北京华胜天成科技股份有限公司
1e97471b41e76e77,2025年1月22日华胜天成(600410)盘中涨停,同花顺金融研究中心,1737513843,1,,☆☆☆☆☆,"[{'full_name': '北京华胜天成科技股份有限公司', 'subject_importance': None, 'subject_risk': None, 'orgid': '03130700', 'subject_code': None, 'subject_name': None, 'emotion': 'NEU', 'subject_risk_list': [], 'org_types': ['002', '216001', '001001', '020006', '212001'], 'subject_importance_list': None}]",北京华胜天成科技股份有限公司
42c2a856a5c38bc2,2025年1月22日，华胜天成日内振幅超过7%,同花顺金融研究中心,1737513724,2,,★★★☆☆,"[{'full_name': '北京华胜天成科技股份有限公司', 'subject_importance': 3, 'subject_risk': '市场预警--交易异常波动', 'orgid': '03130700', 'subject_code': None, 'subject_name': None, 'emotion': 'NEG', 'subject_risk_list': ['R00003', 'R00003007'], 'org_types': ['212001', '002', '216001', '020006', '001001'], 'subject_importance_list': ['bond@3', 'stock@2']}]",北京华胜天成科技股份有限公司
ba0e3a9ec9169d18,太极股份:是否有收购操作系统公司计划？董秘回应,新浪财经,1737726640,0,https://finance.sina.com.cn/stock/relnews/dongmiqa/2025-01-24/doc-inehatrw2545609.shtml,☆☆☆☆☆,"[{'full_name': '太极计算机股份有限公司', 'subject_importance': None, 'subject_risk': None, 'orgid': 'T000026778', 'subject_code': None, 'subject_name': None, 'emotion': 'NEU', 'subject_risk_list': [], 'org_types': ['216001', '001001', '020001', '020001002002', '002', '212100'], 'subject_importance_list': None}]",太极计算机股份有限公司
9764c67262543753,（官方问答平台）太极股份：如有投资并购的相关信息，公司将按规定予以披露……,同花顺金融研究中心,1737723004,0,,☆☆☆☆☆,"[{'full_name': '太极计算机股份有限公司', 'subject_importance': None, 'subject_risk': None, 'orgid': 'T000026778', 'subject_code': None, 'subject_name': None, 'emotion': 'NEU', 'subject_risk_list': [], 'org_types': ['216001', '001001', '020001', '020001002002', '002', '212100'], 'subject_importance_list': None}]",太极计算机股份有限公司
626072665499179a,太极股份助力全国首笔中新跨境数字人民币贸易结算业务成功落地,太极股份,1737688681,0,https://www.taiji.com.cn/TaijiCMS/html/gsxw/20250124/3605.html,☆☆☆☆☆,"[{'full_name': '太极计算机股份有限公司', 'subject_importance': None, 'subject_risk': None, 'orgid': 'T000026778', 'subject_code': None, 'subject_name': None, 'emotion': 'NEU', 'subject_risk_list': [], 'org_types': ['020001', '020001002002', '002', '216001', '001001', '212100'], 'subject_importance_list': None}]",太极计算机股份有限公司
c722e610cb3e5143,太极股份两项科技成果顺利通过鉴定,太极股份,1737561600,0,https://www.taiji.com.cn/TaijiCMS/html/gsxw/20250123/3604.html,☆☆☆☆☆,"[{'full_name': '太极计算机股份有限公司', 'subject_importance': None, 'subject_risk': None, 'orgid': 'T000026778', 'subject_code': None, 'subject_name': None, 'emotion': 'NEU', 'subject_risk_list': [], 'org_types': ['216001', '001001', '020001', '020001002002', '002', '212100'], 'subject_importance_list': None}]",太极计算机股份有限公司
f43815fccc7e07c,太极股份2024年员工盛典圆满召开,新浪财经,1737420664,0,https://finance.sina.com.cn/roll/2025-01-20/doc-inefrnxv9461658.shtml,☆☆☆☆☆,"[{'full_name': '太极计算机股份有限公司', 'subject_importance': None, 'subject_risk': None, 'orgid': 'T000026778', 'subject_code': None, 'subject_name': None, 'emotion': 'NEU', 'subject_risk_list': [], 'org_types': ['216001', '001001', '020001', '020001002002', '002', '212100'], 'subject_importance_list': None}]",太极计算机股份有限公司
a84a775a089999d7,聚势新程 卓越前行 |2024太极股份员工盛典,微信-太极股份云水之间,1737368460,0,https://mp.weixin.qq.com/s?__biz=MzI0NzM0ODA2MQ==&idx=1&mid=2247518189&sn=1daa4cdf0ec2aaf9895a68ce324fca03,☆☆☆☆☆,"[{'full_name': '太极计算机股份有限公司', 'subject_importance': None, 'subject_risk': None, 'orgid': 'T000026778', 'subject_code': None, 'subject_name': None, 'emotion': 'NEU', 'subject_risk_list': [], 'org_types': ['216001', '001001', '020001', '020001002002', '002', '212100'], 'subject_importance_list': None}]",太极计算机股份有限公司
519944aecad94050,太极股份2股东增持103.17万股 占公司总股本的0.17%,同花顺金融研究中心,1737125947,1,,☆☆☆☆☆,"[{'full_name': '太极计算机股份有限公司', 'subject_importance': None, 'subject_risk': None, 'orgid': 'T000026778', 'subject_code': None, 'subject_name': None, 'emotion': 'NEU', 'subject_risk_list': [], 'org_types': ['216001', '001001', '020001', '020001002002', '002', '212100'], 'subject_importance_list': None}]",太极计算机股份有限公司
3bfda13663947256,太极股份:大股东增持行为合规，体现企业责任，公司将稳定股价保持投资者信心,新浪财经,1737003030,0,https://finance.sina.com.cn/stock/relnews/dongmiqa/2025-01-16/doc-inefcvsc6316527.shtml,☆☆☆☆☆,"[{'full_name': '太极计算机股份有限公司', 'subject_importance': None, 'subject_risk': None, 'orgid': 'T000026778', 'subject_code': None, 'subject_name': None, 'emotion': 'NEU', 'subject_risk_list': [], 'org_types': ['216001', '001001', '020001', '020001002002', '002', '212100'], 'subject_importance_list': None}]",太极计算机股份有限公司
44d0a1c885d485ea,太极股份：控股股东拟增持公司股份，履行信息披露义务,网易-金融界北京,1737000463,0,https://www.163.com/dy/article/JM190DCB0519QIKK.html,☆☆☆☆☆,"[{'full_name': '太极计算机股份有限公司', 'subject_importance': None, 'subject_risk': None, 'orgid': 'T000026778', 'subject_code': None, 'subject_name': None, 'emotion': 'NEU', 'subject_risk_list': [], 'org_types': ['216001', '001001', '020001', '020001002002', '002', '212100'], 'subject_importance_list': None}]",太极计算机股份有限公司
aa6e6095e24177e3,太极股份：控股股东拟通过多种方式增持公司股份，体现中央企业担当与责任,证券之星股票,1737000415,0,https://stock.stockstar.com/IG2025011600017070.shtml,☆☆☆☆☆,"[{'full_name': '太极计算机股份有限公司', 'subject_importance': None, 'subject_risk': None, 'orgid': 'T000026778', 'subject_code': None, 'subject_name': None, 'emotion': 'NEU', 'subject_risk_list': [], 'org_types': ['216001', '001001', '020001', '020001002002', '002', '212100'], 'subject_importance_list': None}]",太极计算机股份有限公司
